{"type":"FeatureCollection","name":"Service_Area_24St","features":[{"type":"Feature","properties":{"FromBreak":0.0,"FID_1":0,"DGN_ID":0,"Shape__Are":0.0,"Shape__Len":0.0,"Drive_Time":"0 - 4"},"geometry":{"type":"MultiPolygon","coordinates":[[[[-79.55443206029395,43.570894627264224],[-79.55451359947396,43.57078979358066],[-79.55450189622245,43.57081722041006],[-79.55448682698356,43.570868385016276],[-79.55445692835596,43.5709319293764],[-79.55443206029395,43.570894627264224]]],[[[-79.65773784455553,43.57965316068861],[-79.66043277783149,43.57785653772794],[-79.65886073416911,43.57605991582515],[-79.65908531209182,43.575386182702374],[-79.65975904496166,43.57516160527204],[-79.65948590680964,43.574833842342514],[-79.6592929370085,43.57460227901931],[-79.6586361562464,43.57381413807089],[-79.65908531209182,43.57314040520418],[-79.6586361562464,43.572017515963424],[-79.65975904496166,43.57111920368502],[-79.65908531209182,43.5695471602662],[-79.65998362288437,43.56864884889217],[-79.66110651159963,43.56932258188882],[-79.66119288730914,43.56906345650745],[-79.66133108862402,43.56864884889217],[-79.66057808751522,43.568230517353214],[-79.65930988911622,43.56752595987252],[-79.65773784455553,43.56730138176964],[-79.65728868871011,43.56640307074852],[-79.65812711421256,43.56556464671501],[-79.65818700040099,43.5655047599998],[-79.6596841802642,43.56580419623481],[-79.66043277783149,43.565953915096],[-79.66054922644176,43.56593727932372],[-79.66067463125542,43.56591936452246],[-79.66182202690996,43.565755450645305],[-79.66200482329049,43.565729336990145],[-79.6623791234216,43.566103638792214],[-79.66245397823761,43.566178493015435],[-79.66248136337904,43.56616753901455],[-79.66357686695285,43.565729336990145],[-79.66490829417144,43.566616956036],[-79.66492433359083,43.56662764894611],[-79.66829300063492,43.56370813671853],[-79.6691913123258,43.56348355870233],[-79.67008962311832,43.56460644822238],[-79.66877424340397,43.56592183600118],[-79.66806842271221,43.56662764894611],[-79.67098793480919,43.56662764894611],[-79.67121251183359,43.56662764894611],[-79.67310026750424,43.567193975375574],[-79.67345829016242,43.56730138176964],[-79.67458117887767,43.56909800397583],[-79.67448659795635,43.56966549500332],[-79.67435660185326,43.570445471259596],[-79.67547948967021,43.57111920368502],[-79.67660237928379,43.57022089297743],[-79.67680968350189,43.570272719359934],[-79.67750069097464,43.570445471259596],[-79.67817442384447,43.56977173780617],[-79.67883633668178,43.56993721583454],[-79.67907273463702,43.56999631515961],[-79.67930800610488,43.57034922287607],[-79.67952189138076,43.57067004870431],[-79.67907273463702,43.571568359871925],[-79.67974646930347,43.571343781871775],[-79.68064478009602,43.572242092752965],[-79.6804202021733,43.57336498171144],[-79.68086935801873,43.57314040520418],[-79.68199224583569,43.57381413807089],[-79.68289055842484,43.5735895599845],[-79.68356429129467,43.57403871597062],[-79.68378886921738,43.57516160527204],[-79.68446260208722,43.57493702700422],[-79.68536091287976,43.57583533830434],[-79.68491175793264,43.576509072258965],[-79.68536091287976,43.577407382885035],[-79.68513633675367,43.57763195974913],[-79.68508642815311,43.57768186842522],[-79.68446260208722,43.57830569377587],[-79.68356429129467,43.57785653772794],[-79.6822168237584,43.57830569377587],[-79.68131851296585,43.577407382885035],[-79.68154309088857,43.576509072258965],[-79.68095357328,43.576378068374005],[-79.67952189138076,43.57605991582515],[-79.67907273463702,43.576509072258965],[-79.67952189138076,43.57718280518331],[-79.67929731255973,43.57785653772794],[-79.67709402364554,43.57885803417766],[-79.67682695720649,43.57897942677168],[-79.67654760450932,43.57860695749817],[-79.67615322433666,43.578081116170765],[-79.673233713138,43.57673364921947],[-79.6730091352153,43.575610759945945],[-79.67390744600783,43.57471244920046],[-79.67365170013802,43.574200960097585],[-79.673233713138,43.57336498171144],[-79.67390744600783,43.572242092752965],[-79.67278463364939,43.57179296827499],[-79.67278455729257,43.57179293768554],[-79.66994658437562,43.575285831099826],[-79.66986504609392,43.575386182702374],[-79.66982604483754,43.575390516384225],[-79.66954987037987,43.575421202279024],[-79.66784384478949,43.575610759945945],[-79.66717011191967,43.57516160527204],[-79.66694553399695,43.57583533830434],[-79.66789567039486,43.57659544811215],[-79.66806842271221,43.57673364921947],[-79.66796273861398,43.576997860661855],[-79.66795608209772,43.57701450314099],[-79.66761926776509,43.57785653772794],[-79.66694553399695,43.578081116170765],[-79.66681681709484,43.57800388710358],[-79.66469975566812,43.57673364921947],[-79.6640260227983,43.57718280518331],[-79.66582264528168,43.57830569377587],[-79.66596781033667,43.578741188881104],[-79.6660472232044,43.57897942677168],[-79.66559806825728,43.57965316068861],[-79.66471406313565,43.579829961344736],[-79.66447517864373,43.579877738287074],[-79.66245397823761,43.57897942677168],[-79.66178024536777,43.58032689422483],[-79.66020819990878,43.58032689422483],[-79.6586361562464,43.58122520515847],[-79.65773784455553,43.58077605006554],[-79.65773784455553,43.57965316068861]]],[[[-79.74781600003885,43.61133788171912],[-79.74779354036012,43.61131863016974],[-79.74644607282384,43.61131863016974],[-79.74532318410859,43.6095220072765],[-79.74711980659197,43.6081745396857],[-79.74716472235617,43.60799487770459],[-79.7475689624374,43.606377917842266],[-79.74824269620555,43.60592876180233],[-79.74872393358471,43.60608917477997],[-79.7489164290754,43.606153340241505],[-79.74915534411002,43.60577108103092],[-79.75003931779062,43.60435671787311],[-79.7489164290754,43.6041321398819],[-79.74779354036012,43.60458129567643],[-79.74644607282384,43.60345840673243],[-79.74464945123876,43.60368298528731],[-79.74352656162517,43.603233829290666],[-79.74262825083264,43.60233551829579],[-79.74285282875533,43.60166178389059],[-79.74240367290993,43.60076347284124],[-79.74083162834923,43.60166178389059],[-79.73970873873566,43.60143720689782],[-79.73925958378854,43.600538895097394],[-79.74038247340214,43.59919142924559],[-79.73955326281785,43.59888047585579],[-79.73903500586582,43.59919142924559],[-79.73544176089904,43.59919142924559],[-79.73476802802921,43.59874227289367],[-79.73431887218376,43.59919142924559],[-79.73476802802921,43.60076347284124],[-79.73386971723667,43.60166178389059],[-79.73297140644411,43.601212629066744],[-79.73243437110938,43.60035337895269],[-79.73184851683055,43.59941600616419],[-79.7319608035461,43.599079145351],[-79.73207309385492,43.59874227289367],[-79.73139936098512,43.59806853988578],[-79.73207309385492,43.59627191678109],[-79.73072562811528,43.59627191678109],[-79.73065076970602,43.59627191678109],[-79.73027647226985,43.59627191678109],[-79.729378160579,43.59559818408764],[-79.72892900473357,43.596047339837895],[-79.72870442770916,43.59806853988578],[-79.72803069394101,43.59919142924559],[-79.72690780522578,43.599865162040416],[-79.72600949443321,43.59896685083822],[-79.72623407235594,43.59829311774271],[-79.72511118274237,43.59829311774271],[-79.72462747589448,43.59794761515208],[-79.72353913818168,43.59717022918379],[-79.72351302505467,43.5970396658016],[-79.7233145611573,43.596047339837895],[-79.72264082738914,43.59627191678109],[-79.72219166795045,43.595822758803656],[-79.72196709362099,43.59559818408764],[-79.72084420490573,43.59582276205656],[-79.71994589411318,43.595373605931215],[-79.71968922836854,43.594603622336436],[-79.71911174728645,43.5928711710462],[-79.71904758242232,43.59267867294602],[-79.71855761521522,43.592841995006914],[-79.7183738486542,43.59290325009935],[-79.71819652930193,43.59315150011788],[-79.71725095993892,43.59447529468304],[-79.71770011578435,43.59514902823784],[-79.71747553786163,43.596047339837895],[-79.71792469280875,43.596047339837895],[-79.7183738486542,43.596945651039206],[-79.71927216034504,43.59672107270705],[-79.71994589411318,43.59717022918379],[-79.72017047113759,43.59784396184119],[-79.71949673826775,43.59874227289367],[-79.71928398037755,43.59878955277028],[-79.71908424805898,43.59883393767449],[-79.71747553786163,43.59919142924559],[-79.7165772270691,43.59806853988578],[-79.71567891627656,43.59829311774271],[-79.71410687081756,43.59717022918379],[-79.71365771497213,43.59761938425949],[-79.7150051816101,43.59874227289367],[-79.71478060368737,43.59964058419613],[-79.71410687081756,43.600089739696976],[-79.71231024923249,43.59896685083822],[-79.71163651456601,43.59896685083822],[-79.71137999614504,43.599191306943396],[-79.70983989298094,43.600538895097394],[-79.70871700426567,43.59964058419613],[-79.70894158218837,43.59874227289367],[-79.71028904882635,43.59761938425949],[-79.70849242634294,43.59627191678109],[-79.70849242634294,43.59492445100745],[-79.70926240740725,43.59453946017043],[-79.70939073713548,43.59447529468304],[-79.70987444218675,43.59482080094652],[-79.71096278169617,43.59559818408764],[-79.71051362585074,43.59425071689013],[-79.7105435693941,43.5941309418981],[-79.71073820377346,43.593352405795535],[-79.71006447090365,43.593127827715904],[-79.70939073713548,43.59357698368778],[-79.70910199434867,43.59328824229548],[-79.70849242634294,43.59267867294602],[-79.70869973056107,43.5922122441491],[-79.70939073713548,43.590657472735174],[-79.71006447090365,43.590432895009144],[-79.71208567130977,43.59200493906022],[-79.7133208476389,43.59200493906022],[-79.71433144874028,43.59200493906022],[-79.71522976043113,43.593127827715904],[-79.71747553786163,43.59133120609026],[-79.71567891627656,43.589759160707146],[-79.71590349330096,43.58863627231348],[-79.71680180499182,43.587962538721634],[-79.7170263820162,43.58661507168803],[-79.7165772270691,43.58661507168803],[-79.71612807122368,43.58549218320168],[-79.71455602666299,43.584369293940846],[-79.71305883871493,43.58374546829611],[-79.71186109338703,43.583246405208214],[-79.7115317126134,43.58258764689389],[-79.71141193664329,43.582348093848324],[-79.71163651456601,43.58077605006554],[-79.71096278169617,43.58010231569865],[-79.71096278169617,43.579428582903205],[-79.71096278169617,43.578754849076375],[-79.71208567130977,43.57785653772794],[-79.71163651456601,43.57718280518331],[-79.71186109338703,43.576509072258965],[-79.71343313794772,43.575386182702374],[-79.71208567130977,43.57403871597062],[-79.71231024923249,43.57291582720862],[-79.71275940417958,43.57269124902638],[-79.71253482535855,43.572242092752965],[-79.71231024923249,43.57179293768554],[-79.71247244365027,43.57130635244906],[-79.71253482625686,43.57111920368502],[-79.71365771497213,43.57067004870431],[-79.71433144874028,43.571343781871775],[-79.7147164415182,43.571343781871775],[-79.71522976043113,43.571343781871775],[-79.71545433835384,43.572017515963424],[-79.7163526491464,43.57246667130842],[-79.7163526491464,43.5735895599845],[-79.71725095993892,43.57403871597062],[-79.71814927073147,43.57246667130842],[-79.71814927073147,43.571882778859774],[-79.71814927073147,43.571568359871925],[-79.71830140581471,43.57151764819596],[-79.71927216124335,43.57119406273975],[-79.71949673916608,43.571119204335865],[-79.71976623285299,43.57075987983828],[-79.72017047113759,43.57022089297743],[-79.72017047113759,43.5695471602662],[-79.71814927073147,43.56864884889217],[-79.71792469280875,43.56797511486809],[-79.71725095724398,43.567525961825204],[-79.71522976043113,43.566178493015435],[-79.71504601363301,43.56544351152524],[-79.7150051816101,43.5652801821722],[-79.71545433835384,43.56483102660891],[-79.71590349330096,43.564381870951266],[-79.7162403561426,43.564634521624214],[-79.7185984265769,43.56640307074852],[-79.71939308526039,43.565948981904604],[-79.71814927073147,43.5655047599998],[-79.71725095993892,43.564381870951266],[-79.7170263820162,43.56191151518539],[-79.7183738486542,43.56056404772438],[-79.71680180499182,43.559665737134395],[-79.71680180499182,43.56056404772438],[-79.71590349330096,43.56191151518539],[-79.71478060368737,43.56213609320334],[-79.71388229289485,43.561462359241816],[-79.71327796925375,43.56221776577762],[-79.71298398210229,43.562585248029734],[-79.71141193664329,43.562360671035115],[-79.71102473580638,43.56270915675422],[-79.7091661601111,43.564381870951266],[-79.70826784842022,43.56415729284302],[-79.70781869257482,43.56348355870233],[-79.70877522946913,43.56195310348108],[-79.70878117092641,43.56194359706669],[-79.7088597043435,43.56181794222881],[-79.70889276054932,43.56176505208321],[-79.70894158218837,43.56168693698122],[-79.70884970878933,43.561635896718606],[-79.70855918643993,43.56147449622538],[-79.70692038178225,43.56056404772438],[-79.70676317750586,43.56103566183446],[-79.7067519485648,43.561069348787356],[-79.70669580385955,43.56123778196717],[-79.70600101537778,43.561546578596015],[-79.70467460435175,43.56213609320334],[-79.70482772488688,43.56274857818008],[-79.70483398165283,43.56277360671349],[-79.70489918137615,43.563034404063984],[-79.70445002642903,43.56370813671853],[-79.70377629176257,43.563932715199385],[-79.70310255889275,43.56348355870233],[-79.70187986285785,43.565055604158275],[-79.70153051523037,43.5655047599998],[-79.70030881812207,43.566268330197445],[-79.69793727026357,43.567750537788974],[-79.69681438065001,43.566852226306395],[-79.69771269234084,43.565729336990145],[-79.6972635355971,43.564831025958036],[-79.69748811441814,43.56415729284302],[-79.69816184818629,43.56370813671853],[-79.69950931392593,43.56415729284302],[-79.7004076256168,43.56325898180176],[-79.69999301807889,43.56249887877086],[-79.69920987400072,43.56106310937922],[-79.69906015897882,43.5607886262085],[-79.69902052710512,43.56081504730473],[-79.69838642521067,43.56123778196717],[-79.69681438065001,43.5607886262085],[-79.69614064778017,43.561462359241816],[-79.69509261747417,43.56131264093475],[-79.69456860321948,43.56123778196717],[-79.69446879140828,43.56143740632499],[-79.69434402439846,43.56168693763216],[-79.69484540470125,43.56212564815658],[-79.69614064778017,43.56325898180176],[-79.6952423360893,43.564381870951266],[-79.69352057650674,43.56352099298636],[-79.69299655776047,43.56325898180176],[-79.6927944386182,43.56298949088951],[-79.69254740281337,43.56266010987959],[-79.69232282489065,43.562360671035115],[-79.69236865783476,43.561948181679085],[-79.69247254530244,43.56101319864778],[-79.69254740281337,43.56033946970511],[-79.69494716675494,43.558080893227725],[-79.69517217946225,43.55786911483348],[-79.69612661789206,43.55697080312376],[-79.69636522480457,43.55674622603329],[-79.6972635355971,43.555174181192854],[-79.69658980272729,43.55494960326575],[-79.6885825239152,43.56022272452921],[-79.68738211418419,43.56101320385546],[-79.68734553837908,43.56098394337454],[-79.68625922457063,43.56011489280162],[-79.68656536413125,43.559502616702154],[-79.68672050138417,43.559192342949004],[-79.68685382574539,43.55892569164214],[-79.68693295833876,43.558767426170554],[-79.68910218762898,43.55749144310057],[-79.69254743694935,43.55546482407191],[-79.69456860321948,43.554275870321966],[-79.69453367043302,43.55425748461412],[-79.69030162538284,43.55203009217756],[-79.6896278907164,43.55247924812127],[-79.68872957992386,43.55225466991685],[-79.68828042497674,43.55158093614172],[-79.68850500289946,43.55113178131586],[-79.68722722576459,43.550086335986926],[-79.68671792950752,43.54966963736716],[-79.68603464664791,43.549110580939335],[-79.68693295833876,43.547987691707895],[-79.68705388055916,43.54805679061339],[-79.6872103634884,43.54814621011931],[-79.68850500289946,43.548886003203926],[-79.68917873576927,43.548886003203926],[-79.69030162538284,43.547987691707895],[-79.69174533482541,43.54856517725324],[-79.69240093879449,43.548827417711664],[-79.69254740281337,43.548886003203926],[-79.69337426340483,43.54824289439982],[-79.69444227853097,43.54741221188691],[-79.69456860321948,43.547313957764324],[-79.69423173498794,43.54720166890975],[-79.69405034716578,43.54714120659543],[-79.69400715886185,43.54712681064232],[-79.69389487034965,43.54708938114819],[-79.69375196096438,43.54721187628579],[-79.69232282489065,43.54843684717615],[-79.69097535825269,43.54776311369529],[-79.69040439714293,43.54782020985744],[-79.69019194917149,43.547841454548674],[-79.68872957992386,43.547987691707895],[-79.68854046209867,43.54775129624404],[-79.68791293407547,43.54696688445944],[-79.6878312691313,43.546864803044215],[-79.68802376552027,43.54628731748601],[-79.68828042497674,43.5455173357321],[-79.68917873576927,43.54484360282672],[-79.68581006872519,43.545741914298425],[-79.68529674981227,43.54612690464491],[-79.68491175793264,43.546640224754675],[-79.68648380159502,43.54776311369529],[-79.68603464664791,43.548886003203926],[-79.68536091287976,43.549110580939335],[-79.68356429129467,43.54776311369529],[-79.68311513455093,43.54776311369529],[-79.68289055842484,43.54776311369529],[-79.68176766881128,43.548661425282866],[-79.68064478009602,43.547987691707895],[-79.67817442384447,43.54843684717615],[-79.67705153512921,43.546864803044215],[-79.67698736846846,43.54689688642586],[-79.67525491264583,43.54776311369529],[-79.66874215737866,43.545741914298425],[-79.66829300063492,43.54484360282672],[-79.6691913123258,43.5439452909913],[-79.67053877896375,43.5439452909913],[-79.67233540144714,43.54484360282672],[-79.67345829016242,43.54416986890284],[-79.67255997936986,43.54237324692909],[-79.6691913123258,43.54192409120923],[-79.66874215737866,43.54012746872845],[-79.66761926776509,43.54169951274563],[-79.66582264528168,43.54237324692909],[-79.66649637904983,43.54327155809732],[-79.6660472232044,43.54416986890284],[-79.664250600721,43.54439444728002],[-79.6660472232044,43.545966492028036],[-79.66559806825728,43.54708938114819],[-79.66492433359083,43.547313957764324],[-79.664250600721,43.54680866180581],[-79.66396987449977,43.54659811737167],[-79.66312771200573,43.545966492028036],[-79.66178024536777,43.546191068921004],[-79.66020819990878,43.5455173357321],[-79.65953446703894,43.54506817999627],[-79.65930988911622,43.5439452909913],[-79.6586361562464,43.5439452909913],[-79.65728868871011,43.54461902482055],[-79.65687696386593,43.54585420326781],[-79.65683953376299,43.545966492028036],[-79.65666566843302,43.54598098071703],[-79.65414459958875,43.546191068921004],[-79.65234797800365,43.54753853614817],[-79.65212340008095,43.54776311369529],[-79.65144966721111,43.54843684717615],[-79.65129419398826,43.54879962407429],[-79.65123169549899,43.54894545458415],[-79.65029084588448,43.551140771841276],[-79.6501021996748,43.55158093614172],[-79.64920388888228,43.55225466991685],[-79.64830557719141,43.551805514252564],[-79.64808100016701,43.55090720329878],[-79.64869349129067,43.549927224339264],[-79.64920388888228,43.549110580939335],[-79.64875473303684,43.54843684717615],[-79.64897931095956,43.54776311369529],[-79.6501021996748,43.547313957764324],[-79.64942846590668,43.546415646930605],[-79.64987762175211,43.54529275828251],[-79.64942846590668,43.54461902482055],[-79.64959258092256,43.54396256704637],[-79.6496530438294,43.5437207141966],[-79.65122508928839,43.54237324692909],[-79.65279713295077,43.54327155809732],[-79.65369544374332,43.54282240190736],[-79.65436917840977,43.54327155809732],[-79.65594122207214,43.54327155809732],[-79.65644427773293,43.542894267617534],[-79.6566322313415,43.5427533022108],[-79.65683953376299,43.542597824836534],[-79.65481833335687,43.54214866883628],[-79.65302171087347,43.53967831320834],[-79.65134758625547,43.539050516660495],[-79.65122508928839,43.53900458016638],[-79.65113720979909,43.53868236015761],[-79.65055135462194,43.53653422400417],[-79.65007011634444,43.53632034068447],[-79.64875897128834,43.53573760940789],[-79.64853015511413,43.53563591274053],[-79.64853015511413,43.53473760177059],[-79.64785642224432,43.534288445826185],[-79.6476318443216,43.533165557284946],[-79.6496530438294,43.53114435693412],[-79.64785642224432,43.52979688995917],[-79.64755698142076,43.52967711506398],[-79.64710782018544,43.52949745194953],[-79.64448775520022,43.52844942414286],[-79.64448682095232,43.52844662091417],[-79.6442631772775,43.52777569004161],[-79.64516148807006,43.52687737922688],[-79.64591218589848,43.52716611079348],[-79.64808100016701,43.528000268260215],[-79.64875473303684,43.528000268260215],[-79.64935360749743,43.52725167745971],[-79.64943916214678,43.52714473376268],[-79.6496530438294,43.52687737922688],[-79.64917180285694,43.52649239427318],[-79.64913478058915,43.52646277703826],[-79.6462843767853,43.52418244597925],[-79.64615604615877,43.523540794551124],[-79.6455357837096,43.52369586055288],[-79.64538606599277,43.52373329024019],[-79.64358944440768,43.52216124487339],[-79.6426911327168,43.52261040124347],[-79.64201739894867,43.521936667714236],[-79.64134366607885,43.521936667714236],[-79.64089451023342,43.52216124487339],[-79.64134366607885,43.52328413376245],[-79.64089451023342,43.52418244597925],[-79.63999619944087,43.5244070232461],[-79.63969676131227,43.52425730472684],[-79.63932246567272,43.524070157032334],[-79.63909788775003,43.52395786787637],[-79.63858803723241,43.52438274541992],[-79.63775042111203,43.52508075719509],[-79.63707668824222,43.52463160097958],[-79.6368521103195,43.52373329024019],[-79.63730126706325,43.52328413441383],[-79.63797499903475,43.52261040124347],[-79.63819957695746,43.52171208971904],[-79.63730126616491,43.52103835592882],[-79.63662753239679,43.52148751219066],[-79.63550464278322,43.52103835592882],[-79.63393259912084,43.52261040124347],[-79.63572922070593,43.52508075719509],[-79.6352800648605,43.52597906806076],[-79.63393259912084,43.52597906806076],[-79.63146224286929,43.52395786787637],[-79.62854273167065,43.52575449013293],[-79.6278689979025,43.52530533502576],[-79.62764441997977,43.5244070232461],[-79.62876730869503,43.52328413376245],[-79.62809357582522,43.52261040124347],[-79.62607237631741,43.522385823150735],[-79.62562321957367,43.52126293382634],[-79.62427575293567,43.52103835592882],[-79.62360202006586,43.52014004509874],[-79.62292828719603,43.52103835592882],[-79.6220299764035,43.52081377914954],[-79.62180539758246,43.52148751219066],[-79.62045793094448,43.52168000726616],[-79.62023335302176,43.52171208971904],[-79.62015849371419,43.52201152794583],[-79.62000877509905,43.52261040124347],[-79.62090708678991,43.52373329024019],[-79.62000877509905,43.5244070232461],[-79.62023335302176,43.52485617917971],[-79.61978419807467,43.52552991202042],[-79.6188858863838,43.52575449013293],[-79.61807740622135,43.52535025088241],[-79.61798757469295,43.52530533502576],[-79.61781914506875,43.525436337288674],[-79.61749258680172,43.52569032950959],[-79.61596637518514,43.52687737922688],[-79.61539472596588,43.52671405151109],[-79.61526456906437,43.52667686401287],[-79.61439433062445,43.526428224013344],[-79.61315213575799,43.52808448617925],[-79.6130468639865,43.52822484629396],[-79.61214855319393,43.52844942414286],[-79.61035192981223,43.53002146781649],[-79.60945361901967,43.52957231321955],[-79.60922904109695,43.528898579286086],[-79.61080108565766,43.5273265350039],[-79.61080108565766,43.526203645803804],[-79.61214855319393,43.52530533502576],[-79.61080108565766,43.52418244597925],[-79.61080108565766,43.52305955687502],[-79.61147481942578,43.52261040124347],[-79.61237313021833,43.52283497915152],[-79.61214855319393,43.52171208971904],[-79.6130468639865,43.52081377914954],[-79.61394517477902,43.52148751219066],[-79.61506806439259,43.52148751219066],[-79.61619095310785,43.522385823150735],[-79.6164155337255,43.521712086462124],[-79.61664010895328,43.52103835592882],[-79.61574179726242,43.52081377914954],[-79.61529264231531,43.51969088987929],[-79.61641553103057,43.51834342305011],[-79.61596637518514,43.51834342305011],[-79.61484348557157,43.5167713779491],[-79.6140574623929,43.516659089540006],[-79.61370018084484,43.516608049581066],[-79.6132714419092,43.51654680092196],[-79.61309909024047,43.516437123707796],[-79.61262699681257,43.516136702803124],[-79.61080108565766,43.5149747559182],[-79.61055008648579,43.5143472611609],[-79.61050164752906,43.514226164393165],[-79.61035192981223,43.513851866777],[-79.6100824307354,43.513806950177404],[-79.60765699743457,43.51340271100316],[-79.60698326276813,43.51250439985032],[-79.60720784069083,43.51115693410948],[-79.60765699743457,43.5104831997299],[-79.60870502594396,43.51027359431899],[-79.60877988614986,43.51025862210377],[-79.6088327277498,43.51032467481673],[-79.60967819694238,43.51138151099899],[-79.61192397527122,43.51138151099899],[-79.61214855319393,43.51138151099899],[-79.61372059685631,43.51205524512301],[-79.61955962015195,43.50711453294743],[-79.62090708678991,43.50531791075977],[-79.61394517477902,43.50015262222258],[-79.61214855319393,43.5015000879732],[-79.61237313021833,43.50217382227716],[-79.61394517477902,43.50307213276073],[-79.61416975270173,43.503745865810664],[-79.61372059685631,43.504419599812145],[-79.61259770814105,43.50464417831359],[-79.61057650773495,43.502847554926845],[-79.6099027748651,43.50307213276073],[-79.6101273518895,43.503745865810664],[-79.60967819694238,43.504419599812145],[-79.60855530822714,43.504419599812145],[-79.60675868574373,43.50307213276073],[-79.60675868574373,43.50172466625826],[-79.60608495197559,43.50105093280638],[-79.60698326276813,43.49947888817009],[-79.60608495197559,43.49858057700361],[-79.60673467736945,43.49641482889357],[-79.60684248688163,43.4963138492227],[-79.60765699743457,43.49611022113285],[-79.60967819694238,43.49745768782292],[-79.60922904109695,43.496783954978255],[-79.60945361901967,43.49611022113285],[-79.61080108565766,43.4956610662731],[-79.610964415546,43.49517107789057],[-79.61102566358036,43.49498733228106],[-79.61127065841285,43.4949260838375],[-79.61165448068598,43.494830128664894],[-79.61192397527122,43.49476275500276],[-79.6132714419092,43.49543648824207],[-79.6130468639865,43.49453817688927],[-79.61349601893359,43.4938644427512],[-79.61596637518514,43.49319071022024],[-79.61507490416517,43.490739163271904],[-79.61516394876939,43.49052858667684],[-79.61551722023803,43.489822043007564],[-79.61641553103057,43.48959746476929],[-79.61812232198555,43.490877559317866],[-79.61821215261564,43.49094493210084],[-79.6186613102577,43.49060806547938],[-79.61886093388016,43.49045834782612],[-79.61911046430652,43.490271198934174],[-79.61955962015195,43.48847457604226],[-79.62113166381431,43.488249999311186],[-79.621580823253,43.48780084464764],[-79.62174926994518,43.48763240573668],[-79.62427575293567,43.48510590909832],[-79.62453867364968,43.48504017944812],[-79.62517406462653,43.48488133222657],[-79.62607237631741,43.48577964317734],[-79.62472490878112,43.487351687295885],[-79.62539864165095,43.48847457604226],[-79.62517406462653,43.489372888302874],[-79.62427575293567,43.489822043007564],[-79.62360202006586,43.48914830969797],[-79.62270370927331,43.48914830969797],[-79.62158081965975,43.490271198934174],[-79.6220299764035,43.491394088149185],[-79.62113166381431,43.492741553847864],[-79.62629695424012,43.49633479926492],[-79.62674610918722,43.49700853321118],[-79.62652153126452,43.497682266156666],[-79.62517406462653,43.498131420969976],[-79.62360202006586,43.496783954978255],[-79.62270370927331,43.496783954978255],[-79.62158081965975,43.49521191002749],[-79.6186613093594,43.49319071022024],[-79.61843673143669,43.49363986585877],[-79.61933504222922,43.49453817688927],[-79.61911046430652,43.49521191002749],[-79.61753841974584,43.4956610662731],[-79.61641553103057,43.49498733228106],[-79.61551722023803,43.49633479926492],[-79.61641553103057,43.497682266156666],[-79.61843673143669,43.49880515507071],[-79.6186613093594,43.50015262222258],[-79.61955962015195,43.49970346615407],[-79.62045793094448,43.49992804395436],[-79.62135624173703,43.50082635527315],[-79.62113166381431,43.50172466625826],[-79.62225455342788,43.5015000879732],[-79.62292828719603,43.501949243708026],[-79.62315286511874,43.502847554926845],[-79.6224791313506,43.50352128918],[-79.6224791313506,43.504195021778365],[-79.6240511759113,43.505542489177124],[-79.62697068710995,43.505093332810084],[-79.6278689979025,43.505991644156815],[-79.62876730869503,43.505767066107346],[-79.6296656212842,43.50621622202227],[-79.63011477623132,43.50688995516635],[-79.63146224286929,43.505991644156815],[-79.63348344327541,43.50666537785283],[-79.63483090991339,43.505093332810084],[-79.63280971040558,43.50352128918],[-79.631686820792,43.50352128918],[-79.63033935415405,43.50172466625826],[-79.62899188661775,43.50105093280638],[-79.62831815374793,43.50015262222258],[-79.62876730869503,43.49925431000235],[-79.6296656212842,43.49902973295422],[-79.63460633199068,43.50217382227716],[-79.63572922070593,43.5015000879732],[-79.63617837655134,43.50037719900382],[-79.63775042111203,43.50037719900382],[-79.63842415488018,43.49925431000235],[-79.6404453552863,43.49880515507071],[-79.64089451023342,43.497682266156666],[-79.64246655479411,43.497682266156666],[-79.6426911327168,43.49700853321118],[-79.64358944440768,43.496783954978255],[-79.64381402233039,43.49611022113285],[-79.64291570974122,43.49543648824207],[-79.64326969357386,43.49472852139083],[-79.64538576954872,43.496282575003924],[-79.6454063571384,43.49629757219027],[-79.64567984653169,43.4964986223621],[-79.6478189894464,43.498056574773344],[-79.649809408181,43.499506173469435],[-79.64886481708334,43.4998840103584],[-79.64875473303684,43.49992804395436],[-79.64605979886258,43.49790684430677],[-79.64538606599277,43.49790684430677],[-79.64381402233039,43.49947888817009],[-79.64403859935479,43.50037719900382],[-79.64336486558665,43.50172466625826],[-79.64246655479411,43.50217382227716],[-79.6426911327168,43.50307213276073],[-79.64134366607885,43.504419599812145],[-79.64134366607885,43.50531791075977],[-79.6406699323107,43.505542489177124],[-79.6406699323107,43.50666537785283],[-79.63909788775003,43.50711453294743],[-79.63997786662254,43.508214505571196],[-79.63999619944087,43.508237421698716],[-79.64003242220808,43.50820844377092],[-79.64111908815613,43.50733911119609],[-79.64179282102594,43.50778826714125],[-79.64250739220692,43.50750243858893],[-79.64291570974122,43.50733911119609],[-79.64381402233039,43.508237421698716],[-79.64336486558665,43.50980946695059],[-79.64246655479411,43.51025862210377],[-79.64291570974122,43.51093235573276],[-79.6426911327168,43.511606089007344],[-79.64336486558665,43.51227982192728],[-79.64291570974122,43.51340271100316],[-79.64385969717102,43.51399270560809],[-79.64471233312292,43.51452560003288],[-79.64491963644272,43.51535481450078],[-79.64493691104565,43.51542391171773],[-79.64381402233039,43.516322223058964],[-79.6434646800928,43.51789426683323],[-79.64336486558665,43.51834342305011],[-79.64403859935479,43.51789426683323],[-79.6447123313263,43.518062699503524],[-79.64493691104565,43.51811884470818],[-79.6450866296608,43.51834342435297],[-79.64538606599277,43.518792579180634],[-79.64516148807006,43.51969088987929],[-79.6455357837096,43.52006518580202],[-79.64583522183818,43.52036462308306],[-79.64561064391549,43.52081377914954],[-79.64695811055346,43.52148751219066],[-79.64707975681596,43.52185245163394],[-79.64718268757785,43.52216124487339],[-79.64853015511413,43.52305955687502],[-79.64897931095956,43.52216124487339],[-79.65144966721111,43.52014004509874],[-79.65234797800365,43.52103835592882],[-79.65122508928839,43.52283497915152],[-79.65144966721111,43.52328413376245],[-79.65169028545154,43.523203928059814],[-79.65212340008095,43.52305955687502],[-79.65234797710532,43.52328413441383],[-79.65279713295077,43.52373329024019],[-79.65287878981009,43.52373329024019],[-79.65392002166602,43.52373329024019],[-79.65425200935063,43.52489524953938],[-79.65436917840977,43.52530533502576],[-79.65458054031802,43.52517323496519],[-79.65616579999487,43.52418244597925],[-79.65930988911622,43.52687737922688],[-79.65975904496166,43.52687737922688],[-79.66020819990878,43.52552991202042],[-79.65773784455553,43.5244070232461],[-79.65751326663283,43.52373329024019],[-79.65796242337657,43.52305955687502],[-79.65886073416911,43.52283497915152],[-79.65998362288437,43.52328413376245],[-79.66065735575421,43.52283497915152],[-79.66178024536777,43.52373329024019],[-79.66312771200573,43.52305955687502],[-79.6640260227983,43.52395786787637],[-79.66380144487557,43.52463160097958],[-79.66514891241188,43.52575449013293],[-79.66469975566812,43.52710195688212],[-79.66514891241188,43.52755111228949],[-79.6660472232044,43.5273265350039],[-79.66672095697255,43.528000268260215],[-79.6710034289512,43.52677670518034],[-79.6714370897563,43.52665280073553],[-79.67192496927868,43.52621913512846],[-79.67238826191173,43.525807321996965],[-79.67273643723776,43.52549783224915],[-79.67345829016242,43.52485617917971],[-79.67368286808514,43.52350871176795],[-79.67458117887767,43.52261040124347],[-79.67570406759293,43.52305955687502],[-79.67570406759293,43.524897015990085],[-79.67570406759293,43.52508075719509],[-79.67660237928379,43.52575449013293],[-79.67692484931796,43.52567387281255],[-79.67724403511144,43.5255940760711],[-79.67750069097464,43.52552991202042],[-79.67839903859812,43.52463158078774],[-79.67952189587233,43.52350872609791],[-79.67952189138076,43.52350871176795],[-79.67997104632788,43.52261040124347],[-79.67907273463702,43.52171208971904],[-79.67938355442026,43.52109045390141],[-79.68020162948825,43.52168878787952],[-79.68107136576994,43.522324881942616],[-79.681335460582,43.52251803027778],[-79.68137917979024,43.52254973448958],[-79.68167230545734,43.52276229877169],[-79.68185899693296,43.522584653852476],[-79.6822755690864,43.52220040882237],[-79.68267955404606,43.52182777218147],[-79.68326470314743,43.521288024533874],[-79.68340617702489,43.52115752460095],[-79.68356429129467,43.52126293382634],[-79.68394157922243,43.52214327797584],[-79.68423802416451,43.52283497915152],[-79.68558549080248,43.52216124487339],[-79.68670838041606,43.52305955687502],[-79.68625922457063,43.522385823150735],[-79.68648380159502,43.52171208971904],[-79.6876066912086,43.52081377914954],[-79.68895415784655,43.52081377914954],[-79.6898524686391,43.5185680012076],[-79.69097535825269,43.51766969007669],[-79.69434402529676,43.51722053405599],[-79.69479318114219,43.5167713779491],[-79.69546691401202,43.516995956094746],[-79.69614064688186,43.516322223058964],[-79.69703895857272,43.51654680092196],[-79.6972635355971,43.515873066779896],[-79.69838642521067,43.51564848901528],[-79.70108135938496,43.516995956094746],[-79.70197966927917,43.51789426748466],[-79.7022042481002,43.51811884470818],[-79.70245127582017,43.51811884470818],[-79.70400086968527,43.51811884470818],[-79.70445002642903,43.5190171563178],[-79.7058825401682,43.51819857707571],[-79.7060220700914,43.51811884470818],[-79.70621185266991,43.518356074867484],[-79.70692038178225,43.51924173392184],[-79.70767120896811,43.51905402739312],[-79.70781869257482,43.5190171563178],[-79.70880683579408,43.51951122828842],[-79.7091661601111,43.51969088987929],[-79.7092426902851,43.51980568575195],[-79.7096153150582,43.52036462308306],[-79.70939073713548,43.52103835592882],[-79.71073820377346,43.52126293382634],[-79.71120926054553,43.52200317663717],[-79.71121393358163,43.522010520265134],[-79.71156418491428,43.52256091658251],[-79.71231024923249,43.52373329024019],[-79.71251076398369,43.523693187375116],[-79.71261649120103,43.52367204164883],[-79.71343313794772,43.52350871176795],[-79.71410687081756,43.52395786787637],[-79.71433144874028,43.52463160097958],[-79.71320856002501,43.52597906806076],[-79.71433144874028,43.52665280073553],[-79.71433144874028,43.52777569004161],[-79.71298398210229,43.52822484629396],[-79.71141193664329,43.5273265350039],[-79.7096153150582,43.528898579286086],[-79.71028904882635,43.53002146781649],[-79.71118735872058,43.53047062493018],[-79.71163651456601,43.53069520223266],[-79.71163651456601,43.53136893498436],[-79.71163651456601,43.53181809118106],[-79.71135579283634,43.53193038003327],[-79.71083444837468,43.53213891768604],[-79.71051362585074,43.53226724598656],[-79.70894158218837,43.53159351284958],[-79.70859608294359,43.531852638513335],[-79.70854233135024,43.53189295217582],[-79.70804327139584,43.53226724598656],[-79.7081378307576,43.53245636632922],[-79.70814895549407,43.53247861612542],[-79.70870296808936,43.53358664090293],[-79.70871700426567,43.53361471312639],[-79.71051362585074,43.53361471312639],[-79.71124861214486,43.53324722158095],[-79.7117113747719,43.533015840315706],[-79.71186109428535,43.53294098071481],[-79.71231024923249,43.53271640200584],[-79.71320856002501,43.532940980063536],[-79.71365771497213,43.53361471312639],[-79.71298398210229,43.53473760177059],[-79.71006447090365,43.53630964630319],[-79.71028904882635,43.536983380152996],[-79.70983989298094,43.53765711298723],[-79.70826784842022,43.538106269237595],[-79.70849242634294,43.538780001898076],[-79.70804327139584,43.53945373614711],[-79.70663670549362,43.539654673180095],[-79.70657019243338,43.539754442723215],[-79.70939073713548,43.54192409120923],[-79.70945653423848,43.542121483558766],[-79.71275940417958,43.53945373614711],[-79.71388229289485,43.53967831320834],[-79.71433144874028,43.540352047187305],[-79.71365771497213,43.541474936050086],[-79.71231024923249,43.54237324692909],[-79.71320856002501,43.543496135914125],[-79.71310042981425,43.544036787219866],[-79.71300323120221,43.54452277945203],[-79.71298398210229,43.54461902482055],[-79.71305883961324,43.54456911935153],[-79.71365771497213,43.54416986890284],[-79.71517794470722,43.54416986890284],[-79.71518484376861,43.54416986890284],[-79.71522976043113,43.54416986890284],[-79.71521292061281,43.54411934968946],[-79.71511746922398,43.54383299781494],[-79.7150051816101,43.543496135914125],[-79.71504261081472,43.54345870677014],[-79.71590349330096,43.542597824836534],[-79.71622215717326,43.542661557897965],[-79.71638473157844,43.54269407262716],[-79.71670555679732,43.54275823730137],[-79.7170263820162,43.54282240190736],[-79.71784302876291,43.542495743836454],[-79.71814927073147,43.54237324692909],[-79.71837384685756,43.54267268286786],[-79.71882300539794,43.54327155809732],[-79.72017047113759,43.54327155809732],[-79.72151793777554,43.54439444728002],[-79.72241624856811,43.543496135914125],[-79.72219167244202,43.54304698009504],[-79.72264082738914,43.54237324692909],[-79.72376371610439,43.54237324692909],[-79.72421287194982,43.54192409120923],[-79.72533576066509,43.54237324692909],[-79.72543200706293,43.543335724110385],[-79.72600949443321,43.5437207141966],[-79.72713238314849,43.542597824836534],[-79.72803069394101,43.54282240190736],[-79.72845739370098,43.54367580160229],[-79.72847984978644,43.5437207141966],[-79.72758153899392,43.54484360282672],[-79.72780611601831,43.546415646930605],[-79.72806277277981,43.54628732009045],[-79.73005190602525,43.54529275828251],[-79.73139936098512,43.54461902482055],[-79.73150463724821,43.54465411697981],[-79.73207309385492,43.54484360282672],[-79.73229767177764,43.5455173357321],[-79.73364513931395,43.54506817999627],[-79.7339980487615,43.545244634853056],[-79.73454345010649,43.5455173357321],[-79.73476802802921,43.54484360282672],[-79.73566633882174,43.54439444728002],[-79.73476802802921,43.543496135914125],[-79.73521718387462,43.542597824836534],[-79.73678922843531,43.542597824836534],[-79.7381366950733,43.54416986890284],[-79.73993331665838,43.5439452909913],[-79.74060705132484,43.54282240190736],[-79.7417299400401,43.542597824836534],[-79.74060705132484,43.54169951274563],[-79.74060705132484,43.54057662480961],[-79.74128078419466,43.54012746872845],[-79.74240367290993,43.54080120224662],[-79.74309237800058,43.54045685048568],[-79.74330198370245,43.540352047187305],[-79.74359674160843,43.54054855257119],[-79.74377756079701,43.540669098356275],[-79.74397571836892,43.54080120224662],[-79.74420029539333,43.54214866883628],[-79.75924700813037,43.55292840332175],[-79.75927568954076,43.55298098742166],[-79.76059447387001,43.555398758934096],[-79.7583486964395,43.557644537185084],[-79.75924700813037,43.55786911483348],[-79.75969616307748,43.558767426170554],[-79.75879785228493,43.55989031506108],[-79.75677665187882,43.56033946970511],[-79.75722580682593,43.56123778196717],[-79.75613098866667,43.56233260047928],[-79.75610291811067,43.562360671035115],[-79.7561927433509,43.562360671035115],[-79.75655207395609,43.562360671035115],[-79.75812411941509,43.562360671035115],[-79.75840052024826,43.56284437719509],[-79.7585732743622,43.562809826139976],[-79.75924700813037,43.56325898180176],[-79.75947158515477,43.56393271585031],[-79.75872299836726,43.564681304305985],[-79.7585732743622,43.56505561587469],[-79.75843507394565,43.56540111590873],[-79.7585732743622,43.565953915096],[-79.75924700813037,43.566178493015435],[-79.75942667028886,43.5656395061643],[-79.75947158515477,43.5655047599998],[-79.76036989684562,43.565055604158275],[-79.76043114487999,43.56513726886913],[-79.76104362971545,43.565953915096],[-79.76122857576445,43.56590107349378],[-79.76182965289411,43.565729337641066],[-79.76248467116162,43.56554218977328],[-79.76261567427613,43.5655047599998],[-79.76285345653521,43.56568970401783],[-79.7637947112899,43.56642179316984],[-79.76463687468224,43.56707680413122],[-79.76508602962936,43.56707680413122],[-79.76531060755208,43.56707680413122],[-79.7655351863731,43.56640307074852],[-79.76688265301108,43.5655047599998],[-79.76677900269866,43.56524563707044],[-79.76643349716564,43.564381870951266],[-79.7673318079582,43.56348355870233],[-79.76823011875074,43.56370813671853],[-79.76867927369784,43.564157294144835],[-79.7693530083643,43.564831025958036],[-79.77137420787211,43.564381870951266],[-79.77137420787211,43.56398889386225],[-79.77137420787211,43.563932715199385],[-79.76890385341719,43.56213609320334],[-79.76912843044158,43.56123778196717],[-79.77002674213246,43.5607886262085],[-79.77120840761677,43.561662816721196],[-79.77443886795606,43.5640526309934],[-79.78034861741064,43.5684242710706],[-79.78642092060916,43.57291582720862],[-79.7872836383535,43.572743283501005],[-79.78754381022273,43.57269124902638],[-79.78763269762176,43.57242458782808],[-79.78776838724713,43.572017515963424],[-79.78904207704744,43.57095611882023],[-79.78915120528647,43.571038151070724],[-79.78933913104729,43.57117941674986],[-79.78969322357608,43.5714389957775],[-79.78993566629485,43.57161704673748],[-79.7905111414389,43.57201646681395],[-79.7910866246678,43.572415884241366],[-79.793158253799,43.57375182094115],[-79.793158253799,43.57426329368369],[-79.79241236644894,43.57456164898764],[-79.79219576646426,43.57464828860851],[-79.79203536508376,43.57471244920046],[-79.79046332142138,43.5735895599845],[-79.78945272481158,43.5735895599845],[-79.78934043180782,43.5735895599845],[-79.7892562129533,43.57370185238648],[-79.78866669893799,43.574487871210025],[-79.79248452092918,43.57695822729477],[-79.79263792084036,43.57718832706243],[-79.79293367677462,43.57763195974913],[-79.7927090988519,43.57830569377587],[-79.79144950182176,43.57872555946899],[-79.79136162772234,43.57875485167941],[-79.79057923283912,43.578168050082404],[-79.79046332142138,43.578081116170765],[-79.78978958675492,43.578754849076375],[-79.78981204553534,43.57878179982368],[-79.79091247636849,43.58010231569865],[-79.79001416467764,43.58122520515847],[-79.78711337077624,43.57948473279683],[-79.78705543932189,43.57944997328304],[-79.78664549763354,43.57920400493087],[-79.78462429812575,43.58032689422483],[-79.78462429812575,43.58077605006554],[-79.78799296516983,43.58369556074194],[-79.78889127596238,43.583021827811486],[-79.79001416467764,43.58347098306859],[-79.79023874260034,43.58414471617807],[-79.78956500973054,43.58481845020655],[-79.78978958675492,43.58549218320168],[-79.78934043180782,43.585941338897435],[-79.78978958675492,43.58683964999501],[-79.78911585747835,43.58751338053933],[-79.78889127596238,43.5877379607001],[-79.78844212101527,43.589759160707146],[-79.7875999558263,43.590432895009144],[-79.78744399751318,43.5905576612389],[-79.7873192323,43.590657472735174],[-79.78866669893799,43.59178036115723],[-79.79046332142138,43.59178036115723],[-79.79091247636849,43.59267867294602],[-79.7891158538851,43.59425071689013],[-79.78799296516983,43.59447529468304],[-79.7870946543773,43.59357698368778],[-79.7873192323,43.59290325009935],[-79.78619634268642,43.59200493906022],[-79.78574718684101,43.59200493906022],[-79.78597176476373,43.59267867294602],[-79.7850734539712,43.59357698368778],[-79.78327683058947,43.59222951677583],[-79.78327683058947,43.5923418180064],[-79.78462429812575,43.59357698368778],[-79.78439972020304,43.59447529468304],[-79.78305225356507,43.59582276205656],[-79.78457938146322,43.59677721883246],[-79.78484887604847,43.596945651039206],[-79.78484887604847,43.59806853988578],[-79.78430988687799,43.59842786600624],[-79.78417514317863,43.598517694761505],[-79.7819293648498,43.598517694761505],[-79.78103105405728,43.59761938425949],[-79.78125563108166,43.59672107270705],[-79.78035732028911,43.59717022918379],[-79.77968358741929,43.59649649483787],[-79.77519203076162,43.59761938425949],[-79.77406914204637,43.59621578254515],[-79.77339540917654,43.595373605931215],[-79.7729462533311,43.59627191678109],[-79.77070047500227,43.5973948058396],[-79.77070047500227,43.59806853988578],[-79.77070047500227,43.59874227289367],[-79.77137420787211,43.59896685083822],[-79.77204794164027,43.59829311774271],[-79.77524161507036,43.59871894032563],[-79.77541660868435,43.59874227289367],[-79.77559627084284,43.59865244187149],[-79.77592191013335,43.59848962284265],[-79.7763149203752,43.59829311774271],[-79.77721323116774,43.598517694761505],[-79.77766238701317,43.59806853988578],[-79.78035732028911,43.59806853988578],[-79.78125563108166,43.59896685083822],[-79.78103105405728,43.59964058419613],[-79.77959374780605,43.600179574428054],[-79.77923443067554,43.6003143178163],[-79.77384456412366,43.60076347284124],[-79.77339540917654,43.60166178389059],[-79.77227251956297,43.60166178389059],[-79.77182336371754,43.60211093991486],[-79.77047589707958,43.60211093991486],[-79.76980216420974,43.60143720689782],[-79.76823011875074,43.60098805364998],[-79.76508602962936,43.60256009583839],[-79.75632749603339,43.603233829290666],[-79.75587834108626,43.6041321398819],[-79.75642042405457,43.604287021344895],[-79.75745038474865,43.60458129567643],[-79.7583486964395,43.605479606961964],[-79.75879785228493,43.60525502925985],[-79.7585732743622,43.6041321398819],[-79.75897896342599,43.60372645263704],[-79.75947158515477,43.603233829290666],[-79.75997148413565,43.60363374996403],[-79.76059447387001,43.6041321398819],[-79.7616108062229,43.603522340821385],[-79.76171736258527,43.60345840673243],[-79.76531060755208,43.603009251010576],[-79.7655091316366,43.603257407948185],[-79.76620891924294,43.6041321398819],[-79.76575976429582,43.60480587394234],[-79.76373856299139,43.60570418512657],[-79.76368241828614,43.60570418512657],[-79.76194194140632,43.60570418512657],[-79.76126820763815,43.60570418512657],[-79.76149278466256,43.60660249590548],[-79.76126820763815,43.606827073780714],[-79.76081905269105,43.60727622961765],[-79.76059447387001,43.607500806928854],[-79.76045972837403,43.6074558917939],[-79.75924700813037,43.607051650817475],[-79.75902243020765,43.60794996293858],[-79.75992074100017,43.6081745396857],[-79.76036989684562,43.6090728519484],[-79.75992074100017,43.6097465853088],[-79.75879785228493,43.60997116315299],[-79.7583486964395,43.61131863016974],[-79.75722580682593,43.61221694100286],[-79.75587834108626,43.61266609626576],[-79.75475545237101,43.61154320669692],[-79.75453087444829,43.61221694100286],[-79.75363256275743,43.61244151872846],[-79.75228509611948,43.61131863016974],[-79.75183594207066,43.61131863016974],[-79.75161136324964,43.61131863016974],[-79.75096971640512,43.61170362096188],[-79.7493655849208,43.61266609626576],[-79.74781600003885,43.61133788171912]],[[-79.73993331665838,43.59649649483787],[-79.74128078419466,43.59514902823784],[-79.74262825083264,43.59559818408764],[-79.74330198370245,43.59492445100745],[-79.74442487331605,43.59492445100745],[-79.74397571836892,43.59425071689013],[-79.74352656162517,43.59447529468304],[-79.74240367290993,43.593801562043126],[-79.74136769530008,43.592483065587345],[-79.74128078419466,43.59245409495462],[-79.7398237689061,43.59640885744956],[-79.73993331665838,43.59649649483787]],[[-79.75071305066047,43.59245409495462],[-79.7506031507686,43.59146499725642],[-79.75048847363607,43.590432895009144],[-79.7489164290754,43.590432895009144],[-79.74801811828284,43.58953458418378],[-79.74846727322996,43.58863627231348],[-79.7493655849208,43.58841169485368],[-79.7489164290754,43.5877379607001],[-79.74905934205393,43.587309222181446],[-79.74879550326173,43.58737518140155],[-79.74846727322996,43.5874572387842],[-79.74824269620555,43.587513383142],[-79.74812449677879,43.58737154480042],[-79.74711980659197,43.58616591711524],[-79.74689522866927,43.58616591711524],[-79.74622149579943,43.58616591711524],[-79.74598243254276,43.58631804949404],[-79.74464047167916,43.58717202721455],[-79.74375114044621,43.5877379607001],[-79.74330198370245,43.587513383142],[-79.74330198370245,43.58762567235112],[-79.74330198370245,43.58841169485368],[-79.74442487331605,43.5877379607001],[-79.74554776203128,43.58818711720664],[-79.74577233995402,43.58886085023664],[-79.74509860708417,43.58953458418378],[-79.74532318410859,43.58998373899516],[-79.74667065074655,43.58953458418378],[-79.74869185115267,43.59110662827568],[-79.75003931779062,43.591555783717425],[-79.75071305066047,43.59245409495462]],[[-79.7495901619452,43.58639049384453],[-79.74930944111388,43.58695193850893],[-79.74981473986793,43.58661507168803],[-79.75071305066047,43.58683964999501],[-79.75183594027403,43.58818711720664],[-79.75206051819676,43.58953458418378],[-79.75340798483474,43.58953458418378],[-79.75367533963295,43.589481113273585],[-79.75453087444829,43.58841169485368],[-79.75408171770455,43.587064228114734],[-79.75542918524086,43.58571676114311],[-79.75542918524086,43.58526760507308],[-79.75475545237101,43.58571676114311],[-79.75385713978184,43.58549218320168],[-79.75354008928377,43.585016607178424],[-79.75340798483474,43.58481845020655],[-79.75363256275743,43.58414471617807],[-79.75206051819676,43.58504302805868],[-79.75071305066047,43.58459387216726],[-79.75071305066047,43.58504302805868],[-79.7491410069981,43.58571676114311],[-79.74956374339101,43.5863508660096],[-79.7495901619452,43.58639049384453]],[[-79.74285282875533,43.58459387216726],[-79.74577233995402,43.584369293940846],[-79.74554776203128,43.58392013887891],[-79.74644607282384,43.583021827811486],[-79.74779354036012,43.583246405208214],[-79.74801811828284,43.58392013887891],[-79.7495901619452,43.58347098306859],[-79.75071305066047,43.58392013887891],[-79.75071305066047,43.58347098306859],[-79.75183594027403,43.58279725022769],[-79.75093762858319,43.581449782749814],[-79.75183594027403,43.58055147191328],[-79.75215676549291,43.5806316787713],[-79.75206051819676,43.58055147191328],[-79.7530279354858,43.578777884176404],[-79.75340798483474,43.578081116170765],[-79.75408171770455,43.57785653772794],[-79.75438115673147,43.57808111812306],[-79.75498002939543,43.57853027184493],[-79.755316894932,43.57802497342816],[-79.75542918524086,43.57785653772794],[-79.75183594027403,43.575386182702374],[-79.75116220740422,43.575386182702374],[-79.75048847363607,43.57605991582515],[-79.7495901619452,43.575610759945945],[-79.7493655849208,43.57471244920046],[-79.74973052191173,43.57398257466558],[-79.74981473986793,43.57381413807089],[-79.74801811828284,43.572242092752965],[-79.74821978108099,43.57133461798179],[-79.74711980659197,43.570894627264224],[-79.74622149579943,43.571343781871775],[-79.74442487331605,43.56999631515961],[-79.74434066613962,43.57006181041123],[-79.74397571836892,43.57067004870431],[-79.74442487331605,43.571343781871775],[-79.74667065074655,43.572242092752965],[-79.74711980659197,43.57314040520418],[-79.74622149579943,43.57403871597062],[-79.74397571836892,43.57314040520418],[-79.74307740577973,43.57336498171144],[-79.74307740577973,43.57471244920046],[-79.7417299400401,43.57628449381005],[-79.74240367290993,43.576509072258965],[-79.74352656162517,43.57605991582515],[-79.74442487331605,43.57718280518331],[-79.74622149579943,43.577407382885035],[-79.74667065074655,43.578081116170765],[-79.74644607282384,43.57853027184493],[-79.74734438361638,43.579428582903205],[-79.74711980659197,43.58010231569865],[-79.74599691787671,43.58055147191328],[-79.74487402916148,43.579428582903205],[-79.74307740577973,43.57897942677168],[-79.74105620627195,43.58055147191328],[-79.74015789458109,43.57965316068861],[-79.74060705132484,43.57830569377587],[-79.73993331665838,43.57785653772794],[-79.74015789458109,43.578754849076375],[-79.73970873873566,43.579428582903205],[-79.73881042794312,43.57965316068861],[-79.73858585091871,43.58122520515847],[-79.7417299400401,43.583246405208214],[-79.74285282875533,43.58459387216726]],[[-79.73409429515937,43.57022089297743],[-79.73521718387462,43.56909800397583],[-79.73723838428074,43.5695471602662],[-79.73768753922786,43.56864884889217],[-79.73831635723181,43.56849164450498],[-79.73791211715059,43.56707680413122],[-79.73521718387462,43.566852226306395],[-79.73280259862919,43.568576936436344],[-79.73409429515937,43.57022089297743]],[[-79.72941779424933,43.56806759064094],[-79.72984228954358,43.567855341614916],[-79.72847984978644,43.56707680413122],[-79.72831652079643,43.567280967312115],[-79.72758153899392,43.5681996930626],[-79.72735695837625,43.56812483288964],[-79.72780611601831,43.56887342717809],[-79.72941779424933,43.56806759064094]],[[-79.7233145611573,43.5681996930626],[-79.7232950326813,43.56812157914447],[-79.72308998323457,43.56730138176964],[-79.72353913818168,43.56662764894611],[-79.72443744987253,43.56640307074852],[-79.72544615103709,43.566806551829394],[-79.72556033858778,43.56685222695731],[-79.7257967356447,43.566556731901],[-79.72583935800998,43.5663010007748],[-79.72586658145465,43.56613766007784],[-79.72578491561218,43.566178493015435],[-79.72488660481966,43.565953915096],[-79.72447487907716,43.56451287489509],[-79.72432516046202,43.564438015347534],[-79.72353913818168,43.564831025958036],[-79.72264082738914,43.56460644822238],[-79.72196709362099,43.5652801821722],[-79.72196709362099,43.566178493015435],[-79.72163022628776,43.56640307139939],[-79.72174251569827,43.56662764894611],[-79.72061962698302,43.567750537788974],[-79.72196709272266,43.56842427172149],[-79.7231072596341,43.5682342436299],[-79.7233145611573,43.5681996930626]],[[-79.73072562811528,43.565729336990145],[-79.7311747830624,43.56662764894611],[-79.73083791752579,43.56746981509986],[-79.73149561277286,43.567140967582496],[-79.73229767177764,43.566178493015435],[-79.7311747830624,43.5655047599998],[-79.73072562811528,43.565729336990145]],[[-79.73038876078205,43.567862826758656],[-79.73072562811528,43.56797511486809],[-79.73072562811528,43.567750537788974],[-79.73038876078205,43.567862826758656]],[[-79.7489164290754,43.56932258188882],[-79.74949911499621,43.56980815674457],[-79.7495901619452,43.56977173780617],[-79.74989640121883,43.57013922799916],[-79.75026389571335,43.570445471259596],[-79.75023798201235,43.57054912554597],[-79.75071305066047,43.57111920368502],[-79.75191079958161,43.570919580168884],[-79.75143170109114,43.57028078086159],[-79.75093762858319,43.570445471259596],[-79.75026389571335,43.56999631515961],[-79.75026389571335,43.56887342717809],[-79.74981473986793,43.56887342717809],[-79.7489164290754,43.56932258188882]],[[-79.72870442770916,43.563034404063984],[-79.72881671622136,43.562697539467784],[-79.72892900473357,43.562360671035115],[-79.73005189434713,43.56123778196717],[-79.730388763477,43.56112549236501],[-79.7306031311482,43.56105403636082],[-79.73139936098512,43.5607886262085],[-79.73139936098512,43.56033946970511],[-79.72985532409837,43.559356906779534],[-79.72957345342344,43.55917753390082],[-79.72892900473357,43.558767426170554],[-79.72870442770916,43.559441159021624],[-79.72735696107121,43.559665737134395],[-79.72690780522578,43.56056404772438],[-79.72578492369703,43.56056404772438],[-79.72571582618369,43.56056404772438],[-79.72488660481966,43.56191151518539],[-79.72488660481966,43.562360671035115],[-79.72578491561218,43.56213609320334],[-79.72713238314849,43.563034404063984],[-79.72870442770916,43.563034404063984]],[[-79.7233962243048,43.54984556179932],[-79.72308998323457,43.54978431368239],[-79.72308998323457,43.550458046707305],[-79.72365142759217,43.550645195856625],[-79.72376371610439,43.550458046707305],[-79.7233962243048,43.54984556179932]],[[-79.72376371610439,43.54484360282672],[-79.72368885679681,43.54469388490003],[-79.72308998323457,43.54529275828251],[-79.72365504690447,43.546046183681284],[-79.72443744987253,43.54506817999627],[-79.72376371610439,43.54484360282672]],[[-79.68389029530117,43.54493053522572],[-79.68468718000993,43.543496135914125],[-79.68603464664791,43.543496135914125],[-79.68670838041606,43.542597824836534],[-79.6878312691313,43.54304698009504],[-79.68850500289946,43.54214866883628],[-79.68940331369198,43.54192409120923],[-79.6887296068733,43.540688974843206],[-79.6878954330971,43.5393334269189],[-79.68777216717214,43.53924097867368],[-79.68670838041606,43.53945373614711],[-79.68603464664791,43.538780001898076],[-79.68446260208722,43.53833084675928],[-79.68378886921738,43.53900458016638],[-79.68289055842484,43.538780001898076],[-79.68289055842484,43.54057662480961],[-79.68286248427559,43.540614057045254],[-79.6840134471401,43.54214866883628],[-79.68311513455093,43.54506817999627],[-79.68318999475682,43.54510561009428],[-79.68356429129467,43.54529275828251],[-79.68384501931254,43.54501203187553],[-79.68389029530117,43.54493053522572]],[[-79.68048930238159,43.53893548065242],[-79.68044684710296,43.5384260151601],[-79.6804202021733,43.538106269237595],[-79.68064478009602,43.53788169087941],[-79.68074102829051,43.53778544322074],[-79.68030791545775,43.53788169087941],[-79.67929731255973,43.538106269237595],[-79.68027786770979,43.53889071296568],[-79.6804202021733,43.53900458016638],[-79.68048930238159,43.53893548065242]],[[-79.70729467832012,43.543421278905285],[-79.70692038178225,43.54416986890284],[-79.70782505354533,43.543439196489224],[-79.70736953672939,43.543496135914125],[-79.70729467832012,43.543421278905285]],[[-79.68536091287976,43.53361471312639],[-79.68548341074516,43.53344321804521],[-79.68648380159502,43.53204266802505],[-79.68625922457063,43.53114435693412],[-79.68536091287976,43.53136893498436],[-79.68468718000993,43.53091977869897],[-79.68446260208722,43.53226724598656],[-79.68333971337195,43.53271640200584],[-79.68266597960381,43.53361471312639],[-79.68202433275931,43.53399970211546],[-79.68179262221322,43.53413872773714],[-79.68154309088857,43.53451302389101],[-79.6831151273644,43.53462531228409],[-79.68446654209805,43.534721841763904],[-79.68468718000993,43.533839291095155],[-79.68484265772436,43.53378746528393],[-79.68536091287976,43.53361471312639]],[[-79.68199224583569,43.53114435693412],[-79.68199224583569,43.52968460495037],[-79.68064478009602,43.53069520223266],[-79.68131851296585,43.53181809118106],[-79.68076570950292,43.532509097889985],[-79.68138268950804,43.53213890921956],[-79.68154309088857,43.53204266802505],[-79.68157517152399,43.531978506926315],[-79.68199224583569,43.53114435693412]],[[-79.68423802416451,43.5273265350039],[-79.68289055842484,43.52687737922688],[-79.6815150167393,43.524715820345136],[-79.68131851296585,43.52485617917971],[-79.68131851296585,43.526203645803804],[-79.6801956242506,43.52665280073553],[-79.68064478009602,43.52777569004161],[-79.68176766881128,43.52755111228949],[-79.68266597960381,43.52844942414286],[-79.68249130848503,43.52914811050227],[-79.68311513455093,43.528898579286086],[-79.68423802416451,43.5273265350039]]],[[[-79.71051362585074,43.64073832095753],[-79.71365771497213,43.63826796492505],[-79.71388229289485,43.637369653872156],[-79.71275940417958,43.636920497860494],[-79.71163651456601,43.637818809126955],[-79.71096278169617,43.637594231269134],[-79.71051362585074,43.63647134174207],[-79.71118735961889,43.63557303113591],[-79.71098773509814,43.63552312495857],[-79.71058848336169,43.63542331182937],[-79.71028904882635,43.63534845268637],[-79.70908341988353,43.63434376323947],[-79.70894158218837,43.63422556410335],[-79.70871700426567,43.63332725308387],[-79.70804327139584,43.63310267599414],[-79.70781869257482,43.6322043637942],[-79.70826784842022,43.63130605312131],[-79.7075809031292,43.630883322111096],[-79.70534833722157,43.629509431157544],[-79.7044500246324,43.628611121168326],[-79.70377629176257,43.627937385880486],[-79.70197967017748,43.62861111986792],[-79.70197967017748,43.63018316377912],[-79.70130593730765,43.63085689795131],[-79.70108135938496,43.63197978705968],[-79.70018304769408,43.63265351994715],[-79.69950931392593,43.63242894229031],[-79.69906015897882,43.631755208835735],[-79.69950931392593,43.63063232008284],[-79.69906015897882,43.62995858599401],[-79.69950931392593,43.62928485280567],[-79.69906015897882,43.627712808157185],[-79.69950931392593,43.627039075154805],[-79.70127286583048,43.62637774331111],[-79.69994010371539,43.62528018906723],[-79.69937259393295,43.62481282823168],[-79.69793727026357,43.625017875056386],[-79.68593975041793,43.63003502535881],[-79.68625922457063,43.630407742025454],[-79.68581006872519,43.63197978705968],[-79.6856467406335,43.63206145136474],[-79.68491175793264,43.63242894229031],[-79.68451544458549,43.632349679616965],[-79.68406958825209,43.632260508009246],[-79.68378886921738,43.6322043637942],[-79.68316696105462,43.63142698101532],[-79.68289055842484,43.63108147498059],[-79.68333971337195,43.630407742025454],[-79.68289055842484,43.62995858599401],[-79.68154309088857,43.63153063107301],[-79.67637780225938,43.633776409296836],[-79.67547948967021,43.63332725308387],[-79.67547948967021,43.6329230624815],[-79.67547948967021,43.6329030746885],[-79.67547948967021,43.6322043637942],[-79.6788481567143,43.630407742025454],[-79.67705153512921,43.62973400932045],[-79.67660237928379,43.63063232008284],[-79.67570406759293,43.63085689795131],[-79.67435660185326,43.6322043637942],[-79.67255997936986,43.63265351994715],[-79.671661667679,43.63153063107301],[-79.67278083108079,43.63075583388558],[-79.67385129770932,43.630014740109594],[-79.67458117887767,43.629509431157544],[-79.67449134914588,43.62937468619778],[-79.67413202393055,43.62883569683575],[-79.67278455729257,43.63018316377912],[-79.66986504609392,43.63130605312131],[-79.66761926776509,43.62995858599401],[-79.66550183084259,43.63031149263636],[-79.66492433359083,43.630407742025454],[-79.66335228992845,43.63153063107301],[-79.66245397823761,43.63130605312131],[-79.66200482329049,43.63063232008284],[-79.6622294012132,43.62995858599401],[-79.66469975566812,43.62838654206096],[-79.66492433359083,43.627712808157185],[-79.664250600721,43.62681449667626],[-79.66537349033457,43.6259161860759],[-79.66533356740672,43.625911196023665],[-79.66417574321007,43.625766467421144],[-79.66357686695285,43.62569160795391],[-79.66321408681695,43.62424049101495],[-79.66312771200573,43.623894985937234],[-79.66272502062007,43.623987914891565],[-79.66020819990878,43.62456871906449],[-79.66043277783149,43.6259161860759],[-79.65953446703894,43.62681449667626],[-79.65796242337657,43.6259161860759],[-79.65594122207214,43.62681449667626],[-79.65510707704203,43.62639742440585],[-79.6550429112796,43.62636534175363],[-79.6550429112796,43.625017875056386],[-79.6553020366115,43.624931499764955],[-79.65571664504773,43.62479329682967],[-79.65616579999487,43.623670408067525],[-79.6570641107874,43.62322125306266],[-79.65773784455553,43.623445830009146],[-79.65751326663283,43.62299667527728],[-79.65796242337657,43.62232294078915],[-79.65930988911622,43.62232294078915],[-79.65947030127651,43.62184170560734],[-79.65953446703894,43.62164920785489],[-79.66043277783149,43.62120005205593],[-79.66155566744506,43.62142463004968],[-79.6622294012132,43.620526318894115],[-79.66335228992845,43.620526318894115],[-79.66415435342483,43.62132838383429],[-79.664250600721,43.62142463004968],[-79.66429872436909,43.62130432193124],[-79.66469975566812,43.62030174079635],[-79.6660472232044,43.62007716316045],[-79.66582264528168,43.61962800797333],[-79.66492433359083,43.62007716316045],[-79.6640260227983,43.61962800797333],[-79.66357686695285,43.62007716316045],[-79.66267855616033,43.619852585986315],[-79.66155566744506,43.62030174079635],[-79.66059560017167,43.62008839349286],[-79.65953446703894,43.619852585986315],[-79.65930988911622,43.61917885203207],[-79.65975904496166,43.61850511898274],[-79.66002853864858,43.61837037276765],[-79.66072152241495,43.61802388120654],[-79.6610166800712,43.61787630202942],[-79.66110651159963,43.6178313861882],[-79.66323999872131,43.6178313861882],[-79.66335228992845,43.6178313861882],[-79.66337100542908,43.61779395575297],[-79.66362178361538,43.61729239867942],[-79.66380144487557,43.61693307402451],[-79.66469975566812,43.61648391876319],[-79.66380144487557,43.61581018478357],[-79.66245397823761,43.616708496813196],[-79.66133108862402,43.61625934117518],[-79.66110651159963,43.61558560793112],[-79.66200482329049,43.61423814091045],[-79.66097818097309,43.61372482056087],[-79.6608819336769,43.6137889850312],[-79.65818700040099,43.61176778498707],[-79.65683953376299,43.61221694100286],[-79.65533583931733,43.6111428742115],[-79.6552674892023,43.6110940521536],[-79.6550429112796,43.61131863082018],[-79.65436917840977,43.611992363089094],[-79.65481833335687,43.612890674265316],[-79.65392002166602,43.6137889850312],[-79.65279713115413,43.6137889850312],[-79.65212340008095,43.6137889850312],[-79.65055135462194,43.612890674265316],[-79.65077593344296,43.614911874292716],[-79.64942846590668,43.61558560793112],[-79.64830557719141,43.61693307402451],[-79.64740726639887,43.61648391876319],[-79.64718268757785,43.61558560793112],[-79.6476318443216,43.614911874292716],[-79.64718268757785,43.614911874292716],[-79.64583522183818,43.61603476274836],[-79.64474935718737,43.61538324487416],[-79.64403859935479,43.61603476274836],[-79.64403859935479,43.616708496813196],[-79.64415088786699,43.61676464184501],[-79.64613465817015,43.61775652789576],[-79.6462843767853,43.6178313861882],[-79.6462843767853,43.61805596570907],[-79.6462843767853,43.619403429771786],[-79.64538606599277,43.619852585986315],[-79.6447123430044,43.61944835744516],[-79.64201739894867,43.6178313861882],[-79.63955962180604,43.62008435177002],[-79.63954940706294,43.62009371504001],[-79.63932246567272,43.62030174079635],[-79.63977162061984,43.62164920785489],[-79.6386487319046,43.622772097303226],[-79.63889751223768,43.62296037240263],[-79.63947938248823,43.62340072779604],[-79.64093383039172,43.62450142724523],[-79.64471902826675,43.627365899664234],[-79.64695811055346,43.62906027491515],[-79.64875473303684,43.62861111986792],[-79.64897931095956,43.627712808157185],[-79.6496530438294,43.62726365279437],[-79.65077593344296,43.62748823089532],[-79.65257255592635,43.62636534175363],[-79.65347086671892,43.62658991995957],[-79.65392002166602,43.62748823089532],[-79.65279713295077,43.62838654206096],[-79.65234797800365,43.62995858599401],[-79.65167424423551,43.63018316377912],[-79.65055135462194,43.629509431157544],[-79.64920388888228,43.63063232008284],[-79.65392002166602,43.63512387599818],[-79.65930988911622,43.637594231269134],[-79.66020820080709,43.639166276200385],[-79.65916470789159,43.640001070816076],[-79.65908531209182,43.640064587047355],[-79.6588490192395,43.639952068708396],[-79.65881613101863,43.63993640773659],[-79.6565456795622,43.638855248628985],[-79.65587313157023,43.63853498647452],[-79.65436917840977,43.637818809126955],[-79.65436917840977,43.63888885628296],[-79.65436917840977,43.63894169817788],[-79.65347086671892,43.64073832095753],[-79.65167424423551,43.642085786915416],[-79.64673354430883,43.63838027382873],[-79.6462843767853,43.63804338679558],[-79.64583522183818,43.638492542865265],[-79.6462843767853,43.639166276200385],[-79.64583522183818,43.64028916477335],[-79.64516148807006,43.640513742960096],[-79.64403859935479,43.639840009131994],[-79.64314028766394,43.640513742960096],[-79.64224197687139,43.63961543167744],[-79.64291570974122,43.63826796492505],[-79.64179282102594,43.63826796492505],[-79.64134366607885,43.637818809126955],[-79.64022077736358,43.63826796492505],[-79.63954704269713,43.63804338679558],[-79.63909788775003,43.637369653872156],[-79.63932246567272,43.63624676469936],[-79.6388733098273,43.636022186817314],[-79.6388733098273,43.637594231269134],[-79.63842415488018,43.63826796492505],[-79.63572922070593,43.63894169817788],[-79.63486460212643,43.64030039653056],[-79.63415717614524,43.64141205381358],[-79.63280971040558,43.64141205381358],[-79.63191139781641,43.642085786915416],[-79.63101308702386,43.64163663170359],[-79.63078850999948,43.640513742960096],[-79.63173174823432,43.63967531487672],[-79.63280971040558,43.638717119966046],[-79.62921646543877,43.636022186817314],[-79.62854273167065,43.636022186817314],[-79.62854273167065,43.63647134174207],[-79.63056393207675,43.63804338679558],[-79.63078850999948,43.638717119966046],[-79.63033935415405,43.63939085403352],[-79.6294410433615,43.63961543167744],[-79.62719526503265,43.63804338679558],[-79.62652153126452,43.63804338679558],[-79.62609601728073,43.63857528206586],[-79.62562321957367,43.639166276200385],[-79.6240511759113,43.638717119966046],[-79.62382659798858,43.637594231269134],[-79.62444850704966,43.63704142941021],[-79.62584779839469,43.63579760874611],[-79.62562321957367,43.63489929782054],[-79.62472490878112,43.63489929782054],[-79.62494948670384,43.63557303113591],[-79.6245003308584,43.63624676469936],[-79.62405117411465,43.63624676469936],[-79.62315286511874,43.63624676469936],[-79.62360202006586,43.637145076286004],[-79.62270370927331,43.63804338679558],[-79.62158081965975,43.637818809126955],[-79.62113166381431,43.637145076286004],[-79.62023335302176,43.637145076286004],[-79.6188858863838,43.638492542865265],[-79.6181560079104,43.63812760369246],[-79.61798757469295,43.63804338679558],[-79.61776299677022,43.637145076286004],[-79.61900121030334,43.63570049548959],[-79.61911046430652,43.63557303113591],[-79.6180998721883,43.634899312124006],[-79.61574179726242,43.63332725308387],[-79.61570971483036,43.63327912977106],[-79.61551722023803,43.63332725308387],[-79.6132714419092,43.631755208835735],[-79.6099027748651,43.63467472010388],[-79.60877988614986,43.63489929782054],[-79.6078815753573,43.633776409296836],[-79.60870498821473,43.63302786142325],[-79.61035192981223,43.63153063107301],[-79.60877988614986,43.63018316377912],[-79.60720784069083,43.63153063107301],[-79.60473748533762,43.62995858599401],[-79.60451290831323,43.63063232008284],[-79.60653410782103,43.6322043637942],[-79.60563579702847,43.63332725308387],[-79.60496206326032,43.63332725308387],[-79.60383917364676,43.63242894229031],[-79.60316544077692,43.63287809806516],[-79.6022671299844,43.63242894229031],[-79.60181797413897,43.63422556475348],[-79.59957219581011,43.63467472010388],[-79.59822472917216,43.63332725308387],[-79.59800015214775,43.6322043637942],[-79.59620352876603,43.63332725308387],[-79.59463148510366,43.63332725308387],[-79.59418232925823,43.63422556475348],[-79.5953052179735,43.63467472010388],[-79.5955297958962,43.63534845268637],[-79.59519292856298,43.63585375480547],[-79.59508064005078,43.636022186817314],[-79.59328401756738,43.636022186817314],[-79.59081366221415,43.63445014219819],[-79.58969077260056,43.636022186817314],[-79.58722041814566,43.637594231269134],[-79.58654668437751,43.637369653872156],[-79.58609752943039,43.63647134174207],[-79.58879246180803,43.63355183128489],[-79.58879246180803,43.63287809806516],[-79.58789415101549,43.63242894229031],[-79.58766957309277,43.631755208835735],[-79.5885678838853,43.63085689795131],[-79.58969077260056,43.63108147498059],[-79.59058908429144,43.63063232008284],[-79.5917119730067,43.62838654206096],[-79.59081366221415,43.627039075154805],[-79.59103824013687,43.62614076400917],[-79.59013992934432,43.6259161860759],[-79.58969077260056,43.627039075154805],[-79.58766957309277,43.62883569683575],[-79.58519921684123,43.62748823089532],[-79.58385175110158,43.62748823089532],[-79.58303370927125,43.62811750261633],[-79.58288685628186,43.628074832521186],[-79.58253207474522,43.62798059381512],[-79.58238342512527,43.62799285458922],[-79.58216037972844,43.62801123859313],[-79.58192136857406,43.62797519298753],[-79.58153855510899,43.62791745560058],[-79.5813435317591,43.627862627302],[-79.5811592908876,43.627810829693665],[-79.5809636836328,43.627749421574926],[-79.58081645065604,43.627693118389814],[-79.58071603427865,43.6276459405599],[-79.58058176578808,43.62757471955555],[-79.5805114959733,43.62751392697006],[-79.58050668908821,43.62750976870374],[-79.5804801402783,43.62749264600685],[-79.58048308405748,43.62748823089532],[-79.58051711134212,43.62747462012521],[-79.58160597277273,43.627039075154805],[-79.58205512771985,43.6259161860759],[-79.58362717317885,43.625017875056386],[-79.58317801733344,43.623670408067525],[-79.58385175110158,43.62254751914047],[-79.58452548397139,43.62232294078915],[-79.58452548397139,43.62187379327506],[-79.58452548397139,43.62164920785489],[-79.58445062286721,43.62164920785489],[-79.58385175110158,43.62164920785489],[-79.58272886238632,43.62254751914047],[-79.58205512771985,43.622098364200035],[-79.58183054979715,43.62120005205593],[-79.58293302160263,43.62009758117653],[-79.58295343941073,43.62007716316045],[-79.58295343941073,43.61872969728791],[-79.58362717317885,43.618055963107714],[-79.58452548397139,43.61558560793112],[-79.58722041814566,43.61311525207658],[-79.58699584022294,43.61266609626576],[-79.58609752943039,43.61311525207658],[-79.58598973698619,43.61309728692313],[-79.58475006189411,43.612890674265316],[-79.58385175110158,43.61356440713431],[-79.58272886238632,43.611992363089094],[-79.58160597277273,43.61221694100286],[-79.58093223900461,43.61176778498707],[-79.5807076619802,43.6110940521536],[-79.58183054979715,43.60929742905604],[-79.5807076619802,43.60794996293858],[-79.58081278463136,43.607687158979104],[-79.5807076619802,43.60772538470248],[-79.57980935028934,43.60660249590548],[-79.58039520726312,43.60578230102571],[-79.58093223900461,43.60503045071933],[-79.58227970564256,43.60480587394234],[-79.58317801733344,43.60390756170279],[-79.58497463981685,43.60390756170279],[-79.58632210555649,43.60211093991486],[-79.58569329114582,43.60211093991486],[-79.58542379476393,43.60211093991486],[-79.58427845355648,43.6030017669833],[-79.58340259525613,43.60368298528731],[-79.58272886238632,43.60345840673243],[-79.58227970564256,43.60233551829579],[-79.58357103386349,43.60067524448349],[-79.58385175110158,43.6003143178163],[-79.58250428356529,43.600089739696976],[-79.58183054979715,43.59896685083822],[-79.58048308405748,43.599865162040416],[-79.57958477326494,43.59964058419613],[-79.5791356174195,43.59874227289367],[-79.58003393000868,43.59784396184119],[-79.58025850613477,43.59761938425949],[-79.57958477326494,43.59627191678109],[-79.58048308405748,43.595373605931215],[-79.58205512771985,43.596047339837895],[-79.58396345031895,43.59429809072884],[-79.58744499517007,43.59110662827568],[-79.58834330596261,43.59088205027379],[-79.59013992934432,43.58908542797257],[-79.58924161765346,43.587962538721634],[-79.59013992934432,43.58683964999501],[-79.59168702050304,43.58761319643333],[-79.59193655092939,43.5877379607001],[-79.59328401756738,43.58639049384453],[-79.59401899577665,43.586574238291234],[-79.5935085963884,43.58616591711524],[-79.59463148510366,43.58414471617807],[-79.59463148510366,43.583246405208214],[-79.59620352876603,43.58279725022769],[-79.59777557422504,43.581449782749814],[-79.59710183955858,43.58077605006554],[-79.59642810668876,43.58122520515847],[-79.59573298583032,43.580947157348646],[-79.5953052179735,43.58077605006554],[-79.59538333277565,43.58007302674678],[-79.59544296024927,43.57953638070918],[-79.5955297958962,43.578754849076375],[-79.59657524264745,43.57840636768214],[-79.5968772634325,43.57830569377587],[-79.59867388501758,43.57965316068861],[-79.59979677373283,43.57965316068861],[-79.60159339711456,43.57808111682148],[-79.60159339621624,43.577407382885035],[-79.6006950854237,43.57695822729477],[-79.59934761788742,43.57830569377587],[-79.59844930709485,43.578081116170765],[-79.59800015214775,43.57718280518331],[-79.59934761788742,43.575610759945945],[-79.59777557422504,43.575386182702374],[-79.59732641837961,43.57471244920046],[-79.59755099630233,43.57426329368369],[-79.59597895084333,43.57336498171144],[-79.5953052179735,43.57403871597062],[-79.5953052179735,43.57498194493754],[-79.5953052179735,43.57516160527204],[-79.59501939560965,43.57532493321204],[-79.59373317431113,43.57605991582515],[-79.59440690718095,43.57695822729477],[-79.59395775133554,43.57785653772794],[-79.59305943964466,43.578081116170765],[-79.59193655092939,43.577407382885035],[-79.59013992934432,43.578754849076375],[-79.5900837990121,43.57873239705259],[-79.5898948806129,43.57865683022479],[-79.5897336914099,43.57859235430931],[-79.58742868984935,43.58096134804763],[-79.58542379476393,43.583021827811486],[-79.58677126230023,43.58369556074194],[-79.58789415101549,43.58504302805868],[-79.5881187289382,43.58571676114311],[-79.58766957309277,43.58639049384453],[-79.5864825141235,43.58639049384453],[-79.58385175110158,43.58639049384453],[-79.58216129151845,43.585639180737275],[-79.58183054979715,43.58549218320168],[-79.58146674109022,43.58593684525536],[-79.57980935028934,43.587962538721634],[-79.57419490491642,43.59267867294602],[-79.57329659412387,43.59222951677583],[-79.57312817438115,43.59172425656391],[-79.57307201709948,43.591555783717425],[-79.57599152829813,43.58886085023664],[-79.57599152829813,43.58841169485368],[-79.57531779363167,43.5877379607001],[-79.57554237155439,43.58683964999501],[-79.57486863868456,43.58616591711524],[-79.57509321660727,43.58549218320168],[-79.57374574188447,43.58526759856611],[-79.57194912838422,43.58369556074194],[-79.57060166084793,43.58392013887891],[-79.57105081579503,43.58526760507308],[-79.57015250500251,43.58616591711524],[-79.56902961628724,43.58549218320168],[-79.56813130459639,43.585941338897435],[-79.56700841588112,43.58549218320168],[-79.56655926093401,43.58639049384453],[-79.56521179429605,43.58639049384453],[-79.56453805962958,43.58728880604731],[-79.55892361605329,43.58369556074194],[-79.5573515705943,43.58212351570349],[-79.55645325980174,43.583021827811486],[-79.55577952603362,43.58279725022769],[-79.55443206029395,43.58459387216726],[-79.55263543691224,43.58459387216726],[-79.55286001483495,43.58504302805868],[-79.5519617040424,43.585941338897435],[-79.55083881532717,43.58571676114311],[-79.54971592571357,43.58639049384453],[-79.54904219284374,43.585941338897435],[-79.54881761492103,43.58504302805868],[-79.55083881532717,43.583246405208214],[-79.550165081559,43.582348093848324],[-79.55038965858341,43.581449782749814],[-79.55106339324986,43.581000626729384],[-79.55218628196512,43.581449782749814],[-79.55286001483495,43.58010231569865],[-79.55398290444852,43.579428582903205],[-79.55443206029395,43.57785653772794],[-79.55286001483495,43.57673364921947],[-79.55286001483495,43.575610759945945],[-79.55353374860309,43.57516160592285],[-79.55420748237124,43.57471244920046],[-79.5555549490092,43.575386182702374],[-79.55600410665126,43.57493702830586],[-79.5573515705943,43.5735895599845],[-79.55533037108651,43.572242092752965],[-79.5547314948293,43.571343782522604],[-79.55459891696809,43.571144914082026],[-79.5546494283382,43.57109900334842],[-79.55469653689002,43.57101507981666],[-79.55471470351999,43.57100133911298],[-79.55472710027091,43.57100181293036],[-79.554731277437,43.571007541695074],[-79.5547791792012,43.57098801820326],[-79.55477002447014,43.57095678398749],[-79.55475160810852,43.570916786074136],[-79.55495775529653,43.570424497482044],[-79.5549803164849,43.570326242477854],[-79.55500067141091,43.57031485250721],[-79.55502881023887,43.57031235192021],[-79.55507030791343,43.57031495989838],[-79.55509441150912,43.57030550947537],[-79.55511089828954,43.570192403678114],[-79.55513054085154,43.570185088697556],[-79.55515931029683,43.57019172678702],[-79.5551943966952,43.57022273359972],[-79.55523689868625,43.57032670198178],[-79.55528363264057,43.5703250989249],[-79.55527925425189,43.57031140427453],[-79.55527764896246,43.57026520392541],[-79.55529044366706,43.57013717194048],[-79.55530237598897,43.570119172475124],[-79.55556100275591,43.56944313586586],[-79.55600410395631,43.56887342717809],[-79.55742779174784,43.56835572337932],[-79.55810329968868,43.568692372138514],[-79.55816606946914,43.56872852877704],[-79.55834869786473,43.568777245925716],[-79.55845601689677,43.56877288378049],[-79.558511001877,43.56876569684935],[-79.55859426312742,43.56872992750239],[-79.5586629159747,43.56869463262061],[-79.55869272746571,43.56868976474099],[-79.55884777848038,43.56861968389305],[-79.55906557502101,43.56842692989885],[-79.5590761419037,43.56836223214593],[-79.55906397691814,43.568303133170026],[-79.55903306858416,43.5682670660973],[-79.55899696888613,43.56819647642155],[-79.55896807457502,43.56814918292619],[-79.55891902925546,43.568104441491954],[-79.55883549491719,43.5680401404295],[-79.55874604607108,43.56799767309102],[-79.55854976777476,43.56791486931019],[-79.55959734892313,43.56707680413122],[-79.56049565971566,43.56752595987252],[-79.56072023763838,43.5681996930626],[-79.56184312725198,43.5684242710706],[-79.5612642609677,43.56741126004073],[-79.56134999977169,43.567358253089715],[-79.56142793221585,43.567289845428036],[-79.56147025723875,43.56722630438515],[-79.56154790761194,43.567125448414444],[-79.5617070899786,43.56688276163939],[-79.56182946477479,43.566755288742215],[-79.5618709480763,43.566697202283514],[-79.56204080242854,43.5664593688254],[-79.56206851365843,43.56636269229012],[-79.56211507693287,43.566294545159145],[-79.562189974868,43.566266689280354],[-79.56223699358827,43.56624076460769],[-79.56229546043855,43.56617797294614],[-79.56229211331579,43.566151468282975],[-79.56231890646745,43.56611623372591],[-79.56235893270158,43.56609782559482],[-79.56249242055617,43.566077615112405],[-79.56253088821325,43.56605183355671],[-79.562607232436,43.56596570554544],[-79.56266677187472,43.56589228304512],[-79.56272822652161,43.56584904156953],[-79.56280646349467,43.565809867563466],[-79.56331511565966,43.56552043840682],[-79.56346743399925,43.565412415030465],[-79.56351159607694,43.56537274344604],[-79.56355255925389,43.56531098387318],[-79.56358311904152,43.5650713640462],[-79.56356019403547,43.564922417579],[-79.56354551197047,43.564859939585766],[-79.56354245320695,43.564791102737416],[-79.56352972048609,43.56473330208944],[-79.56351034113048,43.564684253608156],[-79.56347965288374,43.56463255910969],[-79.56342959426453,43.56458103510723],[-79.56340037206833,43.56455625792804],[-79.56363974883705,43.56415729284302],[-79.5638268966568,43.56415729284302],[-79.56521179429605,43.56415729284302],[-79.56539297370907,43.5637949345058],[-79.56590841803596,43.563665699523234],[-79.56595867158956,43.563628351251616],[-79.56597525538803,43.56361033161517],[-79.56602975797293,43.56359568898863],[-79.56615583742138,43.56345901605735],[-79.56632852326341,43.56329295066665],[-79.56637178612748,43.56328684558069],[-79.56643990268053,43.56332188195681],[-79.56656645015123,43.5632471745492],[-79.56666514984813,43.56316531525089],[-79.56688695197661,43.56288796907812],[-79.56691257372516,43.56284177345004],[-79.56700841588112,43.562809826139976],[-79.56700841588112,43.56263181488949],[-79.56701512270304,43.562616148098485],[-79.56704785461704,43.56239549704499],[-79.56706179377531,43.56232864470597],[-79.56813130459639,43.56168693698122],[-79.5696630426486,43.561905756913916],[-79.56970335005539,43.56191151518539],[-79.5703770829252,43.561462359241816],[-79.5701912250862,43.561245527663715],[-79.56958444724775,43.5605376226123],[-79.56925419420996,43.56015232527304],[-79.56902961628724,43.55989031506108],[-79.56925419420996,43.55951602087246],[-79.56964081653183,43.55887164932833],[-79.56976286703622,43.55875254671203],[-79.57060166084793,43.558542847964375],[-79.57127539371776,43.55899200419064],[-79.57239828333135,43.55786911483348],[-79.57419490491642,43.55809369229585],[-79.57554237155439,43.55674622603329],[-79.57733899493611,43.55741995869965],[-79.57753148952845,43.55722746442079],[-79.57688983909067,43.55674622603329],[-79.57681497978312,43.556446789695684],[-79.5767294269304,43.55610457668347],[-79.57666526116797,43.555847913858635],[-79.57688984268394,43.55562333388523],[-79.5775635719605,43.55494960326575],[-79.57868646067577,43.555398758934096],[-79.57823730572865,43.55450044815581],[-79.57839322900746,43.554188602448974],[-79.57857863948547,43.55405974659349],[-79.57864250880385,43.55399399566567],[-79.5786918119399,43.55395356006267],[-79.57873397526608,43.553942509439295],[-79.57877868262115,43.55394020934166],[-79.57882256442446,43.55394683229444],[-79.5788623157741,43.553961880254995],[-79.57890038547752,43.55398942216661],[-79.57891845059788,43.55401296673136],[-79.57892537750705,43.554049875658194],[-79.5789176466057,43.55408045849524],[-79.5788982807248,43.55410818068815],[-79.57893490144569,43.554157443505204],[-79.57900278892834,43.55419357761825],[-79.57908898946638,43.55418710052327],[-79.57927374776749,43.554154071820236],[-79.5793563038404,43.55413406435863],[-79.57942888322381,43.55411041762936],[-79.57951154619623,43.55405888983649],[-79.57969567298171,43.55392516593294],[-79.57974118792221,43.553856223492865],[-79.57979198136333,43.55381215502873],[-79.5798511839338,43.55377841584192],[-79.58028575293565,43.55337755908086],[-79.58032783092187,43.553338745453374],[-79.58048308405748,43.55337755908086],[-79.58043667798823,43.553238342143075],[-79.58048308405748,43.5531955355947],[-79.58074357123536,43.55295525429791],[-79.5809850599433,43.55243348397047],[-79.58098099865991,43.55237022543868],[-79.58073303848866,43.55222929325887],[-79.58082454807001,43.55213778342333],[-79.58117944099774,43.55234248877422],[-79.58123080307243,43.552360209042625],[-79.58127373445816,43.55236920524424],[-79.58131028960203,43.552365211055914],[-79.58141094223636,43.5523405466929],[-79.58145410628575,43.552337282329454],[-79.5816492571964,43.55232799901012],[-79.5816874912915,43.55233394049089],[-79.5817353382585,43.552349886651584],[-79.5818058982291,43.55237340321079],[-79.5818374946726,43.552373291230275],[-79.58186993912571,43.55235748960873],[-79.58207458612723,43.55214890534231],[-79.58219243521104,43.55202273137096],[-79.58230859905537,43.55190999099311],[-79.58222706257027,43.551862421034805],[-79.58241683526732,43.551693962949],[-79.5824005829472,43.55168463786292],[-79.5822072565149,43.55157371330455],[-79.58058551625439,43.55064320163517],[-79.58048308405748,43.550233470086155],[-79.58093223900461,43.54955973585303],[-79.58158273694958,43.54939711153261],[-79.58166880094372,43.549375595888584],[-79.5816996508872,43.54939032335618],[-79.58190112234418,43.54947076248117],[-79.58210857298769,43.54953721760379],[-79.58214973199738,43.549547946099345],[-79.58241640587262,43.549725728412206],[-79.58250428356529,43.54978431368239],[-79.58256553249798,43.549661817261764],[-79.58257773251788,43.54963741678157],[-79.58260984818759,43.54964282529404],[-79.58386972818704,43.549854988086786],[-79.5838827097412,43.54990220414205],[-79.58394704079363,43.549897677861026],[-79.58397548684543,43.54990283894123],[-79.58404519521315,43.54993468696964],[-79.58462696485242,43.55026285102741],[-79.5846382315227,43.55025114149317],[-79.58467707377729,43.550250297052415],[-79.58473652607941,43.55028371072526],[-79.58473733186821,43.550312756991225],[-79.58453000968379,43.55050386835018],[-79.58424874357507,43.550763141275226],[-79.58504201166652,43.55122955328889],[-79.58510857682906,43.55125232872616],[-79.58523177448207,43.55127899294348],[-79.58533417523793,43.55128129770009],[-79.58548221041023,43.5512638036838],[-79.58553269662752,43.55124955325099],[-79.58558096400604,43.55122621073785],[-79.5856662015501,43.551174310675485],[-79.5857162359148,43.551128353470226],[-79.58575534496902,43.55106485397712],[-79.58578406860022,43.55098324376161],[-79.58578769869227,43.550949750395596],[-79.58577642573378,43.550879162564485],[-79.5857631028198,43.55084727466907],[-79.58574281975899,43.550824841539495],[-79.58572710552974,43.55078175852672],[-79.58572894797439,43.55075991979678],[-79.58574226100689,43.55072424067411],[-79.58552409436037,43.5505990429273],[-79.58519153265227,43.550408196855905],[-79.58518551932977,43.55039236542091],[-79.58519117602111,43.550376451295854],[-79.58521532183765,43.550361994263675],[-79.58523787673779,43.55036099486947],[-79.58557915210412,43.5505531621095],[-79.58579457799073,43.55067446526458],[-79.5858305168903,43.550658230888594],[-79.58586035712742,43.55065164142994],[-79.5859010579963,43.550651125784114],[-79.58593825992716,43.55065541436873],[-79.5859701600012,43.550663894528014],[-79.5859966081998,43.55067786123377],[-79.58624860539994,43.55082111027956],[-79.58631772896442,43.55083297921418],[-79.58636175449818,43.550847018800184],[-79.58638292150123,43.550849539076125],[-79.58674555790668,43.55052324873505],[-79.58669902876825,43.55048669313238],[-79.58667721857145,43.55045646916447],[-79.58649459107419,43.55035848564136],[-79.58607448674505,43.55014038487768],[-79.58563938414393,43.549914496457035],[-79.58554663668411,43.54990272890937],[-79.58549395228933,43.54992448721652],[-79.58542802582893,43.54995988619907],[-79.58541825665021,43.5499565012577],[-79.58528373752968,43.54990455127126],[-79.58519234293267,43.54985564437198],[-79.58503038746673,43.54973469245315],[-79.585001574004,43.5497450074791],[-79.58494795086973,43.549781001000774],[-79.58475561438088,43.54967774524824],[-79.58426410207151,43.54935878560624],[-79.58422096676817,43.54934062106836],[-79.58412119897442,43.549308483645454],[-79.58405722904472,43.54930716910991],[-79.5839482310614,43.54929640020441],[-79.58388660214132,43.5492845439888],[-79.58384074853596,43.5492655388805],[-79.58376680550998,43.54921262274159],[-79.58370359196176,43.54923884121822],[-79.5836133750561,43.549212742541],[-79.58361095319809,43.54921204197511],[-79.58354394247117,43.54917214226117],[-79.58385175110158,43.549110580939335],[-79.58359824024019,43.548730317020876],[-79.58362115805971,43.54866322619631],[-79.58362176621915,43.54865061654548],[-79.58362273639968,43.54863051415101],[-79.58363853686721,43.54851531346554],[-79.58368866645331,43.54830199026632],[-79.58371076231437,43.5482518339197],[-79.58380341365445,43.548182602414514],[-79.58375182071273,43.54799459528635],[-79.5836346803997,43.547766595122475],[-79.58357453280152,43.54769450473136],[-79.58342798434101,43.54768164615767],[-79.58322250549956,43.547658934481156],[-79.58312320752468,43.54765349714229],[-79.5831089970752,43.54765271907733],[-79.58298486158104,43.54763742668101],[-79.58302829871829,43.547463678299124],[-79.58309380117386,43.54720166956082],[-79.58317801733344,43.546864803044215],[-79.58375550560203,43.54667230695359],[-79.58385175110158,43.546640224754675],[-79.58383354225077,43.54660987710003],[-79.58317801733344,43.5455173357321],[-79.58344895281638,43.54483999946927],[-79.58358330395197,43.54467777327947],[-79.5836369028317,43.54439250103579],[-79.58407106130345,43.5443056694382],[-79.58412553334567,43.5443515628253],[-79.58429506789766,43.54430942714697],[-79.58454037354724,43.54421601308121],[-79.58454904049309,43.54421007340468],[-79.58475006189411,43.54416986890284],[-79.58587295060937,43.54461902482055],[-79.58677126230023,43.542597824836534],[-79.58834330686092,43.54192409120923],[-79.58824874749915,43.541782252928044],[-79.58804386963064,43.541474936050086],[-79.58792505395958,43.54129671265396],[-79.58796335632665,43.54123339880535],[-79.58801672074611,43.54114518803636],[-79.58806632122453,43.54103773240937],[-79.58808753943154,43.54097291668498],[-79.58814704742922,43.540817268669834],[-79.58833573675803,43.54066984851078],[-79.5885464896085,43.54057460420796],[-79.58861124197082,43.54052161206601],[-79.58875999040546,43.54044284299208],[-79.58879765856196,43.54044170538368],[-79.58886178120524,43.540473083702274],[-79.58900145755382,43.540520322734764],[-79.58910444131632,43.54050889652365],[-79.58916604238861,43.54052290074606],[-79.58920953432309,43.54052307200567],[-79.58932097482565,43.540485878044684],[-79.58936433919938,43.54045660824745],[-79.58940422978789,43.54041550522076],[-79.589649425843,43.54007117600189],[-79.5897148312805,43.53999409225254],[-79.58988342080484,43.539731878483956],[-79.5899514690859,43.53963455411066],[-79.590014474225,43.539530751561394],[-79.59007926341822,43.53947248517587],[-79.59015391341835,43.539443326240004],[-79.5904463069585,43.53939233160461],[-79.59063085415552,43.53936572594558],[-79.59096033913373,43.539325746780875],[-79.5911155365738,43.53929694853365],[-79.5912797647774,43.539280276097834],[-79.59135871950437,43.53928717741759],[-79.59144568091544,43.53930023899977],[-79.59151218948413,43.539315205962346],[-79.59160122780015,43.539348292287634],[-79.59165704102706,43.539362893269534],[-79.59181980677339,43.53941205483175],[-79.5919059111917,43.53945594628231],[-79.59193766843362,43.53948544448128],[-79.59201670939883,43.53955368770417],[-79.59212050523833,43.53960487169859],[-79.5921759447661,43.53961524966964],[-79.59228793593593,43.53960488407115],[-79.59233314904249,43.5396113640356],[-79.59265757111578,43.539827680229955],[-79.59270203323078,43.53984007292833],[-79.5928001238699,43.53984482983275],[-79.59292300082437,43.53982074445929],[-79.59312064006835,43.539757222634826],[-79.59348556627948,43.539687970954596],[-79.59367081146748,43.53964289125691],[-79.59620352876603,43.540352047187305],[-79.59575437381892,43.538780001898076],[-79.59600774454313,43.53858997538275],[-79.59665268461146,43.538106269237595],[-79.59642810668876,43.53765711298723],[-79.59665268461146,43.53732024718551],[-79.59667861358383,43.53728135353799],[-79.5968791328266,43.53721056280231],[-79.59694874058303,43.53716890337998],[-79.59702423769446,43.5370957557674],[-79.59704121675162,43.537046432768925],[-79.59705687528536,43.53696032060391],[-79.59705678186056,43.536947476672196],[-79.59800015214775,43.53675880217118],[-79.5988984629403,43.53586049099697],[-79.60018176651079,43.53650214227095],[-79.60024592957828,43.53653422400417],[-79.60072716965239,43.53557174699862],[-79.6009196633464,43.535186756974596],[-79.60209869497031,43.535039378403994],[-79.60271628493149,43.5349621801164],[-79.6022671299844,43.534288445826185],[-79.60271628493149,43.5333901349726],[-79.60473748533762,43.532940980063536],[-79.6081061523817,43.52957231321955],[-79.60900446407257,43.5293477349924],[-79.60967819694238,43.52979688995917],[-79.6099027748651,43.53047062427888],[-79.60900446407257,43.53136893498436],[-79.60900446407257,43.53226724598656],[-79.60765699743457,43.53271640200584],[-79.60697056238665,43.53332657250832],[-79.60586289742051,43.534311159283774],[-79.60563579702847,43.53451302389101],[-79.60595662045073,43.53515467582689],[-79.60630952989831,43.53586049099697],[-79.60606733870783,43.53615112672268],[-79.60556096736529,43.53675877937855],[-79.60406375785767,43.5385554182349],[-79.60451290831323,43.53967831320834],[-79.6042883303905,43.540352047187305],[-79.60339001869964,43.54080120224662],[-79.60321783411754,43.54148994154286],[-79.60316544077692,43.54169951274563],[-79.60110460580216,43.54341688301796],[-79.60047050660268,43.5439452909913],[-79.59996520784861,43.54478745905479],[-79.59979677373283,43.54506817999627],[-79.5994973391975,43.54506817999627],[-79.59934761788742,43.54506817999627],[-79.59932720187595,43.54517026250062],[-79.599123040863,43.546191068921004],[-79.59844930709485,43.546864803044215],[-79.5968772634325,43.54753853614817],[-79.59575437381892,43.547313957764324],[-79.5955297958962,43.547987691707895],[-79.59572228959023,43.54803902415404],[-79.6022671299844,43.54978431368239],[-79.60383917364676,43.54843684717615],[-79.60373075687343,43.5481115985481],[-79.60367584375842,43.547946859463366],[-79.60361459572404,43.54776311369529],[-79.60294086285421,43.54776311369529],[-79.60226713178102,43.54843684782725],[-79.60159339621624,43.549110580939335],[-79.6006950854237,43.548886003203926],[-79.60002135165557,43.54776311369529],[-79.60181797413897,43.546191068921004],[-79.60383917364676,43.5455173357321],[-79.60382513747044,43.54546119258765],[-79.60361459572404,43.54461902482055],[-79.60473748533762,43.54327155809732],[-79.60586037405288,43.54304698009504],[-79.60702644658048,43.54374662772273],[-79.6081061523817,43.54439444728002],[-79.61012735727941,43.54237324953379],[-79.61080108565766,43.54169951274563],[-79.61214855319393,43.54125035786685],[-79.6130468639865,43.54214866883628],[-79.61282228606377,43.54304698009504],[-79.6116993973485,43.543496135914125],[-79.60945361901967,43.545741914298425],[-79.6101273518895,43.545966492028036],[-79.6101273518895,43.546415646930605],[-79.6101273518895,43.54708938114819],[-79.6130468639865,43.547987691707895],[-79.6132714419092,43.548661425282866],[-79.61282228606377,43.54933515783794],[-79.6140661023893,43.54941289635107],[-79.61425958423014,43.54942498888397],[-79.61495161488399,43.54946824084544],[-79.61551721933972,43.54950359126492],[-79.61641553103057,43.54955973585303],[-79.61655027832319,43.549829232142784],[-79.61686468597769,43.550458046707305],[-79.61596637518514,43.55158093614172],[-79.61798757469295,43.55158093614172],[-79.61843673143669,43.55225466991685],[-79.61804372029651,43.55304069257535],[-79.61798757559124,43.55315298161979],[-79.61737509075581,43.55339797499467],[-79.61686468597769,43.55360213700721],[-79.61619095400616,43.55357005459054],[-79.61605155883026,43.55356341662257],[-79.61334179077573,43.553434379743805],[-79.61349601893359,43.55405129230224],[-79.61262708215253,43.55527576222459],[-79.61142417779996,43.55697080312376],[-79.61121552341397,43.55726481861346],[-79.60855530822714,43.56101320385546],[-79.60812529009051,43.561335717858086],[-79.60765699743457,43.56168693698122],[-79.60738917910567,43.56222257429354],[-79.60720784069083,43.562585248029734],[-79.6078815753573,43.56348355870233],[-79.60765699743457,43.56415729284302],[-79.6099027748651,43.56460644822238],[-79.61012735278781,43.56415729284302],[-79.61035192981223,43.56370813671853],[-79.61214855319393,43.562585248029734],[-79.61461890764885,43.563034404063984],[-79.61529264231531,43.56213609320334],[-79.61708926390041,43.56168693698122],[-79.61753841974584,43.56033946970511],[-79.61821215261564,43.55989031506108],[-79.61911046430652,43.56011489280162],[-79.61955962015195,43.5607886262085],[-79.61843673143669,43.562809826139976],[-79.61862676105189,43.56318988535467],[-79.6186613093594,43.56325898180176],[-79.61955962464351,43.56236067298797],[-79.62090708678991,43.56101320385546],[-79.62045793094448,43.56033946970511],[-79.62090708678991,43.559441159021624],[-79.62180539758246,43.55921658072271],[-79.6224791313506,43.559665737134395],[-79.62382659798858,43.558542847964375],[-79.62472490878112,43.55899200419064],[-79.62494948670384,43.55989031506108],[-79.62562321957367,43.559665737134395],[-79.62629695424012,43.56011489280162],[-79.62629695424012,43.561836656310994],[-79.62629695424012,43.56191151518539],[-79.62854273167065,43.562585248029734],[-79.62876730869503,43.56325898180176],[-79.6278689979025,43.56415729284302],[-79.624275753834,43.56325898180176],[-79.624275753834,43.564381870951266],[-79.6224791313506,43.565729336990145],[-79.6224791313506,43.56640307074852],[-79.62494948670384,43.56864884889217],[-79.624275753834,43.57067004870431],[-79.62363131053401,43.57088486387363],[-79.62360202006586,43.570894627264224],[-79.62292828719603,43.570445471259596],[-79.62225455342788,43.570894627264224],[-79.62315286511874,43.572017515963424],[-79.62292828719603,43.57269124902638],[-79.62180539758246,43.57314040520418],[-79.61978419807467,43.572017515963424],[-79.61955962015195,43.57336498171144],[-79.62113166381431,43.57381413807089],[-79.6216369589751,43.574487871210025],[-79.6224791313506,43.575610759945945],[-79.62175696132066,43.576874561178535],[-79.6218450321511,43.57688085166251],[-79.62292828719603,43.57695822729477],[-79.62270370927331,43.57628449381005],[-79.62360202006586,43.575386182702374],[-79.62472490878112,43.575610759945945],[-79.62584779839469,43.576509072258965],[-79.62629695424012,43.57583533830434],[-79.62809357582522,43.57516160527204],[-79.62899188661775,43.57628449381005],[-79.62831815374793,43.57718280518331],[-79.62719526503265,43.57763195974913],[-79.62741984295538,43.578081116170765],[-79.62697068710995,43.578754849076375],[-79.6278689979025,43.57965316068861],[-79.62921646543877,43.57830569377587],[-79.62969770371626,43.57806507725183],[-79.63191139781641,43.57695822729477],[-79.63258513158456,43.575610759945945],[-79.63348344327541,43.575386182702374],[-79.63415717614524,43.57583533830434],[-79.63595379862865,43.57381413807089],[-79.63707668824222,43.57336498171144],[-79.63819957695746,43.57381413807089],[-79.63842415488018,43.574487871210025],[-79.63752584318932,43.575610759945945],[-79.6386487319046,43.57605991582515],[-79.63909788775003,43.57718280518331],[-79.63797499903475,43.578081116170765],[-79.63595379862865,43.57695822729477],[-79.63572922070593,43.57763195974913],[-79.63393259912084,43.57853027184493],[-79.63370802119812,43.58077605006554],[-79.63483090991339,43.58122520515847],[-79.63595379862865,43.58055147191328],[-79.63797499903475,43.58032689422483],[-79.63932246567272,43.57897942677168],[-79.6388733098273,43.57830569377587],[-79.63932246567272,43.577407382885035],[-79.64022077736358,43.57718280518331],[-79.64111908815613,43.57763195974913],[-79.64246655479411,43.576509072258965],[-79.64336486558665,43.57695822729477],[-79.64358944440768,43.57785653772794],[-79.64246655479411,43.578754849076375],[-79.64224197687139,43.579877738287074],[-79.64156824400155,43.58032689422483],[-79.64134366518051,43.58025203480918],[-79.64109170570964,43.58016804789513],[-79.64089451023342,43.58010231569865],[-79.64052021549219,43.58060137751868],[-79.64022077736358,43.581000626729384],[-79.64134366607885,43.58167436080496],[-79.64134366607885,43.583021827811486],[-79.6426911327168,43.583021827811486],[-79.64381402233039,43.58369556074194],[-79.64403859935479,43.584369293940846],[-79.64314028766394,43.58526760507308],[-79.64134366607885,43.58504302805868],[-79.63999619944087,43.58661507168803],[-79.6388733098273,43.58616591711524],[-79.6388733098273,43.58526760507308],[-79.63662753239679,43.58526760507308],[-79.63842415488018,43.58661507168803],[-79.63861130269996,43.58736366582265],[-79.6386487319046,43.587513383142],[-79.63836801017493,43.58785025209296],[-79.63805774105893,43.5882225763429],[-79.63752584318932,43.58886085023664],[-79.63752584318932,43.59020831709585],[-79.63752584318932,43.59133120609026],[-79.63550464278322,43.59267867294602],[-79.63594018555882,43.593223104767],[-79.63640295357575,43.593801562043126],[-79.63595379862865,43.594699872939],[-79.63522261400482,43.594846110218576],[-79.63483090991339,43.59492445100745],[-79.63415717614524,43.59559818408764],[-79.63303428742998,43.59514902823784],[-79.63236055366184,43.596047339837895],[-79.63056393207675,43.595373605931215],[-79.62854273167065,43.59717022918379],[-79.62764441997977,43.5973948058396],[-79.62674610918722,43.59627191678109],[-79.62744073866719,43.59537883012587],[-79.62747166676411,43.59533906573052],[-79.62831815374793,43.59425071689013],[-79.62792514350606,43.59425071689013],[-79.62674610918722,43.59425071689013],[-79.62517406462653,43.59357698368778],[-79.6248408228938,43.59307712118475],[-79.62472490878112,43.59290325009935],[-79.62312786859765,43.59430066253597],[-79.6229283437899,43.594475244587265],[-79.62292828899265,43.59447529533361],[-79.6220299764035,43.594699872939],[-79.62180539758246,43.59649649483787],[-79.62270370927331,43.59761938425949],[-79.6224791313506,43.59829311774271],[-79.62180539758246,43.59874227289367],[-79.62090708678991,43.598517694761505],[-79.62000877509905,43.59919142924559],[-79.61911046430652,43.598517694761505],[-79.61686468597769,43.59896685083822],[-79.61680854127243,43.598910706755944],[-79.61626581241542,43.59836797879379],[-79.61596637518514,43.59806853988578],[-79.61616599970588,43.59781901033592],[-79.61675468906778,43.59708314770967],[-79.61686468597769,43.596945651039206],[-79.6186613093594,43.59672107270705],[-79.61933504222922,43.596047339837895],[-79.61978419807467,43.59627191678109],[-79.61978419807467,43.59447529468304],[-79.61843673143669,43.59582276205656],[-79.61731384182312,43.595373605931215],[-79.61708926390041,43.594699872939],[-79.61798757469295,43.59357698368778],[-79.61753841974584,43.59267867294602],[-79.61596637518514,43.593127827715904],[-79.61439433062445,43.59245409495462],[-79.61386496600393,43.59283909197593],[-79.61192397527122,43.59425071689013],[-79.61102566358036,43.59402613890978],[-79.61057650773495,43.593352405795535],[-79.61125024060475,43.59245409495462],[-79.61125024060475,43.591455972409626],[-79.61125024060475,43.59133120609026],[-79.61203627366488,43.59110662567318],[-79.61282228606377,43.59088205027379],[-79.61279937004086,43.590767471050654],[-79.61259770814105,43.589759160707146],[-79.61293457547428,43.589310006171836],[-79.6132714419092,43.58886085023664],[-79.61416975270173,43.58841169485368],[-79.61466382071812,43.58841169485368],[-79.61506806439259,43.58841169485368],[-79.61686468597769,43.58841169485368],[-79.61660555435756,43.58810073976417],[-79.61578338566682,43.58711413547885],[-79.61574179726242,43.587064228114734],[-79.6154049245393,43.5869519372076],[-79.61457162841714,43.58667417156344],[-79.61439433062445,43.58661507168803],[-79.6138328862668,43.585492185153726],[-79.61332758212288,43.58526760507308],[-79.61282228606377,43.58526760507308],[-79.61268958154011,43.585134901757996],[-79.60990277576343,43.58706422746409],[-79.60945361901967,43.58841169485368],[-79.60810615328002,43.58908542862323],[-79.60765699743457,43.58998374094708],[-79.60743241861357,43.590432895009144],[-79.60608495197559,43.59088205027379],[-79.60541121910576,43.59178036115723],[-79.60249170790712,43.59357698368778],[-79.60339001869964,43.59492445100745],[-79.60316544077692,43.59582276205656],[-79.6042883303905,43.596945651039206],[-79.60406375156948,43.59761938425949],[-79.60339001869964,43.59784396184119],[-79.60406375156948,43.59874227289367],[-79.60383917364676,43.59964058419613],[-79.60473748533762,43.600089739696976],[-79.60518664118304,43.601212629066744],[-79.60496206326032,43.60278467319313],[-79.60294086285421,43.6041321398819],[-79.60249170790712,43.60525502925985],[-79.60257808451493,43.60530685540817],[-79.60294086285421,43.60458129567643],[-79.60438457948331,43.60458129567643],[-79.60451290831323,43.60435671787311],[-79.60469257226836,43.60435671787311],[-79.60541121910576,43.60345840673243],[-79.60630952989831,43.603233829290666],[-79.60720784069083,43.60435671787311],[-79.60496206326032,43.607276228967194],[-79.60604003351645,43.60794996293858],[-79.60653410782103,43.60794996293858],[-79.6078815753573,43.6095220072765],[-79.60855530822714,43.6095220072765],[-79.60945361901967,43.60862369586795],[-79.61102566358036,43.60862369586795],[-79.6132714419092,43.61042031827703],[-79.61372059685631,43.60997116315299],[-79.61506806439259,43.60997116315299],[-79.61602529209138,43.60908758108216],[-79.61798757469295,43.607276228967194],[-79.61911046430652,43.60772538470248],[-79.61911046430652,43.60862369586795],[-79.61911046430652,43.60884827400223],[-79.61901065159698,43.60892313427806],[-79.61731384182312,43.61019574080907],[-79.61741592277873,43.61029782288114],[-79.61843673143669,43.61131863016974],[-79.61731384182312,43.61333982969953],[-79.6188858863838,43.6137889850312],[-79.61955962015195,43.61558560793112],[-79.61911046430652,43.61625934117518],[-79.61776299677022,43.61648391876319],[-79.61888588368885,43.6173822317839],[-79.6195768920599,43.61793503887929],[-79.62023335302176,43.61760680777958],[-79.62113166381431,43.61850511898274],[-79.62090708678991,43.61917885203207],[-79.62315286511874,43.620526318894115],[-79.62569816781445,43.61753188222199],[-79.62697068710995,43.61603476274836],[-79.62719528030404,43.61603476274836],[-79.62809357582522,43.61603476274836],[-79.62854273167065,43.61513645171012],[-79.6294410433615,43.614911874292716],[-79.63101308702386,43.61625934117518],[-79.63483090991339,43.6178313861882],[-79.6351003973121,43.618100877480515],[-79.63640294998248,43.61940343172279],[-79.6368521103195,43.619852585986315],[-79.6404453552863,43.61693307402451],[-79.6404453552863,43.61648391876319],[-79.63932246567272,43.61648391876319],[-79.63842415488018,43.61558560793112],[-79.63909788775003,43.61468729603653],[-79.6388733098273,43.61356440713431],[-79.63932246567272,43.612890674265316],[-79.6404453552863,43.612890674265316],[-79.64091539965705,43.61398745050249],[-79.64094074382615,43.614046587234085],[-79.64111908815613,43.61446271889283],[-79.64231684875536,43.6150615991679],[-79.64233556156105,43.61504288601775],[-79.64464816825883,43.61273026316652],[-79.64471233312292,43.61266609626576],[-79.64460868101388,43.61263154582996],[-79.64403859935479,43.61244151872846],[-79.64224197687139,43.6137889850312],[-79.64134366607885,43.61356440713431],[-79.64130911597469,43.613495307925334],[-79.64089451023342,43.61266609626576],[-79.64116899496004,43.612391614807656],[-79.64246655479411,43.6110940521536],[-79.64246655479411,43.6095220072765],[-79.64358944440768,43.60884827400223],[-79.64336486558665,43.60794996293858],[-79.64379360721725,43.60680665971454],[-79.64403859935479,43.606153340241505],[-79.64358944440768,43.605479606961964],[-79.64381402233039,43.60458129567643],[-79.64493691104565,43.60345840673243],[-79.6462843767853,43.60368298528731],[-79.64673353263072,43.603233829290666],[-79.64561064391549,43.60278467319313],[-79.64538030689347,43.60257737330101],[-79.64336486558665,43.60076347284124],[-79.64323822558946,43.600738144590665],[-79.64224197687139,43.600538895097394],[-79.64179282102594,43.59919142924559],[-79.64224197687139,43.598517694761505],[-79.64403859935479,43.59806853988578],[-79.64471233312292,43.598517694761505],[-79.64471233312292,43.59933254885633],[-79.64471233312292,43.59964058419613],[-79.64516148807006,43.599865162040416],[-79.64561064391549,43.59874227289367],[-79.64673357844481,43.59761938425949],[-79.65167424423551,43.59267867294602],[-79.65302171087347,43.59267867294602],[-79.65347086671892,43.59357698368778],[-79.65277181842605,43.59432265333655],[-79.65055639866226,43.5966857623538],[-79.65041318384976,43.59683852196482],[-79.6501021996748,43.59717022918379],[-79.65387444833503,43.593993608939044],[-79.65436917840977,43.59357698368778],[-79.65436917840977,43.593127827715904],[-79.65212340008095,43.59133120609026],[-79.65032677759753,43.59088205027379],[-79.6501021996748,43.58998373899516],[-79.65122508928839,43.58863627231348],[-79.65257255592635,43.58863627231348],[-79.65302171087347,43.589310006171836],[-79.65279713295077,43.589759160707146],[-79.65571664504773,43.59200493906022],[-79.65661495584027,43.591555783717425],[-79.65796242337657,43.59200493906022],[-79.65751326663283,43.59088205027379],[-79.65796242337657,43.58998373899516],[-79.65953446703894,43.589759160707146],[-79.66065735575421,43.58863627231348],[-79.66245397823761,43.58818711720664],[-79.66249889310349,43.58814220261771],[-79.66312771200573,43.587513383142],[-79.6640260227983,43.5877379607001],[-79.664250600721,43.58841169485368],[-79.66492433359083,43.587962538721634],[-79.66559806825728,43.58818711720664],[-79.66896673440306,43.59088205027379],[-79.66986504609392,43.590432895009144],[-79.66896673440306,43.58953458418378],[-79.6694158902485,43.58863627231348],[-79.67098793480919,43.58841169485368],[-79.67188624560171,43.58886085023664],[-79.67217602414608,43.58860729657578],[-79.67211082442275,43.58841169485368],[-79.67278455729257,43.5877379607001],[-79.67233540144714,43.587064228114734],[-79.67278455729257,43.58616591711524],[-79.67368286808514,43.585941338897435],[-79.67458117887767,43.58639049384453],[-79.67615322433666,43.58526760507308],[-79.67682695720649,43.58571676114311],[-79.67705153512921,43.587064228114734],[-79.67839900176718,43.58639049384453],[-79.67929731255973,43.58661507168803],[-79.67970824688645,43.58723147270104],[-79.67974646930347,43.58728880604731],[-79.67952189138076,43.587962538721634],[-79.68064478009602,43.58886085023664],[-79.68049506058254,43.58916028941737],[-79.6804202021733,43.589310006171836],[-79.68070092300464,43.589366150753406],[-79.6811347688627,43.589452920022346],[-79.68154309088857,43.58953458418378],[-79.68262106024635,43.58899559945124],[-79.68289055842484,43.58886085023664],[-79.68311513455093,43.587513383142],[-79.68311513455093,43.586900906641766],[-79.68311513455093,43.58683964999501],[-79.68131851296585,43.58549218320168],[-79.68154309088857,43.58459387216726],[-79.6822168237584,43.58414471617807],[-79.68446260208722,43.58571676114311],[-79.68461230992257,43.58571676114311],[-79.68625922457063,43.58571676114311],[-79.68693295833876,43.58616591711524],[-79.68715753626148,43.587064228114734],[-79.68805584705402,43.587064228114734],[-79.68895415784655,43.58504302805868],[-79.68670838041606,43.58392013887891],[-79.68648380159502,43.583246405208214],[-79.6866185479893,43.58311165939129],[-79.68738211418419,43.582348093848324],[-79.68788741383656,43.58255863700981],[-79.69007704656183,43.58347098306859],[-79.69018933687065,43.58335869391778],[-79.69097535825269,43.58257267180618],[-79.69209824696793,43.583246405208214],[-79.69299655776047,43.58257267180618],[-79.69366989088002,43.58302156166776],[-79.69434402529676,43.58347098306859],[-79.69546691401202,43.583246405208214],[-79.69614064688186,43.58369556074194],[-79.69614064688186,43.58481845020655],[-79.69658980272729,43.58526760507308],[-79.69703895857272,43.58526760507308],[-79.69681438065001,43.58459387216726],[-79.69771269234084,43.58369556074194],[-79.69950931392593,43.584369293940846],[-79.7002238788187,43.58406305446452],[-79.70265340394563,43.583021827811486],[-79.70400086968527,43.58347098306859],[-79.704225447608,43.58414471617807],[-79.70377629176257,43.58481845020655],[-79.70130593730765,43.58571676114311],[-79.70175509225476,43.58639049384453],[-79.70130593730765,43.58728880604731],[-79.7004076256168,43.587513383142],[-79.69973389184865,43.587064228114734],[-79.69973389184865,43.587513383142],[-79.70175509225476,43.58886085023664],[-79.70175509225476,43.59020831709585],[-79.70265340394563,43.59088205027379],[-79.70153051523037,43.59245409560523],[-79.70242881883638,43.593502120579856],[-79.70287798097003,43.59402613890978],[-79.70242882602291,43.59492445100745],[-79.70153051523037,43.59514902823784],[-79.70121609499947,43.594924444501565],[-79.69995846977136,43.59402613890978],[-79.69973389184865,43.594699872939],[-79.69906015897882,43.59492445100745],[-79.69995846977136,43.59649649483787],[-79.69892195766396,43.59732570561956],[-79.69883558105612,43.5973948058396],[-79.69840366118605,43.59706655761903],[-79.69814244457613,43.596868038916114],[-79.69322113568319,43.593127827715904],[-79.69209824696793,43.59425071689013],[-79.69097535825269,43.59425071689013],[-79.69075078032998,43.59514902823784],[-79.68952581964221,43.596067751699984],[-79.68895415784655,43.59649649483787],[-79.68907160987501,43.59658684433141],[-79.68938666880808,43.59682920061391],[-79.69004898139572,43.59733867590397],[-79.69145657676722,43.59842143790505],[-79.69167903736081,43.59859255878587],[-79.69187366904522,43.59874227289367],[-79.69209824696793,43.59964058419613],[-79.69389487034965,43.6003143178163],[-79.69463379934956,43.601176407365955],[-79.6952423360893,43.60188636199665],[-79.69614064688186,43.601212629066744],[-79.69681438065001,43.60143720689782],[-79.69722269998093,43.602049687039504],[-79.6972635355971,43.60211093991486],[-79.69725455154595,43.6021558603418],[-79.69703895857272,43.603233829290666],[-79.69816184818629,43.6041321398819],[-79.69843133917827,43.60422197052851],[-79.6986733866383,43.60430265322713],[-79.69883558105612,43.60435671787311],[-79.69950931482427,43.603682985937795],[-79.69995846977136,43.603233829290666],[-79.70001210817699,43.60324723868971],[-79.70003870639422,43.60325388809565],[-79.70085678056392,43.60345840673243],[-79.70130593730765,43.6041321398819],[-79.7006322026412,43.60503045071933],[-79.7006322026412,43.60570418512657],[-79.70130593730765,43.606377917842266],[-79.70124092802718,43.6066379558996],[-79.70108135938496,43.607276228967194],[-79.7004076256168,43.60772538470248],[-79.6998854852478,43.607377291527825],[-79.69973389184865,43.607276228967194],[-79.69883558105612,43.60772538470248],[-79.69816184818629,43.607500806928854],[-79.69803351666144,43.60730831139865],[-79.69799341766378,43.6072481624358],[-79.69771269234084,43.606827073780714],[-79.69793727026357,43.606153340241505],[-79.69581354513409,43.60466673423375],[-79.69546691041877,43.604955600559926],[-79.69501775906491,43.60570418512657],[-79.69437612479682,43.605864592848846],[-79.69405034267419,43.606136076164766],[-79.69389487034965,43.60660249590548],[-79.6933173856743,43.606746867353586],[-79.69322113568319,43.606827073780714],[-79.69344571360591,43.607276228967194],[-79.6927719807361,43.60862369586795],[-79.69367029242694,43.60794996293858],[-79.69456860321948,43.6081745396857],[-79.69501775906491,43.60884827400223],[-79.69456860321948,43.60997116315299],[-79.69569149193474,43.61086947394933],[-79.69687633206524,43.60994793640634],[-79.69771269234084,43.60929742905604],[-79.69883558105612,43.6097465853088],[-79.69883558105612,43.610440740873116],[-79.69883558105612,43.61086947394933],[-79.6972635355971,43.611992363089094],[-79.69782497007327,43.612441512874874],[-79.69816184818629,43.61266609626576],[-79.70018304769408,43.61221694100286],[-79.70085678056392,43.61266609626576],[-79.70108135938496,43.61356440713431],[-79.70265340394563,43.61356440713431],[-79.70355171473818,43.61423814091045],[-79.70445002642903,43.6137889850312],[-79.70489918137615,43.612890674265316],[-79.70624664801413,43.612890674265316],[-79.70669580385955,43.6137889850312],[-79.70579749306701,43.61513645171012],[-79.7075941146521,43.61581018478357],[-79.70804327139584,43.61648391876319],[-79.70781869257482,43.61715765169768],[-79.70669580385955,43.6178313861882],[-79.70692038178225,43.61828054113948],[-79.70871700426567,43.61828054113948],[-79.7096153150582,43.619852585986315],[-79.71006447090365,43.61917885203207],[-79.71320856002501,43.61774972986383],[-79.71476991014224,43.617040016435666],[-79.7150051816101,43.61693307402451],[-79.71660577283389,43.616321516097074],[-79.71731461815322,43.616050677086136],[-79.72949570693055,43.61139627503433],[-79.74262825083264,43.606377917842266],[-79.74352656162517,43.607500806928854],[-79.74150536211737,43.6090728519484],[-79.73102561870778,43.61302592510788],[-79.71771355368269,43.61804700598257],[-79.71590349330096,43.61872969728791],[-79.71600359886128,43.61884648901685],[-79.7160255465003,43.61887209383735],[-79.71682544415852,43.61980530835681],[-79.71725095993892,43.62030174079635],[-79.71826155924367,43.620414029950105],[-79.7185984265769,43.62045145940462],[-79.71927216034504,43.620526318894115],[-79.71984964681702,43.620141328656466],[-79.71994589411318,43.62007716316045],[-79.72061962698302,43.620526318894115],[-79.72151794047052,43.61962800992426],[-79.72129335985285,43.61895427475422],[-79.72174251569827,43.61828054113948],[-79.72241624856811,43.618055963107714],[-79.7233145611573,43.61850511898274],[-79.72341080845345,43.6186976144455],[-79.7239383881215,43.619752774795735],[-79.7239882940271,43.619852585986315],[-79.72600949443321,43.620750896803294],[-79.72645865027864,43.62142463004968],[-79.72600949443321,43.622098364200035],[-79.72645865027864,43.62322125306266],[-79.72556033768947,43.623894985937234],[-79.72623407235594,43.62479329682967],[-79.72735696107121,43.624344141760865],[-79.72847984978644,43.62524245309439],[-79.73005189434713,43.623670408067525],[-79.73139936098512,43.623670408067525],[-79.73184851683055,43.62456871906449],[-79.73175322893509,43.624691234161475],[-79.7312936723953,43.62528209823423],[-79.73058527174204,43.62619289728591],[-79.73027647226985,43.62658991995957],[-79.73027647226985,43.627712808157185],[-79.7311747830624,43.62861111986792],[-79.73072562811528,43.629509431157544],[-79.73162393890783,43.62973400932045],[-79.73207309385492,43.630407742025454],[-79.73184851683055,43.63130605312131],[-79.73252224970037,43.63197978705968],[-79.73230350543713,43.63285476508479],[-79.73229767177764,43.63287809806516],[-79.73241859938793,43.632860822805114],[-79.73294078557102,43.632786224443095],[-79.73386971723667,43.63265351994715],[-79.73791211715059,43.630407742025454],[-79.7417299400401,43.627039075154805],[-79.74179410580251,43.6268786627846],[-79.74217909498721,43.6259161860759],[-79.74307740577973,43.62569160795391],[-79.74375114044621,43.62614076400917],[-79.74387947107274,43.62652575484352],[-79.74397571836892,43.62681449667626],[-79.74386342985672,43.627039075154805],[-79.74335545502143,43.62805502192939],[-79.74335542807198,43.62805507524831],[-79.74330198370245,43.62816196406514],[-79.73993331665838,43.63130605312131],[-79.73590405280885,43.633630649606296],[-79.73409429515937,43.63467472010388],[-79.73252224970037,43.63489929782054],[-79.73184851683055,43.636022186817314],[-79.73095020603799,43.63624676469936],[-79.73207309385492,43.637594231269134],[-79.73207309385492,43.638492542865265],[-79.73385004053867,43.63930024768029],[-79.7337949881848,43.63935030479648],[-79.7330661212144,43.63976176649617],[-79.73293859817329,43.63983376293498],[-79.73273565976746,43.639948331919],[-79.73261278820291,43.64001769652216],[-79.73256464209695,43.640044866871094],[-79.73251244638567,43.640074316462666],[-79.73249578263714,43.64008371562506],[-79.73191861237216,43.6404093386806],[-79.73189936417056,43.64042019725939],[-79.73073170342155,43.63979146066571],[-79.72915358265628,43.63894169817788],[-79.72847984978644,43.63894169817788],[-79.72915358265628,43.639840009131994],[-79.72892900473357,43.640513742960096],[-79.72780611601831,43.64096289811551],[-79.72690780522578,43.640064587047355],[-79.72623407235594,43.640513742960096],[-79.72533576066509,43.64028916477335],[-79.72488660481966,43.63961543167744],[-79.72511118274237,43.639166276200385],[-79.7239882940271,43.63826796492505],[-79.72385354853111,43.638335337550096],[-79.72353913818168,43.638492542865265],[-79.72356555943081,43.63862464806167],[-79.72376371610439,43.63961543167744],[-79.72308998413288,43.640289165423454],[-79.72286540531186,43.640513742960096],[-79.72174251569827,43.639840009131994],[-79.72106878282845,43.64028916477335],[-79.72039504906031,43.639840009131994],[-79.71972131619047,43.640064587047355],[-79.7185984265769,43.639166276200385],[-79.71747553786163,43.63939085403352],[-79.71612807122368,43.638492542865265],[-79.71392262545447,43.640550972671754],[-79.71275940417958,43.64163663170359],[-79.71233567335165,43.64189087068211],[-79.71163651456601,43.642310364887315],[-79.71073820377346,43.642085786915416],[-79.71028904882635,43.64141205381358],[-79.71051362585074,43.64073832095753]],[[-79.69707597724727,43.62351986836792],[-79.6972635355971,43.623445830009146],[-79.69703895857272,43.623445830009146],[-79.69707597724727,43.62351986836792]],[[-79.69906015897882,43.61603476274836],[-79.6986110031334,43.61536103023998],[-79.69815578545644,43.61545207396239],[-79.69703895857272,43.616708496813196],[-79.69748811441814,43.616708496813196],[-79.69838642521067,43.616708496813196],[-79.69950931392593,43.6178313861882],[-79.7006322026412,43.616708496813196],[-79.69906015897882,43.61603476274836]],[[-79.6696404681712,43.61581018478357],[-79.67076335688647,43.61513645171012],[-79.67188624560171,43.61536103023998],[-79.67278455729257,43.6137889850312],[-79.67413202393055,43.61311525207658],[-79.6750303347231,43.61176778498707],[-79.67774075764949,43.6098317739199],[-79.67817442384447,43.6095220072765],[-79.67805464967101,43.609282459963445],[-79.67781082175006,43.60879480399216],[-79.67772526799905,43.60862369586795],[-79.67762737588758,43.60855459748673],[-79.67740710987823,43.60839911819604],[-79.67733845074277,43.60839911819604],[-79.67705153512921,43.60839911819604],[-79.67508219626107,43.60675801041193],[-79.6741537496857,43.6061026271239],[-79.67414634756777,43.60610077654056],[-79.67380885141384,43.606016402236875],[-79.67255999823449,43.60712649901933],[-79.67235268952479,43.60731077272266],[-79.671661667679,43.6081745396857],[-79.67053877896375,43.6081745396857],[-79.67031420283766,43.6090728519484],[-79.67008962311832,43.60997116315299],[-79.66951757684372,43.610466946359814],[-79.66829281468367,43.61152841442431],[-79.66672095697255,43.612890674265316],[-79.66631671689132,43.61266609821699],[-79.66649637904983,43.612890674265316],[-79.66584082628474,43.61365549129918],[-79.66520281132892,43.614399837688644],[-79.66514891241188,43.61446271889283],[-79.6652487251214,43.6145375786843],[-79.6660472232044,43.61513645171012],[-79.66739468984237,43.61446271889283],[-79.66829300063492,43.61558560793112],[-79.66896673440306,43.61536103023998],[-79.6696404681712,43.61581018478357]],[[-79.66380144487557,43.61311525207658],[-79.66469975566812,43.611992363089094],[-79.66497854063002,43.61192266695263],[-79.66469975566812,43.61176778498707],[-79.66312771200573,43.61154320669692],[-79.66257161442068,43.61237735737323],[-79.66380144487557,43.61311525207658]],[[-79.67907273463702,43.60570418512657],[-79.6786235796899,43.60435671787311],[-79.67737976426267,43.60290560056498],[-79.67727611305193,43.603009251010576],[-79.67542334586328,43.601998653012096],[-79.67458117887767,43.603009251010576],[-79.67460759922848,43.603101724368486],[-79.67480575680038,43.603233829290666],[-79.67480575680038,43.603795278803815],[-79.67493052111524,43.60423195163091],[-79.67592864641395,43.60503045071933],[-79.67750069097464,43.60503045071933],[-79.6786235796899,43.60570418512657],[-79.67907273463702,43.60570418512657]],[[-79.67952189138076,43.60188636199665],[-79.6801956242506,43.603009251010576],[-79.68234093320142,43.60261919566862],[-79.68246431950062,43.60259676165262],[-79.68289055842484,43.60188636199665],[-79.68199224583569,43.60098805104785],[-79.68194301815811,43.60102497217485],[-79.68109393504312,43.60166178389059],[-79.67952189138076,43.60076347284124],[-79.67766239221734,43.60097008422368],[-79.67757161206801,43.60110625373889],[-79.67802042745194,43.60185428122705],[-79.67817442384447,43.60166178389059],[-79.67952189138076,43.60188636199665]],[[-79.68917873576927,43.60233551829579],[-79.68720053502088,43.60387411857821],[-79.68738209621789,43.60420697870668],[-79.68794094354602,43.60495211202984],[-79.68917873576927,43.60406797551684],[-79.68917873576927,43.60233551829579]],[[-79.67458117887767,43.593801562043126],[-79.67390744600783,43.59290325009935],[-79.67278455729257,43.593127827715904],[-79.67188624560171,43.59222951677583],[-79.67222311293494,43.59155578436806],[-79.671661667679,43.59133120609026],[-79.67098793480919,43.59267867294602],[-79.67321544410008,43.59368106073474],[-79.67395043937734,43.594011808158605],[-79.67417693789812,43.59393630865403],[-79.67458117887767,43.593801562043126]],[[-79.61727421533931,43.61887502162552],[-79.61641553103057,43.61828054113948],[-79.61596637518514,43.61917885203207],[-79.61416975270173,43.61962800797333],[-79.61372059685631,43.620750896803294],[-79.61372059685631,43.622098364200035],[-79.61529264231531,43.62322125306266],[-79.61506806439259,43.624119564268554],[-79.61423099893949,43.624538095941084],[-79.61416975270173,43.62456871906449],[-79.61214855319393,43.623670408067525],[-79.61164325354156,43.624175708882845],[-79.61125024060475,43.62456871906449],[-79.6121485513973,43.62569160860419],[-79.61372059685631,43.62524245309439],[-79.61501047968795,43.625795260099345],[-79.61529264231531,43.6259161860759],[-79.61529264231531,43.626253053311416],[-79.61529264231531,43.62726365279437],[-79.61349601893359,43.62928485280567],[-79.61506806439259,43.62816196406514],[-79.61619095310785,43.62861111986792],[-79.61619095310785,43.62973400932045],[-79.61506806439259,43.63063232008284],[-79.61641553103057,43.63130605312131],[-79.61659799952602,43.631670992760725],[-79.61708926390041,43.63153063107301],[-79.61686468597769,43.63018316377912],[-79.61776299677022,43.62906027491515],[-79.6186613093594,43.62883569683575],[-79.61955962015195,43.62995858599401],[-79.62045793094448,43.62973400932045],[-79.62127813142645,43.63014410901007],[-79.62135624173703,43.63018316377912],[-79.62194576024392,43.629762081613116],[-79.62292828719603,43.62906027491515],[-79.62225455342788,43.62816196406514],[-79.62270370927331,43.62726365279437],[-79.62360202006586,43.627039075154805],[-79.62478104809648,43.62782509452279],[-79.62494948670384,43.627937385880486],[-79.62539864165095,43.62681449667626],[-79.62382659798858,43.62658991995957],[-79.62315286511874,43.62524245309439],[-79.62168978889696,43.62440641041524],[-79.62168783236628,43.62440529194963],[-79.62158081965975,43.624344141760865],[-79.61866131205434,43.62726365409481],[-79.61843673143669,43.62748823089532],[-79.61753841974584,43.627712808157185],[-79.61686468597769,43.62726365279437],[-79.61686468597769,43.62658991995957],[-79.61686468597769,43.62614076400917],[-79.61727299991871,43.62577329315789],[-79.62135624173703,43.622098364200035],[-79.62135624173703,43.62164920785489],[-79.61978419807467,43.620526318894115],[-79.61911046430652,43.62097547517418],[-79.61821215261564,43.620750896803294],[-79.61776299677022,43.62007716316045],[-79.61794707594498,43.61934084898184],[-79.61745819390275,43.61900239197752],[-79.61731384182312,43.61895427475422],[-79.61727421533931,43.61887502162552]],[[-79.59418232925823,43.60884827400223],[-79.59530522965159,43.60738852097989],[-79.59485606302638,43.607276228967194],[-79.5935085963884,43.605479606961964],[-79.59283486172195,43.605479606961964],[-79.59216112885211,43.60794996293858],[-79.59305943964466,43.6081745396857],[-79.59328401756738,43.60884827400223],[-79.59418232925823,43.60884827400223]],[[-79.58317801733344,43.607276228967194],[-79.58317801733344,43.606827073780714],[-79.5825192539895,43.607066625668985],[-79.58247220203154,43.607083735320124],[-79.58272885969137,43.60727623026806],[-79.58317801733344,43.607276228967194]],[[-79.59934761609078,43.60772538470248],[-79.60002135165557,43.60794996293858],[-79.60027088298024,43.60757566693035],[-79.60024592957828,43.607500806928854],[-79.5988984629403,43.607276228967194],[-79.59927275678322,43.6076505248873],[-79.59934761609078,43.60772538470248]],[[-79.60499752335784,43.587856160139964],[-79.60541121820744,43.586615072338674],[-79.60473748533762,43.585941338897435],[-79.60541121910576,43.58481845020655],[-79.60541121910576,43.58459387216726],[-79.60541121910576,43.58369556074194],[-79.60406375156948,43.58257267180618],[-79.60339001869964,43.583246405208214],[-79.60339001869964,43.58414471617807],[-79.60271628493149,43.58459387216726],[-79.60181797413897,43.584369293940846],[-79.6006950854237,43.583246405208214],[-79.60002135165557,43.583246405208214],[-79.59844930709485,43.58481845020655],[-79.59755099630233,43.58459387216726],[-79.5968772634325,43.58549218320168],[-79.59597895084333,43.58526760507308],[-79.5955297958962,43.58639049384453],[-79.59463148510366,43.587064228114734],[-79.59425718946413,43.586764792821356],[-79.59463148510366,43.587513383142],[-79.5935085963884,43.58908542797257],[-79.59508064005078,43.58953458418378],[-79.59575437381892,43.590657472735174],[-79.59642810668876,43.590657472735174],[-79.59710183955858,43.59133120609026],[-79.59822472917216,43.59133120609026],[-79.59867388501758,43.59200493906022],[-79.59844930709485,43.59245409495462],[-79.59934761788742,43.59267867294602],[-79.59956387741059,43.59257886219927],[-79.60060831984536,43.592096814495406],[-79.60100872052706,43.59191201403135],[-79.6022671299844,43.59133120609026],[-79.60294086285421,43.590432895009144],[-79.60294086285421,43.58908542797257],[-79.60496206326032,43.587962538721634],[-79.60499752335784,43.587856160139964]],[[-79.6061972413861,43.58646535343568],[-79.60675868574373,43.58683964999501],[-79.6072407100471,43.58657672974413],[-79.60630952989831,43.58639049384453],[-79.6061972413861,43.58646535343568]],[[-79.59418232925823,43.57269124902638],[-79.59485606302638,43.57067004870431],[-79.59642810668876,43.56977173780617],[-79.59597895084333,43.56864884889217],[-79.59642810668876,43.566852226306395],[-79.59395775133554,43.565729336990145],[-79.59309687783245,43.56443802836592],[-79.59305943964466,43.564381870951266],[-79.5935085963884,43.56348355870233],[-79.59440690718095,43.56325898180176],[-79.59464642318852,43.56343861982552],[-79.5953052179735,43.563932715199385],[-79.59591478328426,43.563932715199385],[-79.59665268461146,43.563932715199385],[-79.59710183955858,43.5652801821722],[-79.59844930709485,43.565055604158275],[-79.59934761788742,43.5655047599998],[-79.60002135165557,43.565055604158275],[-79.60028335788458,43.565317612085245],[-79.60114424126913,43.566178493015435],[-79.60518664118304,43.56213609320334],[-79.60677122802173,43.559906049610625],[-79.60805673875286,43.55809684567958],[-79.6090634456575,43.556679987831494],[-79.60918744191278,43.556505471291324],[-79.60951731855647,43.55604118789713],[-79.61036291261487,43.5548510450333],[-79.6099027748651,43.554275870321966],[-79.60922904109695,43.554725025803734],[-79.60906060787951,43.554725025803734],[-79.60608495197559,43.554725025803734],[-79.60541121910576,43.55405129230224],[-79.60473748533762,43.554275870321966],[-79.6042883303905,43.553826714096616],[-79.60181797413897,43.554275870321966],[-79.5988984629403,43.552703824837835],[-79.59869980500679,43.552306511756434],[-79.59844930709485,43.551805514252564],[-79.59779070904094,43.55173233687076],[-79.5970225776078,43.55164698853755],[-79.59642810668876,43.55158093614172],[-79.596379285948,43.551727399910604],[-79.59620352876603,43.55225466991685],[-79.5953052179735,43.55247924812127],[-79.59418232925823,43.55135635914722],[-79.59362088490062,43.55121599818206],[-79.59345245078484,43.55117388943817],[-79.59328401756738,43.55113178131586],[-79.59261028469754,43.551805514252564],[-79.58969077260056,43.551805514252564],[-79.5899153514216,43.55247924812127],[-79.59283486172195,43.55292840332175],[-79.59328401756738,43.55360213700721],[-79.59283486172195,43.55450044815581],[-79.58946619467787,43.55450044815581],[-79.58766957309277,43.55562333714033],[-79.58757664507156,43.55584017267634],[-79.58713058751557,43.556880974861805],[-79.58699584022294,43.557195380679175],[-79.58677126409687,43.55741995935067],[-79.58671512028991,43.557476103724966],[-79.58542379476393,43.558767426170554],[-79.5847500609958,43.558542848615375],[-79.58407632812597,43.55831827022313],[-79.58340259525613,43.55899200419064],[-79.58227970564256,43.558767426170554],[-79.58138139485003,43.55921658072271],[-79.58059536987473,43.55882356928933],[-79.5811568169273,43.559665737134395],[-79.58003392821206,43.56101320385546],[-79.58093223900461,43.56101320385546],[-79.58138139485003,43.56213609320334],[-79.58017214839157,43.56325898180176],[-79.57823730572865,43.565055604158275],[-79.57891103859846,43.5655047599998],[-79.57958477326494,43.5652801821722],[-79.58069441182977,43.564249820041546],[-79.58272886238632,43.562360671035115],[-79.58362717317885,43.562809826139976],[-79.58385175110158,43.56370813671853],[-79.58284115808503,43.56460644822238],[-79.58183056596681,43.565504745679846],[-79.58183054979715,43.56550476065072],[-79.58183054979715,43.565953915096],[-79.58295343941073,43.566852226306395],[-79.58385175199987,43.56685222695731],[-79.58362717317885,43.566178493015435],[-79.58452548397139,43.5652801821722],[-79.58479497765832,43.56537001353392],[-79.58519921684123,43.5655047599998],[-79.58609752943039,43.56460644822238],[-79.58699584022294,43.564831025958036],[-79.58744499517007,43.565729336990145],[-79.58677126230023,43.56662764894611],[-79.58699584022294,43.56730138176964],[-79.58632210555649,43.56797511486809],[-79.58632210555649,43.56887342717809],[-79.58567428548935,43.56930530724521],[-79.58564837268665,43.56932258188882],[-79.58407632812597,43.56887342717809],[-79.58317801733344,43.56977173780617],[-79.58317801733344,43.570894627264224],[-79.58407632812597,43.571568359871925],[-79.58467520258655,43.571568359871925],[-79.58475006189411,43.571568359871925],[-79.58527407794543,43.57104434453722],[-79.58542379476393,43.570894627264224],[-79.5856162902546,43.570958791855354],[-79.58609752853208,43.571119204335865],[-79.58654668437751,43.57179293768554],[-79.58609752943039,43.57291582720862],[-79.58623227492639,43.57298320017454],[-79.58665896390656,43.573196544040194],[-79.58699584022294,43.57336498171144],[-79.58699584022294,43.573477274532166],[-79.58699584022294,43.57471244920046],[-79.58789415101549,43.575386182702374],[-79.5885678838853,43.57493702700422],[-79.5899153514216,43.57516160527204],[-79.59013992934432,43.574487871210025],[-79.59126281805959,43.574487871210025],[-79.59148739598231,43.57426329368369],[-79.59216113244538,43.57358956193697],[-79.5929286458376,43.573781439678555],[-79.59418232925823,43.57269124902638]]],[[[-79.67592864641395,43.67622161228443],[-79.67570406759293,43.675098723015864],[-79.67480575769869,43.67599703442246],[-79.67458117887767,43.67622161228443],[-79.67446889126377,43.67624968429571],[-79.67368286808514,43.676446189955705],[-79.67300913431698,43.67599703377274],[-79.67278455729257,43.675098723015864],[-79.6714370897563,43.674200411806005],[-79.6714370897563,43.67195463407779],[-79.67053877896375,43.671056323236705],[-79.66649637904983,43.66813681127786],[-79.66474816587876,43.669229444242816],[-79.66474606022776,43.66923075940895],[-79.66469975566812,43.669259700204485],[-79.66447517235551,43.66903511838155],[-79.66445497014308,43.66901491712666],[-79.66445489648125,43.66901484370063],[-79.66312771200573,43.66768765593343],[-79.66357686695285,43.66678934490869],[-79.6640260227983,43.66678934490869],[-79.66357686695285,43.66589103278693],[-79.66380144487557,43.665217300270704],[-79.66582264528168,43.664543566691215],[-79.66649637904983,43.663420677918104],[-79.66829300063492,43.6627469443204],[-79.66829300063492,43.66207321096012],[-79.66672095697255,43.6627469443204],[-79.6660472232044,43.66184863279289],[-79.66492433359083,43.662297788937074],[-79.6640260227983,43.6613994778374],[-79.66267855616033,43.66095032212119],[-79.66174777666015,43.662230155947604],[-79.66178024536777,43.662522366723884],[-79.66127040203669,43.662886542287566],[-79.6608819336769,43.663420677918104],[-79.66052261025821,43.663420677918104],[-79.66020819990878,43.6636452547536],[-79.6622294012132,43.664768143874916],[-79.66335228992845,43.666564766838995],[-79.66227946252735,43.66742302919435],[-79.66226217444971,43.667436859646784],[-79.6622558206657,43.667441942421725],[-79.6622294012132,43.6674630779755],[-79.66153069338185,43.666914102847656],[-79.66144344181492,43.666845548427695],[-79.66109522336977,43.66657194988799],[-79.65908531209182,43.66499272216797],[-79.65818700040099,43.66499272216797],[-79.65796242337657,43.665666455905104],[-79.65728868871011,43.66589103278693],[-79.65773784455553,43.666564766838995],[-79.65728868871011,43.6674630779755],[-79.65616579999487,43.66813681127786],[-79.6550429112796,43.6674630779755],[-79.65392002166602,43.670382588916965],[-79.65302171087347,43.670607166997485],[-79.65234797800365,43.67015801129559],[-79.65279713295077,43.67128090009575],[-79.65238252900609,43.67211011077628],[-79.65234797800365,43.67217921212378],[-79.6510903428941,43.67271819860433],[-79.65077593344296,43.67285294511792],[-79.64920388888228,43.6726283669941],[-79.64835049295561,43.67348176511139],[-79.64808100016701,43.67375125570658],[-79.64718268757785,43.67397583417652],[-79.64740726639887,43.67442498989456],[-79.64695811055346,43.675098723015864],[-79.64493691104565,43.675098723015864],[-79.64345733995863,43.676155560135825],[-79.64336486558665,43.67622161228443],[-79.64326505197879,43.676143635345106],[-79.64296557073106,43.67590967533154],[-79.63617837655134,43.670607166997485],[-79.6352800648605,43.670831744887494],[-79.63415717614524,43.670382588916965],[-79.63348344327541,43.66903512293007],[-79.631686820792,43.66858596716002],[-79.63078850999948,43.66701392213827],[-79.63039219485567,43.66673650346781],[-79.62910417423163,43.665834890107355],[-79.62854273167065,43.6654418781831],[-79.62844483955917,43.665505220652584],[-79.6269064027699,43.666500691846174],[-79.62472490878112,43.66791223370084],[-79.62480657282697,43.66807556328552],[-79.62486927972537,43.6682009767953],[-79.62517406462653,43.668810544815386],[-79.62472490878112,43.669708856131074],[-79.62382659798858,43.669933434133526],[-79.62315286511874,43.669259700204485],[-79.62214226222073,43.669259700854234],[-79.6220299764035,43.669259700204485],[-79.62170914848966,43.668778462715984],[-79.62158081965975,43.66858596716002],[-79.62180539758246,43.66768765593343],[-79.62705180947168,43.663971449317245],[-79.62719526503265,43.66386983269849],[-79.62562321957367,43.6627469443204],[-79.62539864165095,43.66095032212119],[-79.62315286511874,43.65937827729836],[-79.62292828719603,43.657581655028174],[-79.62180539758246,43.657581655028174],[-79.6201486499753,43.65865368071653],[-79.61798757469295,43.66005201100631],[-79.61783926912773,43.66002235024768],[-79.61686468597769,43.65982743307713],[-79.61641553103057,43.6589291220589],[-79.61686463477372,43.65825546478772],[-79.61686468597769,43.658255388099015],[-79.62135624173703,43.65556045530339],[-79.6224651077507,43.65556045530339],[-79.62360202006586,43.65556045530339],[-79.62472490878112,43.65690792219673],[-79.6248496739943,43.65680810949915],[-79.62494948670384,43.65672825896165],[-79.62584779839469,43.65600960974465],[-79.62719526503265,43.65690792219673],[-79.62899188661775,43.65600960974465],[-79.6298901983086,43.65690792219673],[-79.62921646543877,43.658479966059076],[-79.63258513158456,43.65960285495784],[-79.63303428742998,43.658479966059076],[-79.63460633199068,43.658479966059076],[-79.63438175406796,43.65735707695779],[-79.6352800648605,43.65645876602575],[-79.63393259912084,43.65511129880246],[-79.63460633199068,43.65331467690087],[-79.63348344327541,43.65376383319063],[-79.63213597573913,43.652416365942656],[-79.63280971040558,43.65151805519703],[-79.63251872003391,43.65093607694605],[-79.6324492892456,43.65079721427611],[-79.63236055366184,43.650619742714696],[-79.63303428742998,43.64972143174612],[-79.63438175406796,43.64927227707344],[-79.63617685211031,43.649372004796426],[-79.63842415488018,43.64949685417961],[-79.63842415488018,43.64851274662295],[-79.63842415488018,43.6479248098029],[-79.63977162061984,43.64725107718232],[-79.64031160961522,43.64779106751068],[-79.6406699323107,43.64814938804718],[-79.6406699323107,43.64927227707344],[-79.64224197687139,43.64972143174612],[-79.64246655479411,43.650395165907135],[-79.64358944440768,43.65084432128245],[-79.64471233312292,43.65017058825986],[-79.64448775520022,43.64949685417961],[-79.64493691104565,43.64882312099194],[-79.64673353263072,43.64882312099194],[-79.64785642224432,43.64814938804718],[-79.64875473303684,43.64927227707344],[-79.64808100016701,43.650395165907135],[-79.64695811055346,43.65084432128245],[-79.6462843767853,43.65174263170569],[-79.64650895470803,43.652416365942656],[-79.64740726639887,43.652640944291946],[-79.64808100016701,43.65174263170569],[-79.64942846590668,43.65219178805348],[-79.64987762175211,43.650395165907135],[-79.6518407281088,43.65019885575292],[-79.65212340008095,43.65017058825986],[-79.6532462887962,43.64882312099194],[-79.65279713295077,43.64770023201897],[-79.6532462887962,43.646801920937115],[-79.65414459958875,43.64657734285513],[-79.6552674892023,43.64725107718232],[-79.65639037791757,43.64657734285513],[-79.65728868871011,43.64747565404547],[-79.65717640199453,43.64798095103011],[-79.65683953376299,43.64949685417961],[-79.65616579999487,43.64994600977282],[-79.65533584560555,43.64978001852966],[-79.6550429112796,43.64972143174612],[-79.65462474102326,43.650232537010254],[-79.65302171087347,43.65219178805348],[-79.65392002166602,43.652640944291946],[-79.65436917840977,43.65353925514069],[-79.65571664504773,43.65353925514069],[-79.65683953376299,43.65421298807096],[-79.65728868871011,43.655335876822924],[-79.65639037791757,43.65623418830513],[-79.6552674892023,43.65578503294393],[-79.65392002166602,43.65600960974465],[-79.65616579999487,43.65690792219673],[-79.65930988911622,43.654437566201175],[-79.66043277783149,43.654886721891934],[-79.66043277783149,43.65600960974465],[-79.66019499108083,43.65624740065582],[-79.6622294012132,43.65735707695779],[-79.66245397823761,43.65623418830513],[-79.6608819336769,43.65556045530339],[-79.65998362288437,43.65398840975079],[-79.66200482329049,43.65151805519703],[-79.66312771200573,43.65084432128245],[-79.66297799518723,43.650694604930536],[-79.66267855616033,43.650395165907135],[-79.66237911893003,43.65045505331126],[-79.66155566744506,43.650619742714696],[-79.6608819336769,43.65017058825986],[-79.6608819336769,43.64882312099194],[-79.66037672834764,43.64843018751053],[-79.65886073416911,43.64725107718232],[-79.65930988911622,43.64635276523358],[-79.66043277783149,43.64612818807247],[-79.66110651159963,43.646801920937115],[-79.66178024536777,43.646801920937115],[-79.66245397823761,43.64612818807247],[-79.66312771200573,43.64635276523358],[-79.66357686695285,43.64702649882952],[-79.66312771200573,43.64814938804718],[-79.66335228992845,43.64822424749197],[-79.66349049214166,43.648270315196285],[-79.66447517864373,43.64859854331671],[-79.6648222526352,43.64929269362232],[-79.66492433359083,43.64949685417961],[-79.66503662300136,43.649426673720995],[-79.66672095697255,43.648373966101765],[-79.66649637904983,43.6479248098029],[-79.66694553399695,43.64725107718232],[-79.66806842271221,43.64702649882952],[-79.6694158902485,43.64814938804718],[-79.66832602719634,43.64989316845682],[-79.66829300063492,43.64994600977282],[-79.66948607292669,43.65090047343045],[-79.67053877896375,43.65174263170569],[-79.67278455729257,43.65151805519703],[-79.673233713138,43.652416365942656],[-79.67368286808514,43.652416365942656],[-79.67413202393055,43.6512934771986],[-79.67525491264583,43.650395165907135],[-79.67637780225938,43.650395165907135],[-79.67727611305193,43.6510688990104],[-79.67763791671914,43.65085181755501],[-79.67839900176718,43.650395165907135],[-79.67997104632788,43.650395165907135],[-79.68109393504312,43.65151805519703],[-79.68086935801873,43.652640944291946],[-79.6801956242506,43.652865521151455],[-79.6801956242506,43.65300031353128],[-79.6801956242506,43.654437566201175],[-79.68064478009602,43.65511129880246],[-79.68086935801873,43.65398840975079],[-79.68120982040972,43.65385222544153],[-79.68199224583569,43.65353925514069],[-79.69030162538284,43.65982743307713],[-79.69389487034965,43.65578503294393],[-79.69479318114219,43.655335876822924],[-79.69591606985745,43.65578503294393],[-79.69636522480457,43.656683344206265],[-79.69614064688186,43.65735707695779],[-79.69546691401202,43.65780623290851],[-79.69479318114219,43.657581655028174],[-79.69344571360591,43.6591537000986],[-79.69299655776047,43.65982743307713],[-79.69344571360591,43.6613994778374],[-79.69187366904522,43.6627469443204],[-79.69510654675096,43.664776958871755],[-79.69395307040028,43.6658007412807],[-79.69371155204793,43.66601480811492],[-79.69355855278539,43.666150417042395],[-79.69299655776047,43.66589103278693],[-79.69254740281337,43.666564766838995],[-79.69276449058324,43.66685421886141],[-79.69272632296344,43.66688804803153],[-79.69244233765437,43.66713974009756],[-79.69215834426043,43.667391435007076],[-79.69187435805304,43.66764313730864],[-79.69159035477765,43.66789482815791],[-79.69122002520008,43.668223045189684],[-79.69069346152662,43.66868970841117],[-79.6903627422632,43.66932953584151],[-79.69031452159706,43.66942282793852],[-79.69029256407659,43.66946534391142],[-79.69036370435887,43.66951886067327],[-79.69040728881984,43.669551642192374],[-79.69075344922469,43.669811928767786],[-79.69068261975947,43.669861579036784],[-79.69050318846799,43.66998733059775],[-79.6904591135269,43.6700182249083],[-79.69043199518508,43.670036961878154],[-79.69021100872689,43.6700248961695],[-79.69008410911658,43.670135650563765],[-79.68988702862472,43.670335801332],[-79.68973224890127,43.670554670697214],[-79.68969593270927,43.67062067378024],[-79.68938356602709,43.67122519974865],[-79.68932927903785,43.671330260654905],[-79.68875281215374,43.671714571442536],[-79.68805584705402,43.67217921212378],[-79.68625922457063,43.67195463407779],[-79.6840134471401,43.67442498989456],[-79.68356429129467,43.67442498989456],[-79.68378886921738,43.67487414484975],[-79.68311513544924,43.67554787942554],[-79.68289055842484,43.67577245571993],[-79.68161795199276,43.67577245571993],[-79.68086935801873,43.67577245571993],[-79.6804202021733,43.67532330099124],[-79.68029187154676,43.6753874666224],[-79.67952189138076,43.67577245571993],[-79.6788481567143,43.67532330099124],[-79.67660237928379,43.676670768085856],[-79.67592864641395,43.67622161228443]],[[-79.65980895086727,43.66040135437057],[-79.66020820080709,43.65960285495784],[-79.6608819336769,43.65937827729836],[-79.65949483516525,43.6583874933801],[-79.65930988911622,43.658255388099015],[-79.65886073686407,43.657581663477025],[-79.65805867157106,43.6583837193932],[-79.65796242337657,43.658479966059076],[-79.6586361562464,43.6591537000986],[-79.65841157832368,43.65960285495784],[-79.65930988911622,43.66027658874531],[-79.65980895086727,43.66040135437057]]],[[[-79.61416975270173,43.701598902898596],[-79.61512529695766,43.70323699227998],[-79.61574179726242,43.70429383570508],[-79.61664010895328,43.70721334687962],[-79.61785282740031,43.7070786009122],[-79.6186613093594,43.70698877009903],[-79.61955962015195,43.70788708126413],[-79.61933504222922,43.708336235694354],[-79.62113166381431,43.70766250311156],[-79.6220299764035,43.70856081392009],[-79.62180539758246,43.7092345480941],[-79.62382659798858,43.70990828118843],[-79.62539864165095,43.70990828118843],[-79.62629695424012,43.70878539195376],[-79.62719526503265,43.709009969795325],[-79.6278689979025,43.70990828118843],[-79.62899188661775,43.7092345480941],[-79.6298901983086,43.710357436706204],[-79.63078850999948,43.710357436706204],[-79.63120800167759,43.71059048900855],[-79.63280971040558,43.71148032570903],[-79.63348344327541,43.710582013852196],[-79.63155848926715,43.71019702348004],[-79.63123766494657,43.710132858718715],[-79.63078850999948,43.7092345480941],[-79.6298901983086,43.7092345480941],[-79.62942150949564,43.708843976288264],[-79.62919473249711,43.70865499567812],[-79.62854273167065,43.70811165922463],[-79.62831815374793,43.70698877009903],[-79.62719526503265,43.706090459108424],[-79.62751609114986,43.70528839392668],[-79.62764441997977,43.704967569784486],[-79.62768347693171,43.70495780542594],[-79.62847086644791,43.70476095806049],[-79.62849995479512,43.704753686069175],[-79.62831815374793,43.70384468085721],[-79.6278689979025,43.70384468085721],[-79.62741984295538,43.70384468085721],[-79.62697068710995,43.70429383570508],[-79.6245003308584,43.70429383570508],[-79.62382659798858,43.70541672531068],[-79.62292828719603,43.70564130278582],[-79.6220299764035,43.70474299173346],[-79.6224791313506,43.70384468085721],[-79.62135624173703,43.70384468085721],[-79.61978419807467,43.70474299173346],[-79.6188858863838,43.70384468085721],[-79.61911046430652,43.70249721430606],[-79.6185265629651,43.70249721430606],[-79.61776299677022,43.70249721430606],[-79.61574179726242,43.701598902898596],[-79.61461890764885,43.70182347973931],[-79.61416975270173,43.701598902898596],[-79.6132714419092,43.701149746693396],[-79.61237313021833,43.70002685769509],[-79.61259770814105,43.699353125242396],[-79.61192397527122,43.69980227996964],[-79.61102566358036,43.699577702052395],[-79.6101273518895,43.69845481413689],[-79.61147481942578,43.69733192467669],[-79.61102566358036,43.69620903627097],[-79.61147481942578,43.695310724176096],[-79.61259770814105,43.69508614697245],[-79.6126449891694,43.69510978767487],[-79.61349601893359,43.69553530183767],[-79.6132714419092,43.693514101833884],[-79.61372059685631,43.69306494611953],[-79.61372059685631,43.69194205705557],[-79.61551722023803,43.691492901908724],[-79.61426599820128,43.69110791235324],[-79.61259770814105,43.69059459126691],[-79.61035192981223,43.69598445788509],[-79.60922904109695,43.69688276897995],[-79.60855530822714,43.69665819116894],[-79.6081061523817,43.695310724176096],[-79.6101273518895,43.69216663499142],[-79.61057650773495,43.69014543512252],[-79.60922904109695,43.69014543512252],[-79.60833073030442,43.68812423469449],[-79.60922904109695,43.68722592426606],[-79.61057650773495,43.68767507888839],[-79.61102566358036,43.687001346018455],[-79.60877988614986,43.686776768229244],[-79.60698326276813,43.68789965721185],[-79.60608495197559,43.687001346018455],[-79.60406375156948,43.686776768229244],[-79.60361459572404,43.686103035013545],[-79.60383917364676,43.68542930072673],[-79.60421347018462,43.685179771270285],[-79.60451290831323,43.68498014617822],[-79.60630952989831,43.68498014617822],[-79.60653410782103,43.68430641292193],[-79.60656866062011,43.684289136211525],[-79.60743241861357,43.68385725711178],[-79.6081061523817,43.68475556796763],[-79.61035192981223,43.68475556796763],[-79.61346146793113,43.685584778891254],[-79.61372059685631,43.68565387901351],[-79.61380333618554,43.68548840093864],[-79.61416975270173,43.68475556796763],[-79.61282228606377,43.68363267924487],[-79.61259770814105,43.68273436781537],[-79.6130468639865,43.682060635323005],[-79.61394517477902,43.681836057226946],[-79.61518035020984,43.68273436976427],[-79.6158454502698,43.683218079588954],[-79.61641553103057,43.68363267924487],[-79.61641553103057,43.68371690172773],[-79.61641553103057,43.68565387901351],[-79.61753841974584,43.686103035013545],[-79.6188858863838,43.685878457109105],[-79.62068250886719,43.68745050232243],[-79.62163696526332,43.68649604675913],[-79.62180539758246,43.68632761272675],[-79.62190904969152,43.68637943848334],[-79.62198505974098,43.68641744396636],[-79.62270370927331,43.686776768229244],[-79.62270370927331,43.68722592426606],[-79.62278537421747,43.68718509227425],[-79.62351218943576,43.68682168385432],[-79.62360202006586,43.686776768229244],[-79.62371430857806,43.68688905722894],[-79.6245003308584,43.68767507888839],[-79.62427575293567,43.688348813284996],[-79.62674610918722,43.690370013290384],[-79.62854273167065,43.69081916905201],[-79.6296656212842,43.68992085676334],[-79.63123766494657,43.68969628016147],[-79.63258513158456,43.68857339103471],[-79.63325886535269,43.68879796794351],[-79.63370802119812,43.68992085676334],[-79.63236055366184,43.691492901908724],[-79.63258513068624,43.69171748087689],[-79.63370802119812,43.692840368949476],[-79.63391728823514,43.693677435782895],[-79.63393259912084,43.69373867972865],[-79.63270762855163,43.69496365072906],[-79.63258513158456,43.69508614697245],[-79.63366310363729,43.69580479535024],[-79.63393259912084,43.69598445788509],[-79.6352800648605,43.69598445788509],[-79.63760070609015,43.694437367196045],[-79.63797499903475,43.694187834943584],[-79.63903664061395,43.69386117717527],[-79.63954704898534,43.693704128488655],[-79.64089451023342,43.69328952374772],[-79.6416379406912,43.69338245318328],[-79.64248803081759,43.69348871523424],[-79.6426911327168,43.693514101833884],[-79.64342100849525,43.69424398097628],[-79.64342111090322,43.694244083599656],[-79.64403859935479,43.69486156892779],[-79.64358944440768,43.69598445788509],[-79.64291570974122,43.69620903627097],[-79.64179282102594,43.695310724176096],[-79.64111908815613,43.695310724176096],[-79.63775042111203,43.69665819116894],[-79.6386487319046,43.697107347248874],[-79.63932246567272,43.6982302357189],[-79.63932246477441,43.70025143652774],[-79.64022077736358,43.70092516927726],[-79.64201739894867,43.70092516927726],[-79.64241371229583,43.702114111201645],[-79.64258632986588,43.702212749076224],[-79.6426462169526,43.7021828058704],[-79.64291571243616,43.702048058985994],[-79.64403859935479,43.70092516927726],[-79.64463750345976,43.70062571777555],[-79.64493691104565,43.70047601386974],[-79.64583522183818,43.70070059101993],[-79.6462843767853,43.701598902898596],[-79.64516148807006,43.703170947146205],[-79.64718268757785,43.703620103145404],[-79.64740726639887,43.70429383570508],[-79.64650895470803,43.70541672531068],[-79.64808100016701,43.70721334687962],[-79.64785642224432,43.70811165922463],[-79.64695811055346,43.70856081392009],[-79.64336486558665,43.706090459108424],[-79.64224197687139,43.706090459108424],[-79.6406699323107,43.70721334687962],[-79.64156824400155,43.70766250311156],[-79.64156824400155,43.70811165922463],[-79.6426911327168,43.708336235694354],[-79.6426911327168,43.70721334687962],[-79.64358944440768,43.70676419182768],[-79.64583522183818,43.70811165922463],[-79.64605979886258,43.70878539195376],[-79.64516148807006,43.709683702816655],[-79.64673353263072,43.709009969795325],[-79.64695811055346,43.70923454874347],[-79.64746341110414,43.70973984862485],[-79.6476318443216,43.70990828118843],[-79.64757059628722,43.710153275996724],[-79.64740726639887,43.71080659210469],[-79.64782187214016,43.710530188881194],[-79.64808100016701,43.710357436706204],[-79.64897931095956,43.71080659210469],[-79.64897931095956,43.7119294811336],[-79.64937232120143,43.7119294811336],[-79.64942846590668,43.7119294811336],[-79.64954075531719,43.71215406018084],[-79.6498327059879,43.7127379616354],[-79.64987762175211,43.71282779227328],[-79.64977554079648,43.71290945832068],[-79.64903546734291,43.71350152263542],[-79.6476318443216,43.71462441506332],[-79.64740726639887,43.71574730398147],[-79.64920388888228,43.71574730398147],[-79.6496530438294,43.71642103723147],[-79.64920388888228,43.71709477004841],[-79.64942846590668,43.71776850373058],[-79.64853015511413,43.718666814992936],[-79.64718268757785,43.718217658772794],[-79.6462843767853,43.72023886024397],[-79.64695811055346,43.72023886024397],[-79.64875473303684,43.71889139281424],[-79.64987762175211,43.71934054787936],[-79.64987762175211,43.720463436717594],[-79.64830557719141,43.72136174782788],[-79.64875473303684,43.722035482222125],[-79.64853015511413,43.722709214882705],[-79.64942846590668,43.722035482222125],[-79.65055135462194,43.722484637089046],[-79.65077593344296,43.72315837119049],[-79.65032677759753,43.724056682143114],[-79.65077593344296,43.725179570879924],[-79.65032677759753,43.726302459991295],[-79.65088736765733,43.72670733398072],[-79.65049613338479,43.72706856098105],[-79.65032088824253,43.72723036498068],[-79.65016648850643,43.72737485296291],[-79.64959649488226,43.7278882434467],[-79.64897931095956,43.72742534882677],[-79.64808100016701,43.72787450417958],[-79.64740726639887,43.72764992692418],[-79.64695811055346,43.72854823803432],[-79.64538606599277,43.72922197080223],[-79.64403859935479,43.728772815816534],[-79.64336486558665,43.72787450417958],[-79.64358944440768,43.72720077118563],[-79.6442631772775,43.72675161597414],[-79.64538606599277,43.72697619270256],[-79.64561064391549,43.726527037754494],[-79.6426911327168,43.72473041479487],[-79.64201739894867,43.72473041479487],[-79.64111908815613,43.725853303886424],[-79.64022077736358,43.72562872684312],[-79.63999619944087,43.72720077118563],[-79.6388733098273,43.72764992692418],[-79.63842415488018,43.72720077118563],[-79.63707668824222,43.72720077118563],[-79.63662753239679,43.72540414895789],[-79.63550464278322,43.726527037754494],[-79.63460633199068,43.725853303886424],[-79.63280971040558,43.726302459991295],[-79.63123766494657,43.726077882035256],[-79.63078850999948,43.72540414895789],[-79.63123766494657,43.72428125988644],[-79.63056393207675,43.72383210420715],[-79.63033935415405,43.72293379313294],[-79.62764441997977,43.72136174782788],[-79.62719526503265,43.722709214882705],[-79.62607237631741,43.722709214882705],[-79.62562321957367,43.723607526078446],[-79.62472490878112,43.724056682143114],[-79.62382659798858,43.72315837119049],[-79.624275753834,43.72158632593552],[-79.62292828719603,43.72158632593552],[-79.62299977602466,43.721872282660016],[-79.62315286511874,43.722484637089046],[-79.62287835254435,43.72270424910276],[-79.6224794897784,43.722027080097845],[-79.62247252334336,43.72201686861323],[-79.6224269796568,43.721939224527965],[-79.6223168372198,43.72175143302632],[-79.62204997649498,43.72129639071411],[-79.62057265838268,43.71877725494764],[-79.62038336718264,43.718448643803754],[-79.62023708821673,43.71819565681296],[-79.61904717350316,43.71612974080092],[-79.61836942875728,43.71496634464674],[-79.61817969558612,43.71464064351547],[-79.61751324266336,43.713496580765984],[-79.61654222851993,43.71182959566218],[-79.61636831647756,43.71153102911915],[-79.61574147566556,43.710454841558246],[-79.61453816437617,43.70838887491374],[-79.6140561813953,43.70755691360099],[-79.61405543669194,43.70755562654848],[-79.6129142888202,43.705585747332066],[-79.61289899410417,43.70555934564798],[-79.6128828603617,43.705531475675805],[-79.61270985561774,43.70523286996617],[-79.6126721416472,43.70516776411037],[-79.61282228606377,43.704967569784486],[-79.61372059685631,43.70519214699417],[-79.61372059685631,43.704518414139926],[-79.61214855319393,43.702946368858804],[-79.61117366731162,43.70258078815137],[-79.6108317334802,43.70199044994894],[-79.61026106611955,43.701005169488965],[-79.61020232797807,43.7009037474154],[-79.6116993973485,43.70047601386974],[-79.6132714419092,43.701598902898596],[-79.61416975270173,43.701598902898596]],[[-79.6368521103195,43.70721334687962],[-79.63730126616491,43.70519214699417],[-79.63797499903475,43.70474299173346],[-79.6388733098273,43.704967569784486],[-79.6388733098273,43.70429383570508],[-79.63842415488018,43.703620103145404],[-79.6386487319046,43.70249721430606],[-79.63797499903475,43.70204805768713],[-79.63595379862865,43.703170947146205],[-79.63505548783608,43.703170947146205],[-79.63415717614524,43.70227263609252],[-79.63415717614524,43.70137432521664],[-79.63213597573913,43.70272179167835],[-79.631686820792,43.70406925772766],[-79.63033935415405,43.70406925772766],[-79.63011477623132,43.704967569784486],[-79.62963353795384,43.70528839587484],[-79.63033935415405,43.70564130278582],[-79.63303428742998,43.70519214699417],[-79.63415717614524,43.706090459108424],[-79.63483090991339,43.70586588071843],[-79.63572922070593,43.70631503600763],[-79.63617837655134,43.70721334687962],[-79.6368521103195,43.70721334687962]]]]}},{"type":"Feature","properties":{"FromBreak":4.0,"FID_1":0,"DGN_ID":0,"Shape__Are":0.0,"Shape__Len":0.0,"Drive_Time":"4 - 6"},"geometry":{"type":"MultiPolygon","coordinates":[[[[-79.61798757469295,43.48780084269241],[-79.61843673143669,43.486677953804694],[-79.61847502302399,43.48666518976211],[-79.61850264352402,43.486677216013895],[-79.61857156317093,43.48667853126287],[-79.6186111689935,43.48666054141826],[-79.6186336672998,43.48665413984269],[-79.61872874409114,43.48659731882326],[-79.61876140863151,43.48656972788148],[-79.6190235307432,43.486482354201506],[-79.61911046430652,43.486453376259675],[-79.61940989974018,43.48675281345258],[-79.62000877509905,43.487351687295885],[-79.62044244309067,43.48747559292604],[-79.62130340013707,43.48772158048646],[-79.621580823253,43.48780084464764],[-79.62113166381431,43.488249999311186],[-79.61955962015195,43.48847457604226],[-79.61911046430652,43.490271198934174],[-79.61886093388016,43.49045834782612],[-79.61843673143669,43.489822043007564],[-79.6186613093594,43.48847457604226],[-79.61798757469295,43.48780084269241]]],[[[-79.61529264231531,43.489822043007564],[-79.61641553103057,43.48959746476929],[-79.61551722023803,43.489822043007564],[-79.61516394876939,43.49052858667684],[-79.61525325837661,43.49031738304527],[-79.61527508114982,43.49018818084468],[-79.61526663878278,43.49015779631138],[-79.61524631080621,43.49013418379977],[-79.61519163484645,43.49004587744739],[-79.61516292199502,43.490008857654075],[-79.61516033574532,43.48999845290021],[-79.61529264231531,43.489822043007564]]],[[[-79.61812232198555,43.490877559317866],[-79.6186613102577,43.49060806547938],[-79.61821215261564,43.49094493210084],[-79.61812232198555,43.490877559317866]]],[[[-79.61504234921927,43.4908161496431],[-79.61507490416517,43.490739163271904],[-79.61596637518514,43.49319071022024],[-79.61466034783122,43.491667012964825],[-79.61470418112552,43.4915931460896],[-79.61478823199506,43.491396928943175],[-79.61483008450415,43.49124788776461],[-79.61492233339901,43.49104587578141],[-79.61504234921927,43.4908161496431]]],[[[-79.61127065841285,43.4949260838375],[-79.61147481942578,43.49476275500276],[-79.61165448068598,43.494830128664894],[-79.61127065841285,43.4949260838375]]],[[[-79.60967819694238,43.49745768782292],[-79.60765699743457,43.49611022113285],[-79.60684248688163,43.4963138492227],[-79.60688434478061,43.49627464305873],[-79.60700002802629,43.496194923432505],[-79.60728216639913,43.4960070129341],[-79.60749756982786,43.495894365276186],[-79.60758134671126,43.49586153728381],[-79.60775443140525,43.49582233408444],[-79.6079425188628,43.49573288195747],[-79.60812742987753,43.49563877422519],[-79.60834562616846,43.49552053200353],[-79.6084293231018,43.4954949679014],[-79.60850206508023,43.49548304050314],[-79.60878996434903,43.495406585974244],[-79.6088838859069,43.495369326395775],[-79.60924647021011,43.49525296761325],[-79.60933823670963,43.49521325180891],[-79.60962264782016,43.495189364967075],[-79.60988503583319,43.49513517363499],[-79.60997803302467,43.49510021948967],[-79.61035192981223,43.4956610662731],[-79.610964415546,43.49517107789057],[-79.61080108565766,43.4956610662731],[-79.60945361901967,43.49611022113285],[-79.60922904109695,43.496783954978255],[-79.60967819694238,43.49745768782292]]],[[[-79.6296656212842,43.50621622202227],[-79.62876730869503,43.505767066107346],[-79.6278689979025,43.505991644156815],[-79.62697068710995,43.505093332810084],[-79.6240511759113,43.505542489177124],[-79.6224791313506,43.504195021778365],[-79.6224791313506,43.50352128918],[-79.62315286511874,43.502847554926845],[-79.62292828719603,43.501949243708026],[-79.62225455342788,43.5015000879732],[-79.62113166381431,43.50172466625826],[-79.62135624173703,43.50082635527315],[-79.62045793094448,43.49992804395436],[-79.61955962015195,43.49970346615407],[-79.6186613093594,43.50015262222258],[-79.61843673143669,43.49880515507071],[-79.61641553103057,43.497682266156666],[-79.61551722023803,43.49633479926492],[-79.61641553103057,43.49498733228106],[-79.61753841974584,43.4956610662731],[-79.61911046430652,43.49521191002749],[-79.61933504222922,43.49453817688927],[-79.61843673143669,43.49363986585877],[-79.6186613093594,43.49319071022024],[-79.62158081965975,43.49521191002749],[-79.62270370927331,43.496783954978255],[-79.62360202006586,43.496783954978255],[-79.62517406462653,43.498131420969976],[-79.62652153126452,43.497682266156666],[-79.62674610918722,43.49700853321118],[-79.62629695424012,43.49633479926492],[-79.62113166381431,43.492741553847864],[-79.6220299764035,43.491394088149185],[-79.62158081965975,43.490271198934174],[-79.62270370927331,43.48914830969797],[-79.62360202006586,43.48914830969797],[-79.62427575293567,43.489822043007564],[-79.62517406462653,43.489372888302874],[-79.62539864165095,43.48847457604226],[-79.62472490878112,43.487351687295885],[-79.62607237631741,43.48577964317734],[-79.62517406462653,43.48488133222657],[-79.62453867364968,43.48504017944812],[-79.62494948670384,43.4846567538681],[-79.62472490878112,43.48308470870562],[-79.62562321957367,43.48241097585706],[-79.62542446372379,43.481615955982726],[-79.62606949631859,43.48208997227931],[-79.62754829754942,43.48317871672147],[-79.6276209586795,43.483232055804436],[-79.62794142277565,43.483468597911596],[-79.64119587075672,43.49320545922957],[-79.64326969357386,43.49472852139083],[-79.64291570974122,43.49543648824207],[-79.64381402233039,43.49611022113285],[-79.64358944440768,43.496783954978255],[-79.6426911327168,43.49700853321118],[-79.64246655479411,43.497682266156666],[-79.64089451023342,43.497682266156666],[-79.6404453552863,43.49880515507071],[-79.63842415488018,43.49925431000235],[-79.63775042111203,43.50037719900382],[-79.63617837655134,43.50037719900382],[-79.63572922070593,43.5015000879732],[-79.63460633199068,43.50217382227716],[-79.6296656212842,43.49902973295422],[-79.62876730869503,43.49925431000235],[-79.62831815374793,43.50015262222258],[-79.62899188661775,43.50105093280638],[-79.63033935415405,43.50172466625826],[-79.631686820792,43.50352128918],[-79.63280971040558,43.50352128918],[-79.63483090991339,43.505093332810084],[-79.63348344327541,43.50666537785283],[-79.63146224286929,43.505991644156815],[-79.63011477623132,43.50688995516635],[-79.6296656212842,43.50621622202227]]],[[[-79.60770215125234,43.50623887438013],[-79.60608495197559,43.505093332810084],[-79.60565028415905,43.50457173339067],[-79.60512247542063,43.50393836275159],[-79.60496206326032,43.503745865810664],[-79.60504017716417,43.50360916728978],[-79.60586037405288,43.50217382227716],[-79.60451290831323,43.5015000879732],[-79.60399119823724,43.5008740397789],[-79.60415399542461,43.50022134066385],[-79.60426389621477,43.49987572962001],[-79.60428140258303,43.49983626772851],[-79.60428248325631,43.49979770764924],[-79.60444830147799,43.499428457283],[-79.60456492705637,43.49921003742085],[-79.60476044537798,43.49888241331407],[-79.60479695470774,43.498776254720184],[-79.60494658438967,43.49846193653085],[-79.60505904448009,43.49825963589471],[-79.60514289592365,43.498155769308696],[-79.60519904062892,43.49809093487073],[-79.60538030448357,43.49787298651743],[-79.60556030530694,43.49768860400597],[-79.60573975456472,43.49746937046534],[-79.60578447449619,43.497410002573965],[-79.60595404228587,43.49722036182968],[-79.60623366537592,43.49687659015493],[-79.60637239939177,43.496651454921306],[-79.6064031406391,43.49661752213978],[-79.60644406249357,43.496561774641094],[-79.60624956286152,43.496434119791274],[-79.6062088548061,43.49640723908391],[-79.60630978142657,43.49634787079992],[-79.60654441059901,43.49650280075886],[-79.60668207921293,43.496464094535426],[-79.60673467736945,43.49641482889357],[-79.60608495197559,43.49858057700361],[-79.60698326276813,43.49947888817009],[-79.60608495197559,43.50105093280638],[-79.60675868574373,43.50172466625826],[-79.60675868574373,43.50307213276073],[-79.60855530822714,43.504419599812145],[-79.60967819694238,43.504419599812145],[-79.6101273518895,43.503745865810664],[-79.6099027748651,43.50307213276073],[-79.61057650773495,43.502847554926845],[-79.61259770814105,43.50464417831359],[-79.61372059685631,43.504419599812145],[-79.61416975270173,43.503745865810664],[-79.61394517477902,43.50307213276073],[-79.61237313021833,43.50217382227716],[-79.61214855319393,43.5015000879732],[-79.61394517477902,43.50015262222258],[-79.62090708678991,43.50531791075977],[-79.61955962015195,43.50711453294743],[-79.61797650475368,43.50845409213686],[-79.61496598253865,43.50630372091806],[-79.61484348557157,43.50621622202227],[-79.61349602342517,43.50756369186679],[-79.61237313021833,43.50868657812615],[-79.61210892132024,43.50875263060498],[-79.61178727504118,43.50883304185252],[-79.61147481942578,43.508911155737955],[-79.60959988001927,43.50758310103915],[-79.60770215125234,43.50623887438013]]],[[[-79.60967819694238,43.51138151099899],[-79.6088327277498,43.51032467481673],[-79.60922904109695,43.5104831997299],[-79.60967819694238,43.51138151099899]]],[[[-79.61035192981223,43.513851866777],[-79.61009526406755,43.51381978340192],[-79.60855530822714,43.51362728930794],[-79.6078815753573,43.513851866777],[-79.6081061523817,43.51452560003288],[-79.60765699743457,43.5151993342359],[-79.60383917364676,43.51609764501161],[-79.60316544077692,43.516995956094746],[-79.60249170790712,43.5167713779491],[-79.6020020928396,43.51554735129147],[-79.60198171635402,43.51541329310788],[-79.60195088797008,43.515350666723954],[-79.60191931039121,43.51529395413662],[-79.60189758553437,43.515114629934516],[-79.60191452955728,43.51497102895407],[-79.60192451522995,43.51490867246451],[-79.60196590780163,43.514861721507785],[-79.60198592316448,43.5148272791002],[-79.6019834330345,43.514816363321934],[-79.6019472623696,43.51447834584984],[-79.60192856753021,43.51435448454919],[-79.60187682007827,43.51386138077651],[-79.6018280164055,43.51366955391776],[-79.60176166055044,43.51329731084734],[-79.60169607544985,43.51282827766118],[-79.60163757266697,43.51261880938734],[-79.60159339621624,43.512330107873716],[-79.60159339621624,43.51093235573276],[-79.60131936603715,43.5106583250965],[-79.60120884900267,43.51036184503136],[-79.6012057183739,43.510257266323606],[-79.60117965016269,43.510168802416125],[-79.60114424126913,43.51009687620713],[-79.60114424126913,43.50980946695059],[-79.60132390432595,43.509584889423564],[-79.60204255206166,43.50868657812615],[-79.60199035994366,43.5080602826019],[-79.60209482951963,43.50771263022897],[-79.60214708901128,43.507324843214676],[-79.60214461774595,43.50729014892195],[-79.60214736838735,43.507276009933236],[-79.60218729940003,43.50703594111343],[-79.60217791829353,43.50694460114811],[-79.60219640562207,43.50685592584694],[-79.60217906095056,43.50671466640488],[-79.60215578739819,43.506686907434016],[-79.60212397805395,43.506581011452624],[-79.60212550518995,43.50653885589894],[-79.6021421518705,43.50650946603108],[-79.60216789399327,43.50649284382224],[-79.60233233958918,43.506343035893636],[-79.6024669817789,43.506182493989826],[-79.602646896364,43.506012424695804],[-79.60275431061747,43.505889039244636],[-79.60286033338058,43.50567810955983],[-79.60293528880787,43.505372661762244],[-79.60361459572404,43.505542489177124],[-79.60406375156948,43.50621622202227],[-79.60383917364676,43.50688995516635],[-79.60496206326032,43.50733911119609],[-79.60608495197559,43.50868657812615],[-79.60698326276813,43.508237421698716],[-79.60723992402123,43.50830158720033],[-79.60758213633038,43.508387140227704],[-79.6078815753573,43.50846199967871],[-79.60833073030442,43.50913573316577],[-79.6081061523817,43.510034044945],[-79.60870502594396,43.51027359431899],[-79.60765699743457,43.5104831997299],[-79.60720784069083,43.51115693410948],[-79.60698326276813,43.51250439985032],[-79.60765699743457,43.51340271100316],[-79.6100824307354,43.513806950177404],[-79.61035192981223,43.513851866777]]],[[[-79.61035192981223,43.513851866777],[-79.61050164752906,43.514226164393165],[-79.61055008648579,43.5143472611609],[-79.61080108565766,43.5149747559182],[-79.61262699681257,43.516136702803124],[-79.61309909024047,43.516437123707796],[-79.61259770814105,43.5167713779491],[-79.61147481942578,43.51654680092196],[-79.61095080606943,43.51696601304175],[-79.61035192981223,43.5174451118328],[-79.60967819694238,43.51722053405599],[-79.60922904109695,43.51654680092196],[-79.60922904109695,43.5149747559182],[-79.61023963950339,43.51396415845543],[-79.61035192981223,43.513851866777]]],[[[-79.70692038178225,43.51924173392184],[-79.70621185266991,43.518356074867484],[-79.70767120896811,43.51905402739312],[-79.70692038178225,43.51924173392184]]],[[[-79.59665268461146,43.53729050762992],[-79.59667861358383,43.53728135353799],[-79.59665268461146,43.53732024718551],[-79.59665268461146,43.53729050762992]]],[[[-79.65055135462194,43.53765711298723],[-79.65055135462194,43.53653422400417],[-79.65113720979909,43.53868236015761],[-79.65055135462194,43.53765711298723]]],[[[-79.65144966721111,43.539229158249384],[-79.65134758625547,43.539050516660495],[-79.65302171087347,43.53967831320834],[-79.65144966721111,43.539229158249384]]],[[[-79.64959258092256,43.54396256704637],[-79.64920388888228,43.54214866883628],[-79.6501021996748,43.541025780149376],[-79.65122508928839,43.54057662480961],[-79.65212340008095,43.54080120224662],[-79.65257255592635,43.54169951274563],[-79.65189882215823,43.542597824836534],[-79.65279713295077,43.54327155809732],[-79.65122508928839,43.54237324692909],[-79.6496530438294,43.5437207141966],[-79.64959258092256,43.54396256704637]]],[[[-79.65728868871011,43.54461902482055],[-79.6570641107874,43.545741914298425],[-79.65687696386593,43.54585420326781],[-79.65728868871011,43.54461902482055]]],[[[-79.65212340008095,43.54776311369529],[-79.65234797800365,43.54753853614817],[-79.65414459958875,43.546191068921004],[-79.65666566843302,43.54598098071703],[-79.65594122207214,43.546415646930605],[-79.6552674892023,43.54776311369529],[-79.65414459958875,43.54821226888376],[-79.65212340008095,43.54776311369529]]],[[[-79.65212340008095,43.54776311369529],[-79.65129419398826,43.54879962407429],[-79.65144966721111,43.54843684717615],[-79.65212340008095,43.54776311369529]]],[[[-79.58241640587262,43.549725728412206],[-79.58256553249798,43.549661817261764],[-79.58250428356529,43.54978431368239],[-79.58241640587262,43.549725728412206]]],[[[-79.57930848382289,43.54986335311814],[-79.57996147099955,43.549260856942844],[-79.57998293354832,43.54925381222434],[-79.58000170115123,43.549253181324836],[-79.58098780878807,43.549398330357164],[-79.58106902457462,43.54943285199139],[-79.58115635968484,43.549353446734074],[-79.58102349346441,43.549279850984206],[-79.58100572658473,43.54927753443156],[-79.58099456142406,43.54926587744365],[-79.58098848701611,43.54922868041236],[-79.58099802892106,43.549208852967936],[-79.58105663590851,43.549129545078145],[-79.58102969094156,43.54910453952478],[-79.58098898378445,43.5490772916244],[-79.58096484695109,43.549053838887666],[-79.58062934685373,43.54872785199888],[-79.58059450030554,43.54867560210345],[-79.58052575313518,43.54858012824287],[-79.58067697193682,43.548610372033316],[-79.58069081677199,43.5486299841639],[-79.58075922078592,43.54871557311473],[-79.58092331064898,43.54888372830572],[-79.58110430680568,43.549038770169055],[-79.58127591287274,43.54916376997199],[-79.58149358903913,43.54929194484586],[-79.58166880094372,43.549375595888584],[-79.58158273694958,43.54939711153261],[-79.58093223900461,43.54955973585303],[-79.58048308405748,43.550233470086155],[-79.58058551625439,43.55064320163517],[-79.57931157941738,43.54991224047892],[-79.57929945485597,43.549887256735744],[-79.57930848382289,43.54986335311814]]],[[[-79.74420029539333,43.54214866883628],[-79.75453087444829,43.54933515783794],[-79.75648695957273,43.55095105512938],[-79.74420029539333,43.54214866883628]]],[[[-79.59261028469754,43.551805514252564],[-79.59328401756738,43.55113178131586],[-79.59345245078484,43.55117388943817],[-79.59261028469754,43.551805514252564]]],[[[-79.5953052179735,43.55247924812127],[-79.59362088490062,43.55121599818206],[-79.59418232925823,43.55135635914722],[-79.5953052179735,43.55247924812127]]],[[[-79.5669386958353,43.5627946762391],[-79.56700841588112,43.56263181488949],[-79.56700841588112,43.562809826139976],[-79.56691257372516,43.56284177345004],[-79.5669386958353,43.5627946762391]]],[[[-79.66043277783149,43.565953915096],[-79.6596841802642,43.56580419623481],[-79.66054057476727,43.565935948878334],[-79.66054922644176,43.56593727932372],[-79.66043277783149,43.565953915096]]],[[[-79.56049565971566,43.56752595987252],[-79.55959734892313,43.56707680413122],[-79.55854976777476,43.56791486931019],[-79.55853855141014,43.56791013740177],[-79.55847043845034,43.567870936097286],[-79.55836672256089,43.56784372141558],[-79.55824561618587,43.56782376796661],[-79.55812875614718,43.567810815404584],[-79.55789119487368,43.56775136310892],[-79.55779443374115,43.567729368458856],[-79.55772081770195,43.56769763137269],[-79.55752473972993,43.56757183427667],[-79.55734424932471,43.56747249740213],[-79.55732655071701,43.56747935709186],[-79.55730898955152,43.56747898087964],[-79.55729671946305,43.56748420684449],[-79.55696322171045,43.56779443268761],[-79.5569431183127,43.56779249175521],[-79.55693482057443,43.5677810713648],[-79.55730165660385,43.56744681472735],[-79.55729619394859,43.567439006692105],[-79.55726428758634,43.567423351565516],[-79.5572092136729,43.56738740372919],[-79.55718722111811,43.567356668829575],[-79.55724510316514,43.567295150817635],[-79.5578476274807,43.56674064232388],[-79.55804071945272,43.56655159828296],[-79.55806204905083,43.566517259593624],[-79.55805540241603,43.56648261431224],[-79.55801256086181,43.56645277914188],[-79.55787685596509,43.56639130121338],[-79.55782214317442,43.566391096831445],[-79.55776493845713,43.5663797249927],[-79.55770866349614,43.566349121711305],[-79.55768065761885,43.566320311640254],[-79.55757850030642,43.56626117811598],[-79.5574334915583,43.565955753245035],[-79.55782474379717,43.565842376314464],[-79.55779215920685,43.56578291035966],[-79.5576597906531,43.5658232228145],[-79.55764667794492,43.565800457440574],[-79.55777920460214,43.56575926885271],[-79.55726452384326,43.564819984489546],[-79.55785600876231,43.56427122036955],[-79.55803620092685,43.5640979449946],[-79.55805248917956,43.56398780356478],[-79.55807891761522,43.563844343022026],[-79.55807949792688,43.56379676230592],[-79.55806671849368,43.563758412990815],[-79.5580354993426,43.563731676835],[-79.55797614675346,43.563671343063305],[-79.55795362958256,43.563634218063385],[-79.55769877124824,43.56349609625114],[-79.5576465189431,43.563491511105596],[-79.55760171995989,43.56348355870233],[-79.55869903813058,43.56348355870233],[-79.55950786504273,43.56283649826219],[-79.55964608432392,43.56297566373344],[-79.55998116131478,43.5635751365803],[-79.55999593321131,43.56364988719335],[-79.55999355447246,43.56369215450781],[-79.55995643159333,43.56375143375783],[-79.55993651863842,43.56376524836826],[-79.56007858809893,43.56384671434335],[-79.56005790259286,43.563865963506785],[-79.55990310041153,43.56377753785555],[-79.55978120262075,43.56388399933987],[-79.55993937078946,43.56397357501764],[-79.5599193428502,43.56399118055784],[-79.55981391746676,43.563943672210364],[-79.55978791842583,43.56396555563282],[-79.55965789806824,43.564088836632486],[-79.55962165194482,43.56414808359694],[-79.55960206956993,43.56421037551396],[-79.55959747648389,43.56426775747064],[-79.5596163725459,43.564368789417905],[-79.55964650922705,43.564415853503235],[-79.55980701121887,43.564495336551964],[-79.55996353457228,43.56453431418479],[-79.56004644458143,43.56453735397171],[-79.56028404538081,43.56449946467641],[-79.56056786809484,43.564398909421314],[-79.5608568183925,43.56437587012288],[-79.56094578394497,43.56438769472903],[-79.56102126129346,43.56440956627363],[-79.56107743025322,43.56443195529108],[-79.56118821947722,43.56444343359731],[-79.56130552777523,43.56433593162943],[-79.56133057100871,43.56435020305168],[-79.56120462720588,43.56446567484359],[-79.56135919941852,43.56455225934017],[-79.56148137568704,43.564438991726085],[-79.56150641532726,43.564453263123895],[-79.56145304821287,43.56454190649173],[-79.56148643589704,43.5646538863991],[-79.56150395933328,43.564700357277],[-79.56150896654266,43.564748500321464],[-79.56154319415162,43.5647815609705],[-79.56158051376178,43.564805465179894],[-79.56164595513194,43.56483042711641],[-79.56167333847674,43.564870434278895],[-79.56167193530827,43.564925133191295],[-79.56193531416305,43.56510728136999],[-79.56197171479667,43.56517906843684],[-79.56199636995795,43.56533239293698],[-79.56197820961619,43.56539337074651],[-79.56193877447352,43.565473461755246],[-79.56188125354923,43.565537096425025],[-79.5617182928685,43.56570650128301],[-79.56160031263066,43.56584209056763],[-79.56146917027728,43.566027695517185],[-79.5614532152995,43.56607154220279],[-79.56138874590651,43.56612785751298],[-79.56127847501045,43.56612880652632],[-79.56097159972961,43.56632071324478],[-79.56069542706855,43.56651454991118],[-79.56061723950285,43.56658797230389],[-79.5605588732639,43.56668984912652],[-79.56052354791366,43.56679495746353],[-79.56049008746595,43.56704514545903],[-79.56050840321629,43.567127593747834],[-79.56051545499128,43.56718985264294],[-79.56054452357554,43.56724828620114],[-79.56060429657623,43.56730864958563],[-79.56074218437908,43.56738658361136],[-79.56085107815782,43.5674235631037],[-79.56099085421941,43.567439981720256],[-79.56110066697468,43.56744263603575],[-79.56124460762592,43.567423410796174],[-79.5612642609677,43.56741126004073],[-79.56184312725198,43.5684242710706],[-79.56072023763838,43.5681996930626],[-79.56049565971566,43.56752595987252]]],[[[-79.55592102416558,43.568241234710236],[-79.5565720691846,43.56791571155078],[-79.55663644155955,43.5679508708548],[-79.55670433263546,43.56798315194385],[-79.55672292955846,43.56797744437052],[-79.5567803310068,43.56793187033156],[-79.55680964572947,43.56792268899953],[-79.55685018220667,43.56792335029504],[-79.5568914544041,43.5679390573622],[-79.55696038393246,43.567986760426436],[-79.55695373819599,43.56799491400823],[-79.5569435764535,43.56799551542191],[-79.55692948368332,43.56799080304624],[-79.55685829668863,43.56794926317853],[-79.55681458197196,43.56794116231196],[-79.55677743483832,43.567960880754],[-79.55673944059339,43.56800552466279],[-79.5567438189821,43.56801326688565],[-79.5568501256128,43.56807447890159],[-79.55702593938864,43.568156856137406],[-79.55709312259211,43.56816984832869],[-79.55714953948691,43.5681941872821],[-79.55739961608894,43.568341682014655],[-79.55742779174784,43.56835572337932],[-79.55600410395631,43.56887342717809],[-79.55556100275591,43.56944313586586],[-79.55589530809395,43.56856926848566],[-79.55582982809626,43.568483788440446],[-79.55592102416558,43.568241234710236]]],[[[-79.55420748237124,43.570894627264224],[-79.55471787097969,43.56961866607593],[-79.55472425081483,43.56974249004051],[-79.55474952222042,43.569829027249895],[-79.55475165482089,43.56988051226795],[-79.55473756474566,43.56994046752905],[-79.55471693044359,43.56999096705123],[-79.55469419947364,43.57002751733052],[-79.55464172079304,43.57006090311483],[-79.55459881545846,43.57017608669469],[-79.55461152931467,43.570187945308575],[-79.55468587298927,43.57024710556813],[-79.55468770465414,43.570292930387374],[-79.5546303508165,43.57051233281492],[-79.55461757317991,43.57053107608803],[-79.55459730988206,43.5705422297581],[-79.55453726020023,43.57073434045068],[-79.55451359947396,43.57078979358066],[-79.55443206029395,43.570894627264224],[-79.55445692835596,43.5709319293764],[-79.55441271956587,43.571025886495185],[-79.55438919179028,43.571050378545436],[-79.55420748237124,43.570894627264224]]],[[[-79.5545506576744,43.571188777869786],[-79.55459891696809,43.571144914082026],[-79.5547314948293,43.571343782522604],[-79.5545506576744,43.571188777869786]]],[[[-79.55420748237124,43.57471244920046],[-79.55443206029395,43.574487871210025],[-79.55600410665126,43.57493702830586],[-79.5555549490092,43.575386182702374],[-79.55420748237124,43.57471244920046]]],[[[-79.54881761492103,43.58504302805868],[-79.54926676986814,43.58459387216726],[-79.54859303699831,43.58347098306859],[-79.5499405036363,43.582348093848324],[-79.54791930412848,43.581000626729384],[-79.54747014828305,43.57965316068861],[-79.54589810282407,43.57830569377587],[-79.54522436995423,43.57628449381005],[-79.54612268074678,43.575386182702374],[-79.54679641541324,43.575610759945945],[-79.54747014828305,43.57718280518331],[-79.54904219284374,43.57830569377587],[-79.54949134779085,43.579877738287074],[-79.55038965858341,43.58055147191328],[-79.55420748237124,43.57785653772794],[-79.55286001483495,43.57695822729477],[-79.55279264118865,43.57684593836182],[-79.55218628196512,43.57583533830434],[-79.55263543691224,43.57516160527204],[-79.55353374860309,43.57516160592285],[-79.55286001483495,43.575610759945945],[-79.55286001483495,43.57673364921947],[-79.55443206029395,43.57785653772794],[-79.55398290444852,43.579428582903205],[-79.55286001483495,43.58010231569865],[-79.55218628196512,43.581449782749814],[-79.55106339324986,43.581000626729384],[-79.55038965858341,43.581449782749814],[-79.550165081559,43.582348093848324],[-79.55083881532717,43.583246405208214],[-79.54881761492103,43.58504302805868]]],[[[-79.54458330342139,43.58505530539615],[-79.54459334658627,43.58494141653267],[-79.5449997920315,43.58504302805868],[-79.5452893019796,43.585477296029175],[-79.54458330342139,43.58505530539615]]],[[[-79.76081905269105,43.60727622961765],[-79.76126820763815,43.606827073780714],[-79.76126820763815,43.607051650817475],[-79.76081905269105,43.60727622961765]]],[[[-79.57217370540863,43.62614076400917],[-79.57378408467575,43.62593946647848],[-79.57368112965933,43.62597381874362],[-79.5734004905747,43.6260408442617],[-79.5730203433094,43.62608405551042],[-79.5724703039626,43.62617135770511],[-79.57212121774488,43.62629707396914],[-79.57202315136027,43.62634150750324],[-79.57217370540863,43.62614076400917]]],[[[-79.57966922568143,43.62689894974252],[-79.57906982121484,43.626763001829154],[-79.57958477326494,43.62681449667626],[-79.57966922568143,43.62689894974252]]],[[[-79.73184851683055,43.636022186817314],[-79.73252224970037,43.63489929782054],[-79.73409429515937,43.63467472010388],[-79.73590404921559,43.63363063010117],[-79.73590405280885,43.633630649606296],[-79.73611549466717,43.63489929782054],[-79.73566633882174,43.63557303113591],[-79.73634007258988,43.63534845268637],[-79.73722393218446,43.63623231332763],[-79.73709388847065,43.636350570930226],[-79.73701655160954,43.63642089994466],[-79.73605537491677,43.63729494668404],[-79.73530399347041,43.63797819240832],[-79.73495265966787,43.638297664383664],[-79.73385004053867,43.63930024768029],[-79.73207309385492,43.638492542865265],[-79.73207309385492,43.637594231269134],[-79.73095020603799,43.63624676469936],[-79.73184851683055,43.636022186817314]]],[[[-79.58825673621699,43.64147049008082],[-79.58821694803643,43.641351175111275],[-79.58879246180803,43.642310364887315],[-79.58856927896896,43.64268233909771],[-79.58842066887487,43.64252672052598],[-79.58832043844873,43.642394328124425],[-79.5882355314847,43.64225900878198],[-79.58817614386128,43.64214373886874],[-79.58813160808444,43.64201349348828],[-79.58809905134191,43.641881742886454],[-79.58813953302187,43.64177003535353],[-79.58827371437586,43.64158820040413],[-79.58825673621699,43.64147049008082]]],[[[-79.71994589411318,43.645679031881464],[-79.71972131619047,43.644556143287176],[-79.71680180499182,43.64320867618058],[-79.7139266418221,43.64055468016936],[-79.71392262545447,43.640550972671754],[-79.71612807122368,43.638492542865265],[-79.71747553786163,43.63939085403352],[-79.7185984265769,43.639166276200385],[-79.71972131619047,43.640064587047355],[-79.72039504906031,43.639840009131994],[-79.72106878282845,43.64028916477335],[-79.72174251569827,43.639840009131994],[-79.72286540531186,43.640513742960096],[-79.72308998413288,43.640289165423454],[-79.72376371610439,43.63961543167744],[-79.72356555943081,43.63862464806167],[-79.72353913818168,43.638492542865265],[-79.72385354853111,43.638335337550096],[-79.7239882940271,43.63826796492505],[-79.72511118274237,43.639166276200385],[-79.72488660481966,43.63961543167744],[-79.72533576066509,43.64028916477335],[-79.72623407235594,43.640513742960096],[-79.72690780522578,43.640064587047355],[-79.72780611601831,43.64096289811551],[-79.72892900473357,43.640513742960096],[-79.72915358265628,43.639840009131994],[-79.72847984978644,43.63894169817788],[-79.72915358265628,43.63894169817788],[-79.73073170342155,43.63979146066571],[-79.73189936417056,43.64042019725939],[-79.73181464225948,43.64046799435571],[-79.73128195297411,43.640768515216564],[-79.73000464565816,43.641489096192004],[-79.72829907012373,43.64245132286897],[-79.72818650582875,43.64251482350838],[-79.72685048821907,43.64326851029382],[-79.72643918827801,43.643500530329504],[-79.72638992376953,43.643528315363945],[-79.72619143382097,43.6436401476899],[-79.72373798116814,43.64502453303598],[-79.72264082738914,43.64478072112507],[-79.72203983200619,43.6459827125087],[-79.72178200833312,43.64612818807247],[-79.72061962698302,43.64612818807247],[-79.71994589411318,43.645679031881464]]],[[[-79.7125683765361,43.64953505982259],[-79.71275940417958,43.64949685417961],[-79.71399711555446,43.65048703080502],[-79.71393406909287,43.65051664752468],[-79.71346799976726,43.6507355885011],[-79.71324589041495,43.650840565021],[-79.71314892895813,43.65088638697455],[-79.71265233577749,43.651120029190324],[-79.71257180450722,43.65115796795848],[-79.71198563132644,43.65143398121626],[-79.71141193664329,43.6510688990104],[-79.71118735961889,43.650395165907135],[-79.71163651456601,43.64972143174612],[-79.7125683765361,43.64953505982259]]],[[[-79.62472490878112,43.65690792219673],[-79.62360202006586,43.65556045530339],[-79.6248496739943,43.65680810949915],[-79.62472490878112,43.65690792219673]]],[[[-79.62705180947168,43.663971449317245],[-79.62562321957367,43.6627469443204],[-79.62719526503265,43.66386983269849],[-79.62705180947168,43.663971449317245]]],[[[-79.69187366904522,43.6627469443204],[-79.69344571360591,43.6613994778374],[-79.69254740281337,43.662297788937074],[-79.69542915961725,43.66449048088417],[-79.69530537805932,43.6646004825834],[-79.69510656381894,43.66477694392561],[-79.69187366904522,43.6627469443204]]],[[[-79.62844483955917,43.665505220652584],[-79.62854273167065,43.6654418781831],[-79.62910417423163,43.665834890107355],[-79.62844483955917,43.665505220652584]]],[[[-79.69254740281337,43.666564766838995],[-79.69299655776047,43.66589103278693],[-79.69355855278539,43.666150417042395],[-79.69276449058324,43.66685421886141],[-79.69254740281337,43.666564766838995]]],[[[-79.6022671299844,43.66768765593343],[-79.60153101899954,43.66636266314293],[-79.60114424126913,43.665666455905104],[-79.60249170790712,43.664543566691215],[-79.60383917364676,43.664543566691215],[-79.61349601893359,43.66027658874531],[-79.61419782954596,43.6598555121068],[-79.61686468597769,43.658255388099015],[-79.61686463477372,43.65825546478772],[-79.61641553103057,43.6589291220589],[-79.61686468597769,43.65982743307713],[-79.61783926912773,43.66002235024768],[-79.61596637518514,43.661174899749476],[-79.61549201440947,43.661381147589765],[-79.60563579702847,43.665666455905104],[-79.60586037405288,43.66678934490869],[-79.60496206326032,43.66768765593343],[-79.60406375156948,43.66701392213827],[-79.60294086285421,43.66791223370084],[-79.6022671299844,43.66768765593343]]],[[[-79.62472490878112,43.66791223370084],[-79.62690652224583,43.66650060217165],[-79.6269064027699,43.666500691846174],[-79.62480657282697,43.66807556328552],[-79.62472490878112,43.66791223370084]]],[[[-79.631686820792,43.66858596716002],[-79.63039219485567,43.66673650346781],[-79.63078850999948,43.66701392213827],[-79.631686820792,43.66858596716002]]],[[[-79.62158081965975,43.66678934490869],[-79.62307360226966,43.66678934490869],[-79.62180539758246,43.66768765593343],[-79.62158081965975,43.66858596716002],[-79.62170914848966,43.668778462715984],[-79.62113166381431,43.66813681127786],[-79.62158081965975,43.66678934490869]]],[[[-79.64835049295561,43.67348176511139],[-79.64920388888228,43.6726283669941],[-79.65077593344296,43.67285294511792],[-79.6510903428941,43.67271819860433],[-79.65189882215823,43.673526677695655],[-79.65144966721111,43.67442498989456],[-79.64987762175211,43.675098723015864],[-79.6476318443216,43.675098723015864],[-79.64695811055346,43.675098723015864],[-79.64740726639887,43.67442498989456],[-79.64718268757785,43.67397583417652],[-79.64808100016701,43.67375125570658],[-79.64835049295561,43.67348176511139]]],[[[-79.62899188661775,43.675098723015864],[-79.62652153126452,43.673077523051035],[-79.62629695424012,43.67195463407779],[-79.62674610918722,43.671056323236705],[-79.62517406462653,43.670382588916965],[-79.62331327727904,43.670382588916965],[-79.62315286511874,43.670382588916965],[-79.62277856498763,43.66996670210963],[-79.62214226222073,43.669259700854234],[-79.62315286511874,43.669259700204485],[-79.62382659798858,43.669933434133526],[-79.62472490878112,43.669708856131074],[-79.62517406462653,43.668810544815386],[-79.62486927972537,43.6682009767953],[-79.62876730869503,43.669933434133526],[-79.62925389284678,43.670298374356726],[-79.63036430396275,43.6711311840158],[-79.63146224286929,43.67195463407779],[-79.63146224286929,43.67202139973362],[-79.63146224286929,43.673526677695655],[-79.63078850999948,43.67397583417652],[-79.63011477623132,43.67375125570658],[-79.63011477623132,43.67464956714269],[-79.62899188661775,43.675098723015864]]],[[[-79.64240737917306,43.67563058122688],[-79.63617837655134,43.670607166997485],[-79.64296557073106,43.67590967533154],[-79.64326505197879,43.676143635345106],[-79.64314028766394,43.67622161228443],[-79.64240737917306,43.67563058122688]]],[[[-79.6840134471401,43.67442498989456],[-79.68625922457063,43.67195463407779],[-79.68805584705402,43.67217921212378],[-79.68875281215374,43.671714571442536],[-79.68881968813338,43.67231646074385],[-79.68774845164863,43.674389549744156],[-79.6876066912086,43.67442498989456],[-79.68762853733799,43.67462160743542],[-79.68694812459569,43.67593831988584],[-79.68622916244965,43.677329551133646],[-79.68491175793264,43.677569078698255],[-79.68333971337195,43.676670768085856],[-79.68311513544924,43.67554787942554],[-79.68378886921738,43.67487414484975],[-79.68356429129467,43.67442498989456],[-79.6840134471401,43.67442498989456]]],[[[-79.54881761492103,43.58504302805868],[-79.54904219284374,43.585941338897435],[-79.54971592571357,43.58639049384453],[-79.55083881532717,43.58571676114311],[-79.5519617040424,43.585941338897435],[-79.55286001483495,43.58504302805868],[-79.55263543691224,43.58459387216726],[-79.55443206029395,43.58459387216726],[-79.55577952603362,43.58279725022769],[-79.55645325980174,43.583021827811486],[-79.5573515705943,43.58212351570349],[-79.55892361605329,43.58369556074194],[-79.56453805962958,43.58728880604731],[-79.56521179429605,43.58639049384453],[-79.56655926093401,43.58639049384453],[-79.56700841588112,43.58549218320168],[-79.56813130459639,43.585941338897435],[-79.56902961628724,43.58549218320168],[-79.57015250500251,43.58616591711524],[-79.57105081579503,43.58526760507308],[-79.57060166084793,43.58392013887891],[-79.57194912838422,43.58369556074194],[-79.57374574188447,43.58526759856611],[-79.57509321660727,43.58549218320168],[-79.57486863868456,43.58616591711524],[-79.57554237155439,43.58683964999501],[-79.57531779363167,43.5877379607001],[-79.57599152829813,43.58841169485368],[-79.57599152829813,43.58886085023664],[-79.57307201709948,43.591555783717425],[-79.57312817438115,43.59172425656391],[-79.57486863868456,43.58998373899516],[-79.57644068324527,43.58908542797257],[-79.5775635719605,43.587513383142],[-79.58023605633751,43.58546973434098],[-79.58003392821206,43.58526760507308],[-79.58118109838945,43.58399298239619],[-79.5811568169273,43.58392013887891],[-79.58160597277273,43.583021827811486],[-79.57980935028934,43.58055147191328],[-79.58025850613477,43.579428582903205],[-79.58153111346516,43.579428582903205],[-79.58138139485003,43.57897942677168],[-79.58183054979715,43.57830569377587],[-79.58250428356529,43.578081116170765],[-79.58519921684123,43.57965316068861],[-79.58609752943039,43.57920400493087],[-79.5843009060487,43.57718280518331],[-79.5843009060487,43.57591019930645],[-79.5843009060487,43.57583533830434],[-79.58385175110158,43.57605991582515],[-79.58317801733344,43.575610759945945],[-79.58317801733344,43.57426329368369],[-79.58272886238632,43.57381413807089],[-79.58362717317885,43.57179293768554],[-79.58452548397139,43.57179293768554],[-79.58467520258655,43.571568359871925],[-79.58407632812597,43.571568359871925],[-79.58317801733344,43.570894627264224],[-79.58317801733344,43.56977173780617],[-79.58407632812597,43.56887342717809],[-79.58564837268665,43.56932258188882],[-79.58567428548935,43.56930530724521],[-79.58564837268665,43.56909800397583],[-79.58609752943039,43.56864884889217],[-79.58542379476393,43.56797511486809],[-79.58407632812597,43.56864884889217],[-79.58317801733344,43.56752595987252],[-79.58385175199987,43.56685222695731],[-79.58497463981685,43.565729336990145],[-79.58479497765832,43.56537001353392],[-79.58452548397139,43.5652801821722],[-79.58362717317885,43.566178493015435],[-79.58385175199987,43.56685222695731],[-79.58295343941073,43.566852226306395],[-79.58183054979715,43.565953915096],[-79.58183054979715,43.56550476065072],[-79.58160597277273,43.565729336990145],[-79.5807076619802,43.5655047599998],[-79.58025850613477,43.564831025958036],[-79.58069441182977,43.564249820041546],[-79.57958477326494,43.5652801821722],[-79.57891103859846,43.5655047599998],[-79.57823730572865,43.565055604158275],[-79.58017214839157,43.56325898180176],[-79.58003392821206,43.56325898180176],[-79.5791356174195,43.56415729739946],[-79.57846188365137,43.564831025958036],[-79.57823730572865,43.564831025958036],[-79.57688983909067,43.564831025958036],[-79.576856974226,43.56502821636369],[-79.57666526116797,43.566178493015435],[-79.5749730947858,43.56768264412027],[-79.57464406076184,43.56797511486809],[-79.57194912838422,43.566852226306395],[-79.57149997164048,43.56797511486809],[-79.57082623877065,43.5681996930626],[-79.56970335005539,43.567750537788974],[-79.56835588341742,43.56887342717809],[-79.56768214875096,43.5684242710706],[-79.56745757172655,43.56752595987252],[-79.56835588341742,43.56662764894611],[-79.56813130459639,43.565953915096],[-79.56858046134012,43.5652801821722],[-79.5699279270798,43.5652801821722],[-79.56925419420996,43.563932715199385],[-79.57015250500251,43.56325898180176],[-79.56947877213267,43.56213609320334],[-79.5696630426486,43.561905756913916],[-79.56813130459639,43.56168693698122],[-79.56706179377531,43.56232864470597],[-79.56707107067724,43.562284150212214],[-79.56706496572657,43.56220226747324],[-79.56702379683543,43.56215656929132],[-79.56703133370065,43.56210923395003],[-79.56705515702198,43.56205506690653],[-79.56713462828024,43.5619743047847],[-79.56721879054089,43.56185968421259],[-79.567316433819,43.56169238737493],[-79.5674248604738,43.561467037627814],[-79.56754003976458,43.56132142749499],[-79.56780984516692,43.560891793271985],[-79.56788097017785,43.56079980576807],[-79.56798850121231,43.56063454284158],[-79.56823353018078,43.56027240677614],[-79.5682416186116,43.56023549645283],[-79.56820983801346,43.56017512142382],[-79.56823165809172,43.560148635601344],[-79.56825118746599,43.56014040935139],[-79.56832918548717,43.56016760668237],[-79.56844301281345,43.56006234226735],[-79.56857334488646,43.55998147787624],[-79.56864060803998,43.55988947791598],[-79.56873130823928,43.559773657546714],[-79.56887101153731,43.55961518859559],[-79.56888726385743,43.55958807694346],[-79.56899771351823,43.55947478437262],[-79.56915099575012,43.55934963735319],[-79.56921855265276,43.559283713179234],[-79.56964081653183,43.55887164932833],[-79.56976286703622,43.55875254671203],[-79.56980565558983,43.55871079150887],[-79.57028978105264,43.55827030626904],[-79.57034266217848,43.55816505806882],[-79.57037372502269,43.558138193790256],[-79.5705365895837,43.55803073785816],[-79.57055553684968,43.55801823692933],[-79.57078978154314,43.55782022676624],[-79.57093975707647,43.55767991926429],[-79.57095879237735,43.55766211072321],[-79.57142937214397,43.55726732234611],[-79.57195613344682,43.556937281837385],[-79.57228572712118,43.55677434085597],[-79.57244620216352,43.55671987150806],[-79.57257391834243,43.55667012318452],[-79.57262502439725,43.55663664665005],[-79.57268336458506,43.556622334340354],[-79.57273641459417,43.55664538116098],[-79.57293516685078,43.55660970747565],[-79.57337604292424,43.5564634554309],[-79.57371974284352,43.55637847836137],[-79.5739319698294,43.55630009196679],[-79.5741354418345,43.55619518731254],[-79.5742940259232,43.55611669782011],[-79.57447373928566,43.55600127512696],[-79.57465610806814,43.555847460103394],[-79.57470975276195,43.555833575321095],[-79.57476000182399,43.555822743782535],[-79.57482743655574,43.555824550341136],[-79.57495545995846,43.55581403519289],[-79.5754145547642,43.55556386565562],[-79.57580700176237,43.55541621985027],[-79.5762355286956,43.55507835891444],[-79.57669657643876,43.55469948222173],[-79.57671929483232,43.554703799163384],[-79.5769344736822,43.55478366220235],[-79.57711805878355,43.55477555240407],[-79.5771781461946,43.554758421371154],[-79.5774376173779,43.55468444681487],[-79.57775276614251,43.554578648093965],[-79.57791651284911,43.55449914414991],[-79.57805021450275,43.55442698889632],[-79.57839322900746,43.554188602448974],[-79.57857863948547,43.55405974659349],[-79.57864250880385,43.55399399566567],[-79.5786918119399,43.55395356006267],[-79.57873397526608,43.553942509439295],[-79.57877868262115,43.55394020934166],[-79.57882256442446,43.55394683229444],[-79.5788623157741,43.553961880254995],[-79.57890038547752,43.55398942216661],[-79.57891845059788,43.55401296673136],[-79.57892537750705,43.554049875658194],[-79.5789176466057,43.55408045849524],[-79.5788982807248,43.55410818068815],[-79.57893490144569,43.554157443505204],[-79.57900278892834,43.55419357761825],[-79.57908898946638,43.55418710052327],[-79.57927374776749,43.554154071820236],[-79.5793563038404,43.55413406435863],[-79.57942888322381,43.55411041762936],[-79.57951154619623,43.55405888983649],[-79.57969567298171,43.55392516593294],[-79.57974118792221,43.553856223492865],[-79.57979198136333,43.55381215502873],[-79.5798511839338,43.55377841584192],[-79.58028575293565,43.55337755908086],[-79.58048308405748,43.55337755908086],[-79.58048308405748,43.5531955355947],[-79.58074357123536,43.55295525429791],[-79.5809850599433,43.55243348397047],[-79.58098099865991,43.55237022543868],[-79.58073303848866,43.55222929325887],[-79.58061866139342,43.55216428513705],[-79.58070766287852,43.55210495086597],[-79.58072576932138,43.552080807238454],[-79.58073547741465,43.55208640694107],[-79.58082454807001,43.55213778342333],[-79.58117944099774,43.55234248877422],[-79.58123080307243,43.552360209042625],[-79.58127373445816,43.55236920524424],[-79.58131028960203,43.552365211055914],[-79.58141094223636,43.5523405466929],[-79.58145410628575,43.552337282329454],[-79.5816492571964,43.55232799901012],[-79.5816874912915,43.55233394049089],[-79.5817353382585,43.552349886651584],[-79.5818058982291,43.55237340321079],[-79.5818374946726,43.552373291230275],[-79.58186993912571,43.55235748960873],[-79.58207458612723,43.55214890534231],[-79.58219243521104,43.55202273137096],[-79.58230859905537,43.55190999099311],[-79.58222706257027,43.551862421034805],[-79.58241683526732,43.551693962949],[-79.5824005829472,43.55168463786292],[-79.5822072565149,43.55157371330455],[-79.58250428356529,43.55068262509593],[-79.58317801733344,43.550233470086155],[-79.58453000968379,43.55050386835018],[-79.58424874357507,43.550763141275226],[-79.58504201166652,43.55122955328889],[-79.58510857682906,43.55125232872616],[-79.58523177448207,43.55127899294348],[-79.58533417523793,43.55128129770009],[-79.58548221041023,43.5512638036838],[-79.58553269662752,43.55124955325099],[-79.58558096400604,43.55122621073785],[-79.5856662015501,43.551174310675485],[-79.5857162359148,43.551128353470226],[-79.58575534496902,43.55106485397712],[-79.58578406860022,43.55098324376161],[-79.58578769869227,43.550949750395596],[-79.58577642573378,43.550879162564485],[-79.5857631028198,43.55084727466907],[-79.58574281975899,43.550824841539495],[-79.58572710552974,43.55078175852672],[-79.58572894797439,43.55075991979678],[-79.58574226100689,43.55072424067411],[-79.58552409436037,43.5505990429273],[-79.58557915210412,43.5505531621095],[-79.58579457799073,43.55067446526458],[-79.5858305168903,43.550658230888594],[-79.58586035712742,43.55065164142994],[-79.5859010579963,43.550651125784114],[-79.58593825992716,43.55065541436873],[-79.5859701600012,43.550663894528014],[-79.5859966081998,43.55067786123377],[-79.58624860539994,43.55082111027956],[-79.58631772896442,43.55083297921418],[-79.58636175449818,43.550847018800184],[-79.58638292150123,43.550849539076125],[-79.58674555790668,43.55052324873505],[-79.58669902876825,43.55048669313238],[-79.58667721857145,43.55045646916447],[-79.58649459107419,43.55035848564136],[-79.58607448674505,43.55014038487768],[-79.58677126230023,43.54955973585303],[-79.58789415101549,43.550458046707305],[-79.58722041814566,43.55158093614172],[-79.58766957309277,43.55225466991685],[-79.58744499517007,43.55337755908086],[-79.58789415101549,43.553826714096616],[-79.58722041814566,43.55494960326575],[-79.58757664507156,43.55584017267634],[-79.58766957309277,43.55562333714033],[-79.58946619467787,43.55450044815581],[-79.59283486172195,43.55450044815581],[-79.59328401756738,43.55360213700721],[-79.59283486172195,43.55292840332175],[-79.5899153514216,43.55247924812127],[-79.58969077260056,43.551805514252564],[-79.59261028469754,43.551805514252564],[-79.59058908429144,43.55203009217756],[-79.59081366221415,43.55247924812127],[-79.5917119730067,43.55203009217756],[-79.59238570677483,43.552703824837835],[-79.5955297958962,43.552703824837835],[-79.59755099630233,43.55360213700721],[-79.59867388501758,43.55337755908086],[-79.59934761788742,43.554275870321966],[-79.6009196633464,43.55494960326575],[-79.60316544077692,43.555398758934096],[-79.60370663531143,43.55524413250569],[-79.60473748533762,43.55494960326575],[-79.60481915028178,43.555031268655185],[-79.60563579702847,43.555847913858635],[-79.6053213902723,43.55710554754406],[-79.60541121910576,43.55697080312376],[-79.60630952989831,43.55674622603329],[-79.60720784069083,43.557195380679175],[-79.6081061523817,43.55629706999238],[-79.6090341767489,43.556668280195076],[-79.6091543704356,43.556492610040316],[-79.6099027748651,43.555398758934096],[-79.60906060787951,43.554725025803734],[-79.60922904109695,43.554725025803734],[-79.6099027748651,43.554275870321966],[-79.61036291261487,43.5548510450333],[-79.61080108565766,43.555398758934096],[-79.61192397527122,43.55494960326575],[-79.61214855319393,43.55337755908086],[-79.61334179077573,43.553434379743805],[-79.6132714419092,43.55315298096872],[-79.61237313021833,43.552703824837835],[-79.61125024060475,43.55360213700721],[-79.61125024150309,43.553377559731935],[-79.61057650773495,43.55292840332175],[-79.60900446407257,43.55315298096872],[-79.60855530822714,43.552703824837835],[-79.60653410782103,43.55247924812127],[-79.60608495197559,43.551805514252564],[-79.60653410782103,43.55090720329878],[-79.60945361901967,43.55090720329878],[-79.6101273518895,43.550233470086155],[-79.61080108565766,43.55068262509593],[-79.61147481942578,43.550233470086155],[-79.61237313021833,43.55068262509593],[-79.61282230762333,43.55034574482881],[-79.61394517837229,43.549503590613824],[-79.6140661023893,43.54941289635107],[-79.61282228606377,43.54933515783794],[-79.6132714419092,43.548661425282866],[-79.6130468639865,43.547987691707895],[-79.6101273518895,43.54708938114819],[-79.6101273518895,43.546415646930605],[-79.6101273518895,43.545966492028036],[-79.60945361901967,43.545741914298425],[-79.6116993973485,43.543496135914125],[-79.61282228606377,43.54304698009504],[-79.6130468639865,43.54214866883628],[-79.61214855319393,43.54125035786685],[-79.61080108565766,43.54169951274563],[-79.61012735727941,43.54237324953379],[-79.6081061523817,43.54439444728002],[-79.60702644658048,43.54374662772273],[-79.60586037405288,43.54304698009504],[-79.60473748533762,43.54327155809732],[-79.60361459572404,43.54461902482055],[-79.60382513747044,43.54546119258765],[-79.60383917364676,43.5455173357321],[-79.60181797413897,43.546191068921004],[-79.60002135165557,43.54776311369529],[-79.6006950854237,43.548886003203926],[-79.60159339621624,43.549110580939335],[-79.60226713178102,43.54843684782725],[-79.60294086285421,43.54776311369529],[-79.60361459572404,43.54776311369529],[-79.60367584375842,43.547946859463366],[-79.60373075687343,43.5481115985481],[-79.60383917364676,43.54843684717615],[-79.6022671299844,43.54978431368239],[-79.59572228959023,43.54803902415404],[-79.5955297958962,43.547987691707895],[-79.59575437381892,43.547313957764324],[-79.5968772634325,43.54753853614817],[-79.59844930709485,43.546864803044215],[-79.599123040863,43.546191068921004],[-79.59932720187595,43.54517026250062],[-79.59934761788742,43.54506817999627],[-79.5994973391975,43.54506817999627],[-79.59979677373283,43.54506817999627],[-79.59996520784861,43.54478745905479],[-79.60047050660268,43.5439452909913],[-79.60110460580216,43.54341688301796],[-79.60316544077692,43.54169951274563],[-79.60321783411754,43.54148994154286],[-79.60339001869964,43.54080120224662],[-79.6042883303905,43.540352047187305],[-79.60451290831323,43.53967831320834],[-79.60406375785767,43.5385554182349],[-79.60556096736529,43.53675877937855],[-79.60451290831323,43.53765711298723],[-79.60406375785767,43.5385554182349],[-79.60361459572404,43.53945373614711],[-79.60294086285421,43.53967831320834],[-79.60114424126913,43.538780001898076],[-79.59979677373283,43.53990289073547],[-79.60047050660268,43.54080120224662],[-79.60002135165557,43.54169951274563],[-79.59800015214775,43.54169951274563],[-79.5968772634325,43.542597824836534],[-79.59597895084333,43.54214866883628],[-79.59575437381892,43.54125035786685],[-79.59599848291255,43.54103066328767],[-79.59800015214775,43.539229158249384],[-79.59800015214775,43.53788169087941],[-79.59867388501758,43.53743253490985],[-79.59979677373283,43.53765711298723],[-79.60018176651079,43.53650214227095],[-79.5988984629403,43.53586049099697],[-79.59957219581011,43.536085069068264],[-79.59979677373283,43.535186756974596],[-79.59909901003084,43.53434944463138],[-79.59919273395938,43.53415075560439],[-79.59908467112228,43.53409373636771],[-79.59906104273537,43.534061655289804],[-79.59899859814502,43.53399960573081],[-79.59904766951573,43.53394420795977],[-79.59910573481906,43.533853707153774],[-79.59908549936897,43.53384694132333],[-79.59914489687387,43.53374357882468],[-79.5989923377858,43.53371842556764],[-79.5989354205294,43.533935954036615],[-79.59886636883014,43.53392604138206],[-79.598924657814,43.53369025440226],[-79.59895191449634,43.53366180644181],[-79.59898077556979,43.53365548734839],[-79.59913719022705,43.53368502876263],[-79.599174221478,43.533552181180596],[-79.59923210262671,43.53339664947011],[-79.5993174955793,43.53322553279995],[-79.59938902932369,43.53306426526998],[-79.59947654948688,43.53294100155508],[-79.59950858790148,43.532837649877685],[-79.59957901312481,43.532610465732645],[-79.59958291630473,43.53257522328536],[-79.5997870090457,43.53245276744148],[-79.60047050660268,43.53204266802505],[-79.60008426696311,43.531270189702504],[-79.60015096058474,43.531155003385535],[-79.60022312853972,43.530989798539636],[-79.60027820963968,43.53085380453971],[-79.60036085734076,43.53071920332799],[-79.60040252120365,43.53062933073065],[-79.60052038286388,43.53028460174781],[-79.60063729590316,43.530018660101796],[-79.60069462548627,43.52994691711875],[-79.60159339621624,43.5293477349924],[-79.60179872683568,43.528834416796535],[-79.60204255206166,43.52822484629396],[-79.6024692509233,43.52822484629396],[-79.60316544077692,43.52822484629396],[-79.60316544077692,43.52755111228949],[-79.60204255206166,43.526428223362075],[-79.6022671299844,43.52552991202042],[-79.60245087588417,43.52540741516703],[-79.60249170790712,43.52530533502576],[-79.60271628582981,43.52523047562469],[-79.60294086285421,43.52508075719509],[-79.60305315136641,43.52511818667449],[-79.60316544077692,43.52508075719509],[-79.60361459572404,43.52530533502576],[-79.60406375156948,43.52552991202042],[-79.60433323806987,43.52602397950768],[-79.60438456870351,43.526075311766256],[-79.60496206326032,43.52665280073553],[-79.60541121910576,43.528000268260215],[-79.60765699743457,43.52822484629396],[-79.60653410782103,43.52710195688212],[-79.60659480428983,43.52695021552605],[-79.60653410782103,43.52687737922688],[-79.60668382643617,43.526727660976896],[-79.60698326276813,43.52597906806076],[-79.60586037405288,43.52597906806076],[-79.60541121910576,43.52485617917971],[-79.6042883303905,43.52395786787637],[-79.60451290831323,43.52305955687502],[-79.60541121910576,43.522385823150735],[-79.60608495197559,43.52261040124347],[-79.60653410782103,43.52350871176795],[-79.60765699743457,43.52283497915152],[-79.60563579702847,43.521936667714236],[-79.60518664118304,43.52103835592882],[-79.60451290831323,43.52148751219066],[-79.60339001869964,43.52126293382634],[-79.60294086285421,43.520589200882895],[-79.60316544077692,43.519915466929895],[-79.60431475253795,43.5191492607387],[-79.60451290831323,43.5190171563178],[-79.60563579702847,43.5190171563178],[-79.60601009266801,43.51826856412998],[-79.60608495197559,43.51811884470818],[-79.60645244467348,43.5179963471377],[-79.6066089671286,43.51794417288277],[-79.60675868574373,43.51789426683323],[-79.6078815753573,43.518792579180634],[-79.6081061523817,43.519915466929895],[-79.60827458559916,43.519971611061905],[-79.6085873915575,43.520075879806846],[-79.60877988614986,43.52014004509874],[-79.60892960835825,43.51999032576099],[-79.61080108565766,43.51811884470818],[-79.61214855319393,43.51834342305011],[-79.61218063562599,43.51831134076021],[-79.61282228606377,43.51766969007669],[-79.61394517477902,43.51789426683323],[-79.61461890764885,43.51722053405599],[-79.61370018084484,43.516608049581066],[-79.6140574623929,43.516659089540006],[-79.61484348557157,43.5167713779491],[-79.61596637518514,43.51834342305011],[-79.61641553103057,43.51834342305011],[-79.61529264231531,43.51969088987929],[-79.61574179726242,43.52081377914954],[-79.61664010895328,43.52103835592882],[-79.6164155337255,43.521712086462124],[-79.61664010895328,43.52126293382634],[-79.61955962015195,43.519466311992836],[-79.61933504222922,43.5185680012076],[-79.61978419807467,43.51789426683323],[-79.62113166381431,43.51789426683323],[-79.62225455342788,43.51722053405599],[-79.62315286511874,43.51834342305011],[-79.6224791313506,43.51969088987929],[-79.62045793094448,43.52103835592882],[-79.62045793094448,43.52168000726616],[-79.62180539758246,43.52148751219066],[-79.6220299764035,43.52081377914954],[-79.62292828719603,43.52103835592882],[-79.62360202006586,43.52014004509874],[-79.62427575293567,43.52103835592882],[-79.62562321957367,43.52126293382634],[-79.62607237631741,43.522385823150735],[-79.62809357582522,43.52261040124347],[-79.62876730869503,43.52328413376245],[-79.62764441997977,43.5244070232461],[-79.6278689979025,43.52530533502576],[-79.62854273167065,43.52575449013293],[-79.63146224286929,43.52395786787637],[-79.63393259912084,43.52597906806076],[-79.6352800648605,43.52597906806076],[-79.63572922070593,43.52508075719509],[-79.63393259912084,43.52261040124347],[-79.63550464278322,43.52103835592882],[-79.63662753239679,43.52148751219066],[-79.63730126616491,43.52103835592882],[-79.63819957695746,43.52171208971904],[-79.63707668824222,43.52081377914954],[-79.63775042111203,43.51969088987929],[-79.63640295357575,43.5185680012076],[-79.63707668824222,43.5174451118328],[-79.63460633199068,43.51564848901528],[-79.63460633199068,43.51452560003288],[-79.63572922070593,43.51407644471325],[-79.63662753239679,43.51475017806773],[-79.63752584318932,43.51475017806773],[-79.63842415488018,43.516322223058964],[-79.64111908815613,43.51789426683323],[-79.64156824400155,43.51722053405599],[-79.6404453552863,43.5167713779491],[-79.6404453552863,43.51542391171773],[-79.64111908815613,43.5149747559182],[-79.64224197687139,43.51542391171773],[-79.64314028766394,43.51430102311665],[-79.64385969717102,43.51399270560809],[-79.64291570974122,43.51340271100316],[-79.64336486558665,43.51227982192728],[-79.6426911327168,43.511606089007344],[-79.64291570974122,43.51093235573276],[-79.64246655479411,43.51025862210377],[-79.64336486558665,43.50980946695059],[-79.64381402233039,43.508237421698716],[-79.64291570974122,43.50733911119609],[-79.64250739220692,43.50750243858893],[-79.64179282102594,43.50778826714125],[-79.64111908815613,43.50733911119609],[-79.64003242220808,43.50820844377092],[-79.63999619944087,43.508237421698716],[-79.63997786662254,43.508214505571196],[-79.63909788775003,43.50711453294743],[-79.6406699323107,43.50666537785283],[-79.6406699323107,43.505542489177124],[-79.64134366607885,43.50531791075977],[-79.64134366607885,43.504419599812145],[-79.6426911327168,43.50307213276073],[-79.64246655479411,43.50217382227716],[-79.64336486558665,43.50172466625826],[-79.64403859935479,43.50037719900382],[-79.64381402233039,43.49947888817009],[-79.64538606599277,43.49790684430677],[-79.64605979886258,43.49790684430677],[-79.64875473303684,43.49992804395436],[-79.64886481708334,43.4998840103584],[-79.649809408181,43.499506173469435],[-79.65100021492164,43.50037340793201],[-79.65113341621365,43.500470398174905],[-79.65136254500159,43.50063724784841],[-79.65468386005041,43.50305556173195],[-79.65601567893447,43.504025221196564],[-79.65732155537141,43.50497594701056],[-79.65747157851543,43.50508517137009],[-79.65779128084021,43.5053179146691],[-79.65827653818027,43.50567118810556],[-79.66031256977175,43.50715344800233],[-79.66072029801121,43.50745027871621],[-79.66215825554102,43.50849706531758],[-79.66358952691016,43.509536710134036],[-79.6637044097569,43.509620261923345],[-79.66370585424787,43.50961894261347],[-79.66379461228952,43.50968393667066],[-79.66589620832032,43.51122533512573],[-79.66858454975869,43.51319171115687],[-79.67201450885462,43.51570026266192],[-79.67233529454762,43.51593494085662],[-79.67275373968843,43.51624105569651],[-79.67393609238394,43.517105948888286],[-79.67623888678385,43.51879041128135],[-79.67938355442026,43.52109045390141],[-79.68020162948825,43.52168878787952],[-79.68107136576994,43.522324881942616],[-79.68064478009602,43.522385823150735],[-79.68024055079458,43.52279006207354],[-79.67985875062915,43.5231718685467],[-79.67952189587233,43.52350872609791],[-79.67957071301981,43.52365517795294],[-79.67974646930347,43.52418244597925],[-79.6804202021733,43.52463160097958],[-79.68131851296585,43.5244070232461],[-79.6815150167393,43.524715820345136],[-79.68289055842484,43.52373329024019],[-79.68289055842484,43.52261040124347],[-79.6822755690864,43.52220040882237],[-79.68267955404606,43.52182777218147],[-79.68326470314743,43.521288024533874],[-79.68340617702489,43.52115752460095],[-79.6841634864538,43.52045895087656],[-79.68477682109551,43.51988709259457],[-79.6852926193586,43.519414370909274],[-79.68557826744929,43.51914879628467],[-79.68634106558457,43.518439613795785],[-79.6868633829217,43.51795509460948],[-79.68733442621902,43.5175181269368],[-79.68891156063411,43.51605504856421],[-79.68947832391655,43.51552926386093],[-79.68970790276043,43.51531627996863],[-79.69101550126778,43.51410835466279],[-79.69414005293004,43.51122241578229],[-79.69486357761944,43.51055359836026],[-79.69546691401202,43.51115693410948],[-79.69479318114219,43.51227982192728],[-79.69681438065001,43.51317813381704],[-79.6972635355971,43.51407644471325],[-79.7058825401682,43.51819857707571],[-79.70445002642903,43.5190171563178],[-79.70400086968527,43.51811884470818],[-79.70245127582017,43.51811884470818],[-79.7022042481002,43.51811884470818],[-79.70197966927917,43.51789426748466],[-79.70108135938496,43.516995956094746],[-79.69838642521067,43.51564848901528],[-79.6972635355971,43.515873066779896],[-79.69703895857272,43.51654680092196],[-79.69614064688186,43.516322223058964],[-79.69546691401202,43.516995956094746],[-79.69479318114219,43.5167713779491],[-79.69434402529676,43.51722053405599],[-79.69097535825269,43.51766969007669],[-79.6898524686391,43.5185680012076],[-79.69075078032998,43.51811884470818],[-79.69164909202082,43.5190171563178],[-79.69122833192151,43.52238324175857],[-79.6911999361754,43.52261040124347],[-79.69187366904522,43.5244070232461],[-79.6914245140981,43.52508075719509],[-79.69030162538284,43.52530533502576],[-79.69030162538284,43.52597906806076],[-79.6911999361754,43.52710195688212],[-79.69254740281337,43.52755111228949],[-79.6927719807361,43.52822484629396],[-79.69187366904522,43.528898579286086],[-79.69209824696793,43.5293477349924],[-79.69344571540253,43.5293477349924],[-79.69389487034965,43.52912315723167],[-79.69423173588625,43.5293477349924],[-79.69434402529676,43.5293477349924],[-79.69443385682519,43.529482481898775],[-79.69456860321948,43.52957231321955],[-79.69464346162873,43.52979688995917],[-79.69479318114219,43.53002146781649],[-79.694748265378,43.530111299637056],[-79.69479318114219,43.53024604614018],[-79.69434402529676,43.53091977869897],[-79.69636522480457,43.53249182376307],[-79.69703895857272,43.53249182376307],[-79.69748811441814,43.53181809118106],[-79.69614064688186,43.53069520223266],[-79.69703895857272,43.52957231321955],[-79.70197967017748,43.53069520223266],[-79.7022042481002,43.52957231321955],[-79.70310255889275,43.52912315723167],[-79.70489918137615,43.53091977869897],[-79.70871700426567,43.52755111228949],[-79.70939073713548,43.528000268260215],[-79.7096153150582,43.528898579286086],[-79.70939073713548,43.52912315918562],[-79.70826784842022,43.53024604614018],[-79.7082828215394,43.53027100089999],[-79.70894158218837,43.53136893498436],[-79.70859608294359,43.531852638513335],[-79.70894158218837,43.53159351284958],[-79.71051362585074,43.53226724598656],[-79.71083444837468,43.53213891768604],[-79.71028904882635,43.53159351284958],[-79.71118735872058,43.53047062493018],[-79.71028904882635,43.53002146781649],[-79.7096153150582,43.528898579286086],[-79.71141193664329,43.5273265350039],[-79.71298398210229,43.52822484629396],[-79.71433144874028,43.52777569004161],[-79.71433144874028,43.52665280073553],[-79.71320856002501,43.52597906806076],[-79.71433144874028,43.52463160097958],[-79.71410687081756,43.52395786787637],[-79.71343313794772,43.52350871176795],[-79.71261649120103,43.52367204164883],[-79.71251076398369,43.523693187375116],[-79.71231024923249,43.52373329024019],[-79.71156418491428,43.52256091658251],[-79.71121393358163,43.522010520265134],[-79.71120926054553,43.52200317663717],[-79.7091661601111,43.52103835592882],[-79.70849242634294,43.52014004509874],[-79.70877212938308,43.51958064188783],[-79.70880683579408,43.51951122828842],[-79.70894158218837,43.51924173392184],[-79.70983989298094,43.5190171563178],[-79.71186102960665,43.520027748627705],[-79.70400086968527,43.51452560003288],[-79.70355171473818,43.513851866777],[-79.7037416518269,43.5130921165653],[-79.70556636013767,43.51443985505723],[-79.70776180136954,43.5160612750426],[-79.71021875026548,43.5178756257461],[-79.71056535982797,43.51813157278867],[-79.71073169458091,43.518254392536456],[-79.71099599780213,43.518449555703576],[-79.71142773890746,43.51876835185948],[-79.7122726349749,43.51939219120549],[-79.71376900365941,43.520497037874094],[-79.71475756998518,43.52122689592048],[-79.71569384268332,43.521918147078225],[-79.71581914508904,43.522010673990145],[-79.7160133222259,43.52212368979792],[-79.71616669249269,43.52198382812063],[-79.71796572964756,43.523313194339714],[-79.71881226693702,43.52393871474238],[-79.71902273412326,43.52409422655075],[-79.72007791412061,43.52487388538209],[-79.72061102291923,43.52526777995345],[-79.7216514103588,43.526036459064976],[-79.72325530468788,43.52722143337545],[-79.72475385538023,43.5283285354386],[-79.72564912357889,43.528989931615236],[-79.72580384670849,43.52910422978516],[-79.72556033768947,43.5293477349924],[-79.72613347541716,43.5293477349924],[-79.72680440105172,43.52984336687648],[-79.72753471520804,43.530382683028066],[-79.72762182663777,43.53039929670307],[-79.7277454249394,43.53040922035787],[-79.72788704254731,43.53042878500428],[-79.72796494265212,43.53044297783564],[-79.7281008990771,43.530463507677],[-79.72829495314478,43.53049478567986],[-79.72843334041093,43.53052238650937],[-79.72857200166325,43.53055886108489],[-79.72877524908954,43.53060897353614],[-79.7290001180664,43.53067319145098],[-79.72919273033804,43.53073568730499],[-79.72942527991059,43.53081446189575],[-79.73003185203484,43.531025430076205],[-79.73049288450665,43.53118577303282],[-79.73063799476436,43.53124013064221],[-79.73074792430064,43.531286542622176],[-79.7309652465308,43.53137589973206],[-79.73138653843274,43.53155202343689],[-79.73189869133242,43.53177086942795],[-79.73261335414153,43.53208884102316],[-79.7334817034244,43.532494592938036],[-79.73391784268136,43.532702720949956],[-79.73417317532616,43.53282517368125],[-79.73455385619074,43.533015273720856],[-79.73476286091969,43.53312453069519],[-79.73491143508114,43.53320610256833],[-79.73511361800384,43.53331233802393],[-79.7352942242917,43.53314868191537],[-79.73654870541631,43.53381216914973],[-79.73942962409204,43.53532040978789],[-79.74117139274925,43.5362462099974],[-79.74162268299179,43.536480635048754],[-79.74219698134283,43.536790905909314],[-79.74261114241806,43.53702294995407],[-79.74389058772438,43.53777036973167],[-79.74512316253247,43.53854688167148],[-79.74532318410859,43.53868058304027],[-79.74532318410859,43.538780001898076],[-79.74397571836892,43.539229158249384],[-79.7417299400401,43.53765711298723],[-79.73907271534483,43.536297642961806],[-79.74015789458109,43.538106269237595],[-79.73993331665838,43.53900458016638],[-79.74083162834923,43.53967831320834],[-79.7417299400401,43.539229158249384],[-79.74285282875533,43.53945373614711],[-79.74420029539333,43.54080120224662],[-79.74420029539333,43.54214866883628],[-79.74397571836892,43.54080120224662],[-79.74377756079701,43.540669098356275],[-79.74359674160843,43.54054855257119],[-79.74330198370245,43.540352047187305],[-79.74309237800058,43.54045685048568],[-79.74240367290993,43.54080120224662],[-79.74128078419466,43.54012746872845],[-79.74060705132484,43.54057662480961],[-79.74060705132484,43.54169951274563],[-79.7417299400401,43.542597824836534],[-79.74060705132484,43.54282240190736],[-79.73993331665838,43.5439452909913],[-79.7381366950733,43.54416986890284],[-79.73678922843531,43.542597824836534],[-79.73521718387462,43.542597824836534],[-79.73476802802921,43.543496135914125],[-79.73566633882174,43.54439444728002],[-79.73476802802921,43.54484360282672],[-79.73454345010649,43.5455173357321],[-79.7339980487615,43.545244634853056],[-79.73342056139124,43.545966492028036],[-79.73379044989599,43.54689122308353],[-79.73431887218376,43.54821226888376],[-79.7337574251312,43.54896086709964],[-79.73364513931395,43.549110580939335],[-79.73297139925758,43.54948488311842],[-79.73162393890783,43.550233470086155],[-79.73521718387462,43.55315298096872],[-79.73409429515937,43.55450044815581],[-79.73409429515937,43.55629706999238],[-79.7349926059519,43.557195380679175],[-79.73476802802921,43.55786911483348],[-79.73485440373871,43.557938216080885],[-79.7349926059519,43.55786911483348],[-79.73589091674447,43.558767426170554],[-79.73723838428074,43.55831827022313],[-79.73746296220345,43.55831827022313],[-79.73925958378854,43.55831827022313],[-79.73836127299602,43.55741995869965],[-79.73768753922786,43.557644537185084],[-79.73701380635802,43.557195380679175],[-79.73656464961428,43.556072491692966],[-79.73701380635802,43.555174181192854],[-79.73881042794312,43.55494960326575],[-79.74015789458109,43.55652164810584],[-79.74150536211737,43.55697080312376],[-79.74262825083264,43.55562333714033],[-79.74285282875533,43.55450044815581],[-79.74397571836892,43.55405129230224],[-79.74487402916148,43.55494960326575],[-79.74397571836892,43.557644537185084],[-79.74464945123876,43.558542847964375],[-79.74577233995402,43.55831827022313],[-79.74689522866927,43.55899200419064],[-79.74734438361638,43.55786911483348],[-79.74801811828284,43.557644537185084],[-79.74869185115267,43.55809369229585],[-79.75048847363607,43.55674622603329],[-79.7493655849208,43.556072491692966],[-79.7493655849208,43.55494960326575],[-79.74824269620555,43.55405129230224],[-79.74869185115267,43.55292840332175],[-79.7493655849208,43.552703824837835],[-79.75048847363607,43.55360213700721],[-79.75161136324964,43.55337755908086],[-79.75228509611948,43.553826714096616],[-79.75228509611948,43.554725025803734],[-79.7529588289893,43.554725025803734],[-79.75453087444829,43.55315298096872],[-79.75542918524086,43.55337755908086],[-79.75565376316355,43.55405129230224],[-79.75632749603339,43.55405129230224],[-79.75655207395609,43.55337755908086],[-79.75430629562726,43.55158093614172],[-79.75453087444829,43.55068262509593],[-79.75542918524086,43.550233470086155],[-79.75927568954076,43.55298098742166],[-79.7601453189229,43.55360213700721],[-79.76126820763815,43.55203009217756],[-79.75520460731813,43.546640224754675],[-79.74824269620555,43.54192409120923],[-79.74711980659197,43.54057662480961],[-79.74735259601471,43.54011104787851],[-79.74761840301571,43.54030622629242],[-79.74894141212175,43.54127827414908],[-79.75047034832859,43.54237764028794],[-79.75117767908834,43.5428920908171],[-79.75176198646828,43.54331705442066],[-79.75245658899878,43.54382773463697],[-79.7542198812902,43.54512408324069],[-79.75520992803956,43.54583288625295],[-79.75563283062081,43.54615241409556],[-79.75596248088905,43.546407802962946],[-79.75625936241235,43.54664529626041],[-79.75654087915103,43.54687385150368],[-79.75683080861235,43.54711675235518],[-79.75734955784115,43.54756504509309],[-79.75781963994113,43.547976427081935],[-79.75823168458555,43.54837093645581],[-79.75859009531591,43.548682211961875],[-79.75908232088763,43.5491213472737],[-79.75941902293086,43.54944344573174],[-79.75975501171173,43.54974863658651],[-79.7601118054746,43.55007307946605],[-79.76085416873381,43.55072232848977],[-79.76129667614784,43.551092270255374],[-79.76195190911271,43.551623196297676],[-79.76261478045241,43.55211843611027],[-79.76313755682864,43.55249741106218],[-79.76358529243763,43.55281159951551],[-79.76375766386927,43.55292972884606],[-79.76375831694449,43.55293020215458],[-79.76484730773251,43.55363324090003],[-79.76544549318524,43.553993955301685],[-79.76608146716873,43.55436994261164],[-79.76712968522264,43.554970263430995],[-79.76860814689029,43.55581627727886],[-79.76968428817646,43.556481621728025],[-79.76995843603487,43.556661501300695],[-79.77029963684103,43.55689086095735],[-79.77066668577119,43.557143752666526],[-79.77207961444054,43.55817201907038],[-79.7730161233956,43.55886210597287],[-79.77341781854962,43.55915035565215],[-79.77404906200482,43.559614005130044],[-79.77524760234174,43.56049430829115],[-79.77936556404578,43.56349747361731],[-79.78093177045542,43.56463956557909],[-79.78159304998047,43.565131195864765],[-79.78200490777532,43.5654246299782],[-79.78267778724563,43.56591773075585],[-79.78382976610472,43.56676535807142],[-79.78440765592025,43.56719228696886],[-79.78469743626124,43.56740907110804],[-79.78551254060058,43.56805221946137],[-79.78581550192173,43.568290960462164],[-79.78612653370739,43.568553665722725],[-79.78638536439189,43.568772277818496],[-79.78694889194267,43.56924648776575],[-79.78773420904552,43.56990731598755],[-79.78801181362113,43.570138987832756],[-79.78844656408266,43.57049058975169],[-79.78882523092439,43.57079311356844],[-79.78904207704744,43.57095611882023],[-79.78776838724713,43.572017515963424],[-79.78763269762176,43.57242458782808],[-79.78915120528647,43.571038151070724],[-79.78933913104729,43.57117941674986],[-79.78969322357608,43.5714389957775],[-79.78993566629485,43.57161704673748],[-79.7905111414389,43.57201646681395],[-79.7910866246678,43.572415884241366],[-79.793158253799,43.57375182094115],[-79.79328843405672,43.5738357692953],[-79.7942313623728,43.57445605568291],[-79.7954420739835,43.57527351076955],[-79.79570906945561,43.57546090238848],[-79.79761851854207,43.57685808721399],[-79.79940989576254,43.578178431825776],[-79.80089990257821,43.57925888149885],[-79.801534683599,43.57973291581874],[-79.80245424134465,43.580408892236214],[-79.8026431696253,43.58054777438068],[-79.80341388730817,43.58111427381521],[-79.80341942991346,43.58111838778581],[-79.80475389523433,43.582107889121545],[-79.80632046186841,43.58323762314757],[-79.80654352523155,43.58340372725233],[-79.80704881590077,43.58378545964095],[-79.8074728279014,43.58410596531846],[-79.80769092268272,43.58427202473154],[-79.80798708465547,43.58450554722261],[-79.80832299168965,43.58478505828822],[-79.80857505626344,43.58502523931934],[-79.80888125511287,43.58533830097388],[-79.8090982988653,43.585599709874785],[-79.80930369685836,43.585863626040776],[-79.80961665822527,43.58633027191409],[-79.8097349501785,43.58652844147773],[-79.80983231767384,43.58671344521658],[-79.80991266748444,43.58688705699586],[-79.80999956960669,43.58710019023292],[-79.81009926553524,43.5873594520754],[-79.81017413202933,43.58757302349202],[-79.81023215241692,43.58777699421378],[-79.81032904919502,43.588226080157504],[-79.80935504545835,43.58909854773121],[-79.80838101297554,43.58997100591145],[-79.80822137606134,43.590113725602606],[-79.80326835035066,43.59454954242],[-79.80312058646957,43.5946804273929],[-79.80244079266653,43.595247791832485],[-79.8017244140752,43.59579086216803],[-79.80097309012105,43.59630839385744],[-79.8001885437727,43.59679920092113],[-79.79937256986415,43.59726215788633],[-79.79852703958613,43.59769620433304],[-79.79765388970637,43.59810034423635],[-79.79662677038355,43.598523652504305],[-79.79639630041089,43.5986113889489],[-79.79617713393945,43.598692460393565],[-79.79524108402352,43.599013707033315],[-79.79428494508286,43.599302026725226],[-79.79331090990513,43.599556760946086],[-79.79232121170212,43.59977732398865],[-79.79131811871987,43.59996320946183],[-79.79130966108148,43.5999646230745],[-79.79110780065398,43.599997514116794],[-79.79090551173009,43.600028995433306],[-79.79070281946265,43.600059068327155],[-79.78808105576323,43.60032230503851],[-79.78792641977023,43.60033783321543],[-79.78992978682132,43.60180925649254],[-79.78983711032839,43.60186864849082],[-79.78964429952907,43.601992220088256],[-79.78743539075447,43.60341135884938],[-79.786517913507,43.604000346566266],[-79.7864797449889,43.60402484927122],[-79.78574718684101,43.60368298528731],[-79.78461139113176,43.60373461243773],[-79.78080647613456,43.60390756170279],[-79.78037229610321,43.604341746900424],[-79.77900985275284,43.60570418512657],[-79.77676407532232,43.60503045071933],[-79.77743780909046,43.606153340241505],[-79.77653949829792,43.607051650817475],[-79.77564118570874,43.606827073780714],[-79.77541660868435,43.6081745396857],[-79.77721323116774,43.60884827400223],[-79.77770454225451,43.60953611513815],[-79.77649736910773,43.6098994346897],[-79.77624737335404,43.609974678709925],[-79.77581166977998,43.61010581696653],[-79.77531977838156,43.61025383733905],[-79.77406914204637,43.60929742905604],[-79.77204794164027,43.60839911819604],[-79.77025131915686,43.6090728519484],[-79.76912843044158,43.60772538470248],[-79.76823011875074,43.6081745396857],[-79.76710723003548,43.60794996293858],[-79.76620891924294,43.60884827400223],[-79.76441229675953,43.6095220072765],[-79.76351398596698,43.60862369586795],[-79.76418771883682,43.607500806928854],[-79.76351398596698,43.60772538470248],[-79.76261567427613,43.607276228967194],[-79.76171736258527,43.606153340241505],[-79.76194194140632,43.60570418512657],[-79.76368241828614,43.60570418512657],[-79.76373856299139,43.60570418512657],[-79.76575976429582,43.60480587394234],[-79.76620891924294,43.6041321398819],[-79.7655091316366,43.603257407948185],[-79.7616108062229,43.603522340821385],[-79.76059447387001,43.6041321398819],[-79.75997148413565,43.60363374996403],[-79.75924700813037,43.60368298528731],[-79.75897896342599,43.60372645263704],[-79.7585732743622,43.6041321398819],[-79.75879785228493,43.60525502925985],[-79.7583486964395,43.605479606961964],[-79.75745038474865,43.60458129567643],[-79.75642042405457,43.604287021344895],[-79.75700122980152,43.60525502925985],[-79.75655207395609,43.60592876180233],[-79.75565376316355,43.606153340241505],[-79.75542918524086,43.607276228967194],[-79.75475545237101,43.60772538470248],[-79.75385713978184,43.607276228967194],[-79.75363256275743,43.606153340241505],[-79.75250967404217,43.60592876180233],[-79.75206051819676,43.60525502925985],[-79.75228179391249,43.60481248024414],[-79.75093762858319,43.60503045071933],[-79.74981474435951,43.60540474695379],[-79.74915534411002,43.60577108103092],[-79.7489164290754,43.606153340241505],[-79.74872393358471,43.60608917477997],[-79.74869185115267,43.606153340241505],[-79.74970237050735,43.607051600081746],[-79.75093762858319,43.60794996293858],[-79.75093762858319,43.608149613278925],[-79.7527342519649,43.6097465853088],[-79.75250967404217,43.61086947394933],[-79.75183594207066,43.61131863016974],[-79.75228509611948,43.61131863016974],[-79.75363256275743,43.61244151872846],[-79.75453087444829,43.61221694100286],[-79.75475545237101,43.61154320669692],[-79.75587834108626,43.61266609626576],[-79.75722580682593,43.61221694100286],[-79.7583486964395,43.61131863016974],[-79.75879785228493,43.60997116315299],[-79.75992074100017,43.6097465853088],[-79.76036989684562,43.6090728519484],[-79.75992074100017,43.6081745396857],[-79.75902243020765,43.60794996293858],[-79.75924700813037,43.607051650817475],[-79.76045972837403,43.6074558917939],[-79.75992074100017,43.60772538470248],[-79.76171736258527,43.60839911819604],[-79.76216651932901,43.61019574080907],[-79.76396314091411,43.61086947394933],[-79.76441229675953,43.61176778498707],[-79.76351398596698,43.61266609626576],[-79.76059447387001,43.611992363089094],[-79.76036989684562,43.61311525207658],[-79.75969616307748,43.61356440713431],[-79.76009247911958,43.61475335532343],[-79.7601453189229,43.614911874292716],[-79.76039230352374,43.615131419139345],[-79.759978300552,43.61550702804466],[-79.75993838301406,43.61554323851508],[-79.75995198620241,43.61555308896636],[-79.75992589014339,43.615575050537096],[-79.75977104574125,43.61571591384345],[-79.75959637102919,43.615876536150616],[-79.75940937322807,43.61604669882727],[-79.75460631586418,43.62041820691608],[-79.75387553548224,43.621083164751425],[-79.75340798483474,43.62120005205593],[-79.7527342519649,43.620750896803294],[-79.7527342519649,43.61895427475422],[-79.75161136324964,43.61962800797333],[-79.75078571718042,43.61946287853545],[-79.74971846382567,43.62036594312067],[-79.7495901619452,43.620526318894115],[-79.74950324904316,43.620548047137234],[-79.74846727322996,43.62142463004968],[-79.7491410069981,43.62164920785489],[-79.74981473986793,43.62120005205593],[-79.75048847363607,43.62164920785489],[-79.75071305066047,43.622772097303226],[-79.751331071813,43.62339011715055],[-79.75013911343218,43.62448137942773],[-79.7495901619452,43.624344141760865],[-79.7495901619452,43.62498394881846],[-79.74948814656659,43.6250773442791],[-79.74930699589967,43.625240952940736],[-79.74660184518568,43.6277026807472],[-79.74577233995402,43.627039075154805],[-79.74442487331605,43.627039075154805],[-79.74335545502143,43.62805502192939],[-79.74386342985672,43.627039075154805],[-79.74397571836892,43.62681449667626],[-79.74387947107274,43.62652575484352],[-79.743571479186,43.627039075154805],[-79.74349448009143,43.62716740552307],[-79.74330198370245,43.62748823089532],[-79.74262825083264,43.627712808157185],[-79.74179410580251,43.6268786627846],[-79.7417299400401,43.627039075154805],[-79.73791211715059,43.630407742025454],[-79.73386971723667,43.63265351994715],[-79.73294078557102,43.632786224443095],[-79.73241859938793,43.632860822805114],[-79.73229767177764,43.63287809806516],[-79.73230350543713,43.63285476508479],[-79.73252224970037,43.63197978705968],[-79.73184851683055,43.63130605312131],[-79.73207309385492,43.630407742025454],[-79.73162393890783,43.62973400932045],[-79.73072562811528,43.629509431157544],[-79.7311747830624,43.62861111986792],[-79.73027647226985,43.627712808157185],[-79.73027647226985,43.62658991995957],[-79.73058527174204,43.62619289728591],[-79.7312936723953,43.62528209823423],[-79.73175322893509,43.624691234161475],[-79.73184851683055,43.62456871906449],[-79.73139936098512,43.623670408067525],[-79.73005189434713,43.623670408067525],[-79.72847984978644,43.62524245309439],[-79.72735696107121,43.624344141760865],[-79.72623407235594,43.62479329682967],[-79.72556033768947,43.623894985937234],[-79.72645865027864,43.62322125306266],[-79.72600949443321,43.622098364200035],[-79.72645865027864,43.62142463004968],[-79.72600949443321,43.620750896803294],[-79.7239882940271,43.619852585986315],[-79.7239383881215,43.619752774795735],[-79.72341080845345,43.6186976144455],[-79.7233145611573,43.61850511898274],[-79.72241624856811,43.618055963107714],[-79.72174251569827,43.61828054113948],[-79.72129335985285,43.61895427475422],[-79.72151794047052,43.61962800992426],[-79.72061962698302,43.620526318894115],[-79.72129335985285,43.61962800797333],[-79.72039504906031,43.61917885203207],[-79.72039504906031,43.6178313861882],[-79.72196709362099,43.616708496813196],[-79.72286540531186,43.61715765169768],[-79.72353913818168,43.61693307402451],[-79.72488660481966,43.618055963107714],[-79.72488660481966,43.619403429771786],[-79.72578491561218,43.61917885203207],[-79.72847984978644,43.62120005205593],[-79.729378160579,43.62120005205593],[-79.72960273940004,43.61962800797333],[-79.72870442770916,43.61850511898274],[-79.72915358265628,43.6178313861882],[-79.73005189434713,43.61760680777958],[-79.73162393890783,43.61917885203207],[-79.7311747830624,43.622098364200035],[-79.73184851683055,43.62232294078915],[-79.73701380635802,43.61760680777958],[-79.73678922843531,43.61693307402451],[-79.73604906515023,43.616420659863934],[-79.73589091674447,43.61648391876319],[-79.73476802802921,43.61581018478357],[-79.73442581661834,43.615296871349194],[-79.73386971723667,43.614911874292716],[-79.73374495112515,43.61441281274701],[-79.73162393890783,43.61356440713431],[-79.73102561870778,43.61302592510788],[-79.729378160579,43.61154320669692],[-79.72949570693055,43.61139627503433],[-79.73027647226985,43.61042031827703],[-79.73138614586897,43.61000420092439],[-79.73139936098512,43.60997116315299],[-79.73925958378854,43.607051650817475],[-79.74035680404289,43.60644209275277],[-79.74038247340214,43.606377917842266],[-79.74070334982497,43.606249568466275],[-79.7431576127582,43.60488608165656],[-79.74270310654694,43.604431578535014],[-79.74170498573982,43.60380775136704],[-79.74132570175549,43.60399739398573],[-79.74060705132484,43.60525502925985],[-79.7384331481002,43.60584791151163],[-79.73746296220345,43.60660249590548],[-79.73740833744766,43.6065660797089],[-79.73634007258988,43.607500806928854],[-79.73544176089904,43.607051650817475],[-79.73544176089904,43.60592876180233],[-79.73521718387462,43.60585390300356],[-79.73476802802921,43.60592876180233],[-79.73409429515937,43.605479606961964],[-79.7331959825702,43.606377917842266],[-79.73302487686477,43.606335141252025],[-79.73297140644411,43.606377917842266],[-79.73364513931395,43.607276228967194],[-79.7331959825702,43.6081745396857],[-79.73229767177764,43.60839911819604],[-79.7311747830624,43.60772538470248],[-79.7311747830624,43.60884827400223],[-79.73027647226985,43.6097465853088],[-79.72825527186373,43.60884827400223],[-79.72780611601831,43.6095220072765],[-79.72690780522578,43.6097465853088],[-79.72376371610439,43.607276228967194],[-79.7233145611573,43.607500806928854],[-79.72219167244202,43.60660249590548],[-79.72151793777554,43.606827073780714],[-79.72110960766484,43.606500410813986],[-79.72044851948095,43.60597153868157],[-79.72039504906031,43.60592876180233],[-79.71972131619047,43.606153340241505],[-79.71975677628801,43.60625972095556],[-79.71994589411318,43.606827073780714],[-79.71949673826775,43.607500806928854],[-79.71904758242232,43.607500806928854],[-79.71792469280875,43.607500806928854],[-79.71747553786163,43.606377917842266],[-79.71904758242232,43.60390756170279],[-79.71680180499182,43.60256009583839],[-79.71455602666299,43.60503045071933],[-79.71298398210229,43.60503045071933],[-79.71191530671445,43.60601008227394],[-79.71096278169617,43.606883228038036],[-79.71096278169617,43.60794996293858],[-79.71163651456601,43.60772538470248],[-79.71253482625686,43.60862369586795],[-79.71186109338703,43.6097465853088],[-79.71231024923249,43.61086947394933],[-79.71208567130977,43.61176778498707],[-79.71320856002501,43.61176778498707],[-79.71365771497213,43.61221694100286],[-79.71455602666299,43.611992363089094],[-79.71545433835384,43.612890674265316],[-79.71522976043113,43.6137889850312],[-79.71388229289485,43.61468729603653],[-79.71410687081756,43.61558560793112],[-79.71365771497213,43.61603476274836],[-79.71365771497213,43.61648391876319],[-79.71476991014224,43.617040016435666],[-79.71320856002501,43.61774972986383],[-79.71320856002501,43.6178313861882],[-79.71660577283389,43.616321516097074],[-79.71725095993892,43.61603476274836],[-79.71731461815322,43.616050677086136],[-79.71814927073147,43.61625934117518],[-79.7185984265769,43.61693307402451],[-79.7183738486542,43.61760680777958],[-79.71771355368269,43.61804700598257],[-79.71708763005059,43.618464287064725],[-79.71725095993892,43.61895427475422],[-79.71682544415852,43.61980530835681],[-79.7160255465003,43.61887209383735],[-79.71028904882635,43.62097547517418],[-79.71186109338703,43.62254751914047],[-79.71275940417958,43.622098364200035],[-79.71365771497213,43.62254751914047],[-79.71365771497213,43.624119564268554],[-79.71612807122368,43.6259161860759],[-79.71612807122368,43.627039075154805],[-79.7150051816101,43.62748823089532],[-79.71298398210229,43.62569160795391],[-79.71208567130977,43.62569160795391],[-79.71028904882635,43.62636534175363],[-79.70939073713548,43.627937385880486],[-79.70939073713548,43.62861111986792],[-79.71028904882635,43.62928485280567],[-79.71006447090365,43.630407742025454],[-79.71141193664329,43.62928485280567],[-79.71253482625686,43.62973400932045],[-79.71253482625686,43.6322043637942],[-79.71410687081756,43.63332725308387],[-79.7150051816101,43.63310267599414],[-79.71590349330096,43.633776409296836],[-79.71590349330096,43.63489929782054],[-79.7170263820162,43.63579760874611],[-79.71680180499182,43.63669591989587],[-79.71590349330096,43.637145076286004],[-79.71565726867483,43.63693402782515],[-79.71433144874028,43.63579760874611],[-79.71275940417958,43.63669591989587],[-79.71208567130977,43.63624676469936],[-79.71186109338703,43.63534845268637],[-79.71098773509814,43.63552312495857],[-79.71118735961889,43.63557303113591],[-79.71051362585074,43.63647134174207],[-79.71096278169617,43.637594231269134],[-79.71163651456601,43.637818809126955],[-79.71275940417958,43.636920497860494],[-79.71388229289485,43.637369653872156],[-79.71365771497213,43.63826796492505],[-79.71051362585074,43.64073832095753],[-79.71028904882635,43.64141205381358],[-79.71073820377346,43.642085786915416],[-79.71163651456601,43.642310364887315],[-79.71233567335165,43.64189087068211],[-79.71234366296777,43.64190019220063],[-79.71365771497213,43.64343325385531],[-79.71320856002501,43.64433156525973],[-79.71275940417958,43.64433156525973],[-79.71298398210229,43.6452298762323],[-79.71231024923249,43.645903610071755],[-79.71298398210229,43.64702649882952],[-79.71253482625686,43.64814938804718],[-79.71051362585074,43.6479248098029],[-79.70939073713548,43.64702649882952],[-79.70945918067531,43.64730027289377],[-79.7096153150582,43.6479248098029],[-79.70871700426567,43.64882312099194],[-79.70736953672939,43.64859854331671],[-79.70610628894593,43.64775637865622],[-79.70512375929887,43.64859854331671],[-79.7075941146521,43.64927227707344],[-79.70804327139584,43.64994600977282],[-79.70781869257482,43.650619742714696],[-79.70714495880667,43.6510688990104],[-79.70557291514429,43.65084432128245],[-79.70445002642903,43.65151805519703],[-79.70355171473818,43.652865521151455],[-79.70197967017748,43.65376383319063],[-79.70287798097003,43.654886721891934],[-79.70265340394563,43.65578503294393],[-79.70197967017748,43.65623418830513],[-79.70018304769408,43.65578503294393],[-79.69906015897882,43.6571324986974],[-79.69995846977136,43.656683344206265],[-79.70085678056392,43.65690792219673],[-79.70222192604669,43.65846808974854],[-79.70075835036161,43.65976612266585],[-79.70059916260506,43.65990709037627],[-79.69861939519478,43.661662883384906],[-79.69838642521067,43.66162405508529],[-79.69703895857272,43.662522366723884],[-79.69636522480457,43.662297788937074],[-79.69591606985745,43.66072574430277],[-79.69658980272729,43.65982743307713],[-79.69569149193474,43.65960285495784],[-79.6952423360893,43.6589291220589],[-79.69546691401202,43.658479966059076],[-79.69456860321948,43.658030811248686],[-79.69299655776047,43.65982743307713],[-79.69344571360591,43.6591537000986],[-79.69479318114219,43.657581655028174],[-79.69546691401202,43.65780623290851],[-79.69614064688186,43.65735707695779],[-79.69636522480457,43.656683344206265],[-79.69591606985745,43.65578503294393],[-79.69479318114219,43.655335876822924],[-79.69389487034965,43.65578503294393],[-79.69030162538284,43.65982743307713],[-79.68199224583569,43.65353925514069],[-79.68120982040972,43.65385222544153],[-79.68244140168109,43.654886721891934],[-79.68872957992386,43.6591537000986],[-79.68917873576927,43.66027658874531],[-79.68828042497674,43.661174899749476],[-79.68648380159502,43.66050116629416],[-79.68548580295877,43.65950317931772],[-79.6840134471401,43.658030811248686],[-79.68131851296585,43.65645876602575],[-79.67727611305193,43.65309009912109],[-79.67390744600783,43.654437566201175],[-79.673233713138,43.65421298807096],[-79.67278455729257,43.65309009912109],[-79.67368286808514,43.652416365942656],[-79.673233713138,43.652416365942656],[-79.67278455729257,43.65151805519703],[-79.67053877896375,43.65174263170569],[-79.66948607292669,43.65090047343045],[-79.6696404681712,43.65151805519703],[-79.66874215737866,43.65219178805348],[-79.6691913123258,43.65331467690087],[-79.66829300063492,43.65421298807096],[-79.66986504609392,43.65398840975079],[-79.67076335688647,43.654886721891934],[-79.67023934263177,43.65610942376951],[-79.67008962311832,43.65645876602575],[-79.66949075045439,43.65675820341307],[-79.6691913123258,43.65690792219673],[-79.66911319932025,43.657142263043575],[-79.66896673440306,43.657581655028174],[-79.66896673440306,43.658030811248686],[-79.66986504609392,43.65780623290851],[-79.67076335688647,43.65870454382907],[-79.66986504609392,43.65982743307713],[-79.66986504609392,43.661174899749476],[-79.6691913123258,43.66162405508529],[-79.66986504609392,43.662522366723884],[-79.67233540144714,43.66050116629416],[-79.673233713138,43.66072574430277],[-79.67368286808514,43.6613994778374],[-79.67345829016242,43.66207321096012],[-79.67098793480919,43.664094411103015],[-79.67098793480919,43.664543566691215],[-79.67255997936986,43.6654418781831],[-79.67345829016242,43.66701392213827],[-79.673233713138,43.66768765593343],[-79.67211082442275,43.66813681127786],[-79.67031420104104,43.66678934490869],[-79.67008962311832,43.66723849982717],[-79.67076335688647,43.66791223370084],[-79.67053877896375,43.66858596716002],[-79.67121251183359,43.669484277938146],[-79.67211082442275,43.67015801194537],[-79.673233713138,43.67015801194537],[-79.67413202393055,43.671505478063814],[-79.6750303347231,43.67173005584123],[-79.67547948967021,43.67240378867962],[-79.6750303347231,43.67330210079357],[-79.67368286808514,43.673526677695655],[-79.6750303347231,43.67487414484975],[-79.67480575769869,43.67599703442246],[-79.67446889126377,43.67624968429571],[-79.67458117887767,43.67622161228443],[-79.67480575769869,43.67599703442246],[-79.67570406759293,43.675098723015864],[-79.67592864641395,43.67622161228443],[-79.67660237928379,43.676670768085856],[-79.6788481567143,43.67532330099124],[-79.67952189138076,43.67577245571993],[-79.68029187154676,43.6753874666224],[-79.6804202021733,43.67532330099124],[-79.68086935801873,43.67577245571993],[-79.68161795199276,43.67577245571993],[-79.68086935801873,43.67622161228443],[-79.67974646930347,43.67599703377274],[-79.67966225224559,43.676137396171974],[-79.67907273463702,43.677119923123996],[-79.6791643097954,43.67719187673088],[-79.68121989771059,43.67880699091953],[-79.6822168237584,43.679590278755306],[-79.68302530571745,43.6791860388634],[-79.68356429129467,43.67891654473873],[-79.68446260208722,43.67914112271864],[-79.68487088009564,43.6799576783752],[-79.68454179846098,43.68059437774002],[-79.6840134471401,43.68138690111149],[-79.68410173715948,43.681445762335464],[-79.68410087567513,43.68144742934601],[-79.68390509324884,43.68182620204845],[-79.68384733067776,43.68193794551563],[-79.68380469932933,43.68201756048141],[-79.68365759930325,43.682300939165394],[-79.6836221625619,43.68236944669762],[-79.68362072166418,43.68237222522233],[-79.68329423346576,43.683003426425664],[-79.68328057278522,43.68302983739239],[-79.68266597960381,43.68250979029239],[-79.68154309088857,43.68340810118685],[-79.68064478009602,43.68318352423709],[-79.67929731255973,43.68408183478757],[-79.67705153512921,43.68408183478757],[-79.67660237928379,43.68318352423709],[-79.67727611305193,43.68138690111149],[-79.67817442384447,43.68116232309203],[-79.6789502412632,43.681550232355455],[-79.67907273463702,43.68161147893988],[-79.67914365213711,43.68146964488839],[-79.67929731255973,43.68116232309203],[-79.6804202021733,43.68093774618097],[-79.67615322433666,43.677569078698255],[-79.67413202393055,43.676670768085856],[-79.67211082442275,43.67846739015541],[-79.67211082442275,43.67848984978351],[-79.67211082442275,43.67891654473873],[-79.6730091352153,43.67891654473873],[-79.67368286808514,43.6798148568121],[-79.6750303347231,43.68026401170322],[-79.6751265838159,43.68039234402445],[-79.67570406759293,43.68116232309203],[-79.67525491264583,43.682060635323005],[-79.67415940727535,43.6822797354271],[-79.67413202393055,43.682285211928765],[-79.67211082442275,43.68116232309203],[-79.67119847925053,43.682439608791434],[-79.67098793480919,43.68273436781537],[-79.6696404681712,43.68295894579693],[-79.66874215737866,43.68430641292193],[-79.6679935777777,43.68445612861259],[-79.66761926776509,43.68453099021551],[-79.66694553399695,43.68520472419764],[-79.66537349033457,43.68430641292193],[-79.66357686695285,43.686103035013545],[-79.6622294012132,43.686103035013545],[-79.66155566744506,43.68408183478757],[-79.66200482329049,43.68340810118685],[-79.66290313408304,43.68318352423709],[-79.66267855616033,43.68273436976427],[-79.66245397823761,43.682285211928765],[-79.66267855616033,43.68206063597268],[-79.66380144487557,43.68093774618097],[-79.66380144487557,43.67846739015541],[-79.66447517864373,43.67801823415883],[-79.66492433359083,43.67824281225255],[-79.66559806825728,43.677569078698255],[-79.66705782340746,43.677569078698255],[-79.66717011191967,43.677569078698255],[-79.66739468894406,43.67779365652397],[-79.66784384478949,43.67824281225255],[-79.66794952978604,43.678163549606616],[-79.66874215737866,43.677569078698255],[-79.66986504609392,43.677793655874275],[-79.671661667679,43.67599703377274],[-79.67008962311832,43.67554787877582],[-79.66874215737866,43.67442498989456],[-79.66851757855764,43.673526677695655],[-79.6691913123258,43.6726283669941],[-79.66864025159452,43.67207730596392],[-79.66811464911841,43.67169272979827],[-79.6650462834839,43.669447580138524],[-79.66474606022776,43.66923075940895],[-79.66474816587876,43.669229444242816],[-79.66445497014308,43.66901491712666],[-79.66447517235551,43.66903511838155],[-79.66226217444971,43.667436859646784],[-79.6622014186921,43.66739298024461],[-79.66154787994986,43.666920977194806],[-79.66144344181492,43.666845548427695],[-79.66107895757492,43.66658230143084],[-79.66093315381778,43.66667508704457],[-79.6586361562464,43.66813681127786],[-79.65661495584027,43.66836138931416],[-79.65483336666317,43.67003820555114],[-79.65279713295077,43.67195463407779],[-79.65238252900609,43.67211011077628],[-79.65279713295077,43.67128090009575],[-79.65234797800365,43.67015801129559],[-79.65302171087347,43.670607166997485],[-79.65392002166602,43.670382588916965],[-79.6550429112796,43.6674630779755],[-79.65369544374332,43.66858596716002],[-79.6532462887962,43.669708856131074],[-79.65212340008095,43.669933434133526],[-79.6501021996748,43.67195463407779],[-79.64920388888228,43.67217921212378],[-79.64853015511413,43.67173005584123],[-79.64830557719141,43.671056323236705],[-79.64942846590668,43.669484277938146],[-79.65144966721111,43.66813681127786],[-79.65055135462194,43.6674630779755],[-79.65055135462194,43.666340189228585],[-79.65369544374332,43.663420677918104],[-79.65257255592635,43.66297152172669],[-79.65212340008095,43.66386983269849],[-79.65032677759753,43.664768143874916],[-79.64942846590668,43.664543566691215],[-79.64897931095956,43.66386983269849],[-79.6496530438294,43.6627469443204],[-79.65100051136568,43.66207321096012],[-79.6501021996748,43.66027658874531],[-79.65144966721111,43.6591537000986],[-79.64920388888228,43.65780623290851],[-79.64884456276863,43.65726724770418],[-79.64830557719141,43.65645876602575],[-79.64920388888228,43.65556045530339],[-79.64963262691961,43.655703368385474],[-79.65117326368303,43.65621691326104],[-79.65122508928839,43.65623418830513],[-79.65212340008095,43.654437566201175],[-79.65122508928839,43.65376383319063],[-79.64942846590668,43.654437566201175],[-79.64853015511413,43.65331467690087],[-79.6518407281088,43.65019885575292],[-79.64987762175211,43.650395165907135],[-79.64942846590668,43.65219178805348],[-79.64808100016701,43.65174263170569],[-79.64740726639887,43.652640944291946],[-79.64650895470803,43.652416365942656],[-79.6462843767853,43.65174263170569],[-79.64695811055346,43.65084432128245],[-79.64808100016701,43.650395165907135],[-79.64875473303684,43.64927227707344],[-79.64785642224432,43.64814938804718],[-79.64673353263072,43.64882312099194],[-79.64493691104565,43.64882312099194],[-79.64448775520022,43.64949685417961],[-79.64471233312292,43.65017058825986],[-79.64358944440768,43.65084432128245],[-79.64246655479411,43.650395165907135],[-79.64224197687139,43.64972143174612],[-79.6406699323107,43.64927227707344],[-79.6406699323107,43.64814938804718],[-79.64031160961522,43.64779106751068],[-79.63842415488018,43.64851274662295],[-79.63842415488018,43.64949685417961],[-79.63617685211031,43.649372004796426],[-79.6324492892456,43.65079721427611],[-79.63251872003391,43.65093607694605],[-79.63280971040558,43.65151805519703],[-79.63213597573913,43.652416365942656],[-79.63348344327541,43.65376383319063],[-79.63460633199068,43.65331467690087],[-79.63393259912084,43.65511129880246],[-79.6352800648605,43.65645876602575],[-79.63438175406796,43.65735707695779],[-79.63460633199068,43.658479966059076],[-79.63303428742998,43.658479966059076],[-79.63258513158456,43.65960285495784],[-79.62921646543877,43.658479966059076],[-79.6298901983086,43.65690792219673],[-79.62899188661775,43.65600960974465],[-79.62719526503265,43.65690792219673],[-79.62584779839469,43.65600960974465],[-79.62494948670384,43.65672825896165],[-79.62494948670384,43.65600960974465],[-79.6240511759113,43.65511129880246],[-79.6242757475458,43.65466215974018],[-79.62337744214315,43.65511129880246],[-79.62323924082825,43.655076748713185],[-79.62315286511874,43.65511129880246],[-79.62292828719603,43.654999010777146],[-79.6224791313506,43.654886721891934],[-79.62236684194008,43.654718288820355],[-79.62225455342788,43.65466214414151],[-79.6221796941203,43.65443756555127],[-79.6220299764035,43.65421298807096],[-79.62207810005157,43.654132782460124],[-79.6220299764035,43.65398840975079],[-79.62270370927331,43.65309009912109],[-79.63033935415405,43.64949685417961],[-79.63147442941442,43.64911849883215],[-79.63460633199068,43.64770023201897],[-79.63440421284838,43.64709387528363],[-79.6343307108952,43.64703670748652],[-79.63325886535269,43.64725107718232],[-79.63258513158456,43.64635276523358],[-79.63056393207675,43.64770023201897],[-79.6294410433615,43.64725107718232],[-79.6294410433615,43.64612818807247],[-79.63077728016009,43.64460106256221],[-79.63078850999948,43.644556143287176],[-79.63011477623132,43.644556143287176],[-79.6294410433615,43.645454454151675],[-79.62809357582522,43.64500529877347],[-79.62741984295538,43.64612818807247],[-79.62562321957367,43.64702649882952],[-79.62539864165095,43.6479248098029],[-79.62472490878112,43.648373966101765],[-79.62270370927331,43.64814938804718],[-79.62225455342788,43.64747565404547],[-79.6224791313506,43.646801920937115],[-79.6240511759113,43.64612818807247],[-79.62674610918722,43.64388240993652],[-79.62674610918722,43.64343325385531],[-79.62607237631741,43.64343325385531],[-79.62225455342788,43.64612818807247],[-79.62113166381431,43.6452298762323],[-79.6220299764035,43.64365783199063],[-79.62068250886719,43.64388240993652],[-79.61955962015195,43.645679031881464],[-79.6188858863838,43.645903610071755],[-79.61933504222922,43.64657734285513],[-79.61911046430652,43.64747565404547],[-79.61798757469295,43.6479248098029],[-79.61664010895328,43.64747565404547],[-79.61551722023803,43.645454454151675],[-79.61372059685631,43.64500529877347],[-79.6130468639865,43.64388240993652],[-79.61237313021833,43.645454454151675],[-79.61080108565766,43.646801920937115],[-79.60967819694238,43.646801920937115],[-79.60720784069083,43.64904769912755],[-79.60631315280385,43.64882402645106],[-79.60653801728914,43.64862153932923],[-79.60750097893435,43.64775443575221],[-79.60826658520325,43.647065014806024],[-79.60883986396642,43.64654877724349],[-79.60875739682672,43.646479912904994],[-79.60853896517717,43.64629752993188],[-79.6084044496499,43.6461851331222],[-79.6083449766865,43.64614866744344],[-79.60823590324472,43.646013376058754],[-79.60819388454729,43.645950979631095],[-79.6081514732861,43.645888000054256],[-79.60812501700268,43.64584360437273],[-79.60833073030442,43.645679031881464],[-79.6084055905103,43.645554268818714],[-79.60887300371557,43.64477524380123],[-79.60889666623846,43.64473580653475],[-79.60864513975555,43.64410699094319],[-79.60843614221311,43.643845743941455],[-79.60832174625327,43.643810545761234],[-79.60709555128032,43.643433255155465],[-79.60610922894615,43.643129770961885],[-79.60563579702847,43.6429840983164],[-79.60527647181313,43.642534943969906],[-79.60493277009725,43.642105315948506],[-79.60473748533762,43.64186120875414],[-79.60481769141775,43.6412997648788],[-79.60494164724888,43.64043207778925],[-79.60496206326032,43.64028916477335],[-79.60507435267084,43.64023302025801],[-79.60586037405288,43.639840009131994],[-79.60608495197559,43.63894169817788],[-79.60675868484542,43.63849254351535],[-79.60614109488422,43.63787495459799],[-79.6042883303905,43.638492542865265],[-79.60204255206166,43.64096289811551],[-79.60002135165557,43.640064587047355],[-79.59882363058217,43.64076326831014],[-79.59675907658216,43.64196760040773],[-79.59463148510366,43.64320867618058],[-79.59373317431113,43.642759520912826],[-79.5935085963884,43.64343325385531],[-79.59238570677483,43.64410698704282],[-79.59103824013687,43.6429840983164],[-79.59103824013687,43.64186120875414],[-79.5881187289382,43.64118747573416],[-79.58819311483362,43.64131145280873],[-79.58811489403026,43.64123175003974],[-79.58787541036205,43.6410898290134],[-79.58772039438166,43.640952182654964],[-79.58751702208954,43.64079311735701],[-79.5873758617241,43.6406114107702],[-79.58729492621195,43.640418508306176],[-79.58716431386459,43.640183322732426],[-79.58703555384335,43.639950781505405],[-79.58696869403337,43.63969547984622],[-79.58695829962723,43.63959791781477],[-79.58694765369279,43.639497958678874],[-79.58694086692083,43.6394525922146],[-79.58692473766989,43.63939319442441],[-79.58690363085397,43.63932848323277],[-79.5868826381241,43.63926751985518],[-79.58684813473234,43.63922083479294],[-79.58682534357527,43.6391684813769],[-79.58677175727195,43.639098748480194],[-79.58673893372979,43.63905130200539],[-79.58667695446674,43.63898457639545],[-79.58662848856055,43.63894965166532],[-79.58661746623201,43.6389394273315],[-79.58657053374999,43.63887015054918],[-79.58652631957004,43.63879070393749],[-79.58649690243941,43.63874372205207],[-79.5864499052787,43.63868379046579],[-79.58640460413724,43.63862363127889],[-79.58635488957277,43.63856055105351],[-79.58634632413654,43.63854919414841],[-79.58628656371226,43.638469944098276],[-79.58621798003529,43.63840722387763],[-79.58613695918316,43.63831280893699],[-79.58605841857957,43.63823042694154],[-79.58598789633818,43.6381554627252],[-79.58593290866301,43.63808376723257],[-79.58590979501075,43.63805516962682],[-79.58587369710938,43.63801332639273],[-79.58586425222248,43.63800138882387],[-79.58581519702145,43.63794112558393],[-79.58579475495884,43.637920174025076],[-79.58572758163683,43.63783909889354],[-79.58562138639722,43.63774116912682],[-79.58560706455664,43.63775489394462],[-79.58548812671471,43.63762457013626],[-79.58542030211413,43.63757484249762],[-79.58540071255273,43.63752691567454],[-79.58532353559171,43.63744564822413],[-79.58533814938475,43.63718949139843],[-79.58547738825379,43.636656627507634],[-79.58561268711198,43.63624344962211],[-79.58594034222199,43.63551064271895],[-79.58552907911186,43.63489118255794],[-79.58550977251979,43.63463652516453],[-79.58556253237306,43.63420929503536],[-79.58579334460383,43.63380678129972],[-79.58537288723679,43.63319853470896],[-79.58511013450777,43.63207127700342],[-79.5851255406149,43.63136762665718],[-79.58522116268362,43.63110808434814],[-79.58552994868107,43.63063795149383],[-79.58573024603996,43.630182050622636],[-79.5858869400733,43.62994520010604],[-79.5859404428333,43.629867300901914],[-79.5860045250524,43.62977412095152],[-79.58601974251333,43.62965418846043],[-79.58599173753433,43.62952072279886],[-79.58592772628214,43.62936438480958],[-79.58582297283853,43.629212675320865],[-79.58574957329331,43.62908661533624],[-79.58552842513835,43.62890034195081],[-79.58533685670906,43.628786267529094],[-79.58517432542303,43.628720788704115],[-79.58492889580594,43.62864730684117],[-79.58473758429481,43.628591710641956],[-79.58456486701176,43.62854155158112],[-79.58438925984846,43.628497314741246],[-79.58421324035842,43.62845393941947],[-79.58403762331365,43.62840970901742],[-79.58380158558285,43.628352368686926],[-79.58365257304351,43.628311816552554],[-79.58341787020923,43.62823023168235],[-79.58337972864058,43.62821532062126],[-79.58323795742076,43.62817684913026],[-79.58303370927125,43.62811750261633],[-79.58385175110158,43.62748823089532],[-79.58519921684123,43.62748823089532],[-79.58766957309277,43.62883569683575],[-79.58969077260056,43.627039075154805],[-79.59013992934432,43.6259161860759],[-79.59103824013687,43.62614076400917],[-79.59081366221415,43.627039075154805],[-79.5917119730067,43.62838654206096],[-79.59058908429144,43.63063232008284],[-79.58969077260056,43.63108147498059],[-79.5885678838853,43.63085689795131],[-79.58766957309277,43.631755208835735],[-79.58789415101549,43.63242894229031],[-79.58879246180803,43.63287809806516],[-79.58879246180803,43.63355183128489],[-79.58609752943039,43.63647134174207],[-79.58654668437751,43.637369653872156],[-79.58722041814566,43.637594231269134],[-79.58969077260056,43.636022186817314],[-79.59081366221415,43.63445014219819],[-79.59328401756738,43.636022186817314],[-79.59508064005078,43.636022186817314],[-79.59519292856298,43.63585375480547],[-79.5955297958962,43.63534845268637],[-79.5953052179735,43.63467472010388],[-79.59418232925823,43.63422556475348],[-79.59463148510366,43.63332725308387],[-79.59620352876603,43.63332725308387],[-79.59800015214775,43.6322043637942],[-79.59822472917216,43.63332725308387],[-79.59957219581011,43.63467472010388],[-79.60181797413897,43.63422556475348],[-79.6022671299844,43.63242894229031],[-79.60316544077692,43.63287809806516],[-79.60383917364676,43.63242894229031],[-79.60496206326032,43.63332725308387],[-79.60563579702847,43.63332725308387],[-79.60653410782103,43.6322043637942],[-79.60451290831323,43.63063232008284],[-79.60473748533762,43.62995858599401],[-79.60720784069083,43.63153063107301],[-79.60877988614986,43.63018316377912],[-79.61035192981223,43.63153063107301],[-79.60870498821473,43.63302786142325],[-79.61125024060475,43.63108147498059],[-79.61080108565766,43.62973400932045],[-79.6101273518895,43.629509431157544],[-79.60967819694238,43.62861111986792],[-79.60765699743457,43.62748823089532],[-79.60675868574373,43.627937385880486],[-79.60586037405288,43.627712808157185],[-79.60541121910576,43.627039075154805],[-79.60576509873384,43.62615437638182],[-79.60586037405288,43.6259161860759],[-79.60496206326032,43.62524245309439],[-79.60518664118304,43.624344141760865],[-79.60586037405288,43.623894985937234],[-79.60743241861357,43.62456871906449],[-79.60675868574373,43.623670408067525],[-79.60720784069083,43.622772097303226],[-79.6081061523817,43.62254751914047],[-79.60900446407257,43.62322125306266],[-79.6099027748651,43.62232294078915],[-79.60855530822714,43.62030174079635],[-79.60900446407257,43.619403429771786],[-79.6099027748651,43.61917885203207],[-79.60967819694238,43.61850511898274],[-79.60855530822714,43.61828054113948],[-79.60720784069083,43.619403429771786],[-79.60608495197559,43.61850511898274],[-79.60630952989831,43.61760680777958],[-79.60808818697433,43.61622341014004],[-79.6078815753573,43.61581018478357],[-79.60720784069083,43.61536103023998],[-79.60630952989831,43.61581018478357],[-79.60563579702847,43.61558560793112],[-79.60518664118304,43.61446271889283],[-79.6042883303905,43.61536103023998],[-79.60316544077692,43.61536103023998],[-79.60256080721707,43.6151019020432],[-79.60159339621624,43.61468729603653],[-79.60114424126913,43.614013562739785],[-79.60114424126913,43.614687297987714],[-79.60114424126913,43.61558560793112],[-79.6022671299844,43.61648391876319],[-79.60114424126913,43.6178313861882],[-79.59934761788742,43.6178313861882],[-79.59834948270723,43.617207552964146],[-79.59817290805834,43.61709719391337],[-79.59755099630233,43.616708496813196],[-79.59696000186342,43.617122196604846],[-79.59544856573663,43.61818019926476],[-79.5953052179735,43.61828054113948],[-79.59440690718095,43.618055963107714],[-79.59373317431113,43.61850511898274],[-79.59283486172195,43.61760680777958],[-79.59305943964466,43.61693307402451],[-79.59126281805959,43.61558560793112],[-79.59081366221415,43.61648391876319],[-79.5899153514216,43.61693307402451],[-79.58766957309277,43.61536103023998],[-79.58744499517007,43.61648391876319],[-79.58632210555649,43.61693307402451],[-79.58519921684123,43.61625934117518],[-79.58497463981685,43.61536103023998],[-79.58722041814566,43.61311525207658],[-79.58452548397139,43.61558560793112],[-79.58362717317885,43.618055963107714],[-79.58295343941073,43.61872969728791],[-79.58295343941073,43.62007716316045],[-79.58293302160263,43.62009758117653],[-79.58183054979715,43.62120005205593],[-79.58205512771985,43.622098364200035],[-79.58272886238632,43.62254751914047],[-79.58385175110158,43.62164920785489],[-79.58445062286721,43.62164920785489],[-79.58452548397139,43.62164920785489],[-79.58452548397139,43.62187379327506],[-79.58452548397139,43.62232294078915],[-79.58385175110158,43.62254751914047],[-79.58317801733344,43.623670408067525],[-79.58362717317885,43.625017875056386],[-79.58205512771985,43.6259161860759],[-79.58160597277273,43.627039075154805],[-79.58051711134212,43.62747462012521],[-79.5807076619802,43.62614076400917],[-79.58227970564256,43.625017875056386],[-79.58272886238632,43.624119564268554],[-79.5811568169273,43.62322125306266],[-79.58093223900461,43.622098364200035],[-79.58138139485003,43.62120005205593],[-79.58093223900461,43.62142463004968],[-79.58003392821206,43.620526318894115],[-79.58011814526994,43.620189453383894],[-79.58025850613477,43.61962800797333],[-79.58138139485003,43.61895427475422],[-79.58093223900461,43.6178313861882],[-79.5791356174195,43.61715765169768],[-79.57936019534222,43.61760680777958],[-79.57846188365137,43.61850511898274],[-79.57688983909067,43.6178313861882],[-79.57397032789201,43.61962800797333],[-79.57307201709948,43.619403429771786],[-79.57262286125405,43.61872969728791],[-79.57352117204658,43.61693307402451],[-79.57464406076184,43.61625934117518],[-79.57464406076184,43.61536103023998],[-79.57554237155439,43.614911874292716],[-79.57329659412387,43.61244151872846],[-79.57441948283915,43.6110940521536],[-79.57531779363167,43.61086947394933],[-79.57621610622085,43.61131863016974],[-79.57621610622085,43.61086947394933],[-79.57733899493611,43.61019574080907],[-79.57688983909067,43.60929742905604],[-79.57733899493611,43.60884827400223],[-79.57750232482444,43.608439954997266],[-79.57733899493611,43.60794996293858],[-79.57778814988323,43.606827073780714],[-79.57666526116797,43.607500806928854],[-79.57441948283915,43.607051650817475],[-79.57262286125405,43.60862369586795],[-79.57149997164048,43.6081745396857],[-79.57127539371776,43.607276228967194],[-79.57136522255122,43.6070067438031],[-79.5699279270798,43.60862369586795],[-79.56925419420996,43.60884827400223],[-79.56858046134012,43.60839911819604],[-79.56858046134012,43.607051650817475],[-79.57015250500251,43.60570418512657],[-79.56947877213267,43.6041321398819],[-79.57149997164048,43.60211093991486],[-79.5703770829252,43.60076347284124],[-79.56947877213267,43.601212629066744],[-79.56858046134012,43.6003143178163],[-79.56882231386575,43.599709687612624],[-79.56880503836453,43.59964058419613],[-79.56902961628724,43.5991914298961],[-79.56723299380384,43.59919142924559],[-79.56111127787483,43.60481688336082],[-79.56049097859473,43.60538686861247],[-79.5604509227162,43.605367174785584],[-79.5604025987438,43.60534341612247],[-79.56027247328332,43.6053096797804],[-79.5601633387561,43.60528255682485],[-79.56005536215726,43.605211213057274],[-79.559958057544,43.60514691129111],[-79.55981701485787,43.60505371318987],[-79.55963113905253,43.604930884876154],[-79.55945316033689,43.60481327643485],[-79.55900615595655,43.60449122293511],[-79.55916813927027,43.604383988906726],[-79.55914917852957,43.60437164460896],[-79.5590485528447,43.60430612488216],[-79.55900860296738,43.604280111857804],[-79.55903026494214,43.60425395311273],[-79.55902749633444,43.604231061111605],[-79.55902182886331,43.60421700469528],[-79.55902707322792,43.60416189653834],[-79.55901320144332,43.60409892325281],[-79.55901241092587,43.604073445492595],[-79.55900757170143,43.604033391520154],[-79.55898629690056,43.60398861365177],[-79.55895562123023,43.60396461116024],[-79.55894206385598,43.60395058135184],[-79.55876257417398,43.60385227827975],[-79.5607074617984,43.60252157280323],[-79.56229228219907,43.60143720689782],[-79.56319059388993,43.600538895097394],[-79.56311285548188,43.600383420458975],[-79.56229228219907,43.59874227289367],[-79.56251686012178,43.59806853988578],[-79.56264519074834,43.5980364570805],[-79.56431348260519,43.59761938425949],[-79.56386432675977,43.59717022918379],[-79.5629660159672,43.59761938425949],[-79.56184312725198,43.59717022918379],[-79.5611693925855,43.596047339837895],[-79.56131911209896,43.59544846475924],[-79.56134905564231,43.59532869084992],[-79.56139397140653,43.59514902823784],[-79.56027108179295,43.59425071689013],[-79.56091509210498,43.59253335882761],[-79.5609448155611,43.59245409495462],[-79.55937277100043,43.59133120609026],[-79.55931251740103,43.59135311664739],[-79.55690241474888,43.59222951677583],[-79.55577952603362,43.59222951677583],[-79.5555549490092,43.59222951677583],[-79.55538027878873,43.5923293287526],[-79.55423112243625,43.59298599024329],[-79.55398290444852,43.593127827715904],[-79.55263543691224,43.59290325009935],[-79.55218628196512,43.59222951677583],[-79.55263543691224,43.59133120609026],[-79.5531744251844,43.591106628926354],[-79.55533037108651,43.59020831709585],[-79.55712699267158,43.58998373899516],[-79.55577952603362,43.58886085023664],[-79.55458177801079,43.58886085023664],[-79.55443206029395,43.58886085023664],[-79.55420748147293,43.588580128352426],[-79.55353374770476,43.5877379607001],[-79.55245577565204,43.588456610542806],[-79.55218628196512,43.58863627231348],[-79.55198212005386,43.58855460823451],[-79.55106339324986,43.58818711720664],[-79.54949134779085,43.590432895009144],[-79.54933025560591,43.59047316819183],[-79.54932840327977,43.590464856295306],[-79.54931835652165,43.59043473371236],[-79.549299327509,43.59041011681616],[-79.54928754071415,43.59039772866107],[-79.54926939474541,43.59039858620257],[-79.5492461849734,43.59038478941256],[-79.54920796974291,43.59037052350882],[-79.54917002041373,43.59035935984799],[-79.54914070658937,43.59035367131197],[-79.54911352895878,43.590352829385175],[-79.54908948016029,43.59036243216471],[-79.54907567664765,43.590371041417235],[-79.54905896079684,43.59035942295996],[-79.5490546803245,43.5903542432236],[-79.54904891853027,43.59034842586064],[-79.54904274710428,43.59034383820487],[-79.5490331737583,43.59034074181357],[-79.54902313149174,43.59034029742706],[-79.5490094887775,43.59034202227127],[-79.54899721779073,43.59034438018717],[-79.5489840619634,43.59034993599369],[-79.54896312313244,43.59035818804734],[-79.54895141269438,43.59036175289771],[-79.54894233971002,43.59036300993198],[-79.54892888204874,43.59036303725877],[-79.5489155249988,43.59036316998912],[-79.54890232245906,43.59036408283538],[-79.54888691814857,43.59036449273784],[-79.54886825385192,43.59036442507144],[-79.54884141398784,43.59036419929977],[-79.54883522369722,43.5903640991014],[-79.54882298415149,43.59036390390975],[-79.5488149918404,43.5903624341166],[-79.54879885091138,43.59035619644163],[-79.54878321483554,43.59035038298267],[-79.54876918584576,43.59034632234467],[-79.54875310690046,43.59034283687135],[-79.54874598146364,43.590341590246915],[-79.5487375094522,43.59033989468149],[-79.5487268949588,43.59033688937944],[-79.54872017286553,43.59033453862025],[-79.54871438861342,43.590332351171405],[-79.54870825581497,43.59032858527176],[-79.54870249402074,43.590324052918845],[-79.54869563448524,43.59032100922827],[-79.54868683009713,43.59031952902387],[-79.548676848916,43.590319254454066],[-79.54866672310612,43.59031998642333],[-79.5486541960995,43.5903210411096],[-79.54864800221561,43.590321063231364],[-79.54863753594422,43.59032029677825],[-79.54863001974024,43.5903184040685],[-79.54862226907596,43.590315773533675],[-79.54861527928476,43.59031327898236],[-79.54835971217969,43.590120778556404],[-79.54833052411946,43.590115995690866],[-79.54830644208334,43.59010907351543],[-79.54829891150631,43.59010448323886],[-79.54827903448401,43.59009391226328],[-79.54826652993526,43.5900769591395],[-79.54825382865546,43.59005833255942],[-79.5482514571031,43.59005535587158],[-79.54824423464822,43.590046263797284],[-79.54823403158322,43.59002916621742],[-79.5482284054346,43.59002107027287],[-79.54822362819392,43.59001038867342],[-79.54820975281605,43.59000161150341],[-79.54820051633828,43.58999706806496],[-79.54818816989301,43.58999109125993],[-79.54817602467038,43.5899867911611],[-79.54816639473053,43.589984025278056],[-79.54815404199707,43.58997804847173],[-79.54811846332193,43.589962559913126],[-79.54810024548796,43.58995611203895],[-79.54807741390671,43.58994995825488],[-79.54807698810527,43.58994991336051],[-79.54805854748909,43.58994777404529],[-79.548035707823,43.58993923239909],[-79.54801478606005,43.58993195820519],[-79.54799887599805,43.58992536328231],[-79.54798172176937,43.589918003201795],[-79.5479614396069,43.589904077474095],[-79.5479443258024,43.58988741903856],[-79.5479029116712,43.58986216038331],[-79.54788820265671,43.5898536506065],[-79.54787821698403,43.58985020609524],[-79.54785474220901,43.58984831597326],[-79.54784991915427,43.58984693335391],[-79.54783692502367,43.58984521955645],[-79.54781850866203,43.58983709430815],[-79.54780992795445,43.58983340905746],[-79.54779592052422,43.589823315607504],[-79.54777980744296,43.589815043310516],[-79.54776224358253,43.589804327840966],[-79.54774783640201,43.58979088031112],[-79.54772863491281,43.589778613699195],[-79.5477204710235,43.58976641995709],[-79.5477016099958,43.58976423899404],[-79.54768128740912,43.58975961160441],[-79.54767144636519,43.5897551650938],[-79.54765639060103,43.58974597667865],[-79.54764449421171,43.58973405555045],[-79.54763782062749,43.589726875675375],[-79.54762130240603,43.58971524863531],[-79.54759495392042,43.589699174427615],[-79.54758354262137,43.5896909261875],[-79.5475683970257,43.589681423500366],[-79.5475434597934,43.58967709084713],[-79.54752714548952,43.589667145067665],[-79.54751816323498,43.589660105073634],[-79.54751419627469,43.58965613222635],[-79.54751107912067,43.589649573709444],[-79.54750565419467,43.58964315508084],[-79.54749205190464,43.589636416333406],[-79.54747679581617,43.589625547279425],[-79.54745796622949,43.58961406791661],[-79.547438447635,43.5896032307403],[-79.54741049026671,43.589586661360144],[-79.54739603367887,43.58958250502548],[-79.54737822637497,43.589579407944356],[-79.54736818590507,43.589573291208694],[-79.54734790913245,43.589559368654534],[-79.54733641788334,43.58955080222855],[-79.5473303847979,43.58953935538388],[-79.54732224875637,43.589529732953615],[-79.54731095513661,43.58952284324319],[-79.54729577630326,43.58951343422288],[-79.54728877573226,43.5895124192119],[-79.54727642749036,43.58950644235876],[-79.54726930205352,43.58950520677806],[-79.54725549854086,43.589496786740234],[-79.54724736699092,43.58948715714601],[-79.54723983641388,43.58948256682202],[-79.54721530432181,43.58948158499366],[-79.54720421192467,43.589476380457164],[-79.54719647563344,43.58947010885662],[-79.5471874978705,43.589463072743406],[-79.54718187172186,43.58945497672274],[-79.54717498883016,43.58944611944195],[-79.54717207020379,43.589441237624165],[-79.54716604340655,43.589429783601545],[-79.54715551065985,43.58942152491415],[-79.54713929517067,43.58941035522141],[-79.54712172053044,43.58939964033044],[-79.54711273288602,43.58939260746223],[-79.54709999208035,43.58938327584886],[-79.54709310918864,43.5893744146536],[-79.54707951228849,43.589367672622814],[-79.54706174630712,43.589355280999904],[-79.54704457680711,43.589347920199046],[-79.54702174522585,43.58934176309955],[-79.54700559711029,43.58933804658731],[-79.54699304315419,43.58933513492885],[-79.5469756814147,43.58932609414708],[-79.54696503368363,43.58931493810035],[-79.54695604693754,43.58930790847546],[-79.54694269348084,43.589293544718956],[-79.54693245088995,43.58928573951619],[-79.54692160732617,43.58927290998858],[-79.54691367340558,43.589264964893324],[-79.54690197374732,43.589254717143746],[-79.54689404431831,43.58924677529929],[-79.54688463626233,43.589229263678256],[-79.54673612049135,43.58909259621239],[-79.54660543538047,43.58900533908453],[-79.5465942297956,43.588997841603586],[-79.5464261460228,43.588846328914855],[-79.54628986979756,43.58867740556565],[-79.54624798225419,43.58863861272849],[-79.54723419050234,43.587705883448415],[-79.54790991314051,43.58697468873024],[-79.54800871434703,43.58688120936665],[-79.54734197396337,43.58669719452403],[-79.54652562006746,43.58621213324486],[-79.54702099243762,43.58571676114311],[-79.54791930412848,43.585941338897435],[-79.54881761492103,43.58504302805868]],[[-79.59844930709485,43.59245409495462],[-79.59867388501758,43.59200493906022],[-79.59822472917216,43.59133120609026],[-79.59779696131532,43.59197285822698],[-79.59822472917216,43.59222951677583],[-79.59824718705427,43.59231934827804],[-79.59844930709485,43.59245409495462],[-79.59867388501758,43.593352405795535],[-79.59755099630233,43.59425071689013],[-79.59665265227211,43.59373738340749],[-79.59575437381892,43.593352405795535],[-79.5951929303596,43.59290325595485],[-79.59440690718095,43.59245409495462],[-79.59391691571933,43.59188244324988],[-79.5935085963884,43.591555783717425],[-79.59216112885211,43.591555783717425],[-79.5915323117465,43.590507754778045],[-79.59137510657177,43.5907697645371],[-79.59126281805959,43.59110662827568],[-79.59112245719476,43.59119084521705],[-79.59103824013687,43.59133120609026],[-79.59078158247704,43.591395370375594],[-79.59030628206358,43.59168054957123],[-79.59083860753128,43.59207979557251],[-79.5917119730067,43.59245409495462],[-79.59238570677483,43.593352405795535],[-79.59261028469754,43.59402613890978],[-79.5917119730067,43.59492445100745],[-79.59036450726703,43.59447529468304],[-79.58834330596261,43.59290325009935],[-79.58744499517007,43.59402613890978],[-79.58692100516987,43.59432556345253],[-79.58587295060937,43.595373605931215],[-79.58497463981685,43.59559818408764],[-79.58396345031895,43.59429809072884],[-79.58205512771985,43.596047339837895],[-79.58048308405748,43.595373605931215],[-79.57958477326494,43.59627191678109],[-79.58025850613477,43.59761938425949],[-79.58003393000868,43.59784396184119],[-79.58048308405748,43.59761938425949],[-79.58138139485003,43.59806853988578],[-79.58160597277273,43.59717022918379],[-79.58227970564256,43.59672107270705],[-79.58475006189411,43.59784396184119],[-79.58699584022294,43.59582276205656],[-79.58789415101549,43.596047339837895],[-79.58834330596261,43.59672107270705],[-79.58699584022294,43.598517694761505],[-79.58766957309277,43.59874227289367],[-79.58834330596261,43.599865162040416],[-79.58901703973075,43.59941600616419],[-79.5899153514216,43.59964058419613],[-79.59036450726703,43.600538895097394],[-79.59216112885211,43.59919142924559],[-79.59418232925823,43.59896685083822],[-79.5953052179735,43.59784396184119],[-79.59508064005078,43.59717022918379],[-79.5955297958962,43.59649649483787],[-79.59665268461146,43.59649649483787],[-79.5968772634325,43.59632806137386],[-79.5968772634325,43.596047339837895],[-79.59822472917216,43.59425071689013],[-79.59957219581011,43.593801562043126],[-79.59934761788742,43.59290325009935],[-79.59956387741059,43.59257886219927],[-79.59934761788742,43.59267867294602],[-79.59844930709485,43.59245409495462]],[[-79.61439433062445,43.59178036115723],[-79.61386496600393,43.59283909197593],[-79.61439433062445,43.59245409495462],[-79.61596637518514,43.593127827715904],[-79.61753841974584,43.59267867294602],[-79.61798757469295,43.59357698368778],[-79.61708926390041,43.594699872939],[-79.61731384182312,43.595373605931215],[-79.61843673143669,43.59582276205656],[-79.61978419807467,43.59447529468304],[-79.61978419807467,43.59627191678109],[-79.61933504222922,43.596047339837895],[-79.6186613093594,43.59672107270705],[-79.61686468597769,43.596945651039206],[-79.61675468906778,43.59708314770967],[-79.61753841974584,43.59717022918379],[-79.61798757469295,43.59784396184119],[-79.61753841974584,43.59874227289367],[-79.61680854127243,43.598910706755944],[-79.61686468597769,43.59896685083822],[-79.61911046430652,43.598517694761505],[-79.62000877509905,43.59919142924559],[-79.62090708678991,43.598517694761505],[-79.62180539758246,43.59874227289367],[-79.6224791313506,43.59829311774271],[-79.62270370927331,43.59761938425949],[-79.62180539758246,43.59649649483787],[-79.6220299764035,43.594699872939],[-79.62292828899265,43.59447529533361],[-79.6229283437899,43.594475244587265],[-79.62312786859765,43.59430066253597],[-79.62472490878112,43.59290325009935],[-79.6248408228938,43.59307712118475],[-79.62517406462653,43.59357698368778],[-79.62674610918722,43.59425071689013],[-79.62792514350606,43.59425071689013],[-79.62831815374793,43.59425071689013],[-79.62747166676411,43.59533906573052],[-79.62744073866719,43.59537883012587],[-79.62674610918722,43.59627191678109],[-79.62764441997977,43.5973948058396],[-79.62854273167065,43.59717022918379],[-79.63056393207675,43.595373605931215],[-79.63236055366184,43.596047339837895],[-79.63303428742998,43.59514902823784],[-79.63415717614524,43.59559818408764],[-79.63483090991339,43.59492445100745],[-79.63522261400482,43.594846110218576],[-79.63505548783608,43.594699872939],[-79.63505548783608,43.59357698368778],[-79.63594018555882,43.593223104767],[-79.63550464278322,43.59267867294602],[-79.63752584318932,43.59133120609026],[-79.63752584318932,43.59020831709585],[-79.63752584318932,43.58886085023664],[-79.63805774105893,43.5882225763429],[-79.63836801017493,43.58785025209296],[-79.6386487319046,43.587513383142],[-79.63861130269996,43.58736366582265],[-79.63842415488018,43.58661507168803],[-79.63662753239679,43.58526760507308],[-79.6388733098273,43.58526760507308],[-79.6388733098273,43.58616591711524],[-79.63999619944087,43.58661507168803],[-79.64134366607885,43.58504302805868],[-79.64314028766394,43.58526760507308],[-79.64403859935479,43.584369293940846],[-79.64381402233039,43.58369556074194],[-79.6426911327168,43.583021827811486],[-79.64134366607885,43.583021827811486],[-79.64134366607885,43.58167436080496],[-79.64022077736358,43.581000626729384],[-79.64052021549219,43.58060137751868],[-79.64089451023342,43.58010231569865],[-79.64109170570964,43.58016804789513],[-79.64134366518051,43.58025203480918],[-79.64156824400155,43.58032689422483],[-79.64224197687139,43.579877738287074],[-79.64246655479411,43.578754849076375],[-79.64358944440768,43.57785653772794],[-79.64336486558665,43.57695822729477],[-79.64246655479411,43.576509072258965],[-79.64111908815613,43.57763195974913],[-79.64022077736358,43.57718280518331],[-79.63932246567272,43.577407382885035],[-79.6388733098273,43.57830569377587],[-79.63932246567272,43.57897942677168],[-79.63797499903475,43.58032689422483],[-79.63595379862865,43.58055147191328],[-79.63483090991339,43.58122520515847],[-79.63370802119812,43.58077605006554],[-79.63393259912084,43.57853027184493],[-79.63572922070593,43.57763195974913],[-79.63595379862865,43.57695822729477],[-79.63797499903475,43.578081116170765],[-79.63909788775003,43.57718280518331],[-79.6386487319046,43.57605991582515],[-79.63752584318932,43.575610759945945],[-79.63842415488018,43.574487871210025],[-79.63819957695746,43.57381413807089],[-79.63707668824222,43.57336498171144],[-79.63595379862865,43.57381413807089],[-79.63415717614524,43.57583533830434],[-79.63348344327541,43.575386182702374],[-79.63258513158456,43.575610759945945],[-79.63191139781641,43.57695822729477],[-79.62969770371626,43.57806507725183],[-79.6298901983086,43.57830569377587],[-79.62899188661775,43.58010231569865],[-79.63011477623132,43.58032689422483],[-79.63011477623132,43.579877738287074],[-79.63078850999948,43.57965316068861],[-79.63078850999948,43.57830569377587],[-79.631686820792,43.57785653772794],[-79.63236055366184,43.57830569377587],[-79.63303428742998,43.58055147191328],[-79.63573482978656,43.581797877564796],[-79.63595379862865,43.581898939323835],[-79.63595379862865,43.583246405208214],[-79.63505548783608,43.58369556074194],[-79.63449404347847,43.58324640716037],[-79.63393259912084,43.58279725022769],[-79.63325886535269,43.58279725022769],[-79.63123766494657,43.58392013887891],[-79.63033935415405,43.583021827811486],[-79.63056393207675,43.582348093848324],[-79.6278689979025,43.58212351570349],[-79.62607237631741,43.581449782749814],[-79.62562321957367,43.58257267180618],[-79.62407759446549,43.58377482899171],[-79.62360202006586,43.58414471617807],[-79.6237163504487,43.58422638168501],[-79.62517406462653,43.58526760507308],[-79.62629695424012,43.584369293940846],[-79.6278689979025,43.58526760507308],[-79.62921646543877,43.58414471617807],[-79.63033935415405,43.58459387216726],[-79.63033935415405,43.58571676114311],[-79.62921646543877,43.58661507168803],[-79.6294410433615,43.58728880604731],[-79.62899188661775,43.58818711720664],[-79.6296656212842,43.58908542797257],[-79.62953087488991,43.58926509046889],[-79.62944665783202,43.58937738031403],[-79.62899188661775,43.58998373899516],[-79.62831815374793,43.59020831709585],[-79.62584779839469,43.589310006171836],[-79.62607237631741,43.58998373899516],[-79.62574571743906,43.59047372774022],[-79.62562321957367,43.590657472735174],[-79.62522397682035,43.590657472735174],[-79.62427575293567,43.590657472735174],[-79.62321354990945,43.588836564530965],[-79.62270370927331,43.587962538721634],[-79.62382659798858,43.58661507168803],[-79.6224791313506,43.58571676114311],[-79.62023335302176,43.58661507168803],[-79.61821215261564,43.58863627231348],[-79.61660555435756,43.58810073976417],[-79.61686468597769,43.58841169485368],[-79.61506806439259,43.58841169485368],[-79.61515594208525,43.588763208301835],[-79.61529264231531,43.58886085023664],[-79.6152235412087,43.589033604117276],[-79.61529264231531,43.589310006171836],[-79.61484348557157,43.58998373899516],[-79.61416975270173,43.59020831709585],[-79.61329097128346,43.58950529266358],[-79.6130468639865,43.589310006171836],[-79.61293457547428,43.589310006171836],[-79.61259770814105,43.589759160707146],[-79.61279937004086,43.590767471050654],[-79.6130468639865,43.590657472735174],[-79.61416975270173,43.59110662827568],[-79.61439433062445,43.59178036115723]],[[-79.61125024060475,43.591455972409626],[-79.61203627366488,43.59110662567318],[-79.61125024060475,43.59133120609026],[-79.61125024060475,43.591455972409626]],[[-79.6154049245393,43.5869519372076],[-79.61461890764885,43.58661507168803],[-79.61457162841714,43.58667417156344],[-79.6154049245393,43.5869519372076]],[[-79.62225455342788,43.581898939323835],[-79.62180539758246,43.58122520515847],[-79.62090708678991,43.581000626729384],[-79.62113166381431,43.58032689422483],[-79.62090708678991,43.5798777408901],[-79.62068250886719,43.579428582903205],[-79.62090708678991,43.579378676976425],[-79.62169310996858,43.57920400493087],[-79.6224149673848,43.57904359185959],[-79.62270370927331,43.57897942677168],[-79.62292828719603,43.57853027314649],[-79.62309672041349,43.57819340540341],[-79.62315286511874,43.578081116170765],[-79.62270370927331,43.577407382885035],[-79.62158081965975,43.57718280518331],[-79.62175696132066,43.576874561178535],[-79.61978419807467,43.57673364921947],[-79.6188858863838,43.57785653772794],[-79.61798757469295,43.57763195974913],[-79.61686468597769,43.57853027184493],[-79.61551722023803,43.578081116170765],[-79.61416975270173,43.57830569377587],[-79.61406767174613,43.578509855987285],[-79.61439433062445,43.578754849076375],[-79.61439433062445,43.57965316068861],[-79.61596637518514,43.58032689422483],[-79.61686468597769,43.58167436080496],[-79.61843673143669,43.58257267180618],[-79.61843673143669,43.583021827811486],[-79.61933504222922,43.58279725022769],[-79.62000877509905,43.583246405208214],[-79.620367272966,43.584441408127496],[-79.62135624173703,43.58414471617807],[-79.62225455342788,43.581898939323835]],[[-79.60444874255079,43.57939650057293],[-79.60361459572404,43.57897942677168],[-79.6022671299844,43.58010231569865],[-79.60361459572404,43.58122520515847],[-79.60406375156948,43.58122520515847],[-79.60451290831323,43.579877738287074],[-79.60478240110183,43.5797879070879],[-79.60451290831323,43.57965316068861],[-79.60444874255079,43.57939650057293]],[[-79.60159339711456,43.57808111682148],[-79.60181797413897,43.57785653772794],[-79.60159339621624,43.57695822729477],[-79.60204255206166,43.57628449381005],[-79.60294086285421,43.57605991582515],[-79.60361459572404,43.576509072258965],[-79.60496206326032,43.57516160527204],[-79.60586037405288,43.57493702700422],[-79.60675868574373,43.57605991582515],[-79.60518664118304,43.57763195974913],[-79.60518664118304,43.57785653772794],[-79.60608495197559,43.578081116170765],[-79.60675868574373,43.57695822729477],[-79.60833073030442,43.57583533830434],[-79.60765699743457,43.57493702700422],[-79.6078815753573,43.57426329368369],[-79.60855530822714,43.57381413807089],[-79.6099027748651,43.57426329368369],[-79.61102566358036,43.5735895599845],[-79.61192397527122,43.57403871597062],[-79.61147481942578,43.57269124902638],[-79.61237313021833,43.57179293768554],[-79.61289714537133,43.57194265663048],[-79.61394517477902,43.572242092752965],[-79.61574179726242,43.571568359871925],[-79.61664010895328,43.57246667130842],[-79.61641553103057,43.57336498171144],[-79.61798757469295,43.57246667130842],[-79.61911046430652,43.57269124902638],[-79.61798757469295,43.572017515963424],[-79.61798757469295,43.570894627264224],[-79.6220299764035,43.56887342717809],[-79.62292828719603,43.56932258188882],[-79.62292828719603,43.570445471259596],[-79.62363131053401,43.57088486387363],[-79.624275753834,43.57067004870431],[-79.62494948670384,43.56864884889217],[-79.6224791313506,43.56640307074852],[-79.6224791313506,43.565729336990145],[-79.624275753834,43.564381870951266],[-79.624275753834,43.56325898180176],[-79.6278689979025,43.56415729284302],[-79.62876730869503,43.56325898180176],[-79.62854273167065,43.562585248029734],[-79.62629695424012,43.56191151518539],[-79.62629695424012,43.561836656310994],[-79.62629695424012,43.56011489280162],[-79.62562321957367,43.559665737134395],[-79.62494948670384,43.55989031506108],[-79.62472490878112,43.55899200419064],[-79.62382659798858,43.558542847964375],[-79.6224791313506,43.559665737134395],[-79.62180539758246,43.55921658072271],[-79.62090708678991,43.559441159021624],[-79.62045793094448,43.56033946970511],[-79.62090708678991,43.56101320385546],[-79.61955962464351,43.56236067298797],[-79.6186613093594,43.56325898180176],[-79.61862676105189,43.56318988535467],[-79.61843673143669,43.562809826139976],[-79.61955962015195,43.5607886262085],[-79.61911046430652,43.56011489280162],[-79.61821215261564,43.55989031506108],[-79.61753841974584,43.56033946970511],[-79.61708926390041,43.56168693698122],[-79.61529264231531,43.56213609320334],[-79.61461890764885,43.563034404063984],[-79.61214855319393,43.562585248029734],[-79.61035192981223,43.56370813671853],[-79.61012735278781,43.56415729284302],[-79.6099027748651,43.56460644822238],[-79.60765699743457,43.56415729284302],[-79.6078815753573,43.56348355870233],[-79.60720784069083,43.562585248029734],[-79.60738917910567,43.56222257429354],[-79.60719403538157,43.56242495147162],[-79.60675868574373,43.563034404063984],[-79.60470751484479,43.56500358387112],[-79.60249170790712,43.56730138176964],[-79.60249170790712,43.5681996930626],[-79.60361459572404,43.56909800397583],[-79.60361459572404,43.571343781871775],[-79.60249170790712,43.57179293768554],[-79.60181797413897,43.57111920368502],[-79.60024592957828,43.571568359871925],[-79.59957219581011,43.57067004870431],[-79.59867388501758,43.570894627264224],[-79.59844930709485,43.571568359871925],[-79.59732641837961,43.572242092752965],[-79.59755099630233,43.57269124902638],[-79.59710183955858,43.57336498171144],[-79.59597895084333,43.57336498171144],[-79.59755099630233,43.57426329368369],[-79.59732641837961,43.57471244920046],[-79.59777557422504,43.575386182702374],[-79.59934761788742,43.575610759945945],[-79.59800015214775,43.57718280518331],[-79.59844930709485,43.578081116170765],[-79.59934761788742,43.57830569377587],[-79.6006950854237,43.57695822729477],[-79.60159339621624,43.577407382885035],[-79.60159339711456,43.57808111682148],[-79.59979677373283,43.57965316068861],[-79.60002135165557,43.57965316068861],[-79.60159339711456,43.57808111682148]],[[-79.59140438715845,43.57687521912177],[-79.5935085963884,43.57471244920046],[-79.59305943964466,43.57381413807089],[-79.5929286458376,43.573781439678555],[-79.59003560709206,43.576297121106776],[-79.59058908429144,43.57605991582515],[-79.59140438715845,43.57687521912177]],[[-79.5953052179735,43.57498194493754],[-79.59501939560965,43.57532493321204],[-79.5953052179735,43.57516160527204],[-79.5953052179735,43.57498194493754]],[[-79.5856162902546,43.570958791855354],[-79.58542379476393,43.570894627264224],[-79.58527407794543,43.57104434453722],[-79.5856162902546,43.570958791855354]],[[-79.59934761788742,43.5655047599998],[-79.60028335788458,43.565317612085245],[-79.60002135165557,43.565055604158275],[-79.59934761788742,43.5655047599998],[-79.59844930709485,43.565055604158275],[-79.59710183955858,43.5652801821722],[-79.59665268461146,43.563932715199385],[-79.59591478328426,43.563932715199385],[-79.5968772634325,43.565055604158275],[-79.59710183955858,43.565729336990145],[-79.59665268461146,43.56640307074852],[-79.59822472917216,43.56640307074852],[-79.59840439133065,43.5663132396256],[-79.59844930709485,43.566178493015435],[-79.59934761788742,43.5655047599998]],[[-79.58183056596681,43.565504745679846],[-79.58284115808503,43.56460644822238],[-79.58272886238632,43.56460644822238],[-79.58183056596681,43.565504745679846]],[[-79.5703770829252,43.56101320385546],[-79.56958444724775,43.5605376226123],[-79.5701912250862,43.561245527663715],[-79.5703770829252,43.56101320385546]],[[-79.5775635719605,43.56033946970511],[-79.58003392821206,43.558542847964375],[-79.58059536987473,43.55882356928933],[-79.58025850613477,43.55831827022313],[-79.58160597277273,43.55652164810584],[-79.5807076619802,43.555398758934096],[-79.5791356174195,43.555847913858635],[-79.57868646067577,43.55697080312376],[-79.57801272780593,43.55674622603329],[-79.5775635719605,43.5571953819812],[-79.57753148952845,43.55722746442079],[-79.57778814988323,43.55741995869965],[-79.57666526116797,43.558542847964375],[-79.57644068324527,43.559441159021624],[-79.5775635719605,43.56033946970511]],[[-79.56925419420996,43.56015232527304],[-79.56925419420996,43.55951602087246],[-79.56902961628724,43.55989031506108],[-79.56925419420996,43.56015232527304]],[[-79.58713058751557,43.556880974861805],[-79.58677126409687,43.55741995935067],[-79.58699584022294,43.557195380679175],[-79.58713058751557,43.556880974861805]],[[-79.60136881919185,43.55697080312376],[-79.60037118078002,43.55787775672516],[-79.6006950854237,43.55809369229585],[-79.60174312381453,43.55704566413789],[-79.60136881919185,43.55697080312376]],[[-79.65728868871011,43.54461902482055],[-79.6586361562464,43.5439452909913],[-79.65930988911622,43.5439452909913],[-79.65953446703894,43.54506817999627],[-79.66020819990878,43.5455173357321],[-79.66178024536777,43.546191068921004],[-79.66312771200573,43.545966492028036],[-79.66396987449977,43.54659811737167],[-79.664250600721,43.54680866180581],[-79.66492433359083,43.547313957764324],[-79.66559806825728,43.54708938114819],[-79.6660472232044,43.545966492028036],[-79.664250600721,43.54439444728002],[-79.6660472232044,43.54416986890284],[-79.66649637904983,43.54327155809732],[-79.66582264528168,43.54237324692909],[-79.66761926776509,43.54169951274563],[-79.66874215737866,43.54012746872845],[-79.6691913123258,43.54192409120923],[-79.67255997936986,43.54237324692909],[-79.67345829016242,43.54416986890284],[-79.67233540144714,43.54484360282672],[-79.67053877896375,43.5439452909913],[-79.6691913123258,43.5439452909913],[-79.66829300063492,43.54484360282672],[-79.66874215737866,43.545741914298425],[-79.67525491264583,43.54776311369529],[-79.67698736846846,43.54689688642586],[-79.67660237838547,43.54641564758173],[-79.67570406759293,43.546864803044215],[-79.67458117887767,43.546640224754675],[-79.67413202393055,43.545741914298425],[-79.67458117887767,43.54506817999627],[-79.67547948967021,43.54484360282672],[-79.67525491264583,43.5437207141966],[-79.67622808184761,43.54274754601543],[-79.67463732268462,43.54195216345837],[-79.67345829016242,43.54214866883628],[-79.67281663613137,43.54125035786685],[-79.67278455729257,43.54125035786685],[-79.67270970517154,43.541100654458454],[-79.67233540144714,43.54057662480961],[-79.67241466429624,43.54051057330577],[-79.67233540144714,43.540352047187305],[-79.6714370897563,43.540352047187305],[-79.67098793480919,43.539229158249384],[-79.67031420104104,43.53900458016638],[-79.67008962311832,43.53833084675928],[-79.67053877896375,43.53743253490985],[-79.6714370897563,43.536983380152996],[-79.6714370897563,43.53563591274053],[-79.66986504609392,43.53473760177059],[-79.66829300063492,43.536085069068264],[-79.66739468984237,43.535186756974596],[-79.66761926776509,43.534288445826185],[-79.66845342088004,43.53359332730983],[-79.66896670475867,43.53316559180157],[-79.67031420104104,43.53204266802505],[-79.67053877896375,43.53114435693412],[-79.67031420104104,43.53069520223266],[-79.66948243115654,43.53131902961922],[-79.6694158902485,43.53136893498436],[-79.66915168045207,43.53117077865252],[-79.66851757855764,43.53069520223266],[-79.66829300063492,43.53002146781649],[-79.66874215737866,43.5293477349924],[-79.66806842271221,43.52912315723167],[-79.66806842271221,43.528000268260215],[-79.6694158902485,43.5273265350039],[-79.67053877896375,43.52822484629396],[-79.67053877896375,43.52710195688212],[-79.6710034289512,43.52677670518034],[-79.66672095697255,43.528000268260215],[-79.6660472232044,43.5273265350039],[-79.66514891241188,43.52755111228949],[-79.66469975566812,43.52710195688212],[-79.66514891241188,43.52575449013293],[-79.66380144487557,43.52463160097958],[-79.6640260227983,43.52395786787637],[-79.66312771200573,43.52305955687502],[-79.66178024536777,43.52373329024019],[-79.66065735575421,43.52283497915152],[-79.65998362288437,43.52328413376245],[-79.65886073416911,43.52283497915152],[-79.65796242337657,43.52305955687502],[-79.65751326663283,43.52373329024019],[-79.65773784455553,43.5244070232461],[-79.66020819990878,43.52552991202042],[-79.65975904496166,43.52687737922688],[-79.65930988911622,43.52687737922688],[-79.65616579999487,43.52418244597925],[-79.65458054031802,43.52517323496519],[-79.6552674892023,43.52575449013293],[-79.65549206712502,43.52665280073553],[-79.65459375633246,43.52777569004161],[-79.65639037791757,43.528898579286086],[-79.65655370690759,43.52955189640033],[-79.65661495584027,43.52979688995917],[-79.65616579999487,43.53047062427888],[-79.65580647567785,43.530590399552175],[-79.65549206712502,43.53069520223266],[-79.65353606464559,43.52932600247467],[-79.6532462887962,43.52912315723167],[-79.65317142859031,43.52912315723167],[-79.65234797800365,43.52912315723167],[-79.65212340008095,43.53002146781649],[-79.65122508928839,43.53047062427888],[-79.64987762175211,43.528898579286086],[-79.64987762175211,43.527831834674636],[-79.64987762175211,43.52777569004161],[-79.64954075531719,43.527438825053885],[-79.64935360749743,43.52725167745971],[-79.64875473303684,43.528000268260215],[-79.64808100016701,43.528000268260215],[-79.64591218589848,43.52716611079348],[-79.64448682095232,43.52844662091417],[-79.64448775520022,43.52844942414286],[-79.64710782018544,43.52949745194953],[-79.64755698142076,43.52967711506398],[-79.64785642224432,43.52979688995917],[-79.6496530438294,43.53114435693412],[-79.6476318443216,43.533165557284946],[-79.64785642224432,43.534288445826185],[-79.64853015511413,43.53473760177059],[-79.64853015511413,43.53563591274053],[-79.64875897128834,43.53573760940789],[-79.65007011634444,43.53632034068447],[-79.64942846590668,43.53653422400417],[-79.6476318443216,43.53900458016638],[-79.64673353263072,43.539229158249384],[-79.6451764611892,43.54059159861831],[-79.64493691104565,43.54080120224662],[-79.64516148807006,43.541474936050086],[-79.6442631772775,43.54237324692909],[-79.64089451023342,43.541474936050086],[-79.64111908815613,43.54192409120923],[-79.64022077736358,43.54282240190736],[-79.63994005473562,43.54276625755529],[-79.63797499903475,43.54237324692909],[-79.63730126616491,43.54327155809732],[-79.63595379862865,43.54327155809732],[-79.63393259912084,43.54461902482055],[-79.63325886535269,43.54439444728002],[-79.63320272064743,43.5443102313005],[-79.63280971040558,43.54529275828251],[-79.63246810445924,43.54548254294123],[-79.62813206683849,43.54789146539086],[-79.62809357582522,43.547987691707895],[-79.62741991302397,43.54828709910831],[-79.62674610918722,43.548661425282866],[-79.62649187158877,43.54869956153465],[-79.62607237631741,43.548886003203926],[-79.62225455342788,43.54933515783794],[-79.62225455342788,43.5501960418701],[-79.62337744214315,43.55113178131586],[-79.6223994444967,43.55230538088244],[-79.62225455342788,43.55247924812127],[-79.62180539848077,43.552404388595825],[-79.62120652132526,43.55230457553342],[-79.62090708678991,43.55225466991685],[-79.62000877509905,43.55090720329878],[-79.61843673143669,43.55292840332175],[-79.61804372029651,43.55304069257535],[-79.61634067531627,43.553527276923376],[-79.61619095400616,43.55357005459054],[-79.61553449573925,43.553757613342555],[-79.61529264231531,43.553826714096616],[-79.61487556800363,43.55507793444935],[-79.61484348557157,43.555174181192854],[-79.61461890944547,43.555249040532914],[-79.61416975449836,43.555398758934096],[-79.61349601893359,43.55562333714033],[-79.61293457277934,43.555398758934096],[-79.61262708215253,43.55527576222459],[-79.61237313021833,43.555174181192854],[-79.61141660859539,43.55651338425336],[-79.61145176596065,43.55665401216113],[-79.61145709027537,43.55667530907383],[-79.61145818442337,43.55667968576622],[-79.61147481942578,43.55674622603329],[-79.61121567972083,43.55726450548416],[-79.61142410773138,43.55697080312376],[-79.61142417779996,43.55697080312376],[-79.6114935448079,43.55697080312376],[-79.61282228606377,43.55697080312376],[-79.61574179726242,43.55899200419064],[-79.61708926390041,43.55921658072271],[-79.61843673143669,43.557644537185084],[-79.62113166381431,43.55652164810584],[-79.62158081965975,43.555398758934096],[-79.62427575293567,43.554725025803734],[-79.6245003308584,43.55360213700721],[-79.6249290715907,43.55331631064704],[-79.62517406462653,43.55315298096872],[-79.62607237631741,43.55315298096872],[-79.6267741833365,43.55367933681889],[-79.62697068710995,43.553826714096616],[-79.62719526503265,43.55315298096872],[-79.62831815374793,43.55315298096872],[-79.6294410433615,43.55203009217756],[-79.63078850999948,43.55247924812127],[-79.63236055366184,43.550458046707305],[-79.63393259912084,43.55090720329878],[-79.63393259912084,43.55203009217756],[-79.63191139781641,43.553826714096616],[-79.63348344327541,43.55494960326575],[-79.63348344327541,43.556072491692966],[-79.63213597573913,43.55674622603329],[-79.63056393207675,43.555174181192854],[-79.63011477623132,43.555847913858635],[-79.63056393207675,43.55652164810584],[-79.63223373669655,43.55714782465789],[-79.63236055366184,43.557195380679175],[-79.63303428742998,43.558542847964375],[-79.63438175406796,43.559441159021624],[-79.63460633199068,43.56033946970511],[-79.63415717614524,43.56101320385546],[-79.63488705372032,43.56174308193621],[-79.63505548783608,43.56191151518539],[-79.63438175406796,43.56348355870233],[-79.63595379862865,43.56213609320334],[-79.63707668824222,43.562585248029734],[-79.63730126616491,43.56325898180176],[-79.63662753239679,43.564381870951266],[-79.63550464278322,43.565055604158275],[-79.6352800648605,43.56662764894611],[-79.63730126616491,43.567750537788974],[-79.6374903830918,43.568223333611755],[-79.63752584318932,43.5681996930626],[-79.63954704269713,43.56887342717809],[-79.64022077736358,43.56999631515961],[-79.6426911327168,43.57111920368502],[-79.6442631772775,43.57291582720862],[-79.64583522183818,43.57381413807089],[-79.64635347879022,43.573123134909714],[-79.6462843767853,43.57291582720862],[-79.64695811055346,43.57179293768554],[-79.64561064391549,43.570894627264224],[-79.64538606599277,43.57022089297743],[-79.6462843767853,43.56932258188882],[-79.64718268757785,43.56932258188882],[-79.64785642224432,43.57022089297743],[-79.64875473303684,43.570445471259596],[-79.64942846590668,43.56999631515961],[-79.64942846590668,43.56909800397583],[-79.65032677759753,43.56864884889217],[-79.6506534382725,43.56734221391842],[-79.65077593344296,43.566852226306395],[-79.65103259559436,43.56678806124581],[-79.65257255592635,43.56640307074852],[-79.65268484443857,43.565953915746874],[-79.65279713295077,43.5655047599998],[-79.65122508928839,43.564381870951266],[-79.6501021996748,43.5655047599998],[-79.64897931095956,43.564831025958036],[-79.6476318443216,43.5655047599998],[-79.64650895470803,43.5652801821722],[-79.64605979886258,43.564381870951266],[-79.64650895470803,43.56370813671853],[-79.64740726639887,43.56348355870233],[-79.6476318443216,43.562360669733245],[-79.6462843767853,43.5607886262085],[-79.64556572276138,43.56033946970511],[-79.6442631772775,43.56033946970511],[-79.64381402233039,43.55921658072271],[-79.64201739894867,43.55921658072271],[-79.63909788775003,43.56191151518539],[-79.63775042111203,43.56191151518539],[-79.63730126616491,43.56123778196717],[-79.63752584318932,43.56056404772438],[-79.64022077736358,43.558542847964375],[-79.63932246567272,43.55741995869965],[-79.63977162061984,43.55629706999238],[-79.63909788775003,43.556072491692966],[-79.63909788775003,43.55494960326575],[-79.63977162061984,43.55450044815581],[-79.64089451023342,43.554725025803734],[-79.64134366607885,43.555398758934096],[-79.64201739894867,43.555398758934096],[-79.64201739894867,43.55494960326575],[-79.64111908815613,43.554275870321966],[-79.64134366607885,43.55360213700721],[-79.64022077736358,43.55292840332175],[-79.6368521103195,43.55225466991685],[-79.63640295357575,43.55158093614172],[-79.63662753239679,43.55090720329878],[-79.63730126616491,43.550458046707305],[-79.63857387080039,43.550458046707305],[-79.63909788775003,43.550458046707305],[-79.6394327841795,43.550615646475045],[-79.64241988911172,43.55202134527877],[-79.64263587015716,43.5521229824071],[-79.64291570974122,43.55225466991685],[-79.64339941479247,43.55152911776712],[-79.64381402233039,43.55090720329878],[-79.64448775520022,43.55068262509593],[-79.64516148807006,43.55113178131586],[-79.64520640293594,43.55140127448286],[-79.64528625328323,43.551880377126196],[-79.64538606599277,43.55247924812127],[-79.64830557719141,43.549110580939335],[-79.64740726550056,43.5482122695348],[-79.64718268757785,43.547987691707895],[-79.64740726639887,43.547313957764324],[-79.64987762175211,43.54529275828251],[-79.64942846590668,43.546415646930605],[-79.6501021996748,43.547313957764324],[-79.64897931095956,43.54776311369529],[-79.64875473303684,43.54843684717615],[-79.64920388888228,43.549110580939335],[-79.64869349129067,43.549927224339264],[-79.64808100016701,43.55090720329878],[-79.64830557719141,43.551805514252564],[-79.64920388888228,43.55225466991685],[-79.6501021996748,43.55158093614172],[-79.65029084588448,43.551140771841276],[-79.65123169549899,43.54894545458415],[-79.65144966721111,43.55090720329878],[-79.65234797800365,43.55158093614172],[-79.65414459958875,43.55203009217756],[-79.6552674892023,43.55337755908086],[-79.65594122207214,43.55315298096872],[-79.65646523183524,43.553527276272334],[-79.65751326663283,43.554275870321966],[-79.65834741435788,43.554468366868406],[-79.65846657408369,43.554495864929756],[-79.66043277783149,43.55494960326575],[-79.66065735575421,43.55562333714033],[-79.65975904496166,43.55652164810584],[-79.65728868871011,43.55629706999238],[-79.6552674892023,43.555398758934096],[-79.65571664504773,43.55652164810584],[-79.6586361562464,43.55741995869965],[-79.65886073416911,43.55809369229585],[-79.65871782119055,43.55830806212411],[-79.66043277783149,43.55809369229585],[-79.66110651159963,43.55741995869965],[-79.66267855616033,43.558542847964375],[-79.66357686695285,43.55809369229585],[-79.66717011191967,43.55809369229585],[-79.66784384478949,43.558542847964375],[-79.66806842271221,43.559441159021624],[-79.66874215737866,43.55899200419064],[-79.6696404681712,43.55921658072271],[-79.67076335688647,43.56168693698122],[-79.67188624560171,43.56011489280162],[-79.6738063864367,43.558621450822365],[-79.67383526098487,43.558534827205676],[-79.67188624560171,43.55831827022313],[-79.6714370897563,43.557644537185084],[-79.671661667679,43.55674622603329],[-79.67349701114443,43.556134444321124],[-79.67368286808514,43.554275870321966],[-79.67278455729257,43.55405129230224],[-79.67211082442275,43.552703824837835],[-79.6714370897563,43.55315298096872],[-79.67076335688647,43.55292840332175],[-79.67031420104104,43.55158093614172],[-79.66920628364832,43.552134895356936],[-79.66896673440306,43.55225466991685],[-79.66773816158957,43.55143562178805],[-79.66761926776509,43.55135635914722],[-79.66677710167781,43.55198798400246],[-79.66672095697255,43.55203009217756],[-79.66649637904983,43.55337755908086],[-79.66559806825728,43.553826714096616],[-79.66492433359083,43.55315298096872],[-79.66312771200573,43.552703824837835],[-79.66267855616033,43.55203009217756],[-79.66357686695285,43.55090720329878],[-79.66492433359083,43.55090720329878],[-79.66469975566812,43.55000889197712],[-79.66537349033457,43.549110580939335],[-79.66492433359083,43.548661425282866],[-79.6622294012132,43.548886003203926],[-79.66155566744506,43.54821226888376],[-79.66155566744506,43.55068262509593],[-79.66065735575421,43.55158093614172],[-79.65998362288437,43.55135635914722],[-79.65908531209182,43.54933515783794],[-79.65796242337657,43.54843684717615],[-79.65841157832368,43.54753853614817],[-79.65773784455553,43.546415646930605],[-79.65841157832368,43.54529275828251],[-79.65886073416911,43.54529275828251],[-79.65886073416911,43.54439444728002],[-79.65841157832368,43.54416986890284],[-79.65728868871011,43.54461902482055]],[[-79.69444227853097,43.54741221188691],[-79.69337426340483,43.54824289439982],[-79.69434402529676,43.54843684717615],[-79.69479318114219,43.549110580939335],[-79.69456860321948,43.55000889197712],[-79.69501775906491,43.550233470086155],[-79.69569149193474,43.550233470086155],[-79.69636522480457,43.54821226888376],[-79.69569149193474,43.547313958415444],[-79.6952423360893,43.54753853614817],[-79.69501775726827,43.54744870489501],[-79.69456860321948,43.54753853614817],[-79.69444227853097,43.54741221188691]],[[-79.704225447608,43.548661425282866],[-79.70692038178225,43.550458046707305],[-79.7075941146521,43.55158093614172],[-79.70714495880667,43.55247924812127],[-79.70624664801413,43.552703824837835],[-79.70512375929887,43.55135635914722],[-79.70242882602291,43.550233470086155],[-79.69842100585754,43.55374034725613],[-79.69950931392593,43.55405129230224],[-79.70085678056392,43.555398758934096],[-79.7006322026412,43.55629706999238],[-79.69973389184865,43.55674622603329],[-79.69816184818629,43.556072491692966],[-79.69748811441814,43.55674622603329],[-79.69636522480457,43.55674622603329],[-79.69612661789206,43.55697080312376],[-79.69517217946225,43.55786911483348],[-79.69494716675494,43.558080893227725],[-79.69254740281337,43.56033946970511],[-79.69247254530244,43.56101319864778],[-79.69236865783476,43.561948181679085],[-79.69232282489065,43.562360671035115],[-79.69254740281337,43.56266010987959],[-79.6927944386182,43.56298949088951],[-79.69299655776047,43.56325898180176],[-79.69352057650674,43.56352099298636],[-79.6952423360893,43.564381870951266],[-79.69614064778017,43.56325898180176],[-79.69484540470125,43.56212564815658],[-79.69434402439846,43.56168693763216],[-79.69446879140828,43.56143740632499],[-79.69456860321948,43.56123778196717],[-79.69509261747417,43.56131264093475],[-79.69614064778017,43.561462359241816],[-79.69681438065001,43.5607886262085],[-79.69838642521067,43.56123778196717],[-79.69902052710512,43.56081504730473],[-79.69906015897882,43.5607886262085],[-79.69920987400072,43.56106310937922],[-79.69999301807889,43.56249887877086],[-79.7004076256168,43.56325898180176],[-79.69950931392593,43.56415729284302],[-79.69816184818629,43.56370813671853],[-79.69748811441814,43.56415729284302],[-79.6972635355971,43.564831025958036],[-79.69771269234084,43.565729336990145],[-79.69681438065001,43.566852226306395],[-79.69793727026357,43.567750537788974],[-79.70030881812207,43.566268330197445],[-79.70018304769408,43.566178493015435],[-79.70108135938496,43.565055604158275],[-79.70187986285785,43.565055604158275],[-79.70310255889275,43.56348355870233],[-79.70377629176257,43.563932715199385],[-79.70445002642903,43.56370813671853],[-79.70466562030059,43.562845761736476],[-79.70467460435175,43.562809826139976],[-79.70482772488688,43.56274857818008],[-79.70467460435175,43.56213609320334],[-79.70600101537778,43.561546578596015],[-79.7060220700914,43.561462359241816],[-79.70664397825418,43.56104775463899],[-79.70669580385955,43.56101320385546],[-79.70676317750586,43.56103566183446],[-79.70692038178225,43.56056404772438],[-79.70855918643993,43.56147449622538],[-79.70853849015408,43.56145084326336],[-79.70736953672939,43.56011489280162],[-79.70512375929887,43.55899200419064],[-79.70489918137615,43.55809369229585],[-79.70579749306701,43.557195380679175],[-79.70781869257482,43.55809369229585],[-79.70894158218837,43.557195380679175],[-79.7096153150582,43.55786911483348],[-79.71051362585074,43.55786911483348],[-79.71141193664329,43.55899200419064],[-79.71118735961889,43.559441159021624],[-79.71186109338703,43.55921658072271],[-79.71253482625686,43.55989031506108],[-79.71455602666299,43.55809369229585],[-79.7158192780397,43.557588393618666],[-79.71522976043113,43.557195380679175],[-79.71343313794772,43.557195380679175],[-79.71298398210229,43.55652164810584],[-79.71320856002501,43.555847913858635],[-79.71231024923249,43.55494960326575],[-79.71253482625686,43.55405129230224],[-79.71163651456601,43.55337755908086],[-79.71320856002501,43.55158093614172],[-79.71290912279473,43.55118168786233],[-79.71231024923249,43.55158093614172],[-79.71163651456601,43.55135635914722],[-79.71096278169617,43.550233470086155],[-79.71141193664329,43.54933515783794],[-79.71231024923249,43.549110580939335],[-79.71210520248067,43.548495439558934],[-79.71203122172544,43.54844365303939],[-79.71028904882635,43.548661425282866],[-79.7096153150582,43.54978431368239],[-79.70871700426567,43.550233470086155],[-79.70804327139584,43.54978431368239],[-79.70781869257482,43.548886003203926],[-79.71028904882635,43.546191068921004],[-79.70894158218837,43.546191068921004],[-79.70781869257482,43.5455173357321],[-79.704225447608,43.548661425282866]],[[-79.69423173498794,43.54720166890975],[-79.69411944737406,43.54708938114819],[-79.69405034716578,43.54714120659543],[-79.69423173498794,43.54720166890975]],[[-79.68792110065972,43.54695463451644],[-79.68828042497674,43.546415646930605],[-79.6878312691313,43.546864803044215],[-79.68792110065972,43.54695463451644]],[[-79.72353913818168,43.546191068921004],[-79.7239882940271,43.54708938114819],[-79.72308998323457,43.54776311369529],[-79.72308998323457,43.54933515783794],[-79.7233962243048,43.54984556179932],[-79.72421287194982,43.55000889197712],[-79.72511118274237,43.549110580939335],[-79.72466202689694,43.54821226888376],[-79.72421287194982,43.54821226888376],[-79.72443744987253,43.54708938114819],[-79.72365504690447,43.546046183681284],[-79.72353913818168,43.546191068921004]],[[-79.72466202689694,43.550233470086155],[-79.72376371610439,43.55068262509593],[-79.72365142759217,43.550645195856625],[-79.72308998323457,43.55158093614172],[-79.72196709362099,43.55135635914722],[-79.72106878282845,43.55247924812127],[-79.72219167244202,43.553826714096616],[-79.7239882940271,43.55494960326575],[-79.72174251569827,43.554725025803734],[-79.72084420490573,43.555847913858635],[-79.72174251569827,43.55674622603329],[-79.72443744987253,43.557195380679175],[-79.72464955019595,43.5586800905903],[-79.72533576066509,43.558542847964375],[-79.72623407235594,43.559665737134395],[-79.72608432948628,43.559965228431224],[-79.72668322730306,43.55899200419064],[-79.72645865027864,43.55831827022313],[-79.72780611601831,43.55809369229585],[-79.72825527186373,43.557195380679175],[-79.72780611601831,43.55652164810584],[-79.72533576066509,43.55562333714033],[-79.72578491561218,43.554275870321966],[-79.72443744987253,43.552703824837835],[-79.72556033768947,43.55158093614172],[-79.72533576066509,43.55068262509593],[-79.72466202689694,43.550233470086155]],[[-79.7239882940271,43.559441159021624],[-79.72415672724456,43.55893585992683],[-79.7239882940271,43.55899200419064],[-79.72391683753783,43.55942074320229],[-79.7239882940271,43.559441159021624]],[[-79.7088597043435,43.56181794222881],[-79.70878117092641,43.56194359706669],[-79.70894158218837,43.56191151518539],[-79.7088597043435,43.56181794222881]],[[-79.75632024752736,43.56241862758161],[-79.75710488370723,43.56277527962159],[-79.75655207395609,43.562360671035115],[-79.75632024752736,43.56241862758161]],[[-79.75767496267135,43.56348355870233],[-79.75767496267135,43.564381870951266],[-79.75677665187882,43.564831025958036],[-79.75639584525008,43.56462597899011],[-79.75632749603339,43.56458917548076],[-79.75632749603339,43.564831025958036],[-79.75542918524086,43.565055604158275],[-79.75430629562726,43.563932715199385],[-79.75317442465749,43.563771018829634],[-79.7529588289893,43.563932715199385],[-79.75161136324964,43.56348355870233],[-79.75138678532694,43.56415729284302],[-79.75178893233354,43.564449767038596],[-79.75385713978184,43.565953915096],[-79.75453087444829,43.565953915096],[-79.75520460731813,43.5652801821722],[-79.75610291811067,43.5655047599998],[-79.75655207395609,43.56640307074852],[-79.75542918524086,43.567750537788974],[-79.75677665187882,43.5684242710706],[-79.75767496267135,43.5695471602662],[-79.75677665187882,43.57067004870431],[-79.75643971268036,43.570525646670454],[-79.75947158515477,43.57269124902638],[-79.7601453189229,43.572242092752965],[-79.76036989684562,43.571343781871775],[-79.75767496267135,43.56932258188882],[-79.75812411941509,43.5681996930626],[-79.75677665187882,43.56707680413122],[-79.75812411941509,43.566178493015435],[-79.75843507394565,43.56540111590873],[-79.7583486964395,43.565055604158275],[-79.7585732743622,43.56483102791075],[-79.75872299836726,43.564681304305985],[-79.75902243020765,43.563932715199385],[-79.75840052024826,43.56284437719509],[-79.75760634126513,43.56300321259105],[-79.75767496267135,43.563034404063984],[-79.75767496267135,43.56348355870233]],[[-79.77137420787211,43.56398889386225],[-79.77137420787211,43.564381870951266],[-79.7693530083643,43.564831025958036],[-79.76867927369784,43.564157294144835],[-79.76882218757471,43.56444312180712],[-79.76912843044158,43.565055604158275],[-79.76823011875074,43.565953915096],[-79.7673318079582,43.565729336990145],[-79.76677900269866,43.56524563707044],[-79.76688265301108,43.5655047599998],[-79.7655351863731,43.56640307074852],[-79.76531060755208,43.56707680413122],[-79.76508602962936,43.56707680413122],[-79.7655351863731,43.56797511486809],[-79.76665807508836,43.5681996930626],[-79.76710723003548,43.56887342717809],[-79.76688265301108,43.56977173780617],[-79.7711496308477,43.57022089297743],[-79.77159878489653,43.57067004935518],[-79.7729462533311,43.571343781871775],[-79.77406914204637,43.57314040520418],[-79.77519203076162,43.57291582720862],[-79.77586576363146,43.57336498171144],[-79.77609034155417,43.57403871597062],[-79.77496745283891,43.57493702700422],[-79.77496745283891,43.57605991582515],[-79.7763149203752,43.576509072258965],[-79.77653949829792,43.57583533830434],[-79.77743780909046,43.575610759945945],[-79.77878527572842,43.57673364921947],[-79.77900985275284,43.57605991582515],[-79.77968358741929,43.57583533830434],[-79.78058189821184,43.57628449381005],[-79.78080647613456,43.575610759945945],[-79.77945900859827,43.57426329368369],[-79.77878527572842,43.574487871210025],[-79.77811154196029,43.57403871597062],[-79.77788696403758,43.57336498171144],[-79.77833611988301,43.57269124902638],[-79.77743780909046,43.57179293768554],[-79.77766238701317,43.570894627264224],[-79.77856069780573,43.570445471259596],[-79.77990816534201,43.57179293768554],[-79.78103105405728,43.57179293768554],[-79.78148020900437,43.57246667130842],[-79.78125563108166,43.57336498171144],[-79.78260309771963,43.57246667130842],[-79.77923443067554,43.56977173780617],[-79.77900985275284,43.56909800397583],[-79.77945900859827,43.5684242710706],[-79.78034861741064,43.5684242710706],[-79.77443886795606,43.5640526309934],[-79.7749781670453,43.56447531690196],[-79.77743780909046,43.56640307074852],[-79.77698865324504,43.56730138176964],[-79.77609034155417,43.56752595987252],[-79.77137420787211,43.56398889386225]],[[-79.7872836383535,43.572743283501005],[-79.78642092060916,43.57291582720862],[-79.7870946543773,43.57291582720862],[-79.7872836383535,43.572743283501005]],[[-79.79046332142138,43.5735895599845],[-79.79203536508376,43.57471244920046],[-79.79219576646426,43.57464828860851],[-79.79046332142138,43.5735895599845]],[[-79.79248452092918,43.57695822729477],[-79.78866669893799,43.574487871210025],[-79.79263792084036,43.57718832706243],[-79.79248452092918,43.57695822729477]],[[-79.71253482535855,43.572242092752965],[-79.71253482625686,43.571343781871775],[-79.71247244365027,43.57130635244906],[-79.71231024923249,43.57179293768554],[-79.71253482535855,43.572242092752965],[-79.71275940417958,43.57269124902638],[-79.71231024923249,43.57291582720862],[-79.71208567130977,43.57403871597062],[-79.71343313794772,43.575386182702374],[-79.71186109338703,43.576509072258965],[-79.71163651456601,43.57718280518331],[-79.71208567130977,43.57785653772794],[-79.71096278169617,43.578754849076375],[-79.71096278169617,43.579428582903205],[-79.71163651456601,43.579428582903205],[-79.71208567130977,43.58032689422483],[-79.71320856002501,43.58077605006554],[-79.71388229289485,43.58212351570349],[-79.71478060368737,43.58257267180618],[-79.71478060368737,43.582797249577006],[-79.71478060368737,43.58369556074194],[-79.71410687081756,43.58414471617807],[-79.71320856002501,43.58369556074194],[-79.71305883871493,43.58374546829611],[-79.71455602666299,43.584369293940846],[-79.71612807122368,43.58549218320168],[-79.7165772270691,43.58661507168803],[-79.7170263820162,43.58661507168803],[-79.71680180499182,43.587962538721634],[-79.71590349330096,43.58863627231348],[-79.71567891627656,43.589759160707146],[-79.71747553786163,43.59133120609026],[-79.71522976043113,43.593127827715904],[-79.71433144874028,43.59200493906022],[-79.7133208476389,43.59200493906022],[-79.71365771497213,43.59222951677583],[-79.71404270595345,43.59312783357134],[-79.71433144874028,43.593801562043126],[-79.71410687081756,43.59447529468304],[-79.71312794161815,43.594866867300865],[-79.71298398210229,43.59492445100745],[-79.71096278169617,43.59402613890978],[-79.7105435693941,43.5941309418981],[-79.71051362585074,43.59425071689013],[-79.71096278169617,43.59559818408764],[-79.70987444218675,43.59482080094652],[-79.70983989208261,43.59492445165807],[-79.71125151729649,43.59582276205656],[-79.71231024923249,43.59649649483787],[-79.71343313794772,43.59806853988578],[-79.71253482625686,43.59896685083822],[-79.71186109338703,43.59874227289367],[-79.71137999614504,43.599191306943396],[-79.71163651456601,43.59896685083822],[-79.71231024923249,43.59896685083822],[-79.71410687081756,43.600089739696976],[-79.71478060368737,43.59964058419613],[-79.7150051816101,43.59874227289367],[-79.71365771497213,43.59761938425949],[-79.71410687081756,43.59717022918379],[-79.71567891627656,43.59829311774271],[-79.7165772270691,43.59806853988578],[-79.71747553786163,43.59919142924559],[-79.71908424805898,43.59883393767449],[-79.71928398037755,43.59878955277028],[-79.71949673826775,43.59874227289367],[-79.72017047113759,43.59784396184119],[-79.71994589411318,43.59717022918379],[-79.71927216034504,43.59672107270705],[-79.7183738486542,43.596945651039206],[-79.71792469280875,43.596047339837895],[-79.71747553786163,43.596047339837895],[-79.71770011578435,43.59514902823784],[-79.71725095993892,43.59447529468304],[-79.71819652930193,43.59315150011788],[-79.7183738486542,43.59290325009935],[-79.71855761521522,43.592841995006914],[-79.71904758242232,43.59267867294602],[-79.71911174728645,43.5928711710462],[-79.71968922836854,43.594603622336436],[-79.71994589411318,43.595373605931215],[-79.72084420490573,43.59582276205656],[-79.72196709362099,43.59559818408764],[-79.72219166795045,43.595822758803656],[-79.72264082738914,43.59627191678109],[-79.7233145611573,43.596047339837895],[-79.72351302505467,43.5970396658016],[-79.72353913818168,43.59717022918379],[-79.72462747589448,43.59794761515208],[-79.72511118274237,43.59829311774271],[-79.72623407235594,43.59829311774271],[-79.72600949443321,43.59896685083822],[-79.72690780522578,43.599865162040416],[-79.72803069394101,43.59919142924559],[-79.72870442770916,43.59806853988578],[-79.72892900473357,43.596047339837895],[-79.729378160579,43.59559818408764],[-79.73027647226985,43.59627191678109],[-79.73065076970602,43.59627191678109],[-79.73067380250993,43.5962028172233],[-79.73072562811528,43.596047339837895],[-79.7305571931012,43.596047339837895],[-79.73005189434713,43.596047339837895],[-79.729378160579,43.595373605931215],[-79.72825527186373,43.595373605931215],[-79.72758153899392,43.596047339837895],[-79.72668322730306,43.59559818408764],[-79.72645865027864,43.594699872939],[-79.72713238314849,43.59402613890978],[-79.72713238314849,43.593352405795535],[-79.72600949443321,43.59178036115723],[-79.72443744987253,43.59088205027379],[-79.72443744987253,43.58953458418378],[-79.72511118274237,43.58908542797257],[-79.72623407235594,43.58953458418378],[-79.72735696107121,43.590657472735174],[-79.72847984978644,43.59088205027379],[-79.72915358265628,43.59200493906022],[-79.73139936098512,43.59267867294602],[-79.73184851683055,43.593352405795535],[-79.73165602133989,43.59373739772073],[-79.73162393890783,43.593801562043126],[-79.73168008271477,43.59377348987585],[-79.73252224970037,43.593352405795535],[-79.73342056139124,43.59357698368778],[-79.73386971723667,43.59425071689013],[-79.73364513931395,43.59492445100745],[-79.73454345010649,43.596047339837895],[-79.73544176089904,43.595373605931215],[-79.73717849719401,43.59602488190231],[-79.73723838428074,43.596047339837895],[-79.73728330004495,43.59586767807024],[-79.73746296220345,43.59514902823784],[-79.73836127299602,43.594699872939],[-79.73881055370725,43.593576681156826],[-79.73925958378854,43.59245409495462],[-79.73919913525475,43.592410918094025],[-79.73808053330004,43.591611917745944],[-79.73768753922786,43.59133120609026],[-79.73761267992029,43.59133120609026],[-79.73544176089904,43.59133120609026],[-79.73409429515937,43.589759160707146],[-79.73207309385492,43.58998373899516],[-79.73165849080858,43.589154532449584],[-79.73162393890783,43.58908542797257],[-79.73148357085648,43.589057354256106],[-79.73050105019256,43.58886085023664],[-79.72743176558153,43.58659928880749],[-79.72623407235594,43.58571676114311],[-79.72600949443321,43.58504302805868],[-79.72690780522578,43.58414471617807],[-79.72825527186373,43.58481845020655],[-79.72870442770916,43.58459387216726],[-79.729378160579,43.58526760507308],[-79.73005189434713,43.584369293940846],[-79.7311747830624,43.58414471617807],[-79.73207309385492,43.58504302805868],[-79.73139936098512,43.58639049384453],[-79.73146846209171,43.5864077694434],[-79.73229767177764,43.58661507168803],[-79.73246429488981,43.587114941013226],[-79.73252224970037,43.58728880604731],[-79.73288157222076,43.58728880604731],[-79.73364513931395,43.58728880604731],[-79.7349926059519,43.58571676114311],[-79.73589091674447,43.58549218320168],[-79.73676559106525,43.58592952047484],[-79.73678922843531,43.585941338897435],[-79.73723838428074,43.58526760507308],[-79.73678922843531,43.584369293940846],[-79.73701380635802,43.58279725022769],[-79.73602301670194,43.58259909180695],[-79.73589091674447,43.58257267180618],[-79.73297140644411,43.58077605006554],[-79.73297140644411,43.57984030831167],[-79.73274682762307,43.579877738287074],[-79.73207309385492,43.579428582903205],[-79.73187097471265,43.57841798519281],[-79.73149183445877,43.57814716945152],[-79.72982731732276,43.577407382885035],[-79.72825527186373,43.575386182702374],[-79.72758153899392,43.575610759945945],[-79.72690780522578,43.57493702700422],[-79.72578491561218,43.575610759945945],[-79.72511118274237,43.575386182702374],[-79.72466202689694,43.57471244920046],[-79.72509777089516,43.57275160240034],[-79.72431842489402,43.572136322909564],[-79.72313489450718,43.571307848741284],[-79.72219167244202,43.57111920368502],[-79.72196709362099,43.57403871597062],[-79.72129335985285,43.574487871210025],[-79.72039504906031,43.57426329368369],[-79.72084420490573,43.575386182702374],[-79.72039504906031,43.57605991582515],[-79.71972131619047,43.57628449381005],[-79.71882300539794,43.57583533830434],[-79.71792469280875,43.57695822729477],[-79.71590349330096,43.57695822729477],[-79.71545433835384,43.57628449381005],[-79.71590349330096,43.575610759945945],[-79.71567891627656,43.57493702700422],[-79.71612807122368,43.57426329368369],[-79.71725095993892,43.57403871597062],[-79.7163526491464,43.5735895599845],[-79.7163526491464,43.57246667130842],[-79.71545433835384,43.572017515963424],[-79.71522976043113,43.571343781871775],[-79.7147164415182,43.571343781871775],[-79.71433144874028,43.572242092752965],[-79.71320856002501,43.57269124902638],[-79.71253482535855,43.572242092752965]],[[-79.69569149193474,43.57179293768554],[-79.69479318114219,43.57067004870431],[-79.69434402529676,43.5710630687702],[-79.69434402529676,43.571343781871775],[-79.69316772904293,43.57209233940721],[-79.69152075869933,43.57353342476895],[-79.69097535825269,43.574487871210025],[-79.69045135118452,43.57493702375019],[-79.6898524686391,43.57583533830434],[-79.68940331369198,43.57583533830434],[-79.69164909202082,43.576509072258965],[-79.69348654652715,43.57773404175817],[-79.69367029242694,43.57785653772794],[-79.69367029242694,43.57808111812306],[-79.69367029242694,43.57920400493087],[-79.69251745118517,43.58014724669843],[-79.69163588948109,43.5808685211501],[-79.6914245140981,43.58104146260535],[-79.6911999361754,43.58122520515847],[-79.69411944737406,43.583246405208214],[-79.69456860321948,43.583021827811486],[-79.6927719807361,43.581449782749814],[-79.69299655776047,43.58055147191328],[-79.69434402529676,43.579428582903205],[-79.69466485231229,43.57949274816319],[-79.69546691401202,43.57965316068861],[-79.69546691401202,43.57853027184493],[-79.69614064688186,43.578081116170765],[-79.69681438065001,43.57830569377587],[-79.69793727026357,43.57695822729477],[-79.69883558105612,43.577407382885035],[-79.69906015897882,43.57830569377587],[-79.69984618036085,43.57791268257988],[-79.69995846977136,43.57785653772794],[-79.7006322026412,43.57830569377587],[-79.70332713681546,43.57830569377587],[-79.70557291514429,43.581449782749814],[-79.70669580385955,43.581000626729384],[-79.70729687829424,43.58134410000909],[-79.7075941146521,43.58122520515847],[-79.70871700426567,43.581898939323835],[-79.70781869257482,43.58032689422483],[-79.70714495880667,43.58055147191328],[-79.70647122593682,43.58010231569865],[-79.70647122593682,43.577407382885035],[-79.70557291514429,43.57673364921947],[-79.70489918137615,43.57695822729477],[-79.70332713681546,43.57628449381005],[-79.70287798097003,43.575610759945945],[-79.70310255889275,43.57493702700422],[-79.70242881793807,43.574359538415365],[-79.70197967017748,43.57403871597062],[-79.70130593730765,43.574487871210025],[-79.7006322026412,43.57426329368369],[-79.70018304769408,43.5735895599845],[-79.7004076256168,43.57291582720862],[-79.69973389184865,43.57291582720862],[-79.69906015897882,43.57381413807089],[-79.69681438065001,43.57381413807089],[-79.69636522480457,43.57314040520418],[-79.69681438065001,43.57179293768554],[-79.69569149193474,43.57179293768554]],[[-79.69546691401202,43.583246405208214],[-79.69434402529676,43.58347098306859],[-79.69366989088002,43.58302156166776],[-79.6952423360893,43.58414471617807],[-79.69546691401202,43.58481845020655],[-79.69501775906491,43.58549218320168],[-79.69411944737406,43.58571676114311],[-79.69209824696793,43.58414471617807],[-79.6911999361754,43.58481845020655],[-79.69052620330557,43.58459387216726],[-79.69007704656183,43.58392013887891],[-79.69018933687065,43.58335869391778],[-79.69007704656183,43.58347098306859],[-79.68788741383656,43.58255863700981],[-79.68715753626148,43.58347098306859],[-79.6866185479893,43.58311165939129],[-79.68648380159502,43.583246405208214],[-79.68670838041606,43.58392013887891],[-79.68895415784655,43.58504302805868],[-79.68805584705402,43.587064228114734],[-79.68715753626148,43.587064228114734],[-79.68693295833876,43.58616591711524],[-79.68625922457063,43.58571676114311],[-79.68461230992257,43.58571676114311],[-79.68581006872519,43.58661507168803],[-79.68581006872519,43.5877379607001],[-79.68468718000993,43.58818711720664],[-79.68311513455093,43.586900906641766],[-79.68311513455093,43.587513383142],[-79.68289055842484,43.58886085023664],[-79.68262106024635,43.58899559945124],[-79.68378886921738,43.58863627231348],[-79.68468718000993,43.58953458418378],[-79.68446260208722,43.59020831709585],[-79.68513633585536,43.58998373899516],[-79.68603464664791,43.59088205027379],[-79.68468718000993,43.59245409495462],[-79.68446260208722,43.593801562043126],[-79.68536091287976,43.59402613890978],[-79.68603464664791,43.59357698368778],[-79.68670838041606,43.59402613890978],[-79.68693295833876,43.59492445100745],[-79.6866101298768,43.595247284375375],[-79.68738211418419,43.59559818408764],[-79.68872957992386,43.593801562043126],[-79.6896278907164,43.593352405795535],[-79.69030162538284,43.593801562043126],[-79.69052620330557,43.59492445100745],[-79.68952581964221,43.596067751699984],[-79.69075078032998,43.59514902823784],[-79.69097535825269,43.59425071689013],[-79.69209824696793,43.59425071689013],[-79.69322113568319,43.593127827715904],[-79.69814244457613,43.596868038916114],[-79.69793727026357,43.596047339837895],[-79.69883558105612,43.595373605931215],[-79.6986110031334,43.594699872939],[-79.69906015897882,43.59402613890978],[-79.69838642521067,43.593801562043126],[-79.69838642521067,43.59290325009935],[-79.69703895857272,43.59200493906022],[-79.69681438065001,43.59110662827568],[-79.69771269234084,43.59020831709585],[-79.6986110031334,43.590657472735174],[-79.69906015897882,43.589759160707146],[-79.69816184818629,43.589310006171836],[-79.69748811441814,43.587962538721634],[-79.69614064778017,43.58841169485368],[-79.6952423360893,43.58728880604731],[-79.69636522480457,43.58571676114311],[-79.70018304769408,43.58414471617807],[-79.7002238788187,43.58406305446452],[-79.69950931392593,43.584369293940846],[-79.69771269234084,43.58369556074194],[-79.69681438065001,43.58459387216726],[-79.69703895857272,43.58526760507308],[-79.69658980272729,43.58526760507308],[-79.69614064688186,43.58481845020655],[-79.69614064688186,43.58369556074194],[-79.69546691401202,43.583246405208214]],[[-79.66200482329049,43.596945651039206],[-79.66110651159963,43.59672107270705],[-79.66043277783149,43.59582276205656],[-79.66065735575421,43.59492445100745],[-79.66133108862402,43.59447529468304],[-79.66357686695285,43.59604734048849],[-79.664250600721,43.595373605931215],[-79.66380144487557,43.59425071689013],[-79.66492433359083,43.59267867294602],[-79.66380144487557,43.591555783717425],[-79.66469975566812,43.58998373899516],[-79.66312771200573,43.58908542797257],[-79.66249889310349,43.58814220261771],[-79.66245397823761,43.58818711720664],[-79.66065735575421,43.58863627231348],[-79.65953446703894,43.589759160707146],[-79.65796242337657,43.58998373899516],[-79.65751326663283,43.59088205027379],[-79.65796242337657,43.59200493906022],[-79.65661495584027,43.591555783717425],[-79.65571664504773,43.59200493906022],[-79.65279713295077,43.589759160707146],[-79.65302171087347,43.589310006171836],[-79.65257255592635,43.58863627231348],[-79.65122508928839,43.58863627231348],[-79.6501021996748,43.58998373899516],[-79.65032677759753,43.59088205027379],[-79.65212340008095,43.59133120609026],[-79.65436917840977,43.593127827715904],[-79.65436917840977,43.59357698368778],[-79.65387444833503,43.593993608939044],[-79.6501021996748,43.59717022918379],[-79.65041318384976,43.59683852196482],[-79.65055639866226,43.5966857623538],[-79.65277181842605,43.59432265333655],[-79.65347086671892,43.59357698368778],[-79.65302171087347,43.59267867294602],[-79.65167424423551,43.59267867294602],[-79.64673357844481,43.59761938425949],[-79.64785642224432,43.59761938425949],[-79.64830557719141,43.59829311774271],[-79.64814888225978,43.59876320427999],[-79.64808100016701,43.59896685083822],[-79.64615961965696,43.60061376246164],[-79.64493691104565,43.60166178389059],[-79.64538606599277,43.60256009583839],[-79.64538030689347,43.60257737330101],[-79.64561064391549,43.60278467319313],[-79.64673353263072,43.603233829290666],[-79.6462843767853,43.60368298528731],[-79.64493691104565,43.60345840673243],[-79.64381402233039,43.60458129567643],[-79.64358944440768,43.605479606961964],[-79.64403859935479,43.606153340241505],[-79.64379360721725,43.60680665971454],[-79.64403859935479,43.607051650817475],[-79.64538606599277,43.606153340241505],[-79.64650895470803,43.60660249590548],[-79.64516148807006,43.60525502925985],[-79.64538606599277,43.60435671787311],[-79.64605979886258,43.60390756170279],[-79.6476318443216,43.60503045071933],[-79.64875473303684,43.60503045071933],[-79.64920388888228,43.605629327349334],[-79.64942846590668,43.60592876180233],[-79.65032677759753,43.605479606961964],[-79.65144966721111,43.60592876180233],[-79.65212340008095,43.60503045071933],[-79.65279713295077,43.605479606961964],[-79.65414459958875,43.60503045071933],[-79.6550429112796,43.60592876180233],[-79.65467075363043,43.60648700018876],[-79.65594122207214,43.607051650817475],[-79.65683953376299,43.60660249590548],[-79.65796242337657,43.607051650817475],[-79.65886073416911,43.606377917842266],[-79.65975904496166,43.606827073780714],[-79.6608819336769,43.605479606961964],[-79.65930988911622,43.60480587394234],[-79.65930988911622,43.60368298528731],[-79.65998362288437,43.603233829290666],[-79.66200482329049,43.60368298528731],[-79.6622294012132,43.603233829290666],[-79.6622294012132,43.60278467319313],[-79.6622294012132,43.60256009583839],[-79.66155566744506,43.60233551829579],[-79.66020819990878,43.6003143178163],[-79.66200482329049,43.5973948058396],[-79.66200482329049,43.596945651039206]],[[-79.69840366118605,43.59706655761903],[-79.69883558105612,43.5973948058396],[-79.69892195766396,43.59732570561956],[-79.69840366118605,43.59706655761903]],[[-79.69145657676722,43.59842143790505],[-79.69004898139572,43.59733867590397],[-79.69030162538284,43.59784396184119],[-79.69145657676722,43.59842143790505]],[[-79.69167903736081,43.59859255878587],[-79.69209824696793,43.59964058419613],[-79.69187366904522,43.59874227289367],[-79.69167903736081,43.59859255878587]],[[-79.74487402916148,43.59874227289367],[-79.74667065074655,43.60098805104785],[-79.74981473986793,43.60098805104785],[-79.75013696106876,43.601202865388146],[-79.75044355248197,43.60081962430201],[-79.7499943589073,43.60053887688256],[-79.74872393268642,43.59996141073243],[-79.74801811828284,43.6003143178163],[-79.74711980659197,43.59919142924559],[-79.74622149579943,43.59964058419613],[-79.74487402916148,43.59874227289367]],[[-79.75183594027403,43.598517694761505],[-79.75352026616041,43.59919142924559],[-79.75385713978184,43.59919142924559],[-79.75453087444829,43.59829311774271],[-79.75398859744388,43.59799733328761],[-79.75363256275743,43.59806853988578],[-79.75318340691202,43.59761938425949],[-79.75183594027403,43.59784396184119],[-79.75116220740422,43.5973948058396],[-79.7495901619452,43.5973948058396],[-79.74981473986793,43.59806853988578],[-79.75048847363607,43.59784396184119],[-79.75133064062167,43.598686128601834],[-79.75183594027403,43.598517694761505]],[[-79.74015789458109,43.598517694761505],[-79.74038247340214,43.59761938425949],[-79.73970873873566,43.59672107270705],[-79.7398237689061,43.59640885744956],[-79.73881042794312,43.59559818408764],[-79.73791211715059,43.59649649483787],[-79.73791211715059,43.59761938425949],[-79.73858585091871,43.598517694761505],[-79.73955326281785,43.59888047585579],[-79.74015789458109,43.598517694761505]],[[-79.77070047500227,43.59806853988578],[-79.77050797951162,43.59835728371309],[-79.77034115068527,43.59860752598487],[-79.77025131915686,43.59874227289367],[-79.77008288683773,43.59877970282617],[-79.76823011875074,43.59919142924559],[-79.7675563858809,43.599865162040416],[-79.76575976429582,43.59941600616419],[-79.76531060755208,43.599865162040416],[-79.76463687468224,43.59964058419613],[-79.76396314091411,43.600089739696976],[-79.76328940804429,43.59964058419613],[-79.76261567427613,43.600089739696976],[-79.76194194140632,43.59919142924559],[-79.76081905628429,43.5989668534404],[-79.7608190095719,43.59896691264006],[-79.75947158515477,43.60076347284124],[-79.76463687468224,43.600538895097394],[-79.76531469578492,43.60121671759446],[-79.76823011875074,43.60098805364998],[-79.77146868189391,43.600734052127216],[-79.77159878579482,43.600538895097394],[-79.77249709658737,43.6003143178163],[-79.77227251956297,43.599865162040416],[-79.7727216754084,43.59919142924559],[-79.77493291890444,43.59877682089916],[-79.77524161507036,43.59871894032563],[-79.77204794164027,43.59829311774271],[-79.77137420787211,43.59896685083822],[-79.77070047500227,43.59874227289367],[-79.77070047500227,43.59806853988578],[-79.77070047500227,43.5973948058396],[-79.7729462533311,43.59627191678109],[-79.77339540917654,43.595373605931215],[-79.77406914204637,43.59621578254515],[-79.77406914204637,43.596047339837895],[-79.77361998620094,43.595373605931215],[-79.77339540917654,43.595373605931215],[-79.77204794164027,43.595373605931215],[-79.77182336371754,43.596047339837895],[-79.77047589707958,43.59627191678109],[-79.77030122506245,43.5967959344128],[-79.77025131915686,43.596945651039206],[-79.77061064347387,43.597843963792855],[-79.77070047500227,43.59806853988578]],[[-79.75812411941509,43.58953458418378],[-79.75897252430204,43.59080719162112],[-79.75902243020765,43.590657472735174],[-79.75812411941509,43.58953458418378],[-79.75924700813037,43.58908542797257],[-79.75969616307748,43.58998373899516],[-79.76081905179274,43.590432895009144],[-79.76059447387001,43.59088205027379],[-79.76104362971545,43.591555783717425],[-79.76396314091411,43.59290325009935],[-79.76328940804429,43.59447529468304],[-79.76441229675953,43.595373605931215],[-79.76575976429582,43.59425071689013],[-79.76688265301108,43.59402613890978],[-79.76823011875074,43.59200493906022],[-79.76957758628703,43.59290325009935],[-79.77070047500227,43.59222951677583],[-79.77204794164027,43.59222951677583],[-79.77249709658737,43.591555783717425],[-79.77227251866465,43.59088205092446],[-79.77137420787211,43.59020831709585],[-79.77092504933174,43.59020831709585],[-79.77047589707958,43.59020831709585],[-79.77065555923808,43.59007357124688],[-79.77137420787211,43.58953458418378],[-79.77519203076162,43.59222951677583],[-79.7747428749162,43.593352405795535],[-79.77519203076162,43.59402613890978],[-79.77609034155417,43.59425071689013],[-79.77698865324504,43.59357698368778],[-79.78080647613456,43.59627191678109],[-79.7817047869271,43.595373605931215],[-79.78125563108166,43.59425071689013],[-79.7819293648498,43.59447529468304],[-79.78327683058947,43.59357698368778],[-79.78327683058947,43.5923418180064],[-79.7819293648498,43.59110662827568],[-79.78260309771963,43.58998373899516],[-79.78237851979692,43.589310006171836],[-79.7817047869271,43.58886085023664],[-79.78058189821184,43.589310006171836],[-79.78080647613456,43.58841169485368],[-79.78035732028911,43.5877379607001],[-79.78103105405728,43.587513383142],[-79.78143529324015,43.586704903762005],[-79.78148020900437,43.58661507168803],[-79.78133984813955,43.58641856815415],[-79.78110590887324,43.58609105585033],[-79.78035732028911,43.58504302805868],[-79.77949983253635,43.584614284660525],[-79.77900985275284,43.584369293940846],[-79.77909968338292,43.584099804429215],[-79.77944173309704,43.5830736535891],[-79.77945900859827,43.583021827811486],[-79.7801327423664,43.583246405208214],[-79.78091876554507,43.58246038293201],[-79.78103105405728,43.582348093848324],[-79.78099022203432,43.58224601380545],[-79.78058189821184,43.58122520515847],[-79.7817047869271,43.58010231569865],[-79.78125563108166,43.57920400493087],[-79.77990816534201,43.57920400493087],[-79.77900985275284,43.58032689422483],[-79.77811154196029,43.579877738287074],[-79.77721323116774,43.58010231569865],[-79.77676407532232,43.581000626729384],[-79.77721323116774,43.581898939323835],[-79.77676407532232,43.582348093848324],[-79.77564118570874,43.581449782749814],[-79.7747428749162,43.58167436080496],[-79.7742937199691,43.58077605006554],[-79.7727216754084,43.58032689422483],[-79.77182336371754,43.58122520515847],[-79.77182336371754,43.58212351570349],[-79.770925052925,43.581898939323835],[-79.76957758628703,43.583246405208214],[-79.76867927459615,43.583246405208214],[-79.7673318079582,43.582348093848324],[-79.76643349716564,43.58347098306859],[-79.76531060755208,43.583021827811486],[-79.76463687468224,43.58347098306859],[-79.76486145170665,43.58257267180618],[-79.76396314091411,43.58167436080496],[-79.76306483012156,43.581898939323835],[-79.76261567427613,43.58257267180618],[-79.76126820763815,43.581898939323835],[-79.759058362819,43.58281970919511],[-79.75879785228493,43.58347098306859],[-79.76036989684562,43.58392013887891],[-79.76081905179274,43.58459387216726],[-79.76036989684562,43.58549218320168],[-79.75992074100017,43.58549218320168],[-79.76036989684562,43.58639049384453],[-79.7601453189229,43.587064228114734],[-79.75789954059407,43.587962538721634],[-79.757656997264,43.58836678043233],[-79.75722580682593,43.58908542797257],[-79.75812411941509,43.58953458418378]],[[-79.78705543932189,43.57944997328304],[-79.78711337077624,43.57948473279683],[-79.7870946543773,43.579428582903205],[-79.78705543932189,43.57944997328304]],[[-79.79697607668854,43.583021827811486],[-79.79428114341259,43.58571676114311],[-79.79225994300646,43.58683964999501],[-79.79203536508376,43.5877379607001],[-79.79001416467764,43.589310006171836],[-79.79068789934409,43.591555783717425],[-79.79181078805937,43.591555783717425],[-79.79562861005056,43.58818711720664],[-79.79630234381871,43.587962538721634],[-79.79720065461123,43.58886085023664],[-79.79697607668854,43.589759160707146],[-79.79495487718073,43.591555783717425],[-79.79585318797328,43.59222951677583],[-79.796077765896,43.59357698368778],[-79.79675149876581,43.59425071689013],[-79.79495487718073,43.59627191678109],[-79.79675149876581,43.5973948058396],[-79.79675149876581,43.597731674781514],[-79.80037682616467,43.595919011359726],[-79.80056932165535,43.59514902823784],[-79.80348883285399,43.59267867294602],[-79.80573461118281,43.589310006171836],[-79.80461172156926,43.58841169485368],[-79.80348883285399,43.58818711720664],[-79.80326425493128,43.587513383142],[-79.80259052206146,43.587962538721634],[-79.8016922112689,43.5877379607001],[-79.80124305542347,43.58616591711524],[-79.79944643294007,43.58728880604731],[-79.79832354422483,43.587064228114734],[-79.79787438837938,43.58616591711524],[-79.79877269917192,43.58549218320168],[-79.79899727709464,43.58459387216726],[-79.79697607668854,43.583021827811486]],[[-79.79293367677462,43.596945651039206],[-79.79136163221393,43.59582276205656],[-79.79046332142138,43.5973948058396],[-79.78934043180782,43.59806853988578],[-79.78956500973054,43.59874227289367],[-79.78946519702099,43.5988919924839],[-79.78956500973054,43.59919142924559],[-79.7927090988519,43.59896685083822],[-79.79398170708062,43.59859255683423],[-79.793158253799,43.59829311774271],[-79.7927090988519,43.59761938425949],[-79.79293367677462,43.596945651039206]],[[-79.7763149203752,43.598517694761505],[-79.77592191013335,43.59848962284265],[-79.77559627084284,43.59865244187149],[-79.7763149203752,43.598517694761505]],[[-79.78744399751318,43.5905576612389],[-79.7875999558263,43.590432895009144],[-79.7873192323,43.590432895009144],[-79.78744399751318,43.5905576612389]],[[-79.74330198370245,43.593127827715904],[-79.74390085906136,43.59267867294602],[-79.74285282875533,43.59267867294602],[-79.7419663254189,43.59159518105738],[-79.74083162834923,43.59020831709585],[-79.7417299400401,43.589310006171836],[-79.74285282516209,43.589534585485104],[-79.74352656162517,43.58908542797257],[-79.74420029539333,43.58953458418378],[-79.74442487331605,43.590432895009144],[-79.7450631433934,43.59053927359126],[-79.74487402916148,43.590432895009144],[-79.74509860708417,43.589759160707146],[-79.74442487331605,43.58886085023664],[-79.74285282875533,43.58863627231348],[-79.74326115167955,43.58761546466392],[-79.74311483857764,43.587578886670094],[-79.7419545170645,43.58728880604731],[-79.7415772273401,43.58678575375031],[-79.74150536211737,43.58728880604731],[-79.73993331665838,43.590657472735174],[-79.74136769530008,43.592483065587345],[-79.74330198370245,43.593127827715904]],[[-79.75891014169544,43.590994339704814],[-79.75812411941509,43.59178036115723],[-79.75879785228493,43.59133120609026],[-79.75891014169544,43.590994339704814]],[[-79.74687026089427,43.591555783717425],[-79.74613652774997,43.5911430583845],[-79.74644607282384,43.591555783717425],[-79.74687026089427,43.591555783717425]],[[-79.6730091352153,43.601212629066744],[-79.67233540144714,43.60098805104785],[-79.6717365278849,43.60143720689782],[-79.6714370897563,43.60188636199665],[-79.671661667679,43.60256009583839],[-79.67278455729257,43.603009251010576],[-79.67309079926115,43.60280509122625],[-79.67345829016242,43.60188636199665],[-79.6730091352153,43.601212629066744]],[[-79.75340798483474,43.60166178389059],[-79.75138678532694,43.60278467319313],[-79.75048847363607,43.60278467319313],[-79.75026389571335,43.60256009648885],[-79.74981473986793,43.603009251010576],[-79.74734438361638,43.603009251010576],[-79.74697008707851,43.6033835487625],[-79.74801811828284,43.6041321398819],[-79.74855711014825,43.60390756170279],[-79.7493655849208,43.60345840673243],[-79.74953402083322,43.603500516007124],[-79.75071305066047,43.603009251010576],[-79.75454920996157,43.60229885362338],[-79.75475545237101,43.60188636199665],[-79.75340798483474,43.60166178389059]],[[-79.7458846284662,43.60316966396748],[-79.74532318410859,43.603009251010576],[-79.7450589761088,43.60340556486554],[-79.7458846284662,43.60316966396748]],[[-79.6972635355971,43.60211093991486],[-79.69722269998093,43.602049687039504],[-79.69725455154595,43.6021558603418],[-79.6972635355971,43.60211093991486]],[[-79.69501775906491,43.60278467319313],[-79.69299655776047,43.6041321398819],[-79.6914245140981,43.603009251010576],[-79.69075078032998,43.60345840673243],[-79.69052620330557,43.60435671787311],[-79.68940331369198,43.60390756170279],[-79.68917873576927,43.60406797551684],[-79.68917873576927,43.6041321398819],[-79.69164909202082,43.605479606961964],[-79.6898524686391,43.607500806928854],[-79.69007704656183,43.6081745396857],[-79.69052620330557,43.608399118846506],[-79.69075078032998,43.60794996293858],[-79.69164909202082,43.60772538470248],[-79.69180762041397,43.6078839137407],[-79.69299655776047,43.606827073780714],[-79.6933173856743,43.606746867353586],[-79.69405034267419,43.606136076164766],[-79.69411944737406,43.60592876180233],[-79.69437612479682,43.605864592848846],[-79.69546691041877,43.604955600559926],[-79.69569149193474,43.60458129567643],[-79.69581354513409,43.60466673423375],[-79.69591606985745,43.60458129567643],[-79.69614064688186,43.60368298528731],[-79.69569149193474,43.603009251010576],[-79.69501775906491,43.60278467319313]],[[-79.69843133917827,43.60422197052851],[-79.6986110031334,43.60435671787311],[-79.6986733866383,43.60430265322713],[-79.69843133917827,43.60422197052851]],[[-79.61731384182312,43.61019574080907],[-79.61641553103057,43.6110940521536],[-79.61642874165513,43.61112047459407],[-79.61741592277873,43.61029782288114],[-79.61731384182312,43.61019574080907],[-79.61901065159698,43.60892313427806],[-79.61911046430652,43.60862369586795],[-79.61911046430652,43.60772538470248],[-79.61798757469295,43.607276228967194],[-79.61602529209138,43.60908758108216],[-79.61686468597769,43.60929742905604],[-79.61731384182312,43.61019574080907]],[[-79.60496206326032,43.607276228967194],[-79.60630952989831,43.60525502925985],[-79.60586037405288,43.60435671787311],[-79.60469257226836,43.60435671787311],[-79.60451290831323,43.60458129567643],[-79.60438457948331,43.60458129567643],[-79.60361459572404,43.60592876180233],[-79.60257808451493,43.60530685540817],[-79.60249170790712,43.605479606961964],[-79.60047050660268,43.6041321398819],[-79.59957219581011,43.60435671787311],[-79.599123040863,43.60525502925985],[-79.59957219581011,43.60570418512657],[-79.59957219581011,43.606377917842266],[-79.59957219581011,43.606827073780714],[-79.60047050750099,43.607276228967194],[-79.60027088298024,43.60757566693035],[-79.60030207428353,43.607669241638604],[-79.6006950854237,43.60884827400223],[-79.59957219581011,43.61042031827703],[-79.6006950854237,43.61131863016974],[-79.60159339621624,43.61086947394933],[-79.60159339621624,43.61042031827703],[-79.60249170790712,43.61086947394933],[-79.60316544077692,43.61042031827703],[-79.60339001869964,43.60862369586795],[-79.60563579702847,43.61019574080907],[-79.60675868574373,43.60997116315299],[-79.60720784069083,43.60929742905604],[-79.60675868574373,43.60839911819604],[-79.60604003351645,43.60794996293858],[-79.60563579702847,43.60794996293858],[-79.60496206326032,43.607276228967194]],[[-79.66829300063492,43.61962800797333],[-79.66717011191967,43.61828054113948],[-79.6660472232044,43.61917885203207],[-79.66537349033457,43.61895427475422],[-79.66290313408304,43.619852585986315],[-79.66200482329049,43.61872969728791],[-79.66245397823761,43.618055963107714],[-79.66323999872131,43.6178313861882],[-79.66110651159963,43.6178313861882],[-79.6610166800712,43.61787630202942],[-79.6608819336769,43.618055963107714],[-79.66072152241495,43.61802388120654],[-79.66002853864858,43.61837037276765],[-79.66110651159963,43.61872969728791],[-79.66110651159963,43.619852585986315],[-79.66059560017167,43.62008839349286],[-79.66155566744506,43.62030174079635],[-79.66267855616033,43.619852585986315],[-79.66357686695285,43.62007716316045],[-79.6640260227983,43.61962800797333],[-79.66492433359083,43.62007716316045],[-79.66582264528168,43.61962800797333],[-79.6660472232044,43.62007716316045],[-79.66469975566812,43.62030174079635],[-79.66429872436909,43.62130432193124],[-79.66627180112711,43.62097547517418],[-79.66829300063492,43.61962800797333],[-79.6694158902485,43.620526318894115],[-79.6691913123258,43.62142463004968],[-79.6696404681712,43.622098364200035],[-79.66874215737866,43.62299667527728],[-79.66582264528168,43.62299667527728],[-79.66267855616033,43.623894985937234],[-79.66272502062007,43.623987914891565],[-79.66312771200573,43.623894985937234],[-79.66321408681695,43.62424049101495],[-79.66492433359083,43.623670408067525],[-79.66582264528168,43.62456871906449],[-79.66537349033457,43.62546703094364],[-79.66417574321007,43.625766467421144],[-79.66533356740672,43.625911196023665],[-79.6660472232044,43.62569160795391],[-79.66694553399695,43.62479329682967],[-79.66784384478949,43.625017875056386],[-79.66829300063492,43.62569160795391],[-79.66717011191967,43.62726365279437],[-79.66559806825728,43.627712808157185],[-79.66784384478949,43.627937385880486],[-79.66829300063492,43.62861111986792],[-79.66806842271221,43.62928485280567],[-79.66550183084259,43.63031149263636],[-79.66761926776509,43.62995858599401],[-79.66986504609392,43.63130605312131],[-79.67278455729257,43.63018316377912],[-79.67413202393055,43.62883569683575],[-79.67449134914588,43.62937468619778],[-79.67480575680038,43.62906027491515],[-79.67458117887767,43.62816196406514],[-79.67345829016242,43.62883569683575],[-79.67255997936986,43.627937385880486],[-79.673233713138,43.62681449667626],[-79.67255997936986,43.6259161860759],[-79.67278455729257,43.625017875056386],[-79.67345829016242,43.62456871906449],[-79.67480575680038,43.62546703094364],[-79.67592864641395,43.625017875056386],[-79.67660237928379,43.6259161860759],[-79.67772526799905,43.62614076400917],[-79.67833532199332,43.62571842453845],[-79.68064478009602,43.624119564268554],[-79.68199224583569,43.62456871906449],[-79.68172275304707,43.62389498788806],[-79.68154309088857,43.623445830009146],[-79.68199224583569,43.62254751914047],[-79.68491175793264,43.62232294078915],[-79.68536091287976,43.62142463004968],[-79.68423802416451,43.62007716316045],[-79.68468718000993,43.619403429771786],[-79.68603464664791,43.619403429771786],[-79.68693295833876,43.61850511898274],[-79.68670838041606,43.61715765169768],[-79.6876066912086,43.61648391876319],[-79.6876066912086,43.61603476274836],[-79.68659896830938,43.61531496331783],[-79.68648380159502,43.61536103023998],[-79.68524861897768,43.61443464530886],[-79.68438093804137,43.61421772545729],[-79.68333971337195,43.614911874292716],[-79.68131851296585,43.61266609626576],[-79.6804202021733,43.61311525207658],[-79.67974646930347,43.612890674265316],[-79.6788481567143,43.61131863016974],[-79.67817442384447,43.61154320669692],[-79.67727611305193,43.61064489620724],[-79.67774075764949,43.6098317739199],[-79.6750303347231,43.61176778498707],[-79.67413202393055,43.61311525207658],[-79.67278455729257,43.6137889850312],[-79.67188624560171,43.61536103023998],[-79.67076335688647,43.61513645171012],[-79.6696404681712,43.61581018478357],[-79.66896673440306,43.61536103023998],[-79.66829300063492,43.61558560793112],[-79.66739468984237,43.61446271889283],[-79.6660472232044,43.61513645171012],[-79.6652487251214,43.6145375786843],[-79.66537349033457,43.614911874292716],[-79.67053877896375,43.61850511898274],[-79.67076335688647,43.619403429771786],[-79.67031420104104,43.62007716316045],[-79.6696404681712,43.62030174079635],[-79.66829300063492,43.61962800797333]],[[-79.6298901983086,43.6178313861882],[-79.62882121030704,43.61691511326334],[-79.62472490878112,43.62187378612175],[-79.62674610918722,43.623445830009146],[-79.6278689979025,43.623670408067525],[-79.62854273167065,43.625017875056386],[-79.62809357582522,43.62569160795391],[-79.62697068710995,43.6259161860759],[-79.62629695424012,43.62524245309439],[-79.62539864165095,43.62524245309439],[-79.62472490878112,43.624119564268554],[-79.62270370927331,43.623445830009146],[-79.62214710414013,43.62397315559278],[-79.62197915421629,43.62413226996709],[-79.62168978889696,43.62440641041524],[-79.62315286511874,43.62524245309439],[-79.62382659798858,43.62658991995957],[-79.62539864165095,43.62681449667626],[-79.62494948670384,43.627937385880486],[-79.62478104809648,43.62782509452279],[-79.62562321957367,43.62883569683575],[-79.62560717835763,43.62888382110565],[-79.62517406462653,43.63018316377912],[-79.6245003308584,43.63063232008284],[-79.62517406462653,43.63063232008284],[-79.62629695424012,43.629509431157544],[-79.62741984295538,43.62995858599401],[-79.62741984295538,43.63108147498059],[-79.62594988294357,43.63222478094243],[-79.62539864165095,43.63265351994715],[-79.62562321957367,43.63332725308387],[-79.62427575293567,43.63445014219819],[-79.62432066869988,43.634584889432446],[-79.6245003308584,43.63512387599818],[-79.62423083717148,43.63539337039393],[-79.62382659798858,43.63579760874611],[-79.62405117411465,43.63624676469936],[-79.6245003308584,43.63624676469936],[-79.62494948670384,43.63557303113591],[-79.62472490878112,43.63489929782054],[-79.62562321957367,43.63489929782054],[-79.62584779839469,43.63579760874611],[-79.62444850704966,43.63704142941021],[-79.6245003308584,43.637145076286004],[-79.62517406462653,43.636920497860494],[-79.62584779839469,43.637369653872156],[-79.62584779839469,43.638492542865265],[-79.62609601728073,43.63857528206586],[-79.62652153126452,43.63804338679558],[-79.62719526503265,43.63804338679558],[-79.6294410433615,43.63961543167744],[-79.63033935415405,43.63939085403352],[-79.63078850999948,43.638717119966046],[-79.63056393207675,43.63804338679558],[-79.62854273167065,43.63647134174207],[-79.62854273167065,43.636022186817314],[-79.62921646543877,43.636022186817314],[-79.63280971040558,43.638717119966046],[-79.63173174823432,43.63967531487672],[-79.63258513158456,43.63939085403352],[-79.63348344327541,43.640513742960096],[-79.63415717614524,43.640064587047355],[-79.63486460212643,43.64030039653056],[-79.63572922070593,43.63894169817788],[-79.63842415488018,43.63826796492505],[-79.6388733098273,43.637594231269134],[-79.6388733098273,43.636022186817314],[-79.63932246567272,43.63624676469936],[-79.63909788775003,43.637369653872156],[-79.63954704269713,43.63804338679558],[-79.64022077736358,43.63826796492505],[-79.64134366607885,43.637818809126955],[-79.64179282102594,43.63826796492505],[-79.64291570974122,43.63826796492505],[-79.64224197687139,43.63961543167744],[-79.64314028766394,43.640513742960096],[-79.64403859935479,43.639840009131994],[-79.64516148807006,43.640513742960096],[-79.64583522183818,43.64028916477335],[-79.6462843767853,43.639166276200385],[-79.64583522183818,43.638492542865265],[-79.6462843767853,43.63804338679558],[-79.64673354430883,43.63838027382873],[-79.64650895470803,43.63804338679558],[-79.64673353263072,43.637145076286004],[-79.6476318443216,43.63669591989587],[-79.64897931095956,43.637818809126955],[-79.6501021996748,43.637369653872156],[-79.65122508928839,43.637594231269134],[-79.65167424423551,43.63826796492505],[-79.65124550529985,43.63933981398612],[-79.65144966721111,43.63939085403352],[-79.65193754403855,43.63982452690957],[-79.65414459958875,43.63894169817788],[-79.65436917840977,43.63888885628296],[-79.65436917840977,43.637818809126955],[-79.65587313157023,43.63853498647452],[-79.65735960800684,43.63818522660149],[-79.6570641107874,43.637594231269134],[-79.65517742051865,43.6362466177671],[-79.65493056078364,43.63607830666106],[-79.65392002166602,43.63557303113591],[-79.65236510797781,43.63432913391547],[-79.65122508928839,43.63355183128489],[-79.65103265308655,43.633263177732225],[-79.64830557719141,43.63108147498059],[-79.64740726639887,43.63130605312131],[-79.64808100016701,43.6322043637942],[-79.64785642224432,43.63287809806516],[-79.64853015511413,43.63355183128489],[-79.64830557719141,43.63445014219819],[-79.6476318443216,43.63489929782054],[-79.64471233312292,43.63332725308387],[-79.64224197687139,43.63422556475348],[-79.64111908815613,43.633776409296836],[-79.64089451023342,43.63310267599414],[-79.64134366607885,43.6322043637942],[-79.64291570974122,43.63153063107301],[-79.6426911327168,43.63063232008284],[-79.64224197687139,43.63063232008284],[-79.64111908815613,43.62906027491515],[-79.64156824400155,43.62816196406514],[-79.64291570974122,43.62816196406514],[-79.64538606599277,43.630407742025454],[-79.6462843767853,43.62995858599401],[-79.6462843767853,43.629509431157544],[-79.64471233312292,43.62861111986792],[-79.64448775520022,43.627712808157185],[-79.64471902826675,43.627365899664234],[-79.64093383039172,43.62450142724523],[-79.64111908815613,43.62524245309439],[-79.6406699323107,43.6259161860759],[-79.63999619944087,43.62614076400917],[-79.63909788775003,43.62569160795391],[-79.63595379862865,43.62322125306266],[-79.63078850999948,43.627712808157185],[-79.6298901983086,43.62726365279437],[-79.6296656212842,43.6259161860759],[-79.63348344327541,43.62299667527728],[-79.63303428742998,43.62232294078915],[-79.63348344327541,43.620750896803294],[-79.631686820792,43.61850511898274],[-79.6298901983086,43.6178313861882]],[[-79.63954704269713,43.62007716316045],[-79.63954940706294,43.62009371504001],[-79.63955962180604,43.62008435177002],[-79.63954704269713,43.62007716316045]],[[-79.66043277783149,43.62120005205593],[-79.65953446703894,43.62164920785489],[-79.65947030127651,43.62184170560734],[-79.66043277783149,43.62120005205593],[-79.6622294012132,43.62164920785489],[-79.66415435342483,43.62132838383429],[-79.66335228992845,43.620526318894115],[-79.6622294012132,43.620526318894115],[-79.66155566744506,43.62142463004968],[-79.66043277783149,43.62120005205593]],[[-79.6388733098273,43.62299667527728],[-79.63947938248823,43.62340072779604],[-79.63889751223768,43.62296037240263],[-79.6388733098273,43.62299667527728]],[[-79.67113766420411,43.63662107274044],[-79.67121251183359,43.63669591989587],[-79.67233540144714,43.63647134174207],[-79.6730091352153,43.636920497860494],[-79.67345829016242,43.63894169817788],[-79.67255997936986,43.639840009131994],[-79.67188624560171,43.63939085403352],[-79.67008962311832,43.63939085403352],[-79.6696404681712,43.638717119966046],[-79.66986504609392,43.63804338679558],[-79.66898626467565,43.63731107188783],[-79.66582264528168,43.638717119966046],[-79.66582264528168,43.64118747573416],[-79.66874215737866,43.64410698704282],[-79.67750069097464,43.650619742714696],[-79.6801956242506,43.64972143174612],[-79.6822168237584,43.64814938804718],[-79.68086935801873,43.64612818807247],[-79.6788481567143,43.64478072112507],[-79.6786235796899,43.64410698704282],[-79.67952189138076,43.64320867618058],[-79.68064478009602,43.64343325385531],[-79.68199224583569,43.64478072112507],[-79.68423802416451,43.645679031881464],[-79.68536091287976,43.64500529877347],[-79.68536091287976,43.64410698704282],[-79.68693295833876,43.642310364887315],[-79.68805584705402,43.642310364887315],[-79.68850500289946,43.6429840983164],[-79.68805584705402,43.64433156525973],[-79.68872957992386,43.6452298762323],[-79.68828042497674,43.645903610071755],[-79.68693295833876,43.64635276523358],[-79.68625922457063,43.64770023201897],[-79.68715753626148,43.64814938804718],[-79.6878312691313,43.646801920937115],[-79.68917873576927,43.645903610071755],[-79.69007704656183,43.646801920937115],[-79.69007704656183,43.64814938804718],[-79.69052620330557,43.64814938804718],[-79.6911999361754,43.646801920937115],[-79.69344571360591,43.645454454151675],[-79.69411944737406,43.645903610071755],[-79.69434402529676,43.646801920937115],[-79.69299655776047,43.6479248098029],[-79.69232282489065,43.64994600977282],[-79.6927719807361,43.64927227707344],[-79.69389487034965,43.64904769912755],[-79.69434402529676,43.6479248098029],[-79.6952423360893,43.64770023201897],[-79.69614064688186,43.64635276523358],[-79.69748811441814,43.645454454151675],[-79.69838642521067,43.645679031881464],[-79.69883558105612,43.64635276523358],[-79.69748811441814,43.6479248098029],[-79.69816184818629,43.64994600977282],[-79.69906015897882,43.64927227707344],[-79.7004076256168,43.64972143174612],[-79.7004076256168,43.64927227707344],[-79.70130593730765,43.64882312099194],[-79.70108135938496,43.64814938804718],[-79.7006322026412,43.648373966101765],[-79.69973389184865,43.64747565404547],[-79.69995846977136,43.64657734285513],[-79.70108135938496,43.645454454151675],[-79.70197967017748,43.645679031881464],[-79.70287798097003,43.64725107718232],[-79.70310256697759,43.64720615988888],[-79.70400086968527,43.64657734285513],[-79.70400086968527,43.645454454151675],[-79.70175509225476,43.64410698704282],[-79.70153051523037,43.64343325385531],[-79.70242882602291,43.642310364887315],[-79.69995846977136,43.640513742960096],[-79.69973389184865,43.638717119966046],[-79.69816184818629,43.63961543167744],[-79.69703895857272,43.639166276200385],[-79.69636522480457,43.639840009131994],[-79.69456860321948,43.639166276200385],[-79.69434402529676,43.638492542865265],[-79.69254740281337,43.639840009131994],[-79.6914245140981,43.63894169817788],[-79.69229959176245,43.637191542566185],[-79.69187366904522,43.636920497860494],[-79.69097535825269,43.637818809126955],[-79.68895415784655,43.638492542865265],[-79.68738211418419,43.637818809126955],[-79.68693295833876,43.636920497860494],[-79.68581006872519,43.63669591989587],[-79.68513633585536,43.63579760874611],[-79.68468718000993,43.636022186817314],[-79.6840134471401,43.63534845268637],[-79.6822168237584,43.63557303113591],[-79.68154309088857,43.63512387599818],[-79.68131851296585,43.63445014219819],[-79.68244140168109,43.63332725308387],[-79.68356429129467,43.63310267599414],[-79.68513633585536,43.633776409296836],[-79.68625922457063,43.63287809806516],[-79.6856467406335,43.63206145136474],[-79.68581006872519,43.63197978705968],[-79.68451544458549,43.632349679616965],[-79.68423802416451,43.63242894229031],[-79.68406958825209,43.632260508009246],[-79.68318999475682,43.63138091404889],[-79.68316696105462,43.63142698101532],[-79.68289055842484,43.63197978705968],[-79.67772526799905,43.63467472010388],[-79.67113766420411,43.63662107274044]],[[-79.71028904882635,43.63534845268637],[-79.71058848336169,43.63542331182937],[-79.7096153150582,43.63445014219819],[-79.70908341988353,43.63434376323947],[-79.71028904882635,43.63534845268637]],[[-79.67839900176718,43.650395165907135],[-79.67763791671914,43.65085181755501],[-79.6801956242506,43.65300031353128],[-79.6801956242506,43.652865521151455],[-79.68086935801873,43.652640944291946],[-79.68109393504312,43.65151805519703],[-79.67997104632788,43.650395165907135],[-79.67839900176718,43.650395165907135]],[[-79.66672095697255,43.648373966101765],[-79.66503662300136,43.649426673720995],[-79.66514891241188,43.64949685417961],[-79.66672095697255,43.648373966101765],[-79.66717011191967,43.64747565404547],[-79.66806842271221,43.64725107718232],[-79.66874215737866,43.64770023201897],[-79.66896673440306,43.648373966101765],[-79.66806842271221,43.64972143174612],[-79.66832602719634,43.64989316845682],[-79.6694158902485,43.64814938804718],[-79.66806842271221,43.64702649882952],[-79.66694553399695,43.64725107718232],[-79.66649637904983,43.6479248098029],[-79.66672095697255,43.648373966101765]],[[-79.66447517864373,43.64859854331671],[-79.66349049214166,43.648270315196285],[-79.66335228992845,43.648373966101765],[-79.6648222526352,43.64929269362232],[-79.66447517864373,43.64859854331671]],[[-79.64785642224432,43.64478072112507],[-79.64883826378185,43.64396252132652],[-79.64826746257225,43.644237729727955],[-79.64709374538157,43.64493325782813],[-79.64785642224432,43.64478072112507]],[[-79.65055938017068,43.64313649201597],[-79.65055471611772,43.64313493705312],[-79.65052038250757,43.643151491034544],[-79.65055938017068,43.64313649201597]],[[-79.65212340008095,43.64253494331983],[-79.65209585414107,43.64250990179194],[-79.65184973102458,43.64264020135241],[-79.65212340008095,43.64253494331983]],[[-79.61686468597769,43.6322043637942],[-79.61659799952602,43.631670992760725],[-79.61551722023803,43.63197978705968],[-79.61529264231531,43.63265351994715],[-79.61570971483036,43.63327912977106],[-79.61641553103057,43.63310267599414],[-79.61686468597769,43.6322043637942]],[[-79.62000877509905,43.61828054113948],[-79.6195768920599,43.61793503887929],[-79.61933504222922,43.618055963107714],[-79.61888588368885,43.6173822317839],[-79.61776299677022,43.61715765169768],[-79.61686468597769,43.618055963107714],[-79.61727421533931,43.61887502162552],[-79.61745819390275,43.61900239197752],[-79.61798757469295,43.61917885203207],[-79.61794707594498,43.61934084898184],[-79.61933504222922,43.62030174079635],[-79.62023335302176,43.62007716316045],[-79.62068250886719,43.619403429771786],[-79.62000877509905,43.61828054113948]],[[-79.62697068710995,43.61603476274836],[-79.62569816781445,43.61753188222199],[-79.62719528030404,43.61603476274836],[-79.62697068710995,43.61603476274836]],[[-79.64134366607885,43.61603476274836],[-79.64179282102594,43.61693307402451],[-79.64246655479411,43.61715765169768],[-79.64471233312292,43.61536103023998],[-79.64474935718737,43.61538324487416],[-79.64673353263072,43.61356440713431],[-79.64650895470803,43.61266609626576],[-79.64583522183818,43.61221694100286],[-79.64246655479411,43.61513645171012],[-79.64231684875536,43.6150615991679],[-79.64134366607885,43.61603476274836]],[[-79.58609752943039,43.61311525207658],[-79.58699584022294,43.61266609626576],[-79.58598973698619,43.61309728692313],[-79.58609752943039,43.61311525207658]],[[-79.66065735575421,43.61356440713431],[-79.66097818097309,43.61372482056087],[-79.6622294012132,43.612890674265316],[-79.66257161442068,43.61237735737323],[-79.66155566744506,43.61176778498707],[-79.66065735575421,43.61221694100286],[-79.66065735575421,43.61356440713431]],[[-79.66497854063002,43.61192266695263],[-79.66537349033457,43.612142084176256],[-79.66537349033457,43.61182392942863],[-79.66497854063002,43.61192266695263]],[[-79.66584082628474,43.61365549129918],[-79.66514891241188,43.61423814091045],[-79.66520281132892,43.614399837688644],[-79.66584082628474,43.61365549129918]],[[-79.6640260227983,43.61715765169768],[-79.66362178361538,43.61729239867942],[-79.66337100542908,43.61779395575297],[-79.6640260227983,43.61760680777958],[-79.6640260227983,43.61715765169768]],[[-79.62809357582522,43.60997116315299],[-79.62882345519692,43.60924128485777],[-79.62570688686259,43.609077255403655],[-79.62566256129152,43.60910891604231],[-79.62683247321864,43.610181346915326],[-79.62809357582522,43.60997116315299]],[[-79.67781082175006,43.60879480399216],[-79.67805464967101,43.609282459963445],[-79.67817442384447,43.6090728519484],[-79.67781082175006,43.60879480399216]],[[-79.69187366904522,43.61154320669692],[-79.6914245140981,43.611992363089094],[-79.69052620330557,43.61176778498707],[-79.69015449032247,43.61263511911675],[-79.6911999361754,43.61221694100286],[-79.69209824696793,43.61244151872846],[-79.69230733613851,43.61181425072433],[-79.69187366904522,43.61154320669692]],[[-79.69694070623683,43.61185200228016],[-79.69603856592622,43.612625268187564],[-79.69591606985745,43.61311525207658],[-79.69681438065001,43.6137889850312],[-79.69681438065001,43.61513645171012],[-79.69748811441814,43.61558560793112],[-79.69815578545644,43.61545207396239],[-79.69883558105612,43.61468729603653],[-79.69838642521067,43.612890674265316],[-79.69782497007327,43.612441512874874],[-79.69694070623683,43.61185200228016]],[[-79.68806520390602,43.61283453277079],[-79.6876066912086,43.61244151872846],[-79.68697506776603,43.61328368862438],[-79.68704524595263,43.613339831000346],[-79.68805584705402,43.612890674265316],[-79.68806520390602,43.61283453277079]],[[-79.70085678056392,43.616708496813196],[-79.7006322026412,43.617382229832856],[-79.69950931392593,43.6178313861882],[-79.69748811441814,43.616708496813196],[-79.69636522480457,43.61715765169768],[-79.69614064688186,43.6178313861882],[-79.6972635355971,43.61917885203207],[-79.69569149193474,43.62007716316045],[-79.69546691401202,43.62164920785489],[-79.69658980003234,43.62277209860376],[-79.6971271902016,43.62330948671793],[-79.6972635355971,43.623445830009146],[-79.69771269234084,43.623445830009146],[-79.69937259393295,43.62481282823168],[-79.69950931392593,43.62479329682967],[-79.70002485976244,43.625244403229104],[-79.70130593730765,43.62636534175363],[-79.70127286583048,43.62637774331111],[-79.70153051523037,43.62658991995957],[-79.70265340394563,43.627039075154805],[-79.70332713681546,43.62658991995957],[-79.70355171473818,43.62569160795391],[-79.7023330458507,43.6242698300024],[-79.7022042481002,43.624119564268554],[-79.70108135938496,43.623894985937234],[-79.69926020480945,43.622529127612914],[-79.69838642431237,43.62187378677206],[-79.70010138454656,43.61973008899229],[-79.70018304769408,43.61962800797333],[-79.70175509225476,43.61917885203207],[-79.7023365906028,43.61836475971742],[-79.70287798097003,43.61760680777958],[-79.70197967017748,43.61648391876319],[-79.70085678056392,43.616708496813196]],[[-79.69636522480457,43.62546703094364],[-79.69748811441814,43.624344141760865],[-79.69707597724727,43.62351986836792],[-79.69540830522794,43.62417817406849],[-79.68872957992386,43.62681449667626],[-79.68491175793264,43.627039075154805],[-79.68461232249899,43.6273385116043],[-79.6840134471401,43.627937385880486],[-79.68423802416451,43.62973400932045],[-79.68558549080248,43.63018316377912],[-79.68593975041793,43.63003502535881],[-79.68491175793264,43.62883569683575],[-79.68648380159502,43.62883569683575],[-79.68693295833876,43.62838654206096],[-79.68805584705402,43.62861111986792],[-79.69636522480457,43.62546703094364]],[[-79.70534833722157,43.629509431157544],[-79.7075809031292,43.630883322111096],[-79.7075941146521,43.63085689795131],[-79.7044500246324,43.628611121168326],[-79.70534833722157,43.629509431157544]],[[-79.673233713138,43.63063232008284],[-79.67385129770932,43.630014740109594],[-79.67278083108079,43.63075583388558],[-79.673233713138,43.63063232008284]],[[-79.59148739598231,43.6097465853088],[-79.59081366221415,43.60862369586795],[-79.59216112885211,43.60794996293858],[-79.5899153514216,43.60884827400223],[-79.58946619467787,43.61019574080907],[-79.58834330686092,43.60884827400223],[-79.58699584022294,43.6090728519484],[-79.58699584022294,43.60839911819604],[-79.5881187289382,43.60794996293858],[-79.5881187289382,43.60660249590548],[-79.5885678838853,43.606153340241505],[-79.5881686339455,43.605654279518475],[-79.58774837330951,43.605128951563266],[-79.58766957309277,43.60503045071933],[-79.58564837268665,43.60570418512657],[-79.58519921684123,43.60660249590548],[-79.58407632812597,43.607276228967194],[-79.58317801733344,43.607276228967194],[-79.58317801733344,43.607500806928854],[-79.58299835247998,43.607545723331214],[-79.58227970564256,43.60772538470248],[-79.58183054979715,43.60839911819604],[-79.58242942246109,43.60929742905604],[-79.58272886238632,43.6097465853088],[-79.58519921684123,43.60997116315299],[-79.58677126230023,43.60929742905604],[-79.58722041814566,43.6097465853088],[-79.58834330596261,43.6095220072765],[-79.58946619467787,43.61042031827703],[-79.59058908429144,43.61064489620724],[-79.59148739598231,43.6097465853088]],[[-79.58247220203154,43.607083735320124],[-79.58183054979715,43.60660249590548],[-79.5811568169273,43.606827073780714],[-79.58081278463136,43.607687158979104],[-79.58247220203154,43.607083735320124]],[[-79.59575437381892,43.607500806928854],[-79.5955297958962,43.60862369586795],[-79.59665268461146,43.6097465853088],[-79.59755099630233,43.60929742905604],[-79.59867388501758,43.60929742905604],[-79.59957219581011,43.60929742905604],[-79.60002135165557,43.60839911819604],[-79.59934761609078,43.60772538470248],[-79.59884231823503,43.60755695145086],[-79.59867388501758,43.607500806928854],[-79.5988984629403,43.606827073780714],[-79.59844930709485,43.606153340241505],[-79.59642810668876,43.60592876180233],[-79.59530522965159,43.60738852097989],[-79.59575437381892,43.607500806928854]],[[-79.62443404776685,43.603848693412765],[-79.6240511759113,43.60480587394234],[-79.62539864165095,43.60525502925985],[-79.62607237631741,43.60435671787311],[-79.62674610918722,43.604244429307556],[-79.62674610918722,43.60345840673243],[-79.62614147652569,43.60309562852224],[-79.62607237631741,43.603233829290666],[-79.62467503521486,43.603633070196395],[-79.62443404776685,43.603848693412765]],[[-79.63033935505236,43.603682985937795],[-79.6294410433615,43.60458129567643],[-79.62854273167065,43.6041321398819],[-79.6277840226665,43.60458736665372],[-79.62831815374793,43.60525502925985],[-79.6278689979025,43.60592876180233],[-79.62697068710995,43.606153340241505],[-79.62652153126452,43.607051650817475],[-79.6298901983086,43.607051650817475],[-79.62992565930445,43.60708711184776],[-79.63210389600202,43.60650624808091],[-79.63258513158456,43.60592876180233],[-79.63123766494657,43.605479606961964],[-79.63121855239059,43.605431825621885],[-79.63011477623132,43.60503045071933],[-79.6298901983086,43.60435671787311],[-79.63033935505236,43.603682985937795],[-79.63078850999948,43.603009251010576],[-79.63146224286929,43.60278467319313],[-79.63200641082737,43.60351023247709],[-79.63227932170564,43.60365909455896],[-79.63348344327541,43.60345840673243],[-79.63460633199068,43.60458129567643],[-79.63662753239679,43.60188636199665],[-79.63775042111203,43.60278467319313],[-79.63728173858728,43.604503187324546],[-79.63730126616491,43.60458129567643],[-79.63724138177314,43.60465116164017],[-79.63707668824222,43.60525502925985],[-79.63635011916233,43.6056909707667],[-79.6360574507377,43.606032414194345],[-79.63640295267743,43.606377917842266],[-79.6368521103195,43.60660249590548],[-79.64201739894867,43.601212629066744],[-79.64156824400155,43.60098805104785],[-79.64089451023342,43.60188636199665],[-79.63909788775003,43.601212629066744],[-79.6386487319046,43.600538895097394],[-79.63867118978669,43.60044906480595],[-79.6368521103195,43.59964058419613],[-79.63483090991339,43.6003143178163],[-79.63393259912084,43.599865162040416],[-79.63325886535269,43.6003143178163],[-79.63236055366184,43.600089739696976],[-79.63236055366184,43.60143720689782],[-79.63056393207675,43.60188636199665],[-79.63011477623132,43.60256009583839],[-79.63033935505236,43.603682985937795]],[[-79.64224197687139,43.600538895097394],[-79.64323822558946,43.600738144590665],[-79.64471233312292,43.59933254885633],[-79.64471233312292,43.598517694761505],[-79.64403859935479,43.59806853988578],[-79.64224197687139,43.598517694761505],[-79.64179282102594,43.59919142924559],[-79.64224197687139,43.600538895097394]],[[-79.6403491061935,43.59900810063352],[-79.63909788775003,43.59829311774271],[-79.63961309492164,43.59932353494752],[-79.6403491061935,43.59900810063352]],[[-79.67345829016242,43.60592876180233],[-79.67255999823449,43.60712649901933],[-79.67380885141384,43.606016402236875],[-79.67390744600783,43.60592876180233],[-79.67345829016242,43.60592876180233]],[[-79.68783126374142,43.605030453321255],[-79.68738209621789,43.60420697870668],[-79.68715753626148,43.60390756170279],[-79.68720053502088,43.60387411857821],[-79.68691551305594,43.60335157677401],[-79.68670838041606,43.60368298528731],[-79.68783126374142,43.605030453321255],[-79.68844999995292,43.60577293943012],[-79.68850500289946,43.60570418512657],[-79.68794094354602,43.60495211202984],[-79.68783126374142,43.605030453321255]],[[-79.69389487034965,43.6003143178163],[-79.69434402529676,43.601212629066744],[-79.69463379934956,43.601176407365955],[-79.69389487034965,43.6003143178163]],[[-79.64631983688282,43.59688655149092],[-79.64695811055346,43.59582276205656],[-79.6467453625447,43.595893678467505],[-79.6462843767853,43.596047339837895],[-79.64561064391549,43.59559818408764],[-79.64538606599277,43.594699872939],[-79.64605979886258,43.593801562043126],[-79.64561064391549,43.593801562043126],[-79.64516148807006,43.59245409495462],[-79.64448775520022,43.59222951677583],[-79.64448775520022,43.590657472735174],[-79.64405812693244,43.590120439572196],[-79.64358944440768,43.590432895009144],[-79.6426911327168,43.59020831709585],[-79.64314028766394,43.59088205027379],[-79.6426911327168,43.59200493906022],[-79.64134366607885,43.59200493906022],[-79.64156824400155,43.593801562043126],[-79.64096360954338,43.594406196315134],[-79.64179282102594,43.59492445100745],[-79.64336486558665,43.59425071689013],[-79.64448775520022,43.59559818408764],[-79.64561064391549,43.596047339837895],[-79.6458297448099,43.59692374381936],[-79.64583522183818,43.596945651039206],[-79.6461720882731,43.596945651039206],[-79.6462843767853,43.596945651039206],[-79.64631983688282,43.59688655149092]],[[-79.6442631772775,43.58863627231348],[-79.64419901241338,43.5885079423461],[-79.64381402233039,43.58841169485368],[-79.64412281641268,43.5888234219423],[-79.6442631772775,43.58863627231348]],[[-79.67222311293494,43.59155578436806],[-79.67278455729257,43.59178036115723],[-79.67345829016242,43.59133120609026],[-79.67345829016242,43.589759160707146],[-79.67480575680038,43.58863627231348],[-79.67458117887767,43.5877379607001],[-79.67368286808514,43.58728880604731],[-79.67217602414608,43.58860729657578],[-79.67255997936986,43.589759160707146],[-79.671661667679,43.590432895009144],[-79.67233540144714,43.59133120609026],[-79.67222311293494,43.59155578436806]],[[-79.67974646930347,43.58841169485368],[-79.68049506058254,43.58916028941737],[-79.68064478009602,43.58886085023664],[-79.67952189138076,43.587962538721634],[-79.67974646930347,43.58728880604731],[-79.67970824688645,43.58723147270104],[-79.6788481567143,43.58818711720664],[-79.67974646930347,43.58841169485368]],[[-79.68070092300464,43.589366150753406],[-79.68086935801873,43.58953458418378],[-79.6811347688627,43.589452920022346],[-79.68070092300464,43.589366150753406]],[[-79.6714370897563,43.59290325009935],[-79.67053878076038,43.59402613956038],[-79.67076335688647,43.593801562043126],[-79.67188624560171,43.59425071689013],[-79.6731808688431,43.59369587886618],[-79.6714370897563,43.59290325009935]],[[-79.68895415784655,43.59672107270705],[-79.68938666880808,43.59682920061391],[-79.68907160987501,43.59658684433141],[-79.68895415784655,43.59672107270705]],[[-79.64942846590668,43.58504302805868],[-79.64987762175211,43.58392013887891],[-79.6488295914461,43.58317154812118],[-79.64808100016701,43.58392013887891],[-79.64850208186319,43.58476230658864],[-79.64875473303684,43.58459387216726],[-79.64942846590668,43.58504302805868]],[[-79.67065539376236,43.57771278417771],[-79.66335228992845,43.58481845020655],[-79.66761926776509,43.58167436080496],[-79.66874215737866,43.582348093848324],[-79.67025805453916,43.58201122859445],[-79.6714370897563,43.58122520515847],[-79.67258039538133,43.581715194271766],[-79.67233540144714,43.58122520515847],[-79.673233713138,43.58010231569865],[-79.67188624560171,43.57920400493087],[-79.671661667679,43.57785653772794],[-79.67065539376236,43.57771278417771]],[[-79.67615322433666,43.578081116170765],[-79.67654760450932,43.57860695749817],[-79.67660237928379,43.57853027184493],[-79.67709402364554,43.57885803417766],[-79.67929731255973,43.57785653772794],[-79.67952189138076,43.57718280518331],[-79.67907273463702,43.576509072258965],[-79.67952189138076,43.57605991582515],[-79.68095357328,43.576378068374005],[-79.68109393504312,43.57628449381005],[-79.68154309088857,43.576509072258965],[-79.68199224583569,43.57673364921947],[-79.68176766881128,43.57583533830434],[-79.68266597960381,43.57493702700422],[-79.68468718000993,43.575386182702374],[-79.68513633585536,43.57605991582515],[-79.68491175793264,43.576509072258965],[-79.68536091287976,43.57583533830434],[-79.68446260208722,43.57493702700422],[-79.68378886921738,43.57516160527204],[-79.68356429129467,43.57403871597062],[-79.68289055842484,43.5735895599845],[-79.68199224583569,43.57381413807089],[-79.68086935801873,43.57314040520418],[-79.6804202021733,43.57336498171144],[-79.68064478009602,43.572242092752965],[-79.67974646930347,43.571343781871775],[-79.67907273463702,43.571568359871925],[-79.67952189138076,43.57067004870431],[-79.67930800610488,43.57034922287607],[-79.6840134471401,43.57291582720862],[-79.68513633585536,43.57336498171144],[-79.68581006872519,43.57314040520418],[-79.6876066912086,43.57426329368369],[-79.68491175793264,43.572242092752965],[-79.68581006872519,43.57111920368502],[-79.6876066912086,43.57111920368502],[-79.6876066912086,43.56999631515961],[-79.68625922457063,43.56887342717809],[-79.68648380159502,43.56797511486809],[-79.68715753626148,43.56752595987252],[-79.68850500289946,43.56797511486809],[-79.68940331369198,43.56909800397583],[-79.6896278907164,43.570445471259596],[-79.69041391299675,43.57091708481379],[-79.6909062580444,43.57101555298312],[-79.6927719807361,43.56977173780617],[-79.6927719807361,43.5684242710706],[-79.69232282489065,43.56730138176964],[-79.6911999361754,43.56662764894611],[-79.69075078032998,43.565729336990145],[-79.68541483605134,43.56217204352253],[-79.6847918966226,43.56255537838211],[-79.68109393504312,43.5652801821722],[-79.67808459411269,43.568289526579264],[-79.67817442384447,43.5684242710706],[-79.67803622163127,43.56897707961388],[-79.67883633668178,43.56993721583454],[-79.67817442384447,43.56977173780617],[-79.67750069097464,43.570445471259596],[-79.67680968350189,43.570272719359934],[-79.67660237928379,43.570445471259596],[-79.67365170013802,43.574200960097585],[-79.67390744600783,43.57471244920046],[-79.6730091352153,43.575610759945945],[-79.673233713138,43.57673364921947],[-79.67615322433666,43.578081116170765]],[[-79.66789567039486,43.57659544811215],[-79.66694553399695,43.57583533830434],[-79.66717011191967,43.57516160527204],[-79.66784384478949,43.575610759945945],[-79.66954987037987,43.575421202279024],[-79.66982604483754,43.575390516384225],[-79.66994658437562,43.575285831099826],[-79.67008962311832,43.57516160527204],[-79.67278463364939,43.57179296827499],[-79.67448659795635,43.56966549500332],[-79.67458117887767,43.56909800397583],[-79.67458117887767,43.569547265706134],[-79.67637780225938,43.56730138176964],[-79.67997104632788,43.56370813671853],[-79.68311513455093,43.561546583152655],[-79.68311513455093,43.561462359241816],[-79.68350217099615,43.56121867647571],[-79.6836990394856,43.560923371855566],[-79.68423802416451,43.559665737134395],[-79.68563629232844,43.559665737134395],[-79.68685382574539,43.55892569164214],[-79.68912811660134,43.55754330126707],[-79.68912808336367,43.55754323421471],[-79.68910218762898,43.55749144310057],[-79.68910218044245,43.55749142877871],[-79.68814030396209,43.55805722330968],[-79.68625922457063,43.55786911483348],[-79.68468718000993,43.55831827022313],[-79.68378886921738,43.55741995869965],[-79.68423802416451,43.55629706999238],[-79.68805584705402,43.555174181192854],[-79.68828042497674,43.554725025803734],[-79.6878312691313,43.55405129230224],[-79.68670838041606,43.55450044815581],[-79.68581006872519,43.55405129230224],[-79.68491175793264,43.55450044815581],[-79.68378886921738,43.55405129230224],[-79.68311513455093,43.55450044815581],[-79.68244140168109,43.554275870972994],[-79.6822168237584,43.554725025803734],[-79.68266597960381,43.554725025803734],[-79.68333971337195,43.555847913858635],[-79.68289055842484,43.55652164810584],[-79.68199224583569,43.55674622603329],[-79.6801956242506,43.555174181192854],[-79.6801956242506,43.55405129230224],[-79.68098164563261,43.55326527110597],[-79.6809142728846,43.55279365802457],[-79.68078514096085,43.5525353931927],[-79.67952189138076,43.55337755908086],[-79.6786235796899,43.55292840332175],[-79.67952189138076,43.554275870321966],[-79.67907273463702,43.555847913858635],[-79.67839900176718,43.55629706999238],[-79.67794984592176,43.556072491692966],[-79.67794984592176,43.55741995869965],[-79.67907273463702,43.55831827022313],[-79.67907273463702,43.56011489280162],[-79.67817442384447,43.56101320385546],[-79.67705153512921,43.56056404772438],[-79.67615322433666,43.558542847964375],[-79.67570406759293,43.559665737134395],[-79.67463898636451,43.56058882263975],[-79.67345831801018,43.56161206936541],[-79.67233540144714,43.562585248029734],[-79.6723684351951,43.56262929315348],[-79.6730091352153,43.56348355870233],[-79.67255997936986,43.56415729284302],[-79.67278455729257,43.565055604158275],[-79.67368286808514,43.56460644822238],[-79.67458117887767,43.5655047599998],[-79.67435660185326,43.56640307074852],[-79.6730091352153,43.56707680413122],[-79.67310026750424,43.567193975375574],[-79.67121251183359,43.56662764894611],[-79.67098793480919,43.56662764894611],[-79.66806842271221,43.56662764894611],[-79.66877424340397,43.56592183600118],[-79.67008962311832,43.56460644822238],[-79.6691913123258,43.56348355870233],[-79.66829300063492,43.56370813671853],[-79.66492433359083,43.56662764894611],[-79.66490829417144,43.566616956036],[-79.66357686695285,43.565729336990145],[-79.66248136337904,43.56616753901455],[-79.66245397823761,43.566178493015435],[-79.6623791234216,43.566103638792214],[-79.66200482329049,43.565729336990145],[-79.66182202690996,43.565755450645305],[-79.66067463125542,43.56591936452246],[-79.66067777266397,43.565913082657],[-79.66110651159963,43.565055604158275],[-79.66245397823761,43.56460644822238],[-79.66178024536777,43.564381870951266],[-79.66178024446945,43.5632589824527],[-79.66110651159963,43.563034404063984],[-79.66100082660309,43.56287587859575],[-79.66020820080709,43.56168693698122],[-79.66065735575421,43.56033946970511],[-79.65841157832368,43.559665737134395],[-79.65818700040099,43.55899200419064],[-79.65832883989276,43.558779246018666],[-79.65683953376299,43.55899200419064],[-79.65549206712502,43.55831827022313],[-79.65414459958875,43.558542847964375],[-79.65347086671892,43.557644537185084],[-79.6501021996748,43.558542847964375],[-79.64942846590668,43.55809369229585],[-79.64920388888228,43.557195380679175],[-79.65032677759753,43.556072491692966],[-79.64830557719141,43.554725025803734],[-79.64695811055346,43.556072491692966],[-79.64808100016701,43.55697080312376],[-79.64830557719141,43.55786911483348],[-79.64701446995606,43.55905264209807],[-79.64897931095956,43.56056404772438],[-79.6501021996748,43.559665737134395],[-79.65144966721111,43.55989031506108],[-79.65212340008095,43.56056404772438],[-79.65392002166602,43.55989031506108],[-79.65459375633246,43.56033946970511],[-79.65481833335687,43.56123778196717],[-79.65436917840977,43.56191151518539],[-79.65279713295077,43.562585248029734],[-79.65459375633246,43.56348355870233],[-79.65459375633246,43.56460644822238],[-79.6550429112796,43.565055604158275],[-79.6552674892023,43.565055604158275],[-79.65728868871011,43.565055604158275],[-79.65762555604334,43.565392471841605],[-79.65773784455553,43.5655047599998],[-79.65812711421256,43.56556464671501],[-79.65728868871011,43.56640307074852],[-79.65773784455553,43.56730138176964],[-79.65930988911622,43.56752595987252],[-79.66057808751522,43.568230517353214],[-79.66133108862402,43.56864884889217],[-79.66119288730914,43.56906345650745],[-79.66110651159963,43.56932258188882],[-79.65998362288437,43.56864884889217],[-79.65908531209182,43.5695471602662],[-79.65975904496166,43.57111920368502],[-79.6586361562464,43.572017515963424],[-79.65908531209182,43.57314040520418],[-79.6586361562464,43.57381413807089],[-79.6592929370085,43.57460227901931],[-79.65948590680964,43.574833842342514],[-79.65975904496166,43.57516160527204],[-79.65908531209182,43.575386182702374],[-79.65886073416911,43.57605991582515],[-79.66043277783149,43.57785653772794],[-79.65773784455553,43.57965316068861],[-79.65773784455553,43.58077605006554],[-79.6586361562464,43.58122520515847],[-79.66020819990878,43.58032689422483],[-79.66178024536777,43.58032689422483],[-79.66245397823761,43.57897942677168],[-79.66447517864373,43.579877738287074],[-79.66471406313565,43.579829961344736],[-79.66596781033667,43.578741188881104],[-79.66582264528168,43.57830569377587],[-79.6640260227983,43.57718280518331],[-79.66469975566812,43.57673364921947],[-79.66681681709484,43.57800388710358],[-79.66795608209772,43.57701450314099],[-79.66796273861398,43.576997860661855],[-79.66806842271221,43.57673364921947],[-79.66789567039486,43.57659544811215]],[[-79.65354304994526,43.58205133887325],[-79.65092676686737,43.579783885433365],[-79.65055135462194,43.579877738287074],[-79.64875473303684,43.578754849076375],[-79.64942846590668,43.58010231569865],[-79.65032677759753,43.579877738287074],[-79.65122508928839,43.58077605006554],[-79.65095559919473,43.581449782749814],[-79.65122508928839,43.581449782749814],[-79.65302171087347,43.58257267180618],[-79.65354304994526,43.58205133887325]],[[-79.66245397823761,43.581449782749814],[-79.66245397823761,43.581792602735646],[-79.66284875905887,43.581449782749814],[-79.66245397823761,43.581449782749814]],[[-79.65144966721111,43.576509072258965],[-79.65167424423551,43.57493702700422],[-79.65100051136568,43.575386182702374],[-79.65032677759753,43.57516160527204],[-79.64909159767515,43.57330883782585],[-79.64875473303684,43.57336498171144],[-79.64875473303684,43.57471244920046],[-79.64920388888228,43.57516160527204],[-79.64875473303684,43.57605991582515],[-79.65100051136568,43.577407382885035],[-79.65135983298775,43.578036201199936],[-79.65189882215823,43.57785653772794],[-79.65144966721111,43.576509072258965]],[[-79.67660237928379,43.556072491692966],[-79.67727611305193,43.55562333714033],[-79.67748665479833,43.555763698256996],[-79.67727611305193,43.55450044815581],[-79.67638413268719,43.55435178479232],[-79.67570406759293,43.555847913858635],[-79.67660237928379,43.556072491692966]],[[-79.68734553837908,43.56098394337454],[-79.68738211418419,43.56101320385546],[-79.6885825239152,43.56022272452921],[-79.68734553837908,43.56098394337454]],[[-79.66851757855764,43.575610759945945],[-79.66878954620485,43.576290678927535],[-79.66982295732791,43.575393197682935],[-79.66953274579559,43.57544156581834],[-79.66851757855764,43.575610759945945]],[[-79.75408171770455,43.56999631515961],[-79.75468059126682,43.570295753799584],[-79.75408171770455,43.5695471602662],[-79.75408171770455,43.56999631515961]],[[-79.76912843044158,43.57336498171144],[-79.76884770961024,43.57378606699484],[-79.7693530083643,43.57336498171144],[-79.77137420787211,43.57516160527204],[-79.77227251956297,43.574487871210025],[-79.7709503315171,43.572410154959776],[-79.76800554082803,43.572017515963424],[-79.76912843044158,43.57336498171144]],[[-79.72847984978644,43.566178493015435],[-79.72758153899392,43.5652801821722],[-79.72645865027864,43.565729336990145],[-79.72630893346013,43.56591648427649],[-79.72668322730306,43.565729336990145],[-79.72645865027864,43.56640307074852],[-79.72690780522578,43.56707680413122],[-79.72825527186373,43.56707680413122],[-79.72847984978644,43.566178493015435]],[[-79.69240093879449,43.548827417711664],[-79.69174533482541,43.54856517725324],[-79.69232282489065,43.548886003203926],[-79.69240093879449,43.548827417711664]],[[-79.6386487319046,43.57111920368502],[-79.63676986955524,43.569657868846406],[-79.63662753239679,43.56977173780617],[-79.63498064379989,43.568574006200144],[-79.63550464278322,43.56909800397583],[-79.6352800648605,43.57067004870431],[-79.63348344327541,43.57111920368502],[-79.63505548783608,43.5735895599845],[-79.63617837655134,43.57336498171144],[-79.63662753239679,43.57246667130842],[-79.6386487319046,43.571568359871925],[-79.6386487319046,43.57111920368502]],[[-79.63328381695801,43.56882352356817],[-79.63348344327541,43.5684242710706],[-79.63449624165597,43.568221710972544],[-79.63415717614524,43.56797511486809],[-79.63303428742998,43.5684242710706],[-79.63328381695801,43.56882352356817]],[[-79.60805673875286,43.55809684567958],[-79.60805862431666,43.55809409004925],[-79.6067710196126,43.55990628591197],[-79.60677122802173,43.559906049610625],[-79.60694009782041,43.559714659507584],[-79.60694040594255,43.55971430993664],[-79.60711497645003,43.55947323896351],[-79.60711602388565,43.55947170852673],[-79.60716201223832,43.55940449620991],[-79.60805673875286,43.55809684567958]],[[-79.60518664118304,43.558542847964375],[-79.60497388329283,43.55769181679381],[-79.60345418715703,43.558029526369005],[-79.60316544077692,43.55831827022313],[-79.60316544077692,43.558767426170554],[-79.6042883303905,43.559441159021624],[-79.60451290831323,43.558767426170554],[-79.60518664118304,43.558542847964375]],[[-79.61641553103057,43.54955973585303],[-79.61551721933972,43.54950359126492],[-79.61566868158481,43.54961718840683],[-79.61619095310785,43.55000889197712],[-79.61655027832319,43.549829232142784],[-79.61641553103057,43.54955973585303]],[[-79.62921646543877,43.54506817999627],[-79.63236055366184,43.54327155809732],[-79.63280970950726,43.5437207148477],[-79.63303428742998,43.54282240190736],[-79.63617837655134,43.541025780149376],[-79.63572922070593,43.540352047187305],[-79.63595379862865,43.53967831320834],[-79.63797499903475,43.538780001898076],[-79.63707668824222,43.53833084675928],[-79.63595379862865,43.53900458016638],[-79.63505548783608,43.538780001898076],[-79.63438175406796,43.53945373614711],[-79.63325886535269,43.539229158249384],[-79.63127220696589,43.541083391908984],[-79.63078850999948,43.54237324692909],[-79.6296656212842,43.542597824836534],[-79.62809357582522,43.5439452909913],[-79.62809357582522,43.54439444728002],[-79.62921646543877,43.54506817999627]],[[-79.6220299764035,43.54237324692909],[-79.62225455342788,43.541474936050086],[-79.62292828719603,43.541025780149376],[-79.62539864165095,43.54192409120923],[-79.62629695424012,43.54125035786685],[-79.62719526503265,43.541474936050086],[-79.63056393207675,43.53788169087941],[-79.63156207534176,43.537739098758166],[-79.63232654344519,43.5371384395998],[-79.63306366054313,43.53646578981216],[-79.63572922070593,43.5333901349726],[-79.63612981722035,43.533062378575764],[-79.63617837655134,43.532940980063536],[-79.63370802119812,43.53159351284958],[-79.631686820792,43.5333901349726],[-79.63033935415405,43.532940980063536],[-79.62921646543877,43.53181809118106],[-79.62876730869503,43.532940980063536],[-79.62741984295538,43.53361471312639],[-79.62629695424012,43.5333901349726],[-79.62607237631741,43.532940980063536],[-79.62517406462653,43.5333901349726],[-79.6240511759113,43.533165557284946],[-79.62384701400003,43.532859316004085],[-79.62382659798858,43.532940980063536],[-79.62180539758246,43.53361471312639],[-79.62023335302176,43.532940980063536],[-79.62023335302176,43.53406386822761],[-79.6186613093594,43.53451302389101],[-79.6188858863838,43.535411334950126],[-79.62135624173703,43.537207957949626],[-79.62225455342788,43.53630964630319],[-79.6240511759113,43.536983380152996],[-79.62697068710995,43.53563591274053],[-79.62809357582522,43.53586049099697],[-79.62854273167065,43.53675880217118],[-79.62607237631741,43.538780001898076],[-79.62652153126452,43.53945373614711],[-79.62629695424012,43.53990289268904],[-79.62607237631741,43.540352047187305],[-79.6240511759113,43.54057662480961],[-79.62315286511874,43.53967831320834],[-79.62337744214315,43.539229158249384],[-79.62304059636948,43.539229158249384],[-79.62292828719603,43.539229158249384],[-79.62068250886719,43.54012746872845],[-79.62067155211568,43.54017677553185],[-79.62023335302176,43.54214866883628],[-79.6220299764035,43.54237324692909]],[[-79.60630952989831,43.53586049099697],[-79.60595662045073,43.53515467582689],[-79.60606733870783,43.53615112672268],[-79.60630952989831,43.53586049099697]],[[-79.6022671299844,43.535186756974596],[-79.60209869497031,43.535039378403994],[-79.6009196633464,43.535186756974596],[-79.60072716965239,43.53557174699862],[-79.6022671299844,43.535186756974596]],[[-79.60586289742051,43.534311159283774],[-79.60697056238665,43.53332657250832],[-79.60675868574373,43.5333901349726],[-79.60586037405288,43.534288445826185],[-79.60586289742051,43.534311159283774]],[[-79.62387071155723,43.531802050364604],[-79.62629695424012,43.53091977869897],[-79.62629695424012,43.53047062427888],[-79.62697068710995,43.53024604614018],[-79.62674610918722,43.52979688995917],[-79.62363657106832,43.53062610166337],[-79.62337744214315,43.53114435693412],[-79.62387071155723,43.531802050364604]],[[-79.61708926390041,43.53002146781649],[-79.61798757469295,43.52957231321955],[-79.61978419807467,43.53002146781649],[-79.62045793094448,43.5293477349924],[-79.62113166650926,43.52957231256823],[-79.62158081965975,43.5293477349924],[-79.62090708678991,43.52844942414286],[-79.62158081965975,43.52755111228949],[-79.62113166381431,43.52687737922688],[-79.62158081965975,43.52597906806076],[-79.62068250886719,43.52530533502576],[-79.62068250886719,43.52575449013293],[-79.61798757469295,43.52822484629396],[-79.61686468597769,43.528000268260215],[-79.61624277511996,43.52722288191342],[-79.61566693795484,43.52687737922688],[-79.61506806439259,43.52687737922688],[-79.61461890764885,43.52755111228949],[-79.61396881664066,43.527787510105824],[-79.61372059685631,43.528000268260215],[-79.61664010895328,43.528000268260215],[-79.61708926390041,43.52867400115563],[-79.61664010895328,43.52979688995917],[-79.61708926390041,43.53002146781649]],[[-79.61539472596588,43.52671405151109],[-79.61529264231531,43.52665280073553],[-79.61526456906437,43.52667686401287],[-79.61539472596588,43.52671405151109]],[[-79.61978419807467,43.52552991202042],[-79.62023335302176,43.52485617917971],[-79.62000877509905,43.5244070232461],[-79.62090708678991,43.52373329024019],[-79.62000877509905,43.52261040124347],[-79.62015849371419,43.52201152794583],[-79.61978419807467,43.522385823150735],[-79.62023335302176,43.52350871176795],[-79.61955962015195,43.52485617917971],[-79.61807740622135,43.52535025088241],[-79.6188858863838,43.52575449013293],[-79.61978419807467,43.52552991202042]],[[-79.61749258680172,43.52569032950959],[-79.61781914506875,43.525436337288674],[-79.61753841974584,43.52552991202042],[-79.61749258680172,43.52569032950959]],[[-79.64913478058915,43.52646277703826],[-79.64917180285694,43.52649239427318],[-79.64920388888228,43.52642822271072],[-79.64913478058915,43.52646277703826]],[[-79.63775042111203,43.52508075719509],[-79.63858803723241,43.52438274541992],[-79.63752584318932,43.52395786787637],[-79.63730126706325,43.52328413441383],[-79.6368521103195,43.52373329024019],[-79.63707668824222,43.52463160097958],[-79.63775042111203,43.52508075719509]],[[-79.64605979886258,43.52305955687502],[-79.64615604615877,43.523540794551124],[-79.6462843767853,43.52350871176795],[-79.64718268757785,43.52216124487339],[-79.64650895470803,43.522385823150735],[-79.64605979886258,43.52305955687502]],[[-79.66492433359083,43.52216124487339],[-79.66582264528168,43.52328413376245],[-79.6660472232044,43.52171208971904],[-79.6691913123258,43.5190171563178],[-79.67008962311832,43.51924173392184],[-79.67098793480919,43.518792579180634],[-79.671661667679,43.51924173392184],[-79.671661667679,43.52014004509874],[-79.67278455729257,43.52014004509874],[-79.67255997936986,43.51969088987929],[-79.67278455729257,43.51946631264421],[-79.67345829106073,43.51879257983206],[-79.67345829016242,43.518006558806576],[-79.67246016576203,43.5172579645035],[-79.67076335688647,43.51789426683323],[-79.66649637904983,43.5149747559182],[-79.66582264528168,43.51407644471325],[-79.66646995690238,43.513267307978005],[-79.66559806825728,43.51250439985032],[-79.66447517864373,43.51250439985032],[-79.66559806825728,43.513851866777],[-79.66447517864373,43.51475017806773],[-79.66469975566812,43.516995956094746],[-79.66380144487557,43.51766969007669],[-79.66380144487557,43.52014004509874],[-79.66312771200573,43.52081377914954],[-79.66312771200573,43.52171208971904],[-79.66492433359083,43.52216124487339]],[[-79.64583522183818,43.52036462308306],[-79.6455357837096,43.52006518580202],[-79.64561064391549,43.52081377914954],[-79.64583522183818,43.52036462308306]],[[-79.64493691104565,43.51811884470818],[-79.6447123313263,43.518062699503524],[-79.6450866296608,43.51834342435297],[-79.64493691104565,43.51811884470818]],[[-79.64381402233039,43.516322223058964],[-79.64493691104565,43.51542391171773],[-79.64491963644272,43.51535481450078],[-79.64381402233039,43.516322223058964],[-79.64336486558665,43.51789426683323],[-79.6434646800928,43.51789426683323],[-79.64381402233039,43.516322223058964]],[[-79.65818700040099,43.51317813381704],[-79.65818700040099,43.51227982192728],[-79.65886073416911,43.511830666831536],[-79.65953446703894,43.51205524512301],[-79.66065735575421,43.5104831997299],[-79.66155566744506,43.51025862210377],[-79.66176741832385,43.5104703742654],[-79.6622294012132,43.510034044945],[-79.66155566744506,43.508911155737955],[-79.6617802471644,43.50834971079318],[-79.66110651159963,43.50846199967871],[-79.65975904496166,43.50936031106097],[-79.65886073416911,43.50913573316577],[-79.65841157832368,43.50846199967871],[-79.65908531209182,43.50733911119609],[-79.65773784455553,43.50666537785283],[-79.65728868871011,43.50711453294743],[-79.65773784455553,43.50778826714125],[-79.65728868871011,43.50868657812615],[-79.65639037791757,43.508911155737955],[-79.65549206712502,43.50846199967871],[-79.65212340008095,43.50958488877212],[-79.65279713295077,43.51025862210377],[-79.65279713295077,43.511606089007344],[-79.65347086671892,43.51227982192728],[-79.65302171087347,43.51317813381704],[-79.65392002166602,43.51362728930794],[-79.65414459958875,43.51452560003288],[-79.65481833335687,43.51430102311665],[-79.65549206712502,43.51475017806773],[-79.65632621305345,43.514611154009714],[-79.65639037791757,43.51452560003288],[-79.65710903014487,43.51425610685137],[-79.65818700040099,43.51317813381704]],[[-79.65287878981009,43.52373329024019],[-79.65388458402639,43.52458435275669],[-79.65425200935063,43.52489524953938],[-79.65392002166602,43.52373329024019],[-79.65287878981009,43.52373329024019]],[[-79.63969676131227,43.52425730472684],[-79.63954704269713,43.52395786787637],[-79.63932246567272,43.524070157032334],[-79.63969676131227,43.52425730472684]],[[-79.67273643723776,43.52549783224915],[-79.67238826191173,43.525807321996965],[-79.67278455729257,43.52552991202042],[-79.67273643723776,43.52549783224915]],[[-79.68199224583569,43.5293477349924],[-79.68199224583569,43.52968460495037],[-79.68244140168109,43.5293477349924],[-79.68249130848503,43.52914811050227],[-79.68199224583569,43.5293477349924]],[[-79.70814895549407,43.53247861612542],[-79.70781869257482,43.532940980063536],[-79.70849242634294,43.53361471312639],[-79.70870296808936,43.53358664090293],[-79.70814895549407,43.53247861612542]],[[-79.72308998323457,43.532940980063536],[-79.72143156206604,43.534392098496845],[-79.72308998323457,43.53563591274053],[-79.72398829492542,43.53518675827703],[-79.72533576066509,43.53451302389101],[-79.72623407235594,43.535411334950126],[-79.72623407235594,43.53653422400417],[-79.72713238314849,43.53630964630319],[-79.72735696107121,43.53563591274053],[-79.72847984978644,43.535411334950126],[-79.72915358265628,43.53586049099697],[-79.729378160579,43.53675880217118],[-79.72955783172065,43.53675880217118],[-79.73027647226985,43.53586049099697],[-79.73038876257868,43.53582306102005],[-79.73050105019256,43.53563591274053],[-79.73074059943781,43.53548619539191],[-79.729378160579,43.53451302389101],[-79.73005189434713,43.533165557284946],[-79.72928628538331,43.531787469043834],[-79.72803069394101,43.53136893498436],[-79.72421287194982,43.53181809118106],[-79.72314475531405,43.532721893444155],[-79.72308998323457,43.532940980063536]],[[-79.72106878282845,43.531425112092826],[-79.7233145611573,43.528898579286086],[-79.72286540531186,43.52710195688212],[-79.72106878282845,43.52597906806076],[-79.72089257199725,43.5259272420084],[-79.72129335985285,43.526428224013344],[-79.72106878282845,43.52710195688212],[-79.72196709362099,43.5273265350039],[-79.72241624856811,43.528000268260215],[-79.72196709362099,43.53002146781649],[-79.72106878282845,43.53047062427888],[-79.72106878282845,43.531425112092826]],[[-79.7320730920583,43.53271640200584],[-79.73229767177764,43.532940980063536],[-79.73242746575978,43.53289771559258],[-79.7320730920583,43.53271640200584]],[[-79.73476802802921,43.535186756974596],[-79.73656464961428,43.53653422400417],[-79.73723838428074,43.53653422400417],[-79.73787529071551,43.53568501547465],[-79.73537532150061,43.534405958912615],[-79.73476802802921,43.535186756974596]],[[-79.69846636179624,43.53657990254358],[-79.69838642521067,43.53653422400417],[-79.69771269234084,43.537207958600845],[-79.69846636179624,43.53657990254358]],[[-79.69906015897882,43.53967831320834],[-79.69771269234084,43.54080120224662],[-79.69748811441814,43.54192409120923],[-79.69764749261753,43.542163159745236],[-79.6986110031334,43.541474936050086],[-79.69906015897882,43.53967831320834],[-79.70242882602291,43.53990289073547],[-79.70265340394563,43.541474936050086],[-79.70377629176257,43.54282240190736],[-79.70467460435175,43.54237324692909],[-79.70512375929887,43.54125035786685],[-79.70729467832012,43.543421278905285],[-79.7075941146521,43.54282240190736],[-79.70736953672939,43.54214866883628],[-79.70804327139584,43.54125035786685],[-79.70647122593682,43.53990289073547],[-79.70657019243338,43.539754442723215],[-79.70647122593682,43.53967831320834],[-79.70663670549362,43.539654673180095],[-79.70736953672939,43.5385554240957],[-79.70647122593682,43.53765711298723],[-79.70534833722157,43.53833084675928],[-79.70400086968527,43.53788169087941],[-79.70265340394563,43.538106269237595],[-79.70175509225476,43.53788169087941],[-79.70108135938496,43.536983380152996],[-79.70008323588286,43.53738262870156],[-79.69995846977136,43.53788169087941],[-79.69906015897882,43.53833084675928],[-79.69906015897882,43.53967831320834]],[[-79.68998721233847,43.539229158249384],[-79.68990861154774,43.53911687321959],[-79.6898524686391,43.539229158249384],[-79.68998721233847,43.539229158249384]],[[-79.69350185831117,43.538499279677225],[-79.69299655776047,43.53833084675928],[-79.69294041395355,43.53838699133461],[-79.69344571360591,43.5385554240957],[-79.69350185831117,43.538499279677225]],[[-79.69544368178215,43.537912667434085],[-79.69569149193474,43.53788169087941],[-79.69546691401202,43.53788169087941],[-79.69544368178215,43.537912667434085]],[[-79.70945653423848,43.542121483558766],[-79.70782505354533,43.543439196489224],[-79.7091661601111,43.54327155809732],[-79.7096153150582,43.542597824836534],[-79.70945653423848,43.542121483558766]],[[-79.72353913818168,43.54327155809732],[-79.7233145611573,43.5439452909913],[-79.72368885679681,43.54469388490003],[-79.72376371610439,43.54461902482055],[-79.72488660481966,43.54506817999627],[-79.72556033768947,43.54461902482055],[-79.72543200706293,43.543335724110385],[-79.72466202689694,43.54282240190736],[-79.72353913818168,43.54327155809732]],[[-79.73139936098512,43.54461902482055],[-79.73005190602525,43.54529275828251],[-79.73050105019256,43.54529275828251],[-79.73150463724821,43.54465411697981],[-79.73139936098512,43.54461902482055]],[[-79.71300323120221,43.54452277945203],[-79.71310042981425,43.544036787219866],[-79.71298398210229,43.54416986890284],[-79.71298398210229,43.54450673875939],[-79.71300323120221,43.54452277945203]],[[-79.71365771497213,43.54416986890284],[-79.71504112230629,43.544367498726324],[-79.71517794470722,43.54416986890284],[-79.71365771497213,43.54416986890284]],[[-79.71511746922398,43.54383299781494],[-79.71504261081472,43.54345870677014],[-79.7150051816101,43.543496135914125],[-79.71511746922398,43.54383299781494]],[[-79.68446884088686,43.534722005876354],[-79.68446654209805,43.534721841763904],[-79.68446260208722,43.53473760177059],[-79.68446884088686,43.534722005876354]],[[-79.71178623407947,43.5330906991724],[-79.7117113747719,43.533015840315706],[-79.71124861214486,43.53324722158095],[-79.71174078471599,43.533181598390016],[-79.71186109338703,43.533165557284946],[-79.71178623407947,43.5330906991724]],[[-79.6804202021733,43.532940980063536],[-79.68076570950292,43.532509097889985],[-79.6804202021733,43.53271640200584],[-79.6804202021733,43.532940980063536]],[[-79.5988984629403,43.59829311774271],[-79.59979677373283,43.59761938425949],[-79.60136881919185,43.59784396184119],[-79.60181797413897,43.5973948058396],[-79.60294086285421,43.59806853988578],[-79.60301572216179,43.5976942435465],[-79.60271628493149,43.59761938425949],[-79.6022671299844,43.596945651039206],[-79.60221098438082,43.59627191678109],[-79.60159339621624,43.59627191678109],[-79.60114424126913,43.59514902823784],[-79.6006950854237,43.59514902823784],[-79.60024592957828,43.596047339837895],[-79.59844930709485,43.59719064912227],[-79.59844930709485,43.59784396184119],[-79.5988984629403,43.59829311774271]],[[-79.60114424126913,43.59245409495462],[-79.60100872052706,43.59191201403135],[-79.60060831984536,43.592096814495406],[-79.60114424126913,43.59245409495462]],[[-79.57194912838422,43.59919142924559],[-79.57262286125405,43.59829311774271],[-79.5737457499693,43.59874227289367],[-79.5737457499693,43.59829311774271],[-79.57441948283915,43.59806853988578],[-79.57419490491642,43.59761938425949],[-79.57329659412387,43.59806853988578],[-79.57239828333135,43.59784396184119],[-79.57194912838422,43.59717022918379],[-79.57239828333135,43.59627191678109],[-79.57164181292889,43.59589368237102],[-79.57105081579503,43.59672107270705],[-79.57172454956319,43.5973948058396],[-79.57130994382192,43.598431319784865],[-79.57149997164048,43.59919142924559],[-79.57194912838422,43.59919142924559]],[[-79.65886073416911,43.65623418830513],[-79.65841157832368,43.65690792219673],[-79.65886073686407,43.657581663477025],[-79.66019499108083,43.65624740065582],[-79.65975904496166,43.65600960974465],[-79.65886073416911,43.65623418830513]],[[-79.6608819336769,43.66005201100631],[-79.66020819990878,43.66050116629416],[-79.66011364503859,43.66047752754946],[-79.65980895086727,43.66040135437057],[-79.65975904496166,43.66050116629416],[-79.65930988911622,43.66027658874531],[-79.6586361562464,43.66072574430277],[-79.65841157832368,43.66297152172669],[-79.65908531209182,43.663420677918104],[-79.66052261025821,43.663420677918104],[-79.66127040203669,43.662886542287566],[-79.66174777666015,43.662230155947604],[-79.66169041294104,43.661713888218756],[-79.66155566744506,43.66050116629416],[-79.6608819336769,43.66005201100631]],[[-79.74532318410859,43.6095220072765],[-79.74644607282384,43.61131863016974],[-79.74779354036012,43.61131863016974],[-79.74781600003885,43.61133788171912],[-79.74824269620555,43.6110940521536],[-79.7491410069981,43.61131863016974],[-79.7495901619452,43.611992363089094],[-79.7493655849208,43.61266609626576],[-79.75096971640512,43.61170362096188],[-79.75048847363607,43.61154320669692],[-79.75026389571335,43.61086947394933],[-79.7489164290754,43.6110940521536],[-79.74711980659197,43.61042031827703],[-79.74689522866927,43.60929742905604],[-79.7475689624374,43.60772538470248],[-79.74716472235617,43.60799487770459],[-79.74711980659197,43.6081745396857],[-79.74532318410859,43.6095220072765]],[[-79.73881042794312,43.61603476274836],[-79.73970873873566,43.61715765169768],[-79.73948416171126,43.61828054113948],[-79.74074741488461,43.61933325252924],[-79.74105620627195,43.616708496813196],[-79.73970873873566,43.61536103023998],[-79.74015789458109,43.61446271889283],[-79.73903500586582,43.614013562739785],[-79.73701380635802,43.61446271889283],[-79.73701380635802,43.61492915601217],[-79.73881042794312,43.61603476274836]],[[-79.74554776203128,43.61828054113948],[-79.74509860708417,43.61895427475422],[-79.74375114134452,43.61881952824501],[-79.74352656162517,43.61895427475422],[-79.74285282875533,43.61872969728791],[-79.74285282875533,43.62030174079635],[-79.74420029539333,43.62030174079635],[-79.74439278998565,43.62039798865524],[-79.74644607282384,43.620526318894115],[-79.74734438361638,43.61917885203207],[-79.74750479667499,43.61914676942938],[-79.74711980659197,43.61895427475422],[-79.74711980659197,43.6178313861882],[-79.74577233995402,43.61760680777958],[-79.74543059117553,43.617811859021465],[-79.74554776203128,43.61828054113948]]],[[[-79.62278297212241,43.68717308263035],[-79.62337744214315,43.686776768229244],[-79.62351218943576,43.68682168385432],[-79.62278537421747,43.68718509227425],[-79.62270370927331,43.68722592426606],[-79.62278297212241,43.68717308263035]]],[[[-79.62068250886719,43.68745050232243],[-79.6188858863838,43.685878457109105],[-79.61753841974584,43.686103035013545],[-79.61641553103057,43.68565387901351],[-79.61641553103057,43.68371690172773],[-79.61641553103057,43.68363267924487],[-79.61643594794036,43.683734766516764],[-79.61664010895328,43.68475556796763],[-79.61725259199208,43.684959729421415],[-79.61731384182312,43.68498014617822],[-79.61776299677022,43.685878457109105],[-79.61911046430652,43.68475556796763],[-79.62090708678991,43.68520472419764],[-79.62193962834378,43.68636633345234],[-79.62198505974098,43.68641744396636],[-79.62190904969152,43.68637943848334],[-79.62180539758246,43.68632761272675],[-79.62163696526332,43.68649604675913],[-79.62068250886719,43.68745050232243]]],[[[-79.6245003308584,43.68767507888839],[-79.62371430857806,43.68688905722894],[-79.6240511759113,43.687001346018455],[-79.6245003308584,43.68767507888839]]],[[[-79.6416379406912,43.69338245318328],[-79.64224197687139,43.69328952374772],[-79.64248803081759,43.69348871523424],[-79.6416379406912,43.69338245318328]]],[[[-79.63258513068624,43.69171748087689],[-79.63236055366184,43.691492901908724],[-79.63265999179045,43.691642621097756],[-79.63280971040558,43.691717480227396],[-79.63348344327541,43.691043745996204],[-79.63415717614524,43.69126832404815],[-79.63460633199068,43.69306494611953],[-79.63393259912084,43.69373867972865],[-79.63391728823514,43.693677435782895],[-79.63370802119812,43.692840368949476],[-79.63258513068624,43.69171748087689]]],[[[-79.63932246567272,43.69373867972865],[-79.63954704898534,43.693704128488655],[-79.63903664061395,43.69386117717527],[-79.63932246567272,43.69373867972865]]],[[[-79.61349601893359,43.69553530183767],[-79.6126449891694,43.69510978767487],[-79.61259770814105,43.695310724176096],[-79.61349601893359,43.69553530183767],[-79.61529264231531,43.69306494611953],[-79.61641553103057,43.692840368949476],[-79.61731384182312,43.691717480227396],[-79.6186613093594,43.691717480227396],[-79.61911046430652,43.69261579093837],[-79.61843673143669,43.69328952374772],[-79.61843673143669,43.694187834943584],[-79.61708926390041,43.69463699069158],[-79.61731384182312,43.69508614697245],[-79.61978419807467,43.69620903627097],[-79.62113166381431,43.69486156892779],[-79.6224791313506,43.69441241291337],[-79.62337744214315,43.695310724176096],[-79.62315286511874,43.69620903627097],[-79.62180539758246,43.69688276897995],[-79.62270370927331,43.6982302357189],[-79.62427575293567,43.69890396909882],[-79.62607237631741,43.697556501912885],[-79.62697068710995,43.69800565775871],[-79.62697068710995,43.699353125242396],[-79.62562321957367,43.70092516927726],[-79.6245003308584,43.70137432521664],[-79.62539864165095,43.70182347973931],[-79.63033935415405,43.70182347973931],[-79.63101308702386,43.701149746693396],[-79.63056393207675,43.70025143587828],[-79.6294410433615,43.70070059101993],[-79.62854273167065,43.69980227996964],[-79.62876730869503,43.69912854694176],[-79.63033935415405,43.69800565775871],[-79.6298901983086,43.69688276897995],[-79.62831815374793,43.69800565775871],[-79.62741984295538,43.69778108025638],[-79.62697068710995,43.697107347248874],[-79.62719526503265,43.69598445788509],[-79.62876730869503,43.69463699069158],[-79.62562321957367,43.69239121273584],[-79.62539864165095,43.691492901908724],[-79.62629695424012,43.69059459126691],[-79.62741984295538,43.69126832404815],[-79.62876730869503,43.69126832404815],[-79.6296656212842,43.69306494611953],[-79.63078850999948,43.69239121273584],[-79.63191139781641,43.69261579093837],[-79.63258513158456,43.693514101833884],[-79.63236055366184,43.69508614697245],[-79.63325886535269,43.69575987995718],[-79.63366310363729,43.69580479535024],[-79.63372529490273,43.695811705357805],[-79.6352800648605,43.69598445788509],[-79.63617837655134,43.69508614697245],[-79.6371712502989,43.69466062962252],[-79.63752584318932,43.69441241291337],[-79.63760070609015,43.694437367196045],[-79.63765216877614,43.69445452147319],[-79.63819957695746,43.69463699069158],[-79.6386487319046,43.695310724176096],[-79.63842415488018,43.69620903627097],[-79.63662753239679,43.69733192467669],[-79.63797499903475,43.697556501912885],[-79.6386487319046,43.69845481413689],[-79.63842415488018,43.699577702052395],[-79.63932246477441,43.70025143652774],[-79.63932246567272,43.6982302357189],[-79.6386487319046,43.697107347248874],[-79.63775042111203,43.69665819116894],[-79.64111908815613,43.695310724176096],[-79.64179282102594,43.695310724176096],[-79.64291570974122,43.69620903627097],[-79.64358944440768,43.69598445788509],[-79.64403859935479,43.69486156892779],[-79.64342111090322,43.694244083599656],[-79.64342100849525,43.69424398097628],[-79.64695811055346,43.697107347248874],[-79.64785642224432,43.69733192467669],[-79.64920388888228,43.69575987995718],[-79.64673353263072,43.69373867972865],[-79.64672171259822,43.69369139983149],[-79.64650895470803,43.692840368949476],[-79.64695811055346,43.69216663499142],[-79.64808100016701,43.69216663499142],[-79.64942846590668,43.69373867972865],[-79.65104264055587,43.69454576686877],[-79.65212340008095,43.693514101833884],[-79.6526311799818,43.693387157036746],[-79.6552674892023,43.691043745996204],[-79.65532363570419,43.69102503052519],[-79.65571664504773,43.690370013290384],[-79.65728868871011,43.68969628016147],[-79.65818700040099,43.69059459126691],[-79.65616579999487,43.69328952374772],[-79.65661495584027,43.693514101833884],[-79.65751326663283,43.692840368949476],[-79.65841157832368,43.69373867972865],[-79.65818700040099,43.69463699069158],[-79.6570641107874,43.69575987995718],[-79.65886073416911,43.69778108025638],[-79.65841157832368,43.69890396909882],[-79.65773784455553,43.69912854694176],[-79.65549206712502,43.69800565775871],[-79.65477485759207,43.69736814494099],[-79.65459375633246,43.69733192467669],[-79.6545346597632,43.6971546361435],[-79.65347086671892,43.69620903627097],[-79.65302171087347,43.697107347248874],[-79.65055135462194,43.69778108025638],[-79.65032677939416,43.698005658408206],[-79.64897931095956,43.699353125242396],[-79.6532462887962,43.702946368858804],[-79.65302171087347,43.70406925772766],[-79.65234797800365,43.70474299173346],[-79.65212340187757,43.704787906891454],[-79.65189882215823,43.704967569784486],[-79.65122508928839,43.704967569784486],[-79.65122508928839,43.70609045845904],[-79.6496530438294,43.70698877009903],[-79.65189882215823,43.70811165922463],[-79.65302171087347,43.70743792476693],[-79.65279713295077,43.70631503600763],[-79.65392002166602,43.70541672531068],[-79.65616579999487,43.70788708126413],[-79.65594122207214,43.7092345480941],[-79.6552674892023,43.70945912490209],[-79.6550429112796,43.70990828118843],[-79.65481833335687,43.710357436706204],[-79.65683953376299,43.70878539195376],[-79.65841157832368,43.70878539195376],[-79.65886073416911,43.709683702816655],[-79.65796242337657,43.71080659210469],[-79.65886073416911,43.7119294811336],[-79.65796242337657,43.71282779227328],[-79.65683953376299,43.71215405888224],[-79.65661495584027,43.71260321510142],[-79.6570641107874,43.71327694798827],[-79.65818700040099,43.713052369902265],[-79.65886073416911,43.71350152588197],[-79.65908531209182,43.71417525905872],[-79.6586361562464,43.71484899180325],[-79.65975904496166,43.71574730398147],[-79.65747608715985,43.71898150898612],[-79.6570641107874,43.71956512577237],[-79.65751326663283,43.720463436717594],[-79.65746694590351,43.72064871909209],[-79.65595424494882,43.72198645423266],[-79.65602751154339,43.7220673813288],[-79.65588725488313,43.722190423363394],[-79.6552674892023,43.722035482222125],[-79.6555613730475,43.722476308388316],[-79.65487274072038,43.72308041631826],[-79.65367492352726,43.7241420021143],[-79.65250096379148,43.72521757189579],[-79.65133238496425,43.726296448051144],[-79.65088736765733,43.72670733398072],[-79.65032677759753,43.726302459991295],[-79.65077593344296,43.725179570879924],[-79.65032677759753,43.724056682143114],[-79.65077593344296,43.72315837119049],[-79.65055135462194,43.722484637089046],[-79.64942846590668,43.722035482222125],[-79.64853015511413,43.722709214882705],[-79.64875473303684,43.722035482222125],[-79.64830557719141,43.72136174782788],[-79.64987762175211,43.720463436717594],[-79.64987762175211,43.71934054787936],[-79.64875473303684,43.71889139281424],[-79.64695811055346,43.72023886024397],[-79.6462843767853,43.72023886024397],[-79.64718268757785,43.718217658772794],[-79.64853015511413,43.718666814992936],[-79.64942846590668,43.71776850373058],[-79.64920388888228,43.71709477004841],[-79.6496530438294,43.71642103723147],[-79.64920388888228,43.71574730398147],[-79.64740726639887,43.71574730398147],[-79.6476318443216,43.71462441506332],[-79.64903546734291,43.71350152263542],[-79.64718268757785,43.71417525905872],[-79.64650895470803,43.7137261029341],[-79.6462843767853,43.71282779227328],[-79.64785642224432,43.710582013852196],[-79.64782187214016,43.710530188881194],[-79.64740726639887,43.71080659210469],[-79.64757059628722,43.710153275996724],[-79.64740726639887,43.70990828118843],[-79.64746341110414,43.70973984862485],[-79.64695811055346,43.70923454874347],[-79.6462843767853,43.70990828118843],[-79.64471233312292,43.70990828118843],[-79.64583522183818,43.71125574803311],[-79.64493691104565,43.712378637087944],[-79.64314028766394,43.7119294811336],[-79.64246655479411,43.71103117016501],[-79.63999619944087,43.70990828118843],[-79.63954704269713,43.7092345480941],[-79.63842415488018,43.710132858718715],[-79.63797499903475,43.71125574803311],[-79.6368521103195,43.7119294811336],[-79.63572922070593,43.711704903192775],[-79.6352800648605,43.71260321510142],[-79.63460633199068,43.71282779227328],[-79.63415717614524,43.71439983683253],[-79.63550464278322,43.71552272606311],[-79.63505548783608,43.71642103723147],[-79.63415717614524,43.716645615029556],[-79.631686820792,43.71484899180325],[-79.63101308702386,43.71574730398147],[-79.62899188661775,43.716645615029556],[-79.62809357582522,43.71619645924103],[-79.6278689979025,43.71552272606311],[-79.62921646543877,43.713950681092555],[-79.62854273167065,43.7137261029341],[-79.62854273167065,43.71260321510142],[-79.62741984295538,43.71215405888224],[-79.62741984295538,43.71103117016501],[-79.62809357582522,43.710582013852196],[-79.62921646543877,43.710582013852196],[-79.6296656212842,43.71103117016501],[-79.63120800167759,43.71059048900855],[-79.63078850999948,43.710357436706204],[-79.6298901983086,43.710357436706204],[-79.62899188661775,43.7092345480941],[-79.6278689979025,43.70990828118843],[-79.62719526503265,43.709009969795325],[-79.62629695424012,43.70878539195376],[-79.62539864165095,43.70990828118843],[-79.62382659798858,43.70990828118843],[-79.62180539758246,43.7092345480941],[-79.6220299764035,43.70856081392009],[-79.62113166381431,43.70766250311156],[-79.61933504222922,43.708336235694354],[-79.61955962015195,43.70788708126413],[-79.6186613093594,43.70698877009903],[-79.61785282740031,43.7070786009122],[-79.6186613093594,43.70788708126413],[-79.61843673143669,43.70856081392009],[-79.6220299764035,43.70945912490209],[-79.62292828719603,43.710357436706204],[-79.6224791313506,43.71125574803311],[-79.62045793094448,43.711704903192775],[-79.61978419807467,43.71103117016501],[-79.6186613093594,43.71103117016501],[-79.61664010895328,43.70945912490209],[-79.61596637518514,43.70945912490209],[-79.61843673143669,43.7137261029341],[-79.61821215261564,43.71462441506332],[-79.61817969558612,43.71464064351547],[-79.61751324266336,43.713496580765984],[-79.61654222851993,43.71182959566218],[-79.61636831647756,43.71153102911915],[-79.61574147566556,43.710454841558246],[-79.61453816437617,43.70838887491374],[-79.6140561813953,43.70755691360099],[-79.61405543669194,43.70755562654848],[-79.6129142888202,43.705585747332066],[-79.61289899410417,43.70555934564798],[-79.6128828603617,43.705531475675805],[-79.61270985561774,43.70523286996617],[-79.6126721416472,43.70516776411037],[-79.61244629530329,43.70477788728922],[-79.61117366731162,43.70258078815137],[-79.6108317334802,43.70199044994894],[-79.61026106611955,43.701005169488965],[-79.61020232797807,43.7009037474154],[-79.60915715521297,43.69909904577819],[-79.60880063274134,43.698483369990704],[-79.608608502865,43.69815051302616],[-79.60850919321203,43.69797845972824],[-79.60840988445737,43.69780640723553],[-79.60695442235593,43.695286352211944],[-79.60559120465777,43.69292127759749],[-79.60549927466485,43.692761883591814],[-79.60500799142585,43.69191001915009],[-79.6045124618505,43.691050761779344],[-79.60403685331492,43.69023517230463],[-79.60300093948548,43.68845717394539],[-79.60294211330908,43.68835621198514],[-79.60258256441327,43.68773907216215],[-79.60247811639685,43.68756212748204],[-79.602378402502,43.687393174173664],[-79.6018686516974,43.68652949718494],[-79.60169814876151,43.686240991683086],[-79.60165628187939,43.686170042819654],[-79.60080665708031,43.684732902807305],[-79.59944103189719,43.6824425191903],[-79.60261420307756,43.68326518909313],[-79.60316544077692,43.68340810118685],[-79.60383917454507,43.68295894644653],[-79.60451290831323,43.68250979029239],[-79.60563579702847,43.68273436781537],[-79.60608495197559,43.681836057226946],[-79.60632994680809,43.681682936674186],[-79.60684142686961,43.68136326214598],[-79.6078815753573,43.68071316777955],[-79.60833073030442,43.679590278755306],[-79.60922904109695,43.67914112271864],[-79.60976802667417,43.67954536356283],[-79.6101273518895,43.6798148568121],[-79.61035192981223,43.68071316777955],[-79.61192397527122,43.6804885898369],[-79.6132714419092,43.68116232309203],[-79.61384892658454,43.680777333494106],[-79.61394517477902,43.68071316777955],[-79.61402939183691,43.680741240288135],[-79.61433016486203,43.680841498490366],[-79.61461890764885,43.68093774618097],[-79.61491834128587,43.681312040132624],[-79.615292641417,43.68177991257156],[-79.61551722023803,43.682060635323005],[-79.61529264231531,43.68250979029239],[-79.61518035020984,43.68273436976427],[-79.61394517477902,43.681836057226946],[-79.6130468639865,43.682060635323005],[-79.61259770814105,43.68273436781537],[-79.61282228606377,43.68363267924487],[-79.61416975270173,43.68475556796763],[-79.61380333618554,43.68548840093864],[-79.61529264231531,43.68655219024878],[-79.61664010895328,43.686776768229244],[-79.61708926390041,43.68745050232243],[-79.61686468597769,43.68812423469449],[-79.61529264231531,43.68857339103471],[-79.61529264231531,43.68924712378554],[-79.61596637518514,43.689471702069156],[-79.61664010895328,43.69059459126691],[-79.61574179726242,43.691492901908724],[-79.61439433062445,43.691043745996204],[-79.61426599820128,43.69110791235324],[-79.61551722023803,43.691492901908724],[-79.61372059685631,43.69194205705557],[-79.61372059685631,43.69306494611953],[-79.6132714419092,43.693514101833884],[-79.61349601893359,43.69553530183767]],[[-79.61035192981223,43.69306494611953],[-79.61125024060475,43.690370013290384],[-79.61102566358036,43.68924712378554],[-79.6116993973485,43.68857339103471],[-79.61259770814105,43.686103035013545],[-79.61346146793113,43.685584778891254],[-79.61035192981223,43.68475556796763],[-79.6081061523817,43.68475556796763],[-79.60743241861357,43.68385725711178],[-79.60656866062011,43.684289136211525],[-79.60653410782103,43.68430641292193],[-79.60630952989831,43.68498014617822],[-79.60451290831323,43.68498014617822],[-79.60421347018462,43.685179771270285],[-79.60383917364676,43.68542930072673],[-79.60361459572404,43.686103035013545],[-79.60406375156948,43.686776768229244],[-79.60608495197559,43.687001346018455],[-79.60698326276813,43.68789965721185],[-79.60877988614986,43.686776768229244],[-79.61102566358036,43.687001346018455],[-79.61057650773495,43.68767507888839],[-79.60922904109695,43.68722592426606],[-79.60833073030442,43.68812423469449],[-79.60922904109695,43.69014543512252],[-79.61057650773495,43.69014543512252],[-79.6101273518895,43.69216663499142],[-79.6081061523817,43.695310724176096],[-79.60855530822714,43.69665819116894],[-79.60855530822714,43.69598445788509],[-79.61035192981223,43.69306494611953]],[[-79.63999619944087,43.703170947146205],[-79.6388733098273,43.70384468085721],[-79.6388733098273,43.70429383570508],[-79.63954704269713,43.704518414139926],[-79.6406699323107,43.70406925772766],[-79.63999619944087,43.70519214699417],[-79.63842415488018,43.70631503600763],[-79.6386487319046,43.70721334687962],[-79.63954704269713,43.70766250311156],[-79.64111908815613,43.70676419182768],[-79.64224197687139,43.70519214699417],[-79.64381402233039,43.704967569784486],[-79.6442631772775,43.70429383570508],[-79.64403859935479,43.703620103145404],[-79.64516148807006,43.70249721430606],[-79.6442631772775,43.70137432521664],[-79.64301553323054,43.70199814765263],[-79.64291571243616,43.702048058985994],[-79.6426462169526,43.7021828058704],[-79.6426911327168,43.70227263609252],[-79.64258632986588,43.702212749076224],[-79.64246655479411,43.70227263609252],[-79.64241371229583,43.702114111201645],[-79.64111908815613,43.70137432521664],[-79.63999619944087,43.701598902898596],[-79.63954704269713,43.70249721430606],[-79.63999619944087,43.703170947146205]],[[-79.6278689979025,43.70541672531068],[-79.62854273167065,43.70519214699417],[-79.62847086644791,43.70476095806049],[-79.62768347693171,43.70495780542594],[-79.62764441997977,43.70519214699417],[-79.62751609114986,43.70528839392668],[-79.62719526503265,43.706090459108424],[-79.62831815374793,43.70698877009903],[-79.62854273167065,43.70811165922463],[-79.62919473249711,43.70865499567812],[-79.62899188661775,43.70743792476693],[-79.62764441997977,43.70631503600763],[-79.6278689979025,43.70541672531068]],[[-79.61664010895328,43.70721334687962],[-79.61574179726242,43.70429383570508],[-79.61512529695766,43.70323699227998],[-79.61664010895328,43.70721334687962]],[[-79.62849995479512,43.704753686069175],[-79.62854273167065,43.704967569784486],[-79.6294410433615,43.70541672531068],[-79.62963353795384,43.70528839587484],[-79.62854273167065,43.70474299173346],[-79.62849995479512,43.704753686069175]],[[-79.63078850999948,43.7092345480941],[-79.63123766494657,43.710132858718715],[-79.63155848926715,43.71019702348004],[-79.63078850999948,43.7092345480941],[-79.62942150949564,43.708843976288264],[-79.6298901983086,43.7092345480941],[-79.63078850999948,43.7092345480941]],[[-79.64937232120143,43.7119294811336],[-79.64954075531719,43.71215406018084],[-79.64942846590668,43.7119294811336],[-79.64937232120143,43.7119294811336]],[[-79.6498327059879,43.7127379616354],[-79.64977554079648,43.71290945832068],[-79.64987762175211,43.71282779227328],[-79.6498327059879,43.7127379616354]]],[[[-79.63752584318932,43.73483641569139],[-79.63662753239679,43.73348894880928],[-79.63752584318932,43.73259063780351],[-79.63977162061984,43.73326437183428],[-79.6404453552863,43.73259063780351],[-79.63999619944087,43.73101859406274],[-79.6388733098273,43.73191690528079],[-79.63617837655134,43.73191690528079],[-79.63617837655134,43.73281521600687],[-79.63460633199068,43.73348894880928],[-79.63303428742998,43.73259063780351],[-79.63325886535269,43.73326437183428],[-79.63280971040558,43.7339381047764],[-79.63033935415405,43.73438726126923],[-79.63002317681841,43.73486153099287],[-79.62997104668418,43.73477272907075],[-79.62991174619731,43.73467169581588],[-79.6298524349307,43.73457066239049],[-79.62979312815564,43.734469628794656],[-79.62969495846475,43.734302385582474],[-79.62969301181553,43.73429906683252],[-79.62957053191644,43.7340904265884],[-79.62956133226962,43.73407475382697],[-79.62945784095898,43.73389846775672],[-79.62945636412867,43.7338959506045],[-79.62919942619446,43.73345826049553],[-79.62919781282022,43.73345551224882],[-79.62901305092585,43.73314076251954],[-79.62831681435983,43.73195464302904],[-79.6275208549158,43.730607023025144],[-79.62635634276187,43.728635359469244],[-79.62525989865193,43.72675894437018],[-79.62511658053319,43.726504043675725],[-79.62500153868466,43.72631678841372],[-79.62495990087292,43.72624552992556],[-79.62458127176046,43.72559750672243],[-79.62445435328553,43.725380281953576],[-79.62442071317476,43.72532269793833],[-79.6241589737454,43.72487837349651],[-79.62287835254435,43.72270424910276],[-79.62315286511874,43.722484637089046],[-79.62299977602466,43.721872282660016],[-79.62292828719603,43.72158632593552],[-79.624275753834,43.72158632593552],[-79.62382659798858,43.72315837119049],[-79.62472490878112,43.724056682143114],[-79.62562321957367,43.723607526078446],[-79.62607237631741,43.722709214882705],[-79.62719526503265,43.722709214882705],[-79.62764441997977,43.72136174782788],[-79.63033935415405,43.72293379313294],[-79.63056393207675,43.72383210420715],[-79.63123766494657,43.72428125988644],[-79.63078850999948,43.72540414895789],[-79.63123766494657,43.726077882035256],[-79.63280971040558,43.726302459991295],[-79.63460633199068,43.725853303886424],[-79.63550464278322,43.726527037754494],[-79.63662753239679,43.72540414895789],[-79.63707668824222,43.72720077118563],[-79.63842415488018,43.72720077118563],[-79.6388733098273,43.72764992692418],[-79.63999619944087,43.72720077118563],[-79.64022077736358,43.72562872684312],[-79.64111908815613,43.725853303886424],[-79.64201739894867,43.72473041479487],[-79.6426911327168,43.72473041479487],[-79.64561064391549,43.726527037754494],[-79.64538606599277,43.72697619270256],[-79.6442631772775,43.72675161597414],[-79.64358944440768,43.72720077118563],[-79.64336486558665,43.72787450417958],[-79.64403859935479,43.728772815816534],[-79.64538606599277,43.72922197080223],[-79.64695811055346,43.72854823803432],[-79.64740726639887,43.72764992692418],[-79.64808100016701,43.72787450417958],[-79.64897931095956,43.72742534882677],[-79.64959649488226,43.7278882434467],[-79.6488637274269,43.72854823803432],[-79.64875473303684,43.72854823803432],[-79.64870797123474,43.728688524839036],[-79.64472978559228,43.73227148780495],[-79.64474155891239,43.73227978139044],[-79.644239379109,43.73272081777394],[-79.64303550008435,43.73377891848835],[-79.64237520241791,43.734360616536016],[-79.64224197687139,43.73438726126923],[-79.64156824400155,43.735060993910906],[-79.6404453552863,43.73483641569139],[-79.63932246567272,43.73595930485736],[-79.63752584318932,43.73483641569139]]]]}},{"type":"Feature","properties":{"FromBreak":6.0,"FID_1":0,"DGN_ID":0,"Shape__Are":0.0,"Shape__Len":0.0,"Drive_Time":"6 - 8"},"geometry":{"type":"MultiPolygon","coordinates":[[[[-79.61889802621654,43.486454333044904],[-79.61892599616124,43.48641407961688],[-79.6190235307432,43.486482354201506],[-79.61876140863151,43.48656972788148],[-79.61889802621654,43.486454333044904]]],[[[-79.62000877509905,43.487351687295885],[-79.61940989974018,43.48675281345258],[-79.62044244309067,43.48747559292604],[-79.62000877509905,43.487351687295885]]],[[[-79.62174926994518,43.48763240573668],[-79.62176456466122,43.48762934708162],[-79.621580823253,43.48780084464764],[-79.62130340013707,43.48772158048646],[-79.62174926994518,43.48763240573668]]],[[[-79.61822271410844,43.4866323919478],[-79.6183440747067,43.486631809926884],[-79.61843695242226,43.486648613578716],[-79.61847502302399,43.48666518976211],[-79.61843673143669,43.486677953804694],[-79.61798757469295,43.48780084269241],[-79.6186613093594,43.48847457604226],[-79.61753841974584,43.48892373221326],[-79.61664010895328,43.488025421093425],[-79.61679741473931,43.487658377250874],[-79.61684302130797,43.48764043657924],[-79.61689505981408,43.48760372424042],[-79.61730173612635,43.48739995272464],[-79.61735953193508,43.48729612676921],[-79.61740475671975,43.48718137203845],[-79.61744026622463,43.48710484769013],[-79.61746575053093,43.48707272272509],[-79.61753335414593,43.48700396781251],[-79.6176714952737,43.48688936373417],[-79.61782401753084,43.48677686982951],[-79.61791650447924,43.48672434792239],[-79.61810539413236,43.48666555800578],[-79.61822271410844,43.4866323919478]]],[[[-79.60496206326032,43.503296711062255],[-79.60586037405288,43.50217382227716],[-79.60504017716417,43.50360916728978],[-79.60496206326032,43.503296711062255]]],[[[-79.60518664118304,43.504195021778365],[-79.60512247542063,43.50393836275159],[-79.60565028415905,43.50457173339067],[-79.60518664118304,43.504195021778365]]],[[[-79.61349602342517,43.50756369186679],[-79.61484348557157,43.50621622202227],[-79.61496598253865,43.50630372091806],[-79.61349602342517,43.50756369186679]]],[[[-79.60770215125234,43.50623887438013],[-79.60770191230047,43.50623868021892],[-79.60960008303856,43.507583217012],[-79.60959988001927,43.50758310103915],[-79.60877988614986,43.50711453294743],[-79.60770215125234,43.50623887438013]]],[[[-79.60723992402123,43.50830158720033],[-79.60743241861357,43.508237421698716],[-79.60758213633038,43.508387140227704],[-79.60723992402123,43.50830158720033]]],[[[-79.6030183551239,43.50499132711026],[-79.60316544077692,43.50486875467642],[-79.60406375156948,43.505093332810084],[-79.60451290831323,43.505767066107346],[-79.6042883303905,43.506440799703796],[-79.60608495197559,43.50868657812615],[-79.60496206326032,43.50733911119609],[-79.60383917364676,43.50688995516635],[-79.60406375156948,43.50621622202227],[-79.60361459572404,43.505542489177124],[-79.60293528880787,43.505372661762244],[-79.60299981299809,43.50510971823652],[-79.6030183551239,43.50499132711026]]],[[[-79.61178727504118,43.50883304185252],[-79.61210892132024,43.50875263060498],[-79.61192397527122,43.508911155737955],[-79.61178727504118,43.50883304185252]]],[[[-79.60136881919185,43.50936031106097],[-79.60204255206166,43.50868657812615],[-79.60132390432595,43.509584889423564],[-79.60136881919185,43.50936031106097]]],[[[-79.60563579702847,43.5190171563178],[-79.60586037405288,43.51834342305011],[-79.60601009266801,43.51826856412998],[-79.60563579702847,43.5190171563178]]],[[[-79.60698326276813,43.52597906806076],[-79.60698326276813,43.526428224013344],[-79.60668382643617,43.526727660976896],[-79.60698326276813,43.52597906806076]]],[[[-79.60653410782103,43.52710195688212],[-79.60659480428983,43.52695021552605],[-79.60765699743457,43.52822484629396],[-79.60653410782103,43.52710195688212]]],[[[-79.6566322313415,43.5427533022108],[-79.65481833335687,43.54214866883628],[-79.65683953376299,43.542597824836534],[-79.6566322313415,43.5427533022108]]],[[[-79.65436917840977,43.54327155809732],[-79.65644427773293,43.542894267617534],[-79.65594122207214,43.54327155809732],[-79.65436917840977,43.54327155809732]]],[[[-79.64740726639887,43.54843684717615],[-79.64740726550056,43.5482122695348],[-79.64830557719141,43.549110580939335],[-79.64740726639887,43.54843684717615]]],[[[-79.58521532183765,43.550361994263675],[-79.58523787673779,43.55036099486947],[-79.58557915210412,43.5505531621095],[-79.58552409436037,43.5505990429273],[-79.58519153265227,43.550408196855905],[-79.58518551932977,43.55039236542091],[-79.58519117602111,43.550376451295854],[-79.58521532183765,43.550361994263675]]],[[[-79.58058551625439,43.55064320163517],[-79.57931157941738,43.54991224047892],[-79.57929945485597,43.549887256735744],[-79.57930848382289,43.54986335311814],[-79.57996147099955,43.549260856942844],[-79.57998293354832,43.54925381222434],[-79.58000170115123,43.549253181324836],[-79.58098780878807,43.549398330357164],[-79.58106902457462,43.54943285199139],[-79.58115635968484,43.549353446734074],[-79.58102349346441,43.549279850984206],[-79.58100572658473,43.54927753443156],[-79.58099456142406,43.54926587744365],[-79.58098848701611,43.54922868041236],[-79.58099802892106,43.549208852967936],[-79.58105663590851,43.549129545078145],[-79.58102969094156,43.54910453952478],[-79.58098898378445,43.5490772916244],[-79.58096484695109,43.549053838887666],[-79.58158273694958,43.54939711153261],[-79.58227970564256,43.54978431368239],[-79.58241640587262,43.549725728412206],[-79.58256553249798,43.549661817261764],[-79.58260984818759,43.54964282529404],[-79.58386972818704,43.549854988086786],[-79.5838827097412,43.54990220414205],[-79.58394704079363,43.549897677861026],[-79.58397548684543,43.54990283894123],[-79.58404519521315,43.54993468696964],[-79.58462696485242,43.55026285102741],[-79.5846382315227,43.55025114149317],[-79.58467707377729,43.550250297052415],[-79.58473652607941,43.55028371072526],[-79.58473733186821,43.550312756991225],[-79.58453000968379,43.55050386835018],[-79.58317801733344,43.550233470086155],[-79.58250428356529,43.55068262509593],[-79.5822072565149,43.55157371330455],[-79.58058551625439,43.55064320163517]]],[[[-79.58070766287852,43.55210495086597],[-79.58072576932138,43.552080807238454],[-79.58073547741465,43.55208640694107],[-79.58070766287852,43.55210495086597]]],[[[-79.58048308405748,43.55337755908086],[-79.58043667798823,43.553238342143075],[-79.58048308405748,43.5531955355947],[-79.58048308405748,43.55337755908086]]],[[[-79.6245003308584,43.55337755908086],[-79.6249290715907,43.55331631064704],[-79.6245003308584,43.55360213700721],[-79.62427575293567,43.554725025803734],[-79.6240511759113,43.55405129230224],[-79.6245003308584,43.55337755908086]]],[[[-79.57078978154314,43.55782022676624],[-79.57093975707647,43.55767991926429],[-79.57082623877065,43.55786911483348],[-79.5703546250431,43.558273354834846],[-79.5705365895837,43.55803073785816],[-79.57055553684968,43.55801823692933],[-79.57078978154314,43.55782022676624]]],[[[-79.60855530822714,43.56101320385546],[-79.61075117975204,43.558018833234705],[-79.6099027748651,43.55921658072271],[-79.6099027748651,43.55989031506108],[-79.61080108565766,43.56056404772438],[-79.61057650773495,43.56123778196717],[-79.6099027748651,43.56168693698122],[-79.60812046793406,43.561464148706605],[-79.60855530822714,43.56101320385546]]],[[[-79.55744998552525,43.56334324095491],[-79.5572057039551,43.56321811368765],[-79.55712864377507,43.56322097648741],[-79.5570271009103,43.563261192365985],[-79.55693438848478,43.56331053883059],[-79.55690241474888,43.563329012255586],[-79.55690241474888,43.56294559379135],[-79.55691849459245,43.56291888135944],[-79.55696991865089,43.56286168493655],[-79.55739686365092,43.56254539492416],[-79.55749760521846,43.5624976159473],[-79.55758675851884,43.562462832958545],[-79.55775504171763,43.56238926884022],[-79.55799864146648,43.56236949975373],[-79.55834215812946,43.56234786180735],[-79.55855798466467,43.56236765889145],[-79.55861043190421,43.562377345549656],[-79.55866584987243,43.56238166063936],[-79.55894238275789,43.56247252220521],[-79.55908598115101,43.56252896586035],[-79.55916495204764,43.562574340243074],[-79.5593508071917,43.562702098636215],[-79.55946947823402,43.562797848253986],[-79.55950786504273,43.56283649826219],[-79.55869903813058,43.56348355870233],[-79.55760171995989,43.56348355870233],[-79.557587961363,43.56348111641539],[-79.55752250022994,43.563443888451324],[-79.55748026414022,43.563363189378784],[-79.55744998552525,43.56334324095491]]],[[[-79.55263543691224,43.57673364921947],[-79.55218628196512,43.57583533830434],[-79.55279264118865,43.57684593836182],[-79.55263543691224,43.57673364921947]]],[[[-79.54459334658627,43.58494141653267],[-79.54459624814463,43.584908513356645],[-79.5449997920315,43.58504302805868],[-79.54459334658627,43.58494141653267]]],[[[-79.54635969225133,43.58611354156838],[-79.54702099243762,43.58571676114311],[-79.54652562006746,43.58621213324486],[-79.54635969225133,43.58611354156838]]],[[[-79.55173712611969,43.58863627231348],[-79.55106339324986,43.58818711720664],[-79.55198212005386,43.58855460823451],[-79.55173712611969,43.58863627231348]]],[[[-79.55458177801079,43.58886085023664],[-79.55577952603362,43.58886085023664],[-79.55488121524108,43.58908542797257],[-79.55458177801079,43.58886085023664]]],[[[-79.55245577565204,43.588456610542806],[-79.55353374770476,43.5877379607001],[-79.55420748147293,43.588580128352426],[-79.55398290444852,43.58841169485368],[-79.55308459275767,43.58908542797257],[-79.55245577565204,43.588456610542806]]],[[[-79.5555549490092,43.59222951677583],[-79.55577952603362,43.59222951677583],[-79.55538027878873,43.5923293287526],[-79.5555549490092,43.59222951677583]]],[[[-79.56134905564231,43.59532869084992],[-79.56027108179295,43.59425071689013],[-79.56139397140653,43.59514902823784],[-79.56134905564231,43.59532869084992]]],[[[-79.55128797117257,43.593127827715904],[-79.55106339324986,43.59222951677583],[-79.5519617040424,43.59110662827568],[-79.5531744251844,43.591106628926354],[-79.55263543691224,43.59133120609026],[-79.55218628196512,43.59222951677583],[-79.55263543691224,43.59290325009935],[-79.55398290444852,43.593127827715904],[-79.55423112243625,43.59298599024329],[-79.55465663731836,43.59447529468304],[-79.55333741011964,43.59557465122217],[-79.55326520982531,43.59553800324834],[-79.55314337761155,43.595521734119735],[-79.5527857340424,43.59544860268303],[-79.55240473786918,43.59540953380837],[-79.55202390159606,43.59538760976461],[-79.55165401848119,43.59536024292058],[-79.55128231448123,43.595354430595535],[-79.55091152047467,43.59533784132948],[-79.55054263269314,43.595298797105166],[-79.55033304944915,43.59528518100012],[-79.54949134779085,43.59492445100745],[-79.54904219284374,43.59425071689013],[-79.54949134779085,43.593127827715904],[-79.55128797117257,43.593127827715904]]],[[[-79.56786564312247,43.61604756120613],[-79.56788613010085,43.61597297319458],[-79.56790672667368,43.61603476274836],[-79.56786165370431,43.616079836018216],[-79.56786564312247,43.61604756120613]]],[[[-79.56735642142557,43.61722564045586],[-79.56739555832756,43.61721590994272],[-79.56700841588112,43.61828054113948],[-79.56660092839016,43.618586157764994],[-79.56659729470483,43.61857776520854],[-79.5665914035532,43.61855425173685],[-79.56657599025955,43.618523585879416],[-79.56656377766326,43.61850410966356],[-79.56654783616023,43.618482130953176],[-79.56652611489666,43.618454284911984],[-79.5665224551602,43.618450774403044],[-79.56650518055729,43.618434220770546],[-79.56647762563425,43.61840630902319],[-79.56645480662942,43.618383393793486],[-79.5664175193586,43.618355348703666],[-79.566399516222,43.61833461923513],[-79.56639356578154,43.618326098527284],[-79.56639051150958,43.61831778787693],[-79.56639202517083,43.618306241800504],[-79.56639557261789,43.61829568683512],[-79.56640187879118,43.61828463696151],[-79.56640972916844,43.61827323915558],[-79.56642377971782,43.6182550368693],[-79.56643797040434,43.61823117729189],[-79.56645314923772,43.61820662379463],[-79.56646252225939,43.618180582964214],[-79.56647209201212,43.61815567241058],[-79.56647731212223,43.6181312795161],[-79.56647804694413,43.61810018161787],[-79.56647779272089,43.61806977761555],[-79.56648142910117,43.61803942497466],[-79.56648672197483,43.6180205033418],[-79.56649707775341,43.617995080253884],[-79.56652024350797,43.61796214507359],[-79.56653739324506,43.61793620559046],[-79.56655451872763,43.617911673433994],[-79.56656963018735,43.617889951391845],[-79.56657524286123,43.61788363852962],[-79.56659073700325,43.61786122581467],[-79.56661571555804,43.61783397259761],[-79.56663775392691,43.617807380115714],[-79.56665899998168,43.617784502377575],[-79.56664889123981,43.617776855001644],[-79.56659847778606,43.61773870915532],[-79.56664745842691,43.61768293247708],[-79.56672265819599,43.617631770588154],[-79.56676836357933,43.61759892105432],[-79.56683935204634,43.617549535836126],[-79.56691376309459,43.61748167621261],[-79.56696678884917,43.61742781196405],[-79.56700879407187,43.617377221512825],[-79.5670572725545,43.617330261907846],[-79.56710242367728,43.61729837732512],[-79.56721419026832,43.61725923679312],[-79.56725177218654,43.617249209076355],[-79.56732223244417,43.61723039840439],[-79.56735642142557,43.61722564045586]]],[[[-79.73005189434713,43.63894169817788],[-79.73050105019256,43.63804338679558],[-79.73139936098512,43.637818809126955],[-79.73207309385492,43.638492542865265],[-79.7331959825702,43.638717119966046],[-79.73386971723667,43.63804338679558],[-79.73530399347041,43.63797819240832],[-79.73495265966787,43.638297664383664],[-79.73385004053867,43.63930024768029],[-79.7337949881848,43.63935030479648],[-79.7330661212144,43.63976176649617],[-79.73293859817329,43.63983376293498],[-79.73273565976746,43.639948331919],[-79.73261278820291,43.64001769652216],[-79.73256464209695,43.640044866871094],[-79.73251244638567,43.640074316462666],[-79.73249578263714,43.64008371562506],[-79.73191861237216,43.6404093386806],[-79.73189936417056,43.64042019725939],[-79.73181464225948,43.64046799435571],[-79.73095020603799,43.640064587047355],[-79.73073170342155,43.63979146066571],[-79.73005189434713,43.63894169817788]]],[[[-79.59305943964466,43.64433156525973],[-79.59133034980938,43.64398574793462],[-79.59130844888274,43.643853129927166],[-79.59130627855302,43.64373380083772],[-79.59132243295676,43.643652514479804],[-79.59133900777209,43.643553675648555],[-79.59134372572396,43.64348440288645],[-79.59130390430572,43.64343754233303],[-79.59128400033397,43.64342745332636],[-79.59123650909986,43.643403397019256],[-79.59119058362927,43.64337897016521],[-79.59114394399802,43.64335858670978],[-79.5910912326538,43.64333272579202],[-79.59103569790462,43.643321391241216],[-79.59098090696048,43.64330495886899],[-79.59091564166015,43.64329147454343],[-79.5908854933009,43.643285257308186],[-79.59083795894765,43.64327579298992],[-79.590808111524,43.643267815372596],[-79.59069413597571,43.64323148508704],[-79.59059342405259,43.64320740594912],[-79.59049541426181,43.64315476282623],[-79.59038862793072,43.64309104248999],[-79.59030978100161,43.643047153745414],[-79.59023087119043,43.643016748058905],[-79.59014496709644,43.64298792787697],[-79.59011532628533,43.64298587625704],[-79.59002678563597,43.64297668037044],[-79.58991418271343,43.64297716142208],[-79.58981355972351,43.64298305105405],[-79.58972388090869,43.64299151431121],[-79.58960059791572,43.64299629557319],[-79.58949868674169,43.642994483179194],[-79.58939232531374,43.643017766067516],[-79.58933727834976,43.643033296872325],[-79.58918556188142,43.64300780245379],[-79.58900577216214,43.64291143087956],[-79.58875340216116,43.642803344210286],[-79.5885695287006,43.642682601077155],[-79.58856927896896,43.64268233909771],[-79.58879246180803,43.642310364887315],[-79.58821694803643,43.641351175111275],[-79.58820915065975,43.641327792763725],[-79.58819311483362,43.64131145280873],[-79.5881187289382,43.64118747573416],[-79.59103824013687,43.64186120875414],[-79.59103824013687,43.6429840983164],[-79.59238570677483,43.64410698704282],[-79.5935085963884,43.64343325385531],[-79.59373317431113,43.642759520912826],[-79.59463148510366,43.64320867618058],[-79.59395775133554,43.6429840983164],[-79.59373317431113,43.64388240993652],[-79.59305943964466,43.64433156525973]]],[[[-79.59237726261117,43.64471106819794],[-79.59240631861904,43.644709251955376],[-79.59237950929769,43.64471135097015],[-79.59237726261117,43.64471106819794]]],[[[-79.6081061523817,43.64343325385531],[-79.60843614221311,43.643845743941455],[-79.60855530822714,43.64388240993652],[-79.60864513975555,43.64410699094319],[-79.60900446407257,43.644556143287176],[-79.60889666623846,43.64473580653475],[-79.60900446407257,43.64500529877347],[-79.60887300371557,43.64477524380123],[-79.60832174625327,43.643810545761234],[-79.6081061523817,43.64343325385531]]],[[[-79.60900446407257,43.64500529877347],[-79.60819388454729,43.645950979631095],[-79.6081514732861,43.645888000054256],[-79.60812501700268,43.64584360437273],[-79.60811263103155,43.64582281872936],[-79.6084055905103,43.645554268818714],[-79.60900446407257,43.64500529877347]]],[[[-79.72203983200619,43.6459827125087],[-79.72264082738914,43.64478072112507],[-79.72373798116814,43.64502453303598],[-79.72203983200619,43.6459827125087]]],[[[-79.62315286511874,43.65937827729836],[-79.6224791313506,43.65780623290851],[-79.6201486499753,43.65865368071653],[-79.62000877509905,43.65870454382907],[-79.61925082517135,43.6591537000986],[-79.62180539758246,43.657581655028174],[-79.62292828719603,43.657581655028174],[-79.62315286511874,43.65937827729836]]],[[[-79.62741984295538,43.66611561077806],[-79.62831815374793,43.6654418781831],[-79.628440650715,43.665503126263424],[-79.62741984295538,43.66611561077806]]],[[[-79.63031128180141,43.66662091078535],[-79.62921646543877,43.66589103278693],[-79.63011477623132,43.666340189228585],[-79.63031128180141,43.66662091078535]]],[[[-79.60586037405288,43.66678934490869],[-79.60563579702847,43.665666455905104],[-79.61549201440947,43.661381147589765],[-79.61394517477902,43.662297788937074],[-79.60586037405288,43.665666455905104],[-79.60586037405288,43.66678934490869]]],[[[-79.62472490878112,43.66813681127786],[-79.62480657282697,43.66807556328552],[-79.62486927972537,43.6682009767953],[-79.62472490878112,43.66813681127786]]],[[[-79.62158081965975,43.66903512293007],[-79.62113166381431,43.66813681127786],[-79.62170914848966,43.668778462715984],[-79.62214226222073,43.669259700854234],[-79.62277856498763,43.66996670210963],[-79.62158081965975,43.66903512293007]]],[[[-79.62517406462653,43.670382588916965],[-79.62360202006586,43.670607166997485],[-79.62331327727904,43.670382588916965],[-79.62517406462653,43.670382588916965]]],[[[-79.63036430396275,43.6711311840158],[-79.62925389284678,43.670298374356726],[-79.6294410433615,43.670382588916965],[-79.63036430396275,43.6711311840158]]],[[[-79.6622014186921,43.66739298024461],[-79.66204062474783,43.66724826382949],[-79.66227946252735,43.66742302919435],[-79.66445489648125,43.66901484370063],[-79.66474816587876,43.669229444242816],[-79.6650462834839,43.669447580138524],[-79.66811534980434,43.67169318527935],[-79.66811464911841,43.67169272979827],[-79.6640260227983,43.66903512293007],[-79.6622558206657,43.667441942421725],[-79.6622014186921,43.66739298024461]]],[[[-79.68872957992386,43.671505478063814],[-79.68938356602709,43.67122519974865],[-79.68932927903785,43.671330260654905],[-79.68881968813338,43.67231646074385],[-79.68875281215374,43.671714571442536],[-79.68872957992386,43.671505478063814]]],[[[-79.6876066912086,43.67442498989456],[-79.68774845164863,43.674389549744156],[-79.68762853733799,43.67462160743542],[-79.6876066912086,43.67442498989456]]],[[[-79.62517406462653,43.670382588916965],[-79.62674610918722,43.671056323236705],[-79.62629695424012,43.67195463407779],[-79.62652153126452,43.673077523051035],[-79.62899188661775,43.675098723015864],[-79.63011477623132,43.67464956714269],[-79.63011477623132,43.67375125570658],[-79.63078850999948,43.67397583417652],[-79.63146224286929,43.673526677695655],[-79.63146224286929,43.67202139973362],[-79.63775042111203,43.677119923123996],[-79.63954704269713,43.677793655874275],[-79.6404453552863,43.67891654473873],[-79.64022077736358,43.6798148568121],[-79.63954704269713,43.68026401170322],[-79.63752584318932,43.67891654473873],[-79.63550464278322,43.6798148568121],[-79.63460633199068,43.67891654473873],[-79.63483090991339,43.67801823415883],[-79.63438175406796,43.67801823415883],[-79.63370802119812,43.676895344725786],[-79.631686820792,43.67599703377274],[-79.63101308702386,43.67599703377274],[-79.62921646543877,43.67734450068168],[-79.6278689979025,43.677119923123996],[-79.62741984295538,43.676446189955705],[-79.62764441997977,43.67599703377274],[-79.62652153126452,43.675098723015864],[-79.62674610918722,43.67397583417652],[-79.62494948670384,43.673526677695655],[-79.6245003308584,43.67285294511792],[-79.62494948670384,43.67195463407779],[-79.62629695424012,43.671056323236705],[-79.62517406462653,43.670382588916965]]],[[[-79.60684142686961,43.68136326214598],[-79.60698326276813,43.68093774618097],[-79.60653410782103,43.68093774618097],[-79.60608495197559,43.68003943402832],[-79.60743241861357,43.67869196786736],[-79.60855530822714,43.67869196786736],[-79.60967819694238,43.679365701157266],[-79.60976802667417,43.67954536356283],[-79.60922904109695,43.67914112271864],[-79.60833073030442,43.679590278755306],[-79.6078815753573,43.68071316777955],[-79.60684142686961,43.68136326214598]]],[[[-79.6840134471401,43.68138690111149],[-79.68454179846098,43.68059437774002],[-79.6844387742743,43.680793704289876],[-79.68410173715948,43.681445762335464],[-79.6840134471401,43.68138690111149]]],[[[-79.60383917454507,43.68295894644653],[-79.60271628493149,43.681836057226946],[-79.60361459572404,43.68071316777955],[-79.60496206326032,43.68116232309203],[-79.60541121910576,43.681836057226946],[-79.60632994680809,43.681682936674186],[-79.60608495197559,43.681836057226946],[-79.60563579702847,43.68273436781537],[-79.60451290831323,43.68250979029239],[-79.60383917454507,43.68295894644653]]],[[[-79.60383917454507,43.68295894644653],[-79.60316544077692,43.68340810118685],[-79.60261420307756,43.68326518909313],[-79.60383917454507,43.68295894644653]]],[[[-79.63617837655134,43.69508614697245],[-79.6371712502989,43.69466062962252],[-79.6352800648605,43.69598445788509],[-79.63617837655134,43.69508614697245]]],[[[-79.61394517477902,43.68071316777955],[-79.61384892658454,43.680777333494106],[-79.61402939183691,43.680741240288135],[-79.61394517477902,43.68071316777955],[-79.61416975270173,43.68071316777955],[-79.61433016486203,43.680841498490366],[-79.61491834128587,43.681312040132624],[-79.61529264231531,43.68161147893988],[-79.615292641417,43.68177991257156],[-79.61529264231531,43.68250979029239],[-79.61529264231531,43.68273436781537],[-79.6158454502698,43.683218079588954],[-79.61641553103057,43.68371690172773],[-79.61643594794036,43.683734766516764],[-79.61649036518533,43.68378238102589],[-79.61753841974584,43.68453099021551],[-79.61911046430652,43.68453099021551],[-79.62090708678991,43.68520472419764],[-79.61911046430652,43.68475556796763],[-79.61776299677022,43.685878457109105],[-79.61731384182312,43.68498014617822],[-79.61725259199208,43.684959729421415],[-79.61753841974584,43.686103035013545],[-79.6188858863838,43.685878457109105],[-79.62045793094448,43.687001346018455],[-79.62163696526332,43.68649604675913],[-79.62190904969152,43.68637943848334],[-79.62193962834378,43.68636633345234],[-79.6220299764035,43.68632761272675],[-79.62270370927331,43.686776768229244],[-79.62278297212241,43.68717308263035],[-79.62278537421747,43.68718509227425],[-79.62292828719603,43.68789965721185],[-79.62382659798858,43.68902254596018],[-79.62674610918722,43.690370013290384],[-79.62854273167065,43.69081916905201],[-79.6296656212842,43.68992085676334],[-79.63146224286929,43.68969628016147],[-79.63213597573913,43.69014543512252],[-79.63213597573913,43.69126832404815],[-79.63236055366184,43.691492901908724],[-79.63258513068624,43.69171748087689],[-79.63265999179045,43.691642621097756],[-79.63348344327541,43.69081916905201],[-79.63415717614524,43.691043745996204],[-79.63460633199068,43.69306494611953],[-79.63391728823514,43.693677435782895],[-79.63258513158456,43.69486156892779],[-79.63270762855163,43.69496365072906],[-79.63372529490273,43.695811705357805],[-79.63366310363729,43.69580479535024],[-79.63325886535269,43.69575987995718],[-79.63236055366184,43.69508614697245],[-79.63258513158456,43.693514101833884],[-79.63191139781641,43.69261579093837],[-79.63078850999948,43.69239121273584],[-79.6296656212842,43.69306494611953],[-79.62876730869503,43.69126832404815],[-79.62741984295538,43.69126832404815],[-79.62629695424012,43.69059459126691],[-79.62539864165095,43.691492901908724],[-79.62562321957367,43.69239121273584],[-79.62876730869503,43.69463699069158],[-79.62719526503265,43.69598445788509],[-79.62697068710995,43.697107347248874],[-79.62741984295538,43.69778108025638],[-79.62831815374793,43.69800565775871],[-79.6298901983086,43.69688276897995],[-79.63033935415405,43.69800565775871],[-79.62876730869503,43.69912854694176],[-79.62854273167065,43.69980227996964],[-79.6294410433615,43.70070059101993],[-79.63056393207675,43.70025143587828],[-79.63101308702386,43.701149746693396],[-79.63033935415405,43.70182347973931],[-79.62539864165095,43.70182347973931],[-79.6245003308584,43.70137432521664],[-79.62562321957367,43.70092516927726],[-79.62697068710995,43.699353125242396],[-79.62697068710995,43.69800565775871],[-79.62607237631741,43.697556501912885],[-79.62427575293567,43.69890396909882],[-79.62270370927331,43.6982302357189],[-79.62180539758246,43.69688276897995],[-79.62315286511874,43.69620903627097],[-79.62337744214315,43.695310724176096],[-79.6224791313506,43.69441241291337],[-79.62113166381431,43.69486156892779],[-79.61978419807467,43.69620903627097],[-79.61731384182312,43.69508614697245],[-79.61708926390041,43.69463699069158],[-79.61843673143669,43.694187834943584],[-79.61843673143669,43.69328952374772],[-79.61911046430652,43.69261579093837],[-79.6186613093594,43.691717480227396],[-79.61731384182312,43.691717480227396],[-79.61641553103057,43.692840368949476],[-79.61529264231531,43.69306494611953],[-79.61349601893359,43.69553530183767],[-79.61259770814105,43.695310724176096],[-79.6126449891694,43.69510978767487],[-79.61349601893359,43.691492901908724],[-79.61426599820128,43.69110791235324],[-79.61439433062445,43.691043745996204],[-79.61574179726242,43.691492901908724],[-79.61664010895328,43.69059459126691],[-79.61596637518514,43.689471702069156],[-79.61529264231531,43.68924712378554],[-79.61529264231531,43.68857339103471],[-79.61686468597769,43.68812423469449],[-79.61708926390041,43.68745050232243],[-79.61664010895328,43.686776768229244],[-79.61529264231531,43.68655219024878],[-79.61380333618554,43.68548840093864],[-79.61372059685631,43.68542930072673],[-79.61346146793113,43.685584778891254],[-79.61259770814105,43.686103035013545],[-79.6116993973485,43.68857339103471],[-79.61102566358036,43.68924712378554],[-79.61125024060475,43.690370013290384],[-79.61035192981223,43.69306494611953],[-79.60855530822714,43.69598445788509],[-79.60855530822714,43.69665819116894],[-79.6081061523817,43.69665819116894],[-79.60181797413897,43.68542930072673],[-79.601798445663,43.68540977278995],[-79.60421347018462,43.685179771270285],[-79.60630952989831,43.68498014617822],[-79.60656866062011,43.684289136211525],[-79.60698326276813,43.68318352423709],[-79.60765699743457,43.68273436781537],[-79.60855530822714,43.68295894579693],[-79.6099027748651,43.68116232309203],[-79.61192397527122,43.6804885898369],[-79.61248541783222,43.68071316777955],[-79.61394517477902,43.68071316777955]]],[[[-79.6555613730475,43.722476308388316],[-79.6552674892023,43.722035482222125],[-79.65588725488313,43.722190423363394],[-79.6555613730475,43.722476308388316]]],[[[-79.64875473303684,43.72854823803432],[-79.6488637274269,43.72854823803432],[-79.64870797123474,43.728688524839036],[-79.64875473303684,43.72854823803432]]],[[[-79.60586037405288,43.66678934490869],[-79.60586037405288,43.66836138931416],[-79.60047050660268,43.67195463407779],[-79.59867388501758,43.670607166997485],[-79.59777557422504,43.671056323236705],[-79.5968772634325,43.6726283669941],[-79.5953052179735,43.6726283669941],[-79.59512657630115,43.672735552717995],[-79.59575437381892,43.674200411806005],[-79.59575437381892,43.67577245571993],[-79.59556073836616,43.67593381997334],[-79.5950214725146,43.67502916567588],[-79.59326302393919,43.67199303465387],[-79.59174431415354,43.66937167760484],[-79.59152486291617,43.66899049094198],[-79.59130539730573,43.668609308356075],[-79.59105033325723,43.66816578314131],[-79.59305943964466,43.66723849982717],[-79.6005012954607,43.664589749895036],[-79.60047050660268,43.664543566691215],[-79.6009196633464,43.6636452547536],[-79.60800282276784,43.66089070253398],[-79.61016270329088,43.659508392092725],[-79.61057650773495,43.6591537000986],[-79.61121829471662,43.65883280917349],[-79.61282228606377,43.65780623290851],[-79.61357594473937,43.65746367253531],[-79.61506806439259,43.65578503294393],[-79.6132714419092,43.65421298807096],[-79.61214855319393,43.65556045530339],[-79.6099027748651,43.65421298807096],[-79.60922904109695,43.654437566201175],[-79.60967819694238,43.65511129880246],[-79.60922904109695,43.65600960974465],[-79.6078815753573,43.65600960974465],[-79.60698326276813,43.65690792219673],[-79.60608495197559,43.656683344206265],[-79.60563579702847,43.65600960974465],[-79.60586037405288,43.65556045530339],[-79.60496206326032,43.65511129880246],[-79.60383917364676,43.65600960974465],[-79.6030060715607,43.655842989879204],[-79.6022671299844,43.65645876602575],[-79.60196770263558,43.656533622912846],[-79.6006950854237,43.65780623290851],[-79.59800015214775,43.65735707695779],[-79.59575437381892,43.65937827729836],[-79.59519457427658,43.65893043940042],[-79.5987626646188,43.65566628260045],[-79.59936768355591,43.655112752064866],[-79.599523693073,43.65496998511352],[-79.6017259013139,43.652954636182166],[-79.60631315280385,43.64882402645106],[-79.60653801728914,43.64862153932923],[-79.60750097893435,43.64775443575221],[-79.60826658520325,43.647065014806024],[-79.60877988614986,43.64747565404547],[-79.61057650773495,43.645903610071755],[-79.6116993973485,43.645679031881464],[-79.61237313021833,43.64433156525973],[-79.61439433062445,43.64253494331983],[-79.61521778210943,43.6433583962405],[-79.61596637518514,43.642759520912826],[-79.61630984783066,43.64301712639929],[-79.61664010895328,43.64186120875414],[-79.61619095310785,43.64118747573416],[-79.61753841974584,43.63961543167744],[-79.61763823155704,43.64031411946357],[-79.61776299677022,43.640064587047355],[-79.61753841974584,43.63894169817788],[-79.61821215261564,43.63826796492505],[-79.6181560079104,43.63812760369246],[-79.61776299677022,43.637145076286004],[-79.61911046430652,43.63579760874611],[-79.61900121030334,43.63570049548959],[-79.6180998721883,43.634899312124006],[-79.61708926390041,43.63400098711973],[-79.61731384182312,43.63310267599414],[-79.61798757469295,43.63265351994715],[-79.62023335302176,43.63422556475348],[-79.62045793094448,43.63422556475348],[-79.61978419807467,43.63355183128489],[-79.62023335302176,43.63287809806516],[-79.61955962015195,43.63197978705968],[-79.61978419807467,43.63130605312131],[-79.62127813142645,43.63014410901007],[-79.62180539758246,43.62973400932045],[-79.62194576024392,43.629762081613116],[-79.62292828719603,43.62995858599401],[-79.62337744214315,43.63063232008284],[-79.62472490878112,43.62906027491515],[-79.62560717835763,43.62888382110565],[-79.62562321957367,43.62883569683575],[-79.62478104809648,43.62782509452279],[-79.6245003308584,43.62748823089532],[-79.62292828719603,43.62658991995957],[-79.6220299764035,43.627039075154805],[-79.62090708678991,43.62636534175363],[-79.61933504222922,43.62726365279437],[-79.61911046430652,43.627937385880486],[-79.61843673143669,43.627937385880486],[-79.61843673143669,43.62748823089532],[-79.62168978889696,43.62440641041524],[-79.62197915421629,43.62413226996709],[-79.62197610084264,43.62413303338841],[-79.62168783236628,43.62440529194963],[-79.61866131205434,43.62726365409481],[-79.61776299677022,43.62748823089532],[-79.61686468597769,43.62658991995957],[-79.61727299991871,43.62577329315789],[-79.61731384182312,43.62569160795391],[-79.62080498966462,43.62258837819888],[-79.62113166381431,43.622098364200035],[-79.62000877509905,43.62187378612175],[-79.62023335302176,43.62232294078915],[-79.61978419807467,43.62299667527728],[-79.61821215261564,43.62299667527728],[-79.6186613093594,43.623670408067525],[-79.61843673143669,43.624344141760865],[-79.61596637518514,43.62658991995957],[-79.61529264231531,43.626253053311416],[-79.61506806439259,43.62614076400917],[-79.61501047968795,43.625795260099345],[-79.61484348557157,43.62479329682967],[-79.61423099893949,43.624538095941084],[-79.61214855319393,43.623670408067525],[-79.61192397527122,43.624119564268554],[-79.61164325354156,43.624175708882845],[-79.61080108565766,43.624344141760865],[-79.6121485513973,43.62569160860419],[-79.61237313021833,43.6259161860759],[-79.61214855319393,43.62681449667626],[-79.61147481942578,43.62726365279437],[-79.60922904109695,43.62569160795391],[-79.6081061523817,43.62681449667626],[-79.60630952989831,43.62658991995957],[-79.60576509873384,43.62615437638182],[-79.60541121910576,43.627039075154805],[-79.60586037405288,43.627712808157185],[-79.60675868574373,43.627937385880486],[-79.60765699743457,43.62748823089532],[-79.60967819694238,43.62861111986792],[-79.6101273518895,43.629509431157544],[-79.61080108565766,43.62973400932045],[-79.61125024060475,43.63108147498059],[-79.60870498821473,43.63302786142325],[-79.60743241861357,43.63400098711973],[-79.60675868574373,43.63579760874611],[-79.60563579702847,43.63669591989587],[-79.60586037405288,43.637594231269134],[-79.60614109488422,43.63787495459799],[-79.60630952989831,43.637818809126955],[-79.60675868484542,43.63849254351535],[-79.60698326276813,43.638717119966046],[-79.60922904109695,43.638717119966046],[-79.60900446407257,43.639166276200385],[-79.60653410782103,43.63961543167744],[-79.60608495197559,43.64028916477335],[-79.60653410782103,43.64118747573416],[-79.60765699743457,43.64141205381358],[-79.60675868574373,43.642310364887315],[-79.60698326276813,43.6429840983164],[-79.6081061523817,43.64343325385531],[-79.60709555128032,43.643433255155465],[-79.60653410782103,43.64343325385531],[-79.60610922894615,43.643129770961885],[-79.60527647181313,43.642534943969906],[-79.60496206326032,43.642310364887315],[-79.60493277009725,43.642105315948506],[-79.60481769141775,43.6412997648788],[-79.60473748533762,43.64073832095753],[-79.60494164724888,43.64043207778925],[-79.60507435267084,43.64023302025801],[-79.60518664118304,43.640064587047355],[-79.6042883303905,43.639166276200385],[-79.60451290831323,43.638492542865265],[-79.60140849238805,43.64201088861677],[-79.60024592957828,43.64365783199063],[-79.59876671871567,43.64336198980339],[-79.5987186130339,43.643292754524104],[-79.5986738796277,43.64323937820053],[-79.59860795316732,43.6431951924835],[-79.59853138256912,43.64314848382034],[-79.59841607931082,43.64313074736419],[-79.59827115590267,43.6431024076375],[-79.5981651349362,43.643100545841506],[-79.59803542629402,43.64308890246428],[-79.59788786992375,43.64308956618429],[-79.5978808190471,43.643089344510926],[-79.59675907658216,43.64196760040773],[-79.59675906400572,43.64196758805624],[-79.59882363058217,43.64076326831014],[-79.5968772634325,43.64141205381358],[-79.59597895084333,43.640513742960096],[-79.59642810668876,43.63939085403352],[-79.59800015214775,43.639166276200385],[-79.59800015214775,43.63804338679558],[-79.599123040863,43.637594231269134],[-79.59957219581011,43.63669591989587],[-79.6009196633464,43.63669591989587],[-79.60114424126913,43.63624676469936],[-79.60002135165557,43.63534845268637],[-79.59822472917216,43.63647134174207],[-79.59620352876603,43.63669591989587],[-79.59519292856298,43.63585375480547],[-79.59485606302638,43.63557303113591],[-79.5953052179735,43.63467472010388],[-79.59755099630233,43.63445014219819],[-79.59822472917216,43.633776409296836],[-79.59822472917216,43.63332725308387],[-79.59822472917216,43.6322043637942],[-79.59665268461146,43.630407742025454],[-79.59665268461146,43.62906027491515],[-79.5955297958962,43.62816196406514],[-79.59575437381892,43.62726365279437],[-79.59767452004378,43.62577020639301],[-79.59775878561068,43.62567062221246],[-79.5968772634325,43.62456871906449],[-79.59676497312365,43.623894986587516],[-79.59620352876603,43.623670408067525],[-79.5953052179735,43.624344141760865],[-79.59463148510366,43.623894985937234],[-79.59463148510366,43.62254751914047],[-79.59418232925823,43.622098364200035],[-79.59216112885211,43.62187378612175],[-79.59148739598231,43.62254751914047],[-79.59193655092939,43.623670408067525],[-79.59036450726703,43.62569160795391],[-79.58969077260056,43.6259161860759],[-79.58901703973075,43.625017875056386],[-79.58699584022294,43.625017875056386],[-79.58677126230023,43.62569160795391],[-79.58519921684123,43.62681449667626],[-79.58385175110158,43.62681449667626],[-79.58340259525613,43.6259161860759],[-79.58452548397139,43.62479329682967],[-79.58497463981685,43.62322125306266],[-79.58452548397139,43.62187379327506],[-79.58445062286721,43.62164920785489],[-79.5843009060487,43.62120005205593],[-79.58317801733344,43.620526318894115],[-79.58293302160263,43.62009758117653],[-79.58227970564256,43.61895427475422],[-79.5807076619802,43.620526318894115],[-79.58011814526994,43.620189453383894],[-79.58003392821206,43.620526318894115],[-79.58093223900461,43.62142463004968],[-79.58138139485003,43.62120005205593],[-79.58093223900461,43.622098364200035],[-79.5811568169273,43.62322125306266],[-79.58272886238632,43.624119564268554],[-79.58227970564256,43.625017875056386],[-79.5807076619802,43.62614076400917],[-79.58051711134212,43.62747462012521],[-79.5805114959733,43.62751392697006],[-79.58050668908821,43.62750976870374],[-79.5804801402783,43.62749264600685],[-79.58032784888819,43.627394424328315],[-79.58021782323219,43.6273163007369],[-79.58010267717907,43.62723536930724],[-79.57997409592257,43.627105795822345],[-79.57982964143497,43.6269666257726],[-79.57968915211106,43.62690346893633],[-79.57966922568143,43.62689894974252],[-79.57958477326494,43.62681449667626],[-79.57906982121484,43.626763001829154],[-79.57889396342156,43.62672311642481],[-79.57700177725992,43.626331057988494],[-79.57671507095384,43.62622728386952],[-79.57632088751222,43.62593071275688],[-79.57592154774086,43.625693693977695],[-79.57564557989569,43.62558223921211],[-79.57501062909333,43.62552700562318],[-79.57446407520985,43.625621280038594],[-79.574190513053,43.625786175376504],[-79.57393918958932,43.625887714681454],[-79.57378408467575,43.62593946647848],[-79.57217370540863,43.62614076400917],[-79.57202315136027,43.62634150750324],[-79.57174133278765,43.6264691969153],[-79.57145774183897,43.62655367257515],[-79.57138385989843,43.62657567434477],[-79.57097961712226,43.62668687172175],[-79.57063456973005,43.6268116544568],[-79.57022409803571,43.626969641599594],[-79.57004693499033,43.6270315889156],[-79.56960215394032,43.62698880295658],[-79.56920578130435,43.62693487634876],[-79.5685935659635,43.626833857707744],[-79.56837813648364,43.626889488045066],[-79.56798693455045,43.62717305871665],[-79.56769295817877,43.6275370773567],[-79.56766559639354,43.62760923149448],[-79.56757734500171,43.6278419017617],[-79.56749878194023,43.62795148226936],[-79.56744328132702,43.628019901629635],[-79.56738665602309,43.628054188983164],[-79.5672533684928,43.62811050093328],[-79.5670985977525,43.62816505590909],[-79.56701830004421,43.628181492421916],[-79.56695233315962,43.62821203176034],[-79.5668362402822,43.62821869466205],[-79.56645221139655,43.62825482725235],[-79.56591432086569,43.628238037034876],[-79.56522941295371,43.62825794184956],[-79.56510855271708,43.6282576681031],[-79.5646331400142,43.6282437154867],[-79.56444689949285,43.62819431560379],[-79.5642869823043,43.62815010061618],[-79.56403654008793,43.627966847908205],[-79.56393071315756,43.627869589999975],[-79.56386704685843,43.627847519128984],[-79.5638436637116,43.62780665714273],[-79.56382641336319,43.62773043212236],[-79.56382660111107,43.627627940083435],[-79.56383501922362,43.6274441044709],[-79.56378270223979,43.627339033095986],[-79.56378058491066,43.62726382705861],[-79.5637394160195,43.62720428327063],[-79.56353901804928,43.62688702817258],[-79.563463199341,43.62676324957261],[-79.5634526737808,43.62675258620049],[-79.56344002729823,43.626735665514246],[-79.56342650495826,43.62671362673918],[-79.56341991581566,43.626695323619096],[-79.56341664415139,43.62668488456981],[-79.56341543142575,43.626672674898366],[-79.5634159865846,43.6266493577157],[-79.56342511616283,43.62660282411157],[-79.56342869145766,43.62657881763981],[-79.56343318662735,43.626558467499876],[-79.5634336717176,43.6265380666337],[-79.56343741320076,43.62652273509274],[-79.5634403426069,43.62651045451134],[-79.56344572800703,43.62649521464833],[-79.56345314000643,43.626478546186],[-79.56345946863762,43.62646550480484],[-79.56346593201607,43.62644663849391],[-79.56346803676881,43.62643107739187],[-79.56346778164726,43.62640723471422],[-79.56347284545052,43.62637591415958],[-79.56347585480673,43.62633985651906],[-79.56347751309673,43.62631555212774],[-79.56348118540963,43.62629356716942],[-79.56348363152213,43.62627767570049],[-79.56349096896137,43.6262547316085],[-79.56349946163405,43.62623098509815],[-79.56350905025141,43.62620806894918],[-79.56351412842771,43.62618509752009],[-79.56351790045358,43.62616951359149],[-79.56351852657934,43.62615905559356],[-79.5635218970583,43.62614406143669],[-79.56352819874002,43.62611698819238],[-79.56353442586156,43.62609321301651],[-79.56353719896083,43.62607185351998],[-79.5635380721233,43.62605897916558],[-79.56476263755229,43.62569160795391],[-79.56492049310728,43.624586629419454],[-79.56494561808746,43.624591111721806],[-79.56502754264474,43.624597773074115],[-79.56507252308766,43.62459496326328],[-79.56512690080675,43.624587776493584],[-79.56517834911969,43.62457379506371],[-79.56521425029003,43.624561871081795],[-79.56526281051934,43.62453885415507],[-79.56529572658798,43.62452239713808],[-79.56534438922525,43.62449487967946],[-79.56538218943408,43.62446835647114],[-79.56542640002078,43.62443290568928],[-79.56545995299496,43.62438944875177],[-79.56548915542822,43.62433356574623],[-79.56550869558228,43.62429330677438],[-79.56552665739638,43.62425414478504],[-79.56553718026163,43.62421278354766],[-79.56554164668522,43.6242047032573],[-79.56554696022013,43.624192006027556],[-79.56555287652459,43.624180684773194],[-79.56555756662868,43.624168436877206],[-79.56556283794278,43.624157561705914],[-79.56556947649273,43.62414214697305],[-79.5655753344067,43.62412950630395],[-79.56558003349394,43.62412039922011],[-79.56558662802644,43.62410680654535],[-79.56559650140973,43.62408732693589],[-79.5656018257244,43.62407463033165],[-79.56561029324429,43.62406151819936],[-79.56561556904997,43.624050643008744],[-79.56562167579726,43.62403653334985],[-79.56562747262578,43.62402526798979],[-79.56563346618536,43.624010299311685],[-79.56563749333277,43.62399940850517],[-79.56564607404037,43.623981738577115],[-79.56565334769924,43.623965877710184],[-79.5656586064369,43.62395591288807],[-79.5656635732221,43.623940330332374],[-79.56566746472392,43.62392639427124],[-79.56567159427927,43.62391094826589],[-79.5656731474664,43.62389820350398],[-79.56567532408434,43.6238859243372],[-79.56567489558795,43.62387725745358],[-79.56567641463909,43.62386633475944],[-79.56567599153259,43.62385766722274],[-79.56567679642309,43.62384882866198],[-79.56567510579372,43.62384215877313],[-79.56567280430997,43.623833014579944],[-79.56566986861561,43.623824315825175],[-79.56566819595254,43.623815632675715],[-79.5656633315753,43.62380919363156],[-79.56564976611618,43.62379899273283],[-79.56564320392303,43.62379157046753],[-79.56588552716589,43.623670408067525],[-79.56588552716589,43.62286775399791],[-79.56591188553296,43.62280939458177],[-79.56593372717076,43.622771747448034],[-79.56593126399025,43.622758562849526],[-79.5659257950468,43.622731882155556],[-79.56590418607264,43.62269908157868],[-79.5658870623867,43.62264859570728],[-79.56588552716589,43.62263510284438],[-79.56588552716589,43.62254751914047],[-79.56655926093401,43.622098364200035],[-79.56700841588112,43.62232294078915],[-79.56678383795843,43.62164920785489],[-79.56813130459639,43.62007716316045],[-79.56925419420996,43.62007716316045],[-79.56925419420996,43.61970286848804],[-79.56902961628724,43.619403429771786],[-79.56905367856045,43.619363326828115],[-79.56813130459639,43.61917885203207],[-79.56745757172655,43.6178313861882],[-79.56925419420996,43.61581018478357],[-79.56880503836453,43.61423814091045],[-79.56925419420996,43.61356440713431],[-79.57015250500251,43.61333982969953],[-79.5699279270798,43.61244151872846],[-79.57052680154037,43.61184264553163],[-79.57060166084793,43.61154320669692],[-79.57088238257758,43.61126248655735],[-79.57105081579503,43.61042031827703],[-79.57194912838422,43.60997116315299],[-79.57255869459331,43.61073312360257],[-79.57320412065022,43.61097515818244],[-79.57385803937983,43.61075718518312],[-79.57414998915222,43.61046523445048],[-79.57397032789201,43.60974658595923],[-79.5737457499693,43.60997116315299],[-79.57217370540863,43.60997116315299],[-79.57082623877065,43.60929742905604],[-79.57060166174624,43.60952200792689],[-79.57015250500251,43.61019574080907],[-79.56992792887641,43.61019574080907],[-79.56970335005539,43.61042031827703],[-79.56835588341742,43.61019574080907],[-79.56431348260519,43.61244151872846],[-79.56588046875251,43.61338171287558],[-79.56581366463809,43.61338728931872],[-79.56576374795269,43.61338582008799],[-79.56567744590502,43.61339051395172],[-79.5656766158617,43.61339062256682],[-79.565615931071,43.61340503910654],[-79.56554711562868,43.613420185379844],[-79.56549604730307,43.61342877897611],[-79.56548187817612,43.613431165254894],[-79.5654038612903,43.61344282868712],[-79.56533414573606,43.61344700678771],[-79.56530774514816,43.613447222716964],[-79.56525290569502,43.61344766888398],[-79.56519180588266,43.613446012992945],[-79.56515204734649,43.6134438719115],[-79.5651095237959,43.61343713257749],[-79.56506535004011,43.6134301311357],[-79.5649689410472,43.613417092777524],[-79.56494604119398,43.61341472731062],[-79.56492305869575,43.61341208672885],[-79.5649007687986,43.61340930045966],[-79.5648753365946,43.61340525308474],[-79.56484821106628,43.61340076344451],[-79.56482755700127,43.613397158334074],[-79.56480601001084,43.61339253016021],[-79.5647822334019,43.613387023309265],[-79.5647196199283,43.613372987243395],[-79.56465752029101,43.61335163753608],[-79.56461073603101,43.613335473384495],[-79.56456207429207,43.61331311946068],[-79.56452164920597,43.613295093229624],[-79.56447244937618,43.6132720401203],[-79.56439487625813,43.61322901673143],[-79.56433112551736,43.61319236910483],[-79.56426313922003,43.61315642387972],[-79.56422146996726,43.613134183057625],[-79.56417916830053,43.61310982584892],[-79.56413432440156,43.61306917693009],[-79.56410359303568,43.613035576300604],[-79.56407449211204,43.61299557382336],[-79.5640352222594,43.612940648664946],[-79.56399812812637,43.61287183361251],[-79.5639667616516,43.612814569516836],[-79.56394780360584,43.61274808664306],[-79.5639460833321,43.61264919502909],[-79.56394684420513,43.61262520314771],[-79.56394918880802,43.612598536818545],[-79.56395381243676,43.612567757355976],[-79.56396031264617,43.61253566927466],[-79.56397567383753,43.61249735685321],[-79.56399576825213,43.612462607948494],[-79.564028192044,43.612415757024756],[-79.56407489815055,43.61237609169325],[-79.56414821954236,43.61233150930193],[-79.56417516450932,43.61231259627937],[-79.56419982595881,43.612288404590345],[-79.56424823886441,43.61226763270539],[-79.56437760974006,43.6122111225014],[-79.56447278354946,43.61214432156373],[-79.56455439010313,43.61211135065876],[-79.5646616579312,43.612072523497346],[-79.56475177692052,43.612039662471325],[-79.56481636039955,43.61200647687533],[-79.56487678108556,43.61197014199909],[-79.56494152176978,43.61193078206431],[-79.56501044051838,43.611894555760145],[-79.56507085581448,43.611858220816245],[-79.56511232294632,43.611834962928484],[-79.5651570842003,43.61180985592476],[-79.56523435997597,43.611779926140834],[-79.56527480572333,43.611763272460394],[-79.56531812158802,43.611745432431796],[-79.5653488897848,43.611732251919456],[-79.56537825930471,43.611716995952484],[-79.56537988256044,43.61171603985279],[-79.5654069236471,43.61170015428663],[-79.56543801703405,43.61168265830533],[-79.56546756891196,43.611666241997014],[-79.56549483727238,43.61165034731204],[-79.56551444569841,43.611636569053154],[-79.56551831384402,43.61163440579334],[-79.56552757188135,43.61162736836928],[-79.56553882148366,43.61161622946508],[-79.56554698537296,43.611607252518766],[-79.56555904076407,43.61159391847959],[-79.56557417917323,43.61157803808449],[-79.56559041352706,43.6115634058212],[-79.5656147425999,43.61154129123993],[-79.56565250777444,43.61151190701649],[-79.5656722248966,43.61149716416739],[-79.56569467379555,43.61147983007923],[-79.56570273707354,43.611474485655776],[-79.5657085770212,43.611471087260426],[-79.56572027488285,43.61146567194147],[-79.56573034859044,43.611460626705686],[-79.56573519140812,43.61145768749956],[-79.56573729166925,43.611456089440296],[-79.56574048787505,43.61145364779821],[-79.56576989692081,43.61143111691355],[-79.56580672066094,43.61140275118044],[-79.56584743590287,43.61137018377457],[-79.56587511120016,43.611344668118086],[-79.56590287812558,43.61131073221318],[-79.56590416990295,43.61130915301201],[-79.56593334448844,43.61126851328269],[-79.56596877045,43.61122475089185],[-79.56600861971597,43.61118040634886],[-79.56605789949585,43.61113286954009],[-79.56610516794778,43.61110236900566],[-79.56614291515601,43.61107707632787],[-79.56619004526739,43.611047611876565],[-79.5662346133836,43.61101994776094],[-79.56627831642217,43.61099289242177],[-79.5663127012363,43.61097344563717],[-79.56632856817917,43.61096447119664],[-79.56637060843616,43.61094619385131],[-79.56641762985137,43.61092612070053],[-79.56645331452772,43.610912262274496],[-79.56649361205304,43.61089874986698],[-79.56654863925411,43.610880333312465],[-79.56658864662359,43.61086672658734],[-79.56661302510378,43.610858975565705],[-79.56662949212124,43.610853743609255],[-79.5666938653945,43.61083544736825],[-79.56670926790838,43.61083305057975],[-79.56673865359794,43.610829661904404],[-79.566778434592,43.61082390115595],[-79.56680086552463,43.61082237462578],[-79.56680951360588,43.61082179120119],[-79.56685279982614,43.610813563417565],[-79.5668627298033,43.610812254126664],[-79.56688738316795,43.610808990980814],[-79.56691162420589,43.610804288460166],[-79.5669445321897,43.61079677678428],[-79.56694802124628,43.61079597742066],[-79.56698447667712,43.61078516162022],[-79.56703139029452,43.610769473535356],[-79.56707152791972,43.61074868746699],[-79.56709956972963,43.610728998647716],[-79.56713318738252,43.610698907022005],[-79.56716404091927,43.61066649988852],[-79.56718791903783,43.61063742743916],[-79.56720404828876,43.610611322841756],[-79.56722906277618,43.61057406742833],[-79.56724174968294,43.61054792377823],[-79.56725256180569,43.61052802285604],[-79.56726173360472,43.61050433842803],[-79.56727100242185,43.610476789837506],[-79.56728082639778,43.610445711395904],[-79.56729331298023,43.61040829522562],[-79.56729841810599,43.610385160357396],[-79.56729910082561,43.610382064346894],[-79.56729455355364,43.61035570857554],[-79.56728498469923,43.61032302547781],[-79.56728206876781,43.61031744614884],[-79.56727179383759,43.61029780401884],[-79.56724989111434,43.61027623597839],[-79.56723557646029,43.61024950551655],[-79.56723680355897,43.61023831172154],[-79.56727814043508,43.60986207021382],[-79.56723265064741,43.609566799888434],[-79.5672184914019,43.60947490234475],[-79.56721344197167,43.60946084975545],[-79.56720008671836,43.609415214754094],[-79.56719535708838,43.609393758922074],[-79.5671927834151,43.6093848193692],[-79.56718781483326,43.60935736262744],[-79.56718268455467,43.60933689868619],[-79.56717936527969,43.60932220538735],[-79.56717565523758,43.609307500377064],[-79.56717041895779,43.60929006288921],[-79.56716358098184,43.609268259680576],[-79.56715441367436,43.60924328559495],[-79.56714469390297,43.60921343648859],[-79.56713505497999,43.60918685710585],[-79.56712658296856,43.609165415501955],[-79.56711516897455,43.609139040985305],[-79.56710193589211,43.60911687217684],[-79.56725436023288,43.60903351678546],[-79.56720641265458,43.60901627239798],[-79.56714135037352,43.60899231614226],[-79.56704926587035,43.60895621555395],[-79.56694006217286,43.608913405023166],[-79.56680567600297,43.60885791871057],[-79.56672295374172,43.60882626054155],[-79.56660919199244,43.60878880303655],[-79.56659831429268,43.608791443170894],[-79.56653661171076,43.60878753272797],[-79.56646117388814,43.60878494788082],[-79.56634991394695,43.60878652064387],[-79.56628800834577,43.60878394685414],[-79.566198095969,43.608779013269086],[-79.56615568021621,43.60877543064697],[-79.56617136839434,43.60875766908576],[-79.56632834449866,43.60857995691991],[-79.566313794486,43.6085767528432],[-79.56630094408585,43.60857376081032],[-79.5662880218205,43.60857085788786],[-79.56627710998474,43.608568247013736],[-79.56627100772901,43.60856683425365],[-79.56625276384392,43.60856198781],[-79.5662349601333,43.608556992414705],[-79.56621983160558,43.60855311838128],[-79.56620836101773,43.60855062978947],[-79.56619046118739,43.6085473905873],[-79.56617500926617,43.608544618402455],[-79.56616918638652,43.60854370973465],[-79.56616376505376,43.60854323816395],[-79.56615971275353,43.6085433708542],[-79.56615564967348,43.60854393934072],[-79.56614946836602,43.60854563764547],[-79.56614432910428,43.60854745693242],[-79.56613364274567,43.60855169586425],[-79.5661252524809,43.60855561347739],[-79.56612205717344,43.60855698200763],[-79.56611081026608,43.60856179658004],[-79.56610270207233,43.60856575712166],[-79.56609435941829,43.608569311787285],[-79.56608921656328,43.608571508980255],[-79.56607503935147,43.608577249780794],[-79.56606377268119,43.608581638962626],[-79.56605446074494,43.608585541613635],[-79.5660447490584,43.60858916912753],[-79.56603167318113,43.60859363636146],[-79.56601914347955,43.60859716045464],[-79.56600846790072,43.60860004191126],[-79.56599456287843,43.60860321671693],[-79.56597598302342,43.608609016054146],[-79.56596296373999,43.60861353857413],[-79.5659562227821,43.608616648985404],[-79.56595091463709,43.60861935156968],[-79.56594531903119,43.608622904931224],[-79.56593598284043,43.60862908022167],[-79.56592533960095,43.608635433732346],[-79.5659154922688,43.60864122396034],[-79.56590433159971,43.60864718460332],[-79.56589370991979,43.608652386180964],[-79.56588309722304,43.608657216356335],[-79.56587540764419,43.60866008024812],[-79.56586935749075,43.60866123217915],[-79.56586015245405,43.608661689439145],[-79.56584572371395,43.6086616991958],[-79.56583206932162,43.608661906036],[-79.56582183751055,43.60866196912878],[-79.5658094991501,43.60866200490305],[-79.56579847951652,43.608661866359114],[-79.56578509282215,43.60866226768122],[-79.56577089944066,43.60866323553739],[-79.56575733757482,43.60866472244546],[-79.56574899851405,43.608666263340034],[-79.56573518511992,43.608669190974666],[-79.56572200503807,43.60867212316224],[-79.56570740022819,43.60867515291574],[-79.56569295172517,43.60867829909804],[-79.56568056934728,43.60868090021082],[-79.5656692927955,43.60868339855378],[-79.56566040396578,43.60868535052646],[-79.56565210263425,43.60868696426994],[-79.56563861892184,43.60868920113549],[-79.5656217907816,43.60869109326745],[-79.56560557259748,43.60869172874798],[-79.5655876359362,43.60869192127843],[-79.56556894469007,43.60869275059025],[-79.56555637905588,43.60869237268422],[-79.56553618852156,43.60869001613772],[-79.5655217741545,43.60868773178999],[-79.56550334701308,43.60868413290141],[-79.56548940605819,43.60868095094517],[-79.56547917334878,43.6086787875791],[-79.56546084502203,43.608670990744635],[-79.56544370875969,43.608661522926255],[-79.565422557028,43.60865074706936],[-79.56540771955446,43.6086421514895],[-79.56539287219944,43.60863246381746],[-79.56537692350987,43.60862325942177],[-79.56535636197135,43.60861207052765],[-79.56533810550984,43.60860091415352],[-79.56532213256575,43.60859145803207],[-79.56530443036478,43.608581568064466],[-79.56529350415597,43.60857436832311],[-79.56527533752597,43.608563961901645],[-79.56525993501212,43.60855494092022],[-79.5652456868334,43.60854673819375],[-79.56530482292855,43.60847979724344],[-79.5652554730801,43.60846643909491],[-79.56513573753419,43.60844314282025],[-79.5650163667043,43.60841898990226],[-79.56495649758386,43.60840734370819],[-79.56489663295503,43.60839570076408],[-79.56488129961144,43.60838709864332],[-79.56484379764329,43.608363998772056],[-79.56483134160354,43.6083546297729],[-79.56481457544709,43.60834354229814],[-79.56476648503667,43.608269432565216],[-79.56472926154625,43.608183552268336],[-79.5647087242622,43.60809423943949],[-79.56471648121469,43.60803331397748],[-79.56476568553606,43.60792315924301],[-79.56482000576297,43.607856914880806],[-79.56482875715048,43.6078461447338],[-79.56487475987616,43.60778953150699],[-79.56494623523007,43.607713846349064],[-79.56501771148227,43.60763816499858],[-79.56509261121403,43.607563549645086],[-79.56517205103124,43.60749034893583],[-79.56524124825758,43.60741396156107],[-79.5653058892288,43.60733615999939],[-79.56536256124511,43.60725588400178],[-79.56535805080406,43.607227950154034],[-79.56534719915545,43.607214034286166],[-79.56527813218483,43.60716273795228],[-79.56518439567988,43.6071035781903],[-79.56507948862438,43.607055199067986],[-79.56491430730824,43.606990182467094],[-79.56476192249333,43.60693538711981],[-79.56463860177114,43.6070968537567],[-79.56463639191553,43.607095788957096],[-79.56463311845464,43.60709444055781],[-79.56463043878014,43.607093527965326],[-79.56462640893777,43.60709227843561],[-79.5646232657326,43.60709169497477],[-79.56462097143536,43.60709166960692],[-79.56461875079998,43.6070920741918],[-79.5646155779504,43.60709280140379],[-79.56461117351056,43.607094820425274],[-79.5646067789522,43.60709640038756],[-79.56460013231741,43.607097847656405],[-79.56459201603882,43.607097961486566],[-79.56458601619103,43.60709745087709],[-79.56457810203337,43.60709549299877],[-79.56456719738414,43.607092625780126],[-79.56455930029449,43.60709001289046],[-79.56455288811999,43.607087641320575],[-79.56454762758568,43.60708563400712],[-79.56453830217471,43.60708239082328],[-79.56452713791235,43.60707833586755],[-79.5644999387222,43.607068024804626],[-79.56448537253986,43.60706285040925],[-79.56447347704886,43.60705825296991],[-79.56446665614091,43.607055588692546],[-79.56445842577627,43.60705236957402],[-79.56444725612403,43.607048310713495],[-79.56443753994593,43.60704463041957],[-79.56443194164507,43.607043313891616],[-79.56442680238334,43.60704306931919],[-79.56442068755119,43.60704281238811],[-79.56441452510835,43.60704433446095],[-79.56440643398258,43.60704441251598],[-79.56439691184056,43.607043403654856],[-79.56438861679723,43.607041873126015],[-79.56438302119133,43.607040203398995],[-79.5643797746799,43.607039355851505],[-79.56437654164318,43.607038400978404],[-79.56431981482962,43.607021769401534],[-79.5641957233529,43.60700907764954],[-79.56403473896579,43.60698076121722],[-79.56389466466355,43.60696340306133],[-79.56383654815623,43.60694792733031],[-79.56363060937734,43.60690800211148],[-79.56346277353954,43.60689109860623],[-79.56340092183729,43.60688886947932],[-79.56333297416752,43.60688806616098],[-79.56319734113603,43.60687068391134],[-79.56309571832121,43.60685582869578],[-79.56280435245372,43.606817594614284],[-79.56255508972532,43.606741288993796],[-79.56248079545807,43.60668610314242],[-79.56241497949047,43.606577414036984],[-79.56236153242601,43.60647755154055],[-79.56229458547946,43.606398931132645],[-79.56224999849864,43.60637252548146],[-79.56209511996052,43.606300831104186],[-79.56191663190008,43.606205926662916],[-79.56182964803111,43.60616872250956],[-79.56163008818906,43.6060833667437],[-79.56143055439817,43.60602874684763],[-79.56109081335433,43.60594604935553],[-79.5608563898961,43.60589532630612],[-79.5606789555595,43.60581438555487],[-79.56063513214669,43.6057927489081],[-79.56052907075602,43.60571711132412],[-79.56050787410858,43.605605131671155],[-79.56056047855331,43.60548909284402],[-79.5605199124317,43.60540109387925],[-79.56049097859473,43.60538686861247],[-79.56111127787483,43.60481688336082],[-79.5604509227162,43.605367174785584],[-79.5604025987438,43.60534341612247],[-79.56027247328332,43.6053096797804],[-79.5601633387561,43.60528255682485],[-79.56005536215726,43.605211213057274],[-79.559958057544,43.60514691129111],[-79.55981701485787,43.60505371318987],[-79.55963113905253,43.604930884876154],[-79.55945316033689,43.60481327643485],[-79.55900615595655,43.60449122293511],[-79.55916813927027,43.604383988906726],[-79.55914917852957,43.60437164460896],[-79.5590485528447,43.60430612488216],[-79.5591481930777,43.60390756170279],[-79.5607074617984,43.60252157280323],[-79.55876257417398,43.60385227827975],[-79.5581569910949,43.60352061115099],[-79.5580033675032,43.60343647196092],[-79.5573515705943,43.60278467319313],[-79.55757614941534,43.60188636199665],[-79.55667783772446,43.599865162040416],[-79.55712699267158,43.59896685083822],[-79.55780072733803,43.59874227289367],[-79.55757614941534,43.59829311774271],[-79.55802530436243,43.59761938425949],[-79.55892361605329,43.5973948058396],[-79.56004650387023,43.59806853988578],[-79.55937277100043,43.59717022918379],[-79.55959734892313,43.59627191678109],[-79.56027108179295,43.59582276205656],[-79.56072023763838,43.596047339837895],[-79.56131911209896,43.59544846475924],[-79.5611693925855,43.596047339837895],[-79.56161854932925,43.595373605931215],[-79.5611693925855,43.594699872939],[-79.56139397140653,43.59425071689013],[-79.56072023763838,43.59357698368778],[-79.5611693925855,43.59267867294602],[-79.56091509210498,43.59253335882761],[-79.55959734892313,43.59178036115723],[-79.55931251740103,43.59135311664739],[-79.55869903813058,43.590432895009144],[-79.5591481930777,43.589759160707146],[-79.56004650387023,43.58953458418378],[-79.56386432675977,43.59245409495462],[-79.56498721637332,43.59222951677583],[-79.56566094924317,43.593127827715904],[-79.56633468301129,43.593127827715904],[-79.56723299380384,43.593801562043126],[-79.56724702998015,43.59385770633835],[-79.56745757172655,43.59402613890978],[-79.56858046134012,43.59402613890978],[-79.56880503836453,43.593127827715904],[-79.56947877213267,43.59267867294602],[-79.57015250500251,43.593127827715904],[-79.5711958568825,43.59282972836626],[-79.57338618580212,43.591017053264174],[-79.57464406076184,43.589759160707146],[-79.5737457499693,43.58863627231348],[-79.5737457499693,43.587064228114734],[-79.57441948283915,43.58616591711524],[-79.57374574188447,43.58526759856611],[-79.57307201709948,43.584369293940846],[-79.57397032789201,43.58279725022769],[-79.57239828333135,43.58167436080496],[-79.57217370540863,43.581000626729384],[-79.57262286125405,43.58032689422483],[-79.57352117204658,43.58010231569865],[-79.57441948283915,43.58055147191328],[-79.57651549853537,43.58212351570349],[-79.57666526116797,43.58212351570349],[-79.57980935028934,43.58459387216726],[-79.58093223900461,43.58369556074194],[-79.58003392821206,43.581898939323835],[-79.57801272780593,43.581449782749814],[-79.57778814988323,43.58077605006554],[-79.57868646067577,43.57965316068861],[-79.57776696132062,43.578996377814924],[-79.57666526116797,43.579877738287074],[-79.57554237155439,43.57965316068861],[-79.57397032789201,43.57763195974913],[-79.57418017793566,43.57658270633932],[-79.57304272124144,43.57596227460293],[-79.57284743917675,43.57605991582515],[-79.57307201709948,43.576509072258965],[-79.57262286125405,43.57718280518331],[-79.57105081579503,43.57785653772794],[-79.57015250500251,43.577407382885035],[-79.5699279270798,43.576509072258965],[-79.5703271761213,43.575710574099254],[-79.57015250500251,43.57583533830434],[-79.56947877213267,43.575610759945945],[-79.56902961628724,43.57493702700422],[-79.56909871739384,43.574660624686075],[-79.56902961628724,43.574487871210025],[-79.56919294617558,43.57428371033035],[-79.56925419420996,43.57403871597062],[-79.5695910624415,43.57378606504239],[-79.5699279270798,43.57336498171144],[-79.56858046134012,43.57291582720862],[-79.56880503836453,43.57336498171144],[-79.56813130459639,43.57426329368369],[-79.56700841588112,43.57426329368369],[-79.56543637221876,43.57583533830434],[-79.56363974883705,43.57493702700422],[-79.56386432675977,43.57583533830434],[-79.56341517091434,43.576509072258965],[-79.56251686012178,43.57673364921947],[-79.5611693925855,43.57583533830434],[-79.55959734892313,43.577407382885035],[-79.55847446020786,43.576509072258965],[-79.5591481930777,43.575386182702374],[-79.5591481930777,43.57426329368369],[-79.55824988228515,43.57381413807089],[-79.55802530436243,43.57314040520418],[-79.56049565971566,43.57067004870431],[-79.56161854932925,43.56999631515961],[-79.56229228219907,43.57022089297743],[-79.56161854932925,43.56932258188882],[-79.56229228219907,43.567750537788974],[-79.5618709480763,43.566697202283514],[-79.56204080242854,43.5664593688254],[-79.56206851365843,43.56636269229012],[-79.56211507693287,43.566294545159145],[-79.562189974868,43.566266689280354],[-79.56223699358827,43.56624076460769],[-79.56229546043855,43.56617797294614],[-79.56229211331579,43.566151468282975],[-79.56231890646745,43.56611623372591],[-79.56235893270158,43.56609782559482],[-79.56249242055617,43.566077615112405],[-79.56253088821325,43.56605183355671],[-79.562607232436,43.56596570554544],[-79.56266677187472,43.56589228304512],[-79.56272822652161,43.56584904156953],[-79.56280646349467,43.565809867563466],[-79.56331511565966,43.56552043840682],[-79.56346743399925,43.565412415030465],[-79.56351159607694,43.56537274344604],[-79.56355255925389,43.56531098387318],[-79.56358311904152,43.5650713640462],[-79.56356019403547,43.564922417579],[-79.56354551197047,43.564859939585766],[-79.56354245320695,43.564791102737416],[-79.56352972048609,43.56473330208944],[-79.56351034113048,43.564684253608156],[-79.56347965288374,43.56463255910969],[-79.56342959426453,43.56458103510723],[-79.56340037206833,43.56455625792804],[-79.56338079957493,43.56453966277767],[-79.56339022290226,43.56453158553647],[-79.56363974883705,43.56415729284302],[-79.5638268966568,43.56415729284302],[-79.56408890468246,43.563932715199385],[-79.56521179429605,43.56415729284302],[-79.56539297370907,43.5637949345058],[-79.56590841803596,43.563665699523234],[-79.56595867158956,43.563628351251616],[-79.56597525538803,43.56361033161517],[-79.56602975797293,43.56359568898863],[-79.56615583742138,43.56345901605735],[-79.56632852326341,43.56329295066665],[-79.56637178612748,43.56328684558069],[-79.56643990268053,43.56332188195681],[-79.56656645015123,43.5632471745492],[-79.56666514984813,43.56316531525089],[-79.56688695197661,43.56288796907812],[-79.56691257372516,43.56284177345004],[-79.5669386958353,43.5627946762391],[-79.56700841588112,43.56263181488949],[-79.56701512270304,43.562616148098485],[-79.56704785461704,43.56239549704499],[-79.56706179377531,43.56232864470597],[-79.56707107067724,43.562284150212214],[-79.56706496572657,43.56220226747324],[-79.56702379683543,43.56215656929132],[-79.56703133370065,43.56210923395003],[-79.56705515702198,43.56205506690653],[-79.56713462828024,43.5619743047847],[-79.56721879054089,43.56185968421259],[-79.567316433819,43.56169238737493],[-79.5674248604738,43.561467037627814],[-79.56754003976458,43.56132142749499],[-79.56780984516692,43.560891793271985],[-79.56788097017785,43.56079980576807],[-79.56798850121231,43.56063454284158],[-79.56823353018078,43.56027240677614],[-79.5682416186116,43.56023549645283],[-79.56820983801346,43.56017512142382],[-79.56823165809172,43.560148635601344],[-79.56825118746599,43.56014040935139],[-79.56832918548717,43.56016760668237],[-79.56844301281345,43.56006234226735],[-79.56857334488646,43.55998147787624],[-79.56864060803998,43.55988947791598],[-79.56873130823928,43.559773657546714],[-79.56887101153731,43.55961518859559],[-79.56888726385743,43.55958807694346],[-79.56899771351823,43.55947478437262],[-79.56915099575012,43.55934963735319],[-79.56921855265276,43.559283713179234],[-79.56925419420996,43.55925401114829],[-79.56925419420996,43.55951602087246],[-79.56925419420996,43.56015232527304],[-79.56925419420996,43.56033946970511],[-79.56958444724775,43.5605376226123],[-79.5703770829252,43.56101320385546],[-79.5701912250862,43.561245527663715],[-79.5696630426486,43.561905756913916],[-79.56947877213267,43.56213609320334],[-79.57015250500251,43.56325898180176],[-79.56925419420996,43.563932715199385],[-79.5699279270798,43.5652801821722],[-79.56858046134012,43.5652801821722],[-79.56813130459639,43.565953915096],[-79.56835588341742,43.56662764894611],[-79.56745757172655,43.56752595987252],[-79.56768214875096,43.5684242710706],[-79.56835588341742,43.56887342717809],[-79.56970335005539,43.567750537788974],[-79.57082623877065,43.5681996930626],[-79.57149997164048,43.56797511486809],[-79.57194912838422,43.566852226306395],[-79.57464406076184,43.56797511486809],[-79.5749730947858,43.56768264412027],[-79.57486863868456,43.56752595987252],[-79.57531779363167,43.56662764894611],[-79.57486863868456,43.565729336990145],[-79.57509321660727,43.565055604158275],[-79.57621610622085,43.56460644822238],[-79.57666526116797,43.565055604158275],[-79.576856974226,43.56502821636369],[-79.57688983909067,43.564831025958036],[-79.57823730572865,43.564831025958036],[-79.57846188365137,43.564831025958036],[-79.5791356174195,43.56415729739946],[-79.5791356174195,43.563034404063984],[-79.58025850613477,43.561462359241816],[-79.57980935028934,43.56123778196717],[-79.57846188365137,43.56191151518539],[-79.5775635719605,43.56101320385546],[-79.57778814988323,43.56033946970511],[-79.57711441701339,43.56056404772438],[-79.57621610622085,43.559665737134395],[-79.57666526116797,43.55809369229585],[-79.57778814988323,43.55741995869965],[-79.5775635719605,43.5571953819812],[-79.57681497978312,43.556446789695684],[-79.57666526116797,43.55629706999238],[-79.5767294269304,43.55610457668347],[-79.57688984268394,43.55562333388523],[-79.5771781461946,43.554758421371154],[-79.5774376173779,43.55468444681487],[-79.57775276614251,43.554578648093965],[-79.57791651284911,43.55449914414991],[-79.57805021450275,43.55442698889632],[-79.57839322900746,43.554188602448974],[-79.57857863948547,43.55405974659349],[-79.57864250880385,43.55399399566567],[-79.5786918119399,43.55395356006267],[-79.57873397526608,43.553942509439295],[-79.57877868262115,43.55394020934166],[-79.57882256442446,43.55394683229444],[-79.5788623157741,43.553961880254995],[-79.57890038547752,43.55398942216661],[-79.57891845059788,43.55401296673136],[-79.57892537750705,43.554049875658194],[-79.5789176466057,43.55408045849524],[-79.5788982807248,43.55410818068815],[-79.57893490144569,43.554157443505204],[-79.57900278892834,43.55419357761825],[-79.57908898946638,43.55418710052327],[-79.57927374776749,43.554154071820236],[-79.5793563038404,43.55413406435863],[-79.57942888322381,43.55411041762936],[-79.57951154619623,43.55405888983649],[-79.57969567298171,43.55392516593294],[-79.57974118792221,43.553856223492865],[-79.57979198136333,43.55381215502873],[-79.5798511839338,43.55377841584192],[-79.58028575293565,43.55337755908086],[-79.58048308405748,43.55337755908086],[-79.5807076619802,43.55337755908086],[-79.5817353382585,43.552349886651584],[-79.5818058982291,43.55237340321079],[-79.5818374946726,43.552373291230275],[-79.58186993912571,43.55235748960873],[-79.58207458612723,43.55214890534231],[-79.58219243521104,43.55202273137096],[-79.58230859905537,43.55190999099311],[-79.58222706257027,43.551862421034805],[-79.58241683526732,43.551693962949],[-79.5824005829472,43.55168463786292],[-79.58250428356529,43.55158093614172],[-79.58362717317885,43.55158093614172],[-79.58475006189411,43.55225466991685],[-79.58542379476393,43.55135635914722],[-79.58677126230023,43.55135635914722],[-79.58766957309277,43.55225466991685],[-79.58722041814566,43.55158093614172],[-79.58789415101549,43.550458046707305],[-79.58677126230023,43.54955973585303],[-79.58607448674505,43.55014038487768],[-79.58563938414393,43.549914496457035],[-79.58554663668411,43.54990272890937],[-79.58549395228933,43.54992448721652],[-79.58542802582893,43.54995988619907],[-79.58541825665021,43.5499565012577],[-79.58528373752968,43.54990455127126],[-79.58519234293267,43.54985564437198],[-79.58503038746673,43.54973469245315],[-79.585001574004,43.5497450074791],[-79.58494795086973,43.549781001000774],[-79.58475561438088,43.54967774524824],[-79.58426410207151,43.54935878560624],[-79.58422096676817,43.54934062106836],[-79.58412119897442,43.549308483645454],[-79.58405722904472,43.54930716910991],[-79.5839482310614,43.54929640020441],[-79.58388660214132,43.5492845439888],[-79.58384074853596,43.5492655388805],[-79.58376680550998,43.54921262274159],[-79.58370359196176,43.54923884121822],[-79.5836133750561,43.549212742541],[-79.58385175110158,43.549110580939335],[-79.58362176621915,43.54865061654548],[-79.58362273639968,43.54863051415101],[-79.58363853686721,43.54851531346554],[-79.58368866645331,43.54830199026632],[-79.58371076231437,43.5482518339197],[-79.58380341365445,43.548182602414514],[-79.58375182071273,43.54799459528635],[-79.5836346803997,43.547766595122475],[-79.58357453280152,43.54769450473136],[-79.58342798434101,43.54768164615767],[-79.58322250549956,43.547658934481156],[-79.58312320752468,43.54765349714229],[-79.58302829871829,43.547463678299124],[-79.58295343941073,43.547313957764324],[-79.58309380117386,43.54720166956082],[-79.58375550560203,43.54667230695359],[-79.58383354225077,43.54660987710003],[-79.58407632812597,43.546415646930605],[-79.58452548397139,43.54461902482055],[-79.58519921684123,43.54439444728002],[-79.58744499517007,43.545741914298425],[-79.58834330596261,43.54469388880685],[-79.58834330596261,43.54416986890284],[-79.58901703973075,43.5437207141966],[-79.5899153514216,43.5439452909913],[-79.59058908429144,43.54327155809732],[-79.58824874749915,43.541782252928044],[-79.5881187289382,43.54169951274563],[-79.58804386963064,43.541474936050086],[-79.58796335632665,43.54123339880535],[-79.58801672074611,43.54114518803636],[-79.58806632122453,43.54103773240937],[-79.58808753943154,43.54097291668498],[-79.58814704742922,43.540817268669834],[-79.58833573675803,43.54066984851078],[-79.5885464896085,43.54057460420796],[-79.58861124197082,43.54052161206601],[-79.58875999040546,43.54044284299208],[-79.58879765856196,43.54044170538368],[-79.58886178120524,43.540473083702274],[-79.58900145755382,43.540520322734764],[-79.58910444131632,43.54050889652365],[-79.58916604238861,43.54052290074606],[-79.58920953432309,43.54052307200567],[-79.58932097482565,43.540485878044684],[-79.58936433919938,43.54045660824745],[-79.58940422978789,43.54041550522076],[-79.589649425843,43.54007117600189],[-79.5897148312805,43.53999409225254],[-79.58988342080484,43.539731878483956],[-79.5899514690859,43.53963455411066],[-79.590014474225,43.539530751561394],[-79.59007926341822,43.53947248517587],[-79.59015391341835,43.539443326240004],[-79.5904463069585,43.53939233160461],[-79.59063085415552,43.53936572594558],[-79.59096033913373,43.539325746780875],[-79.5911155365738,43.53929694853365],[-79.5912797647774,43.539280276097834],[-79.59135871950437,43.53928717741759],[-79.59144568091544,43.53930023899977],[-79.59151218948413,43.539315205962346],[-79.59160122780015,43.539348292287634],[-79.59165704102706,43.539362893269534],[-79.59181980677339,43.53941205483175],[-79.5919059111917,43.53945594628231],[-79.59193766843362,43.53948544448128],[-79.59201670939883,43.53955368770417],[-79.59212050523833,43.53960487169859],[-79.5921759447661,43.53961524966964],[-79.59228793593593,43.53960488407115],[-79.59233314904249,43.5396113640356],[-79.59265757111578,43.539827680229955],[-79.59270203323078,43.53984007292833],[-79.5928001238699,43.53984482983275],[-79.59292300082437,43.53982074445929],[-79.59312064006835,43.539757222634826],[-79.59348556627948,43.539687970954596],[-79.59367081146748,43.53964289125691],[-79.59620352876603,43.540352047187305],[-79.59575437381892,43.538780001898076],[-79.59600774454313,43.53858997538275],[-79.59598997227354,43.538430035017775],[-79.59600474686502,43.53841783217999],[-79.59604419278746,43.53831124169707],[-79.59604404097219,43.538309150038565],[-79.59665268461146,43.538106269237595],[-79.59642810668876,43.53765711298723],[-79.59665268461146,43.53732024718551],[-79.59665268461146,43.53729050762992],[-79.59667861358383,43.53728135353799],[-79.5968791328266,43.53721056280231],[-79.59694874058303,43.53716890337998],[-79.59702423769446,43.5370957557674],[-79.59704121675162,43.537046432768925],[-79.59705687528536,43.53696032060391],[-79.59705678186056,43.536947476672196],[-79.59800015214775,43.53675880217118],[-79.5988984629403,43.53586049099697],[-79.59957219581011,43.536085069068264],[-79.59979677373283,43.535186756974596],[-79.59909901003084,43.53434944463138],[-79.59919273395938,43.53415075560439],[-79.59908467112228,43.53409373636771],[-79.59906104273537,43.534061655289804],[-79.59899859814502,43.53399960573081],[-79.59904766951573,43.53394420795977],[-79.59910573481906,43.533853707153774],[-79.59908549936897,43.53384694132333],[-79.59914489687387,43.53374357882468],[-79.5989923377858,43.53371842556764],[-79.5989354205294,43.533935954036615],[-79.59886636883014,43.53392604138206],[-79.598924657814,43.53369025440226],[-79.59895191449634,43.53366180644181],[-79.59898077556979,43.53365548734839],[-79.59913719022705,43.53368502876263],[-79.599174221478,43.533552181180596],[-79.59923210262671,43.53339664947011],[-79.5993174955793,43.53322553279995],[-79.59938902932369,43.53306426526998],[-79.59947654948688,43.53294100155508],[-79.59950858790148,43.532837649877685],[-79.59979677373283,43.53249182376307],[-79.5997870090457,43.53245276744148],[-79.59968215948238,43.53203337050863],[-79.59969148938491,43.53197231465411],[-79.59972948991806,43.531851690262705],[-79.59990810643758,43.53157443638526],[-79.60008426696311,43.531270189702504],[-79.60015096058474,43.531155003385535],[-79.60022312853972,43.530989798539636],[-79.60027820963968,43.53085380453971],[-79.60036085734076,43.53071920332799],[-79.60040252120365,43.53062933073065],[-79.60052038286388,43.53028460174781],[-79.60063729590316,43.530018660101796],[-79.60069462548627,43.52994691711875],[-79.60078471303454,43.529834179740696],[-79.60083767500875,43.529708102346184],[-79.60179872683568,43.528834416796535],[-79.6024692509233,43.52822484629396],[-79.60271628493149,43.528000268260215],[-79.60175188418518,43.52671440453007],[-79.60176022234766,43.526607098393626],[-79.60175008216473,43.52652895595843],[-79.60172840851187,43.52649089296007],[-79.60168700785538,43.52647182725704],[-79.6015405141921,43.52643257554618],[-79.60136881919185,43.526203645803804],[-79.60138721399393,43.52615459396973],[-79.60142759955414,43.5261433747656],[-79.60164055597203,43.526124641132526],[-79.6017427105895,43.52610213888042],[-79.6018062628026,43.52599125713224],[-79.60185396514082,43.525799027880005],[-79.60187325466491,43.52542360032775],[-79.60190204027988,43.52508719833695],[-79.60198056201885,43.524727646871085],[-79.60195391888585,43.52468751600767],[-79.60194010279679,43.52468022611611],[-79.60204255206166,43.5244070232461],[-79.60294086285421,43.52418244597925],[-79.60361459572404,43.52463160097958],[-79.60438456870351,43.526075311766256],[-79.60541121910576,43.528000268260215],[-79.60433323806987,43.52602397950768],[-79.60361459572404,43.52530533502576],[-79.60305315136641,43.52511818667449],[-79.60271628582981,43.52523047562469],[-79.60245087588417,43.52540741516703],[-79.60204255206166,43.526428223362075],[-79.60316544077692,43.52755111228949],[-79.60383917364676,43.52912315723167],[-79.60271628493149,43.52912315723167],[-79.60159339621624,43.53091977869897],[-79.60181797413897,43.53204266802505],[-79.60249170790712,43.53271640200584],[-79.60136881919185,43.53249182376307],[-79.60047050660268,43.53361471312639],[-79.60209869497031,43.535039378403994],[-79.6022671299844,43.535186756974596],[-79.60072716965239,43.53557174699862],[-79.60047050660268,43.53563591274053],[-79.60018176651079,43.53650214227095],[-79.59979677373283,43.53765711298723],[-79.59867388501758,43.53743253490985],[-79.59800015214775,43.53788169087941],[-79.59800015214775,43.539229158249384],[-79.59599848291255,43.54103066328767],[-79.5968772634325,43.54125035786685],[-79.59732641837961,43.54214866883628],[-79.5968772634325,43.542597824836534],[-79.59800015214775,43.54169951274563],[-79.60002135165557,43.54169951274563],[-79.60047050660268,43.54080120224662],[-79.59979677373283,43.53990289073547],[-79.60114424126913,43.538780001898076],[-79.60294086285421,43.53967831320834],[-79.60361459572404,43.53945373614711],[-79.60406375785767,43.5385554182349],[-79.60451290831323,43.53765711298723],[-79.60556096736529,43.53675877937855],[-79.60608495197559,43.53630964630319],[-79.60606733870783,43.53615112672268],[-79.60595662045073,43.53515467582689],[-79.60586289742051,43.534311159283774],[-79.60586037405288,43.534288445826185],[-79.60675868574373,43.5333901349726],[-79.60697056238665,43.53332657250832],[-79.60900446407257,43.53271640200584],[-79.60765699743457,43.534288445826185],[-79.6081061523817,43.5349621801164],[-79.60922904109695,43.535186756974596],[-79.61102566358036,43.534288445826185],[-79.6116993973485,43.5333901349726],[-79.61282228606377,43.5333901349726],[-79.6130468639865,43.53271640200584],[-79.61506806439259,43.533839291095155],[-79.61596637518514,43.53271640200584],[-79.61664010895328,43.532940980063536],[-79.61753841974584,43.53204266802505],[-79.61933504222922,43.53181809118106],[-79.61978419807467,43.53091977869897],[-79.6188858863838,43.53002146781649],[-79.61484348557157,43.53024604614018],[-79.61439433062445,43.52867400115563],[-79.61372059685631,43.52844942414286],[-79.61282228606377,43.5293477349924],[-79.61214855319393,43.52844942414286],[-79.61315213575799,43.52808448617925],[-79.61396881664066,43.527787510105824],[-79.61526456906437,43.52667686401287],[-79.61529264231531,43.52665280073553],[-79.61539472596588,43.52671405151109],[-79.61566693795484,43.52687737922688],[-79.61596637518514,43.52687737922688],[-79.61624277511996,43.52722288191342],[-79.61641553103057,43.5273265350039],[-79.61708926390041,43.52710195688212],[-79.61749258680172,43.52569032950959],[-79.61753841974584,43.52552991202042],[-79.61781914506875,43.525436337288674],[-79.61807740622135,43.52535025088241],[-79.61955962015195,43.52485617917971],[-79.62023335302176,43.52350871176795],[-79.61978419807467,43.522385823150735],[-79.62015849371419,43.52201152794583],[-79.62045793094448,43.52171208971904],[-79.62045793094448,43.52168000726616],[-79.62045793094448,43.52103835592882],[-79.6224791313506,43.51969088987929],[-79.62315286511874,43.51834342305011],[-79.62225455342788,43.51722053405599],[-79.62113166381431,43.51789426683323],[-79.61978419807467,43.51789426683323],[-79.61933504222922,43.5185680012076],[-79.61955962015195,43.519466311992836],[-79.61664010895328,43.52126293382634],[-79.6164155337255,43.521712086462124],[-79.61619095310785,43.52216124487339],[-79.61506806439259,43.52148751219066],[-79.61394517477902,43.52148751219066],[-79.6130468639865,43.52036462308306],[-79.61147481942578,43.52081377914954],[-79.61125024060475,43.52126293382634],[-79.61035192981223,43.52036462308306],[-79.60945361901967,43.52081377914954],[-79.60877988614986,43.52036462308306],[-79.6081061523817,43.520589200882895],[-79.60765699743457,43.52171208971904],[-79.60877988614986,43.52283497915152],[-79.6078815753573,43.52328413376245],[-79.60765699743457,43.52395786787637],[-79.6081061523817,43.52463160097958],[-79.60698326276813,43.52508075719509],[-79.60698326276813,43.52597906806076],[-79.60586037405288,43.52597906806076],[-79.60541121910576,43.52485617917971],[-79.60271628493149,43.52305955687502],[-79.60249170790712,43.522385823150735],[-79.60321035654113,43.52148751349345],[-79.60290002813635,43.52109960393707],[-79.60271628493149,43.52103835592882],[-79.6026550368971,43.52079336392548],[-79.60249170790712,43.520589200882895],[-79.60254785261236,43.520364624385884],[-79.60249170790712,43.52014004509874],[-79.60264142652225,43.51999032771517],[-79.60271628493149,43.51969088987929],[-79.60300823829716,43.51962351594971],[-79.60339001869964,43.51924173392184],[-79.60431475253795,43.5191492607387],[-79.60563579702847,43.5190171563178],[-79.60645244467348,43.5179963471377],[-79.60653410782103,43.51789426683323],[-79.6066089671286,43.51794417288277],[-79.6078815753573,43.518792579180634],[-79.60827458559916,43.519971611061905],[-79.60833073030442,43.52014004509874],[-79.6085873915575,43.520075879806846],[-79.60892960835825,43.51999032576099],[-79.60922904109695,43.519915466929895],[-79.61080108565766,43.51811884470818],[-79.61192397527122,43.51811884470818],[-79.61218063562599,43.51831134076021],[-79.61282228606377,43.518792579180634],[-79.61372059685631,43.51834342305011],[-79.61461890764885,43.51722053405599],[-79.6140574623929,43.516659089540006],[-79.61394517477902,43.51654680092196],[-79.61282228606377,43.51609764501161],[-79.61262699681257,43.516136702803124],[-79.6116993973485,43.516322223058964],[-79.61147481942578,43.51654680092196],[-79.61102566358036,43.516995956094746],[-79.61095080606943,43.51696601304175],[-79.6099027748651,43.51654680092196],[-79.60967819694238,43.515873066779896],[-79.61055008648579,43.5143472611609],[-79.61057650773495,43.51430102311665],[-79.61050164752906,43.514226164393165],[-79.61023963950339,43.51396415845543],[-79.61009526406755,43.51381978340192],[-79.6100824307354,43.513806950177404],[-79.60900446407257,43.512728978240595],[-79.60945361901967,43.511606089007344],[-79.61192397527122,43.51138151099899],[-79.61282228606377,43.51227982192728],[-79.61214855319393,43.51340271100316],[-79.61349601893359,43.51452560003288],[-79.61708926390041,43.5149747559182],[-79.61776299677022,43.51542391171773],[-79.61776299677022,43.5149747559182],[-79.61686468597769,43.51475017806773],[-79.61641553103057,43.51407644471325],[-79.61708926390041,43.51295355579523],[-79.61596637518514,43.51340271100316],[-79.61506806439259,43.51250439985032],[-79.61529264231531,43.51115693410948],[-79.61619095310785,43.51025862210377],[-79.61708926390041,43.5104831997299],[-79.61753841974584,43.51115693410948],[-79.61955962015195,43.51115693410948],[-79.62023335302176,43.51317813381704],[-79.62135624173703,43.51205524512301],[-79.62225455342788,43.511830666831536],[-79.62292828719603,43.512728978240595],[-79.62382659798858,43.51250439985032],[-79.62472490878112,43.51340271100316],[-79.62494948670384,43.51250439985032],[-79.62360202006586,43.51115693410948],[-79.62382659798858,43.51025862210377],[-79.6245003308584,43.50980946695059],[-79.62697068710995,43.51093235573276],[-79.62741984295538,43.51205524512301],[-79.62790107404633,43.511670264609094],[-79.62809357582522,43.51138151099899],[-79.62697068710995,43.51093235573276],[-79.62697068710995,43.50980946695059],[-79.62539864165095,43.50846199967871],[-79.62562321957367,43.50778826714125],[-79.62674610918722,43.50733911119609],[-79.62899188661775,43.508911155737955],[-79.6296656212842,43.508911155737955],[-79.63123766494657,43.508012844186254],[-79.63191139781641,43.50688995516635],[-79.63348344327541,43.50666537785283],[-79.63483090991339,43.505093332810084],[-79.63572922070593,43.50486875467642],[-79.63662753239679,43.505991644156815],[-79.63550464278322,43.50711453294743],[-79.6352800648605,43.508012844186254],[-79.63348344327541,43.50936031106097],[-79.63370802119812,43.50980946695059],[-79.63280971040558,43.51115693410948],[-79.63415717614524,43.51093235573276],[-79.63505548783608,43.511606089007344],[-79.63595379862865,43.511606089007344],[-79.63707668824222,43.5104831997299],[-79.63707668824222,43.50936031106097],[-79.63775042111203,43.50913573316577],[-79.63797499903475,43.508237421698716],[-79.6388733098273,43.50756368926068],[-79.63977162061984,43.508237421698716],[-79.63997786662254,43.508214505571196],[-79.64003242220808,43.50820844377092],[-79.64179282102594,43.508012844186254],[-79.64250739220692,43.50750243858893],[-79.64336486558665,43.50688995516635],[-79.64403859935479,43.50756368926068],[-79.64493691104565,43.50733911119609],[-79.64561064391549,43.50778826714125],[-79.6462843767853,43.50711453294743],[-79.64785642224432,43.50666537785283],[-79.64897931095956,43.50756368926068],[-79.65032677759753,43.50688995516635],[-79.65100051136568,43.50778826714125],[-79.65167424423551,43.50778826714125],[-79.65144966721111,43.50711453294743],[-79.65234797800365,43.50621622202227],[-79.65369544374332,43.50711453294743],[-79.6546481996286,43.50684231776242],[-79.65583757984456,43.50580161337316],[-79.6552674892023,43.505991644156815],[-79.65436917840977,43.505542489177124],[-79.6532462887962,43.506440799703796],[-79.65257255592635,43.505991644156815],[-79.65234797800365,43.505093332810084],[-79.65167424423551,43.50531791075977],[-79.65100051136568,43.50486875467642],[-79.65100051136568,43.503745865810664],[-79.65257255592635,43.502847554926845],[-79.65234797800365,43.50239840001086],[-79.65167424423551,43.501949243708026],[-79.65100051136568,43.501949243708026],[-79.6501021996748,43.502847554926845],[-79.64897931095956,43.50239840001086],[-79.64875473303684,43.50172466625826],[-79.64942846590668,43.50105093280638],[-79.64942846590668,43.50037719900382],[-79.64886481708334,43.4998840103584],[-79.6476318443216,43.49880515507071],[-79.6478189894464,43.498056574773344],[-79.649809408181,43.499506173469435],[-79.65100021492164,43.50037340793201],[-79.65113341621365,43.500470398174905],[-79.65136254500159,43.50063724784841],[-79.65468386005041,43.50305556173195],[-79.65601567893447,43.504025221196564],[-79.65732155537141,43.50497594701056],[-79.65747157851543,43.50508517137009],[-79.65779128084021,43.5053179146691],[-79.65827653818027,43.50567118810556],[-79.66031256977175,43.50715344800233],[-79.66072029801121,43.50745027871621],[-79.66215825554102,43.50849706531758],[-79.66358952691016,43.509536710134036],[-79.6637044097569,43.509620261923345],[-79.66370585424787,43.50961894261347],[-79.66379461228952,43.50968393667066],[-79.66589620832032,43.51122533512573],[-79.66858454975869,43.51319171115687],[-79.67201450885462,43.51570026266192],[-79.67233529454762,43.51593494085662],[-79.67275373968843,43.51624105569651],[-79.67393609238394,43.517105948888286],[-79.67390744600783,43.51722053405599],[-79.6730989658454,43.517624775015925],[-79.67345829016242,43.51789426683323],[-79.67345829016242,43.518006558806576],[-79.67390744600783,43.51834342305011],[-79.67345829106073,43.51879257983206],[-79.67278455729257,43.51946631264421],[-79.6730091352153,43.52014004509874],[-79.67278455729257,43.52014004509874],[-79.67121251183359,43.52036462308306],[-79.67031420104104,43.519466311992836],[-79.6694158902485,43.51969088987929],[-79.66896673440306,43.520589200882895],[-79.6694158902485,43.52148751219066],[-79.66806842271221,43.52283497915152],[-79.66851757855764,43.52373329024019],[-79.6694158902485,43.52395786787637],[-79.67121251183359,43.52261040124347],[-79.67188624560171,43.52350871176795],[-79.671661667679,43.52418244597925],[-79.67211082442275,43.52508075719509],[-79.67273643723776,43.52549783224915],[-79.67278455729257,43.52552991202042],[-79.67238826191173,43.525807321996965],[-79.67172524234998,43.52627143770453],[-79.67188624560171,43.526203645803804],[-79.67192496927868,43.52621913512846],[-79.6730091352153,43.52665280073553],[-79.673233713138,43.5273265350039],[-79.67255997936986,43.52822484629396],[-79.673233713138,43.52822484629396],[-79.67345829016242,43.52755111228949],[-79.67435660185326,43.52710195688212],[-79.673233713138,43.52530533502576],[-79.67345829016242,43.52485617917971],[-79.67368286808514,43.5244070232461],[-79.67458117887767,43.52418244597925],[-79.67570406759293,43.524897015990085],[-79.67692484931796,43.52567387281255],[-79.67705153512921,43.52575449013293],[-79.67724403511144,43.5255940760711],[-79.67839903859812,43.52463158078774],[-79.67957071301981,43.52365517795294],[-79.67974646930347,43.52350871176795],[-79.67985875062915,43.5231718685467],[-79.67997104632788,43.52283497915152],[-79.68024055079458,43.52279006207354],[-79.68131851296585,43.52261040124347],[-79.68137917979024,43.52254973448958],[-79.68167230545734,43.52276229877169],[-79.68185899693296,43.522584653852476],[-79.6822755690864,43.52220040882237],[-79.68267955404606,43.52182777218147],[-79.68394157922243,43.52214327797584],[-79.6840134471401,43.52216124487339],[-79.68423802416451,43.52283497915152],[-79.68558549080248,43.52216124487339],[-79.68670838041606,43.52305955687502],[-79.68738211418419,43.52171208971904],[-79.6896278907164,43.520589200882895],[-79.6911999361754,43.52148751219066],[-79.6911999361754,43.522385823150735],[-79.69122833192151,43.52238324175857],[-79.69164909202082,43.5190171563178],[-79.69075078032998,43.51811884470818],[-79.6898524686391,43.5185680012076],[-79.68940331369198,43.51766969007669],[-79.68895415784655,43.51766969007669],[-79.68940331369198,43.51654680092196],[-79.68891156063411,43.51605504856421],[-79.68947832391655,43.51552926386093],[-79.68970790276043,43.51531627996863],[-79.69101550126778,43.51410835466279],[-79.69414005293004,43.51122241578229],[-79.69486357761944,43.51055359836026],[-79.69494016708225,43.51048279905634],[-79.69574251983614,43.50974109299612],[-79.69635116078048,43.50917843417912],[-79.69721558981546,43.50837928935867],[-79.6972805496886,43.508319232457005],[-79.6976129137673,43.50856484258375],[-79.70027592091805,43.51053212162684],[-79.70293175681788,43.51249391428019],[-79.7037416518269,43.5130921165653],[-79.70355171473818,43.513851866777],[-79.70400086968527,43.51452560003288],[-79.71186102960665,43.520027748627705],[-79.71298398210229,43.52081377914954],[-79.71320856002501,43.52148751219066],[-79.71275940417958,43.52148751219066],[-79.7092426902851,43.51980568575195],[-79.70877212938308,43.51958064188783],[-79.70849242634294,43.52014004509874],[-79.7091661601111,43.52103835592882],[-79.71120926054553,43.52200317663717],[-79.71432261470777,43.523473377371275],[-79.71410687081756,43.52261040124347],[-79.71455602666299,43.521936667714236],[-79.71343313794772,43.52103835592882],[-79.71350799366203,43.52085121779023],[-79.71208567130977,43.52014004509874],[-79.7122726349749,43.51939219120549],[-79.71376900365941,43.520497037874094],[-79.71475756998518,43.52122689592048],[-79.71569384268332,43.521918147078225],[-79.71581914508904,43.522010673990145],[-79.7160133222259,43.52212368979792],[-79.71616669249269,43.52198382812063],[-79.71796572964756,43.523313194339714],[-79.71881226693702,43.52393871474238],[-79.71902273412326,43.52409422655075],[-79.72007791412061,43.52487388538209],[-79.72061102291923,43.52526777995345],[-79.7216514103588,43.526036459064976],[-79.72325530468788,43.52722143337545],[-79.72475385538023,43.5283285354386],[-79.72564912357889,43.528989931615236],[-79.72580384670849,43.52910422978516],[-79.72599857810589,43.52924808239818],[-79.72613347541716,43.5293477349924],[-79.72680440105172,43.52984336687648],[-79.72753471520804,43.530382683028066],[-79.72762182663777,43.53039929670307],[-79.7277454249394,43.53040922035787],[-79.72788704254731,43.53042878500428],[-79.72796494265212,43.53044297783564],[-79.7281008990771,43.530463507677],[-79.72829495314478,43.53049478567986],[-79.72843334041093,43.53052238650937],[-79.72857200166325,43.53055886108489],[-79.72877524908954,43.53060897353614],[-79.7290001180664,43.53067319145098],[-79.72919273033804,43.53073568730499],[-79.72942527991059,43.53081446189575],[-79.73003185203484,43.531025430076205],[-79.73049288450665,43.53118577303282],[-79.73063799476436,43.53124013064221],[-79.73074792430064,43.531286542622176],[-79.7309652465308,43.53137589973206],[-79.73138653843274,43.53155202343689],[-79.73189869133242,43.53177086942795],[-79.73261335414153,43.53208884102316],[-79.7334817034244,43.532494592938036],[-79.73391784268136,43.532702720949956],[-79.73417317532616,43.53282517368125],[-79.73455385619074,43.533015273720856],[-79.73476286091969,43.53312453069519],[-79.73491143508114,43.53320610256833],[-79.73511361800384,43.53331233802393],[-79.7352942242917,43.53314868191537],[-79.73654870541631,43.53381216914973],[-79.73942962409204,43.53532040978789],[-79.74117139274925,43.5362462099974],[-79.74162268299179,43.536480635048754],[-79.74219698134283,43.536790905909314],[-79.74261114241806,43.53702294995407],[-79.74389058772438,43.53777036973167],[-79.74512316253247,43.53854688167148],[-79.74532318410859,43.53868058304027],[-79.74589702431881,43.539064155251125],[-79.7468143039369,43.53971578181694],[-79.74711535274479,43.53993684281258],[-79.74735259601471,43.54011104787851],[-79.74761840301571,43.54030622629242],[-79.74894141212175,43.54127827414908],[-79.75047034832859,43.54237764028794],[-79.75117767908834,43.5428920908171],[-79.75176198646828,43.54331705442066],[-79.75245658899878,43.54382773463697],[-79.7542198812902,43.54512408324069],[-79.75520992803956,43.54583288625295],[-79.75563283062081,43.54615241409556],[-79.75596248088905,43.546407802962946],[-79.75625936241235,43.54664529626041],[-79.75654087915103,43.54687385150368],[-79.75683080861235,43.54711675235518],[-79.75734955784115,43.54756504509309],[-79.75781963994113,43.547976427081935],[-79.75823168458555,43.54837093645581],[-79.75859009531591,43.548682211961875],[-79.75908232088763,43.5491213472737],[-79.75941902293086,43.54944344573174],[-79.75975501171173,43.54974863658651],[-79.7601118054746,43.55007307946605],[-79.76085416873381,43.55072232848977],[-79.76129667614784,43.551092270255374],[-79.76195190911271,43.551623196297676],[-79.76261478045241,43.55211843611027],[-79.76313755682864,43.55249741106218],[-79.76358529243763,43.55281159951551],[-79.76375766386927,43.55292972884606],[-79.76375831694449,43.55293020215458],[-79.76484730773251,43.55363324090003],[-79.76544549318524,43.553993955301685],[-79.76608146716873,43.55436994261164],[-79.76712968522264,43.554970263430995],[-79.76860814689029,43.55581627727886],[-79.76968428817646,43.556481621728025],[-79.76995843603487,43.556661501300695],[-79.77029963684103,43.55689086095735],[-79.77066668577119,43.557143752666526],[-79.77207961444054,43.55817201907038],[-79.7730161233956,43.55886210597287],[-79.77341781854962,43.55915035565215],[-79.77404906200482,43.559614005130044],[-79.77524760234174,43.56049430829115],[-79.77936556404578,43.56349747361731],[-79.78093177045542,43.56463956557909],[-79.78159304998047,43.565131195864765],[-79.78200490777532,43.5654246299782],[-79.78267778724563,43.56591773075585],[-79.78382976610472,43.56676535807142],[-79.78440765592025,43.56719228696886],[-79.78469743626124,43.56740907110804],[-79.78551254060058,43.56805221946137],[-79.78581550192173,43.568290960462164],[-79.78612653370739,43.568553665722725],[-79.78638536439189,43.568772277818496],[-79.78694889194267,43.56924648776575],[-79.78773420904552,43.56990731598755],[-79.78801181362113,43.570138987832756],[-79.78844656408266,43.57049058975169],[-79.78882523092439,43.57079311356844],[-79.78904207704744,43.57095611882023],[-79.78915120528647,43.571038151070724],[-79.78933913104729,43.57117941674986],[-79.78969322357608,43.5714389957775],[-79.78993566629485,43.57161704673748],[-79.7905111414389,43.57201646681395],[-79.7910866246678,43.572415884241366],[-79.793158253799,43.57375182094115],[-79.79328843405672,43.5738357692953],[-79.7942313623728,43.57445605568291],[-79.7954420739835,43.57527351076955],[-79.79570906945561,43.57546090238848],[-79.79761851854207,43.57685808721399],[-79.79940989576254,43.578178431825776],[-79.80089990257821,43.57925888149885],[-79.801534683599,43.57973291581874],[-79.80245424134465,43.580408892236214],[-79.8026431696253,43.58054777438068],[-79.80341388730817,43.58111427381521],[-79.80341942991346,43.58111838778581],[-79.80475389523433,43.582107889121545],[-79.80632046186841,43.58323762314757],[-79.80654352523155,43.58340372725233],[-79.80704881590077,43.58378545964095],[-79.8074728279014,43.58410596531846],[-79.80769092268272,43.58427202473154],[-79.80798708465547,43.58450554722261],[-79.80832299168965,43.58478505828822],[-79.80857505626344,43.58502523931934],[-79.80888125511287,43.58533830097388],[-79.8090982988653,43.585599709874785],[-79.80930369685836,43.585863626040776],[-79.80961665822527,43.58633027191409],[-79.8097349501785,43.58652844147773],[-79.80983231767384,43.58671344521658],[-79.80991266748444,43.58688705699586],[-79.80999956960669,43.58710019023292],[-79.81009926553524,43.5873594520754],[-79.81017413202933,43.58757302349202],[-79.81023215241692,43.58777699421378],[-79.81032904919502,43.588226080157504],[-79.80935504545835,43.58909854773121],[-79.80838101297554,43.58997100591145],[-79.80822137606134,43.590113725602606],[-79.80326835035066,43.59454954242],[-79.80312058646957,43.5946804273929],[-79.80244079266653,43.595247791832485],[-79.8017244140752,43.59579086216803],[-79.80097309012105,43.59630839385744],[-79.8001885437727,43.59679920092113],[-79.79937256986415,43.59726215788633],[-79.79852703958613,43.59769620433304],[-79.79765388970637,43.59810034423635],[-79.79662677038355,43.598523652504305],[-79.79639630041089,43.5986113889489],[-79.79617713393945,43.598692460393565],[-79.79524108402352,43.599013707033315],[-79.79428494508286,43.599302026725226],[-79.79331090990513,43.599556760946086],[-79.79232121170212,43.59977732398865],[-79.79131811871987,43.59996320946183],[-79.79130966108148,43.5999646230745],[-79.79110780065398,43.599997514116794],[-79.79090551173009,43.600028995433306],[-79.79070281946265,43.600059068327155],[-79.78808105576323,43.60032230503851],[-79.78792641977023,43.60033783321543],[-79.78992978682132,43.60180925649254],[-79.78983711032839,43.60186864849082],[-79.78964429952907,43.601992220088256],[-79.78743539075447,43.60341135884938],[-79.786517913507,43.604000346566266],[-79.78574718684101,43.60368298528731],[-79.78462429812575,43.60368298528731],[-79.78461139113176,43.60373461243773],[-79.78574718684101,43.60368298528731],[-79.7864797449889,43.60402484927122],[-79.78338756860948,43.60600987282268],[-79.77806184626046,43.60942857789534],[-79.77770454225451,43.60953611513815],[-79.77721323116774,43.60884827400223],[-79.77541660868435,43.6081745396857],[-79.77564118570874,43.606827073780714],[-79.77653949829792,43.607051650817475],[-79.77743780909046,43.606153340241505],[-79.77676407532232,43.60503045071933],[-79.77900985275284,43.60570418512657],[-79.78037229610321,43.604341746900424],[-79.77900985275284,43.6041321398819],[-79.77833611988301,43.60503045071933],[-79.77698865324504,43.60435671787311],[-79.77384456412366,43.60458129567643],[-79.77317083125382,43.6041321398819],[-79.7729462533311,43.60345840673243],[-79.77339540917654,43.60278467319313],[-79.77391130355939,43.60262990560394],[-79.76819374057499,43.60312469681098],[-79.76823011875074,43.603233829290666],[-79.76980216420974,43.6041321398819],[-79.770925052925,43.6041321398819],[-79.77137420787211,43.60480587394234],[-79.7711496308477,43.605479606961964],[-79.76980216420974,43.606377917842266],[-79.76823011875074,43.60570418512657],[-79.76800554082803,43.60503045071933],[-79.76688265301108,43.60480587394234],[-79.76508602962936,43.60660249590548],[-79.76418771883682,43.606377917842266],[-79.76368241828614,43.60570418512657],[-79.76351398596698,43.605479606961964],[-79.76126820763815,43.60570418512657],[-79.76194194140632,43.60570418512657],[-79.76171736258527,43.606153340241505],[-79.76261567427613,43.607276228967194],[-79.76351398596698,43.60772538470248],[-79.76418771883682,43.607500806928854],[-79.76351398596698,43.60862369586795],[-79.76441229675953,43.6095220072765],[-79.76620891924294,43.60884827400223],[-79.76710723003548,43.60794996293858],[-79.76823011875074,43.6081745396857],[-79.76912843044158,43.60772538470248],[-79.77025131915686,43.6090728519484],[-79.77204794164027,43.60839911819604],[-79.77406914204637,43.60929742905604],[-79.77531977838156,43.61025383733905],[-79.7651833261578,43.613304022445426],[-79.76328763207496,43.61387464139654],[-79.76102776007764,43.61455488977835],[-79.76039230352374,43.615131419139345],[-79.759978300552,43.61550702804466],[-79.75993838301406,43.61554323851508],[-79.75995198620241,43.61555308896636],[-79.75992589014339,43.615575050537096],[-79.75977104574125,43.61571591384345],[-79.75959637102919,43.615876536150616],[-79.75940937322807,43.61604669882727],[-79.75460631586418,43.62041820691608],[-79.75387553548224,43.621083164751425],[-79.75344864168616,43.62147160466548],[-79.75293540811322,43.6219384244175],[-79.75223490544792,43.62256262539413],[-79.751331071813,43.62339011715055],[-79.75013911343218,43.62448137942773],[-79.7495901619452,43.62498394881846],[-79.74948814656659,43.6250773442791],[-79.74930699589967,43.625240952940736],[-79.74660184518568,43.6277026807472],[-79.74397059707348,43.63009705924453],[-79.74327781452973,43.63072720093247],[-79.74304091890785,43.630940902551686],[-79.74151505134604,43.6323287209071],[-79.73926784739083,43.63437244518226],[-79.73863978397175,43.63494362357102],[-79.73848416342518,43.63508626063253],[-79.73789428559218,43.63562270256792],[-79.7374160449928,43.63605761190998],[-79.73722393218446,43.63623231332763],[-79.73634007258988,43.63534845268637],[-79.73566633882174,43.63557303113591],[-79.73611549466717,43.63489929782054],[-79.73590405280885,43.633630649606296],[-79.73590404921559,43.63363063010117],[-79.73590103357118,43.63361253584183],[-79.73431887218376,43.63445014219819],[-79.73072562811528,43.63512387599818],[-79.72780611601831,43.63445014219819],[-79.72600949443321,43.63489929782054],[-79.72511118274237,43.633776409296836],[-79.72411079189251,43.63363349605452],[-79.7239882940271,43.63400098711973],[-79.72466202689694,43.63467472010388],[-79.72376371610439,43.636022186817314],[-79.72421287194982,43.636022186817314],[-79.72466202689694,43.636920497860494],[-79.72385354853111,43.638335337550096],[-79.72376371610439,43.638492542865265],[-79.72356555943081,43.63862464806167],[-79.72241624856811,43.63939085403352],[-79.72308998413288,43.640289165423454],[-79.72421287194982,43.64028916477335],[-79.72511118274237,43.64186120875414],[-79.72421287194982,43.6429840983164],[-79.72219167244202,43.642085786915416],[-79.71994589411318,43.640064587047355],[-79.71904758242232,43.64118747573416],[-79.71725095993892,43.64186120875414],[-79.7165772270691,43.642759520912826],[-79.71392900528961,43.640552670072516],[-79.7139266418221,43.64055468016936],[-79.71680180499182,43.64320867618058],[-79.71972131619047,43.644556143287176],[-79.71994589411318,43.645679031881464],[-79.72061962698302,43.64612818807247],[-79.72178200833312,43.64612818807247],[-79.7203541119345,43.646933863557024],[-79.7201974969529,43.64702220020761],[-79.7200996138246,43.647077414042165],[-79.71994300602955,43.64716574658149],[-79.71712586684066,43.648754691515784],[-79.71656617958773,43.64907035696609],[-79.71508034993813,43.64990826783754],[-79.71433779533776,43.65032699236812],[-79.71399711555446,43.65048703080502],[-79.71275940417958,43.64949685417961],[-79.7125683765361,43.64953505982259],[-79.71393406909287,43.65051664752468],[-79.71346799976726,43.6507355885011],[-79.71324589041495,43.650840565021],[-79.71314892895813,43.65088638697455],[-79.71265233577749,43.651120029190324],[-79.71257180450722,43.65115796795848],[-79.71198563132644,43.65143398121626],[-79.71182777307652,43.65150831203559],[-79.70958488283132,43.65256444528788],[-79.70895426280694,43.65292014139879],[-79.70848232388927,43.653186321124025],[-79.70801038317497,43.65345251331847],[-79.70764346090729,43.65365945063887],[-79.70755931032471,43.65373412187915],[-79.70718124625256,43.654069592428954],[-79.70680318757029,43.654405059154925],[-79.70642512170151,43.6547405259567],[-79.70615193054887,43.65498292216793],[-79.70605017388507,43.65507271649242],[-79.70222192604669,43.65846808974854],[-79.70075835036161,43.65976612266585],[-79.70059916260506,43.65990709037627],[-79.69861939519478,43.661662883384906],[-79.69656703133315,43.66348300615823],[-79.6961536383175,43.66385073314014],[-79.69589694562337,43.664076075829584],[-79.69589631770098,43.6640753265624],[-79.69542915961725,43.66449048088417],[-79.69530537805932,43.6646004825834],[-79.69510656381894,43.66477694392561],[-79.69510654675096,43.664776958871755],[-79.69395307040028,43.6658007412807],[-79.69371155204793,43.66601480811492],[-79.69010875978631,43.66288195236639],[-79.68805584705402,43.66431898931719],[-79.68786336144483,43.66427086808422],[-79.68670838041606,43.66499272216797],[-79.68648380159502,43.665666455905104],[-79.68738211418419,43.666564766838995],[-79.68693295833876,43.66768765593343],[-79.68625922457063,43.66791223370084],[-79.6850289278901,43.667033452163714],[-79.68468718000993,43.66723849982717],[-79.68625922457063,43.66791223370084],[-79.68625922457063,43.66903512293007],[-79.68446260208722,43.669708856131074],[-79.68378886921738,43.671056323236705],[-79.6822168237584,43.67173005584123],[-79.68266597960381,43.67240378867962],[-79.68311513455093,43.67173005584123],[-79.68468718000993,43.67128090009575],[-79.68558549080248,43.67217921212378],[-79.68536091287976,43.67285294511792],[-79.68356429129467,43.67442498989456],[-79.68378886921738,43.67487414484975],[-79.68311513544924,43.67554787942554],[-79.68333971337195,43.676670768085856],[-79.68491175793264,43.677569078698255],[-79.68622916244965,43.677329551133646],[-79.68598212035661,43.67780758269028],[-79.68574664407288,43.678263216352484],[-79.685085886469,43.67954168445905],[-79.68487088009564,43.6799576783752],[-79.68446260208722,43.67914112271864],[-79.68356429129467,43.67891654473873],[-79.68302530571745,43.6791860388634],[-79.68423802416451,43.679590278755306],[-79.68446260208722,43.6804885898369],[-79.6840134471401,43.68138690111149],[-79.68410087567513,43.68144742934601],[-79.68390509324884,43.68182620204845],[-79.68384733067776,43.68193794551563],[-79.68380469932933,43.68201756048141],[-79.68365759930325,43.682300939165394],[-79.6836221625619,43.68236944669762],[-79.68362072166418,43.68237222522233],[-79.68329423346576,43.683003426425664],[-79.68266597960381,43.68250979029239],[-79.68328057278522,43.68302983739239],[-79.68297590286842,43.68361884862688],[-79.68294703101519,43.683674668695595],[-79.6828026528844,43.68395379944195],[-79.6817475169045,43.68599370673731],[-79.68158372528212,43.68631035153928],[-79.68118369919789,43.68708367085979],[-79.68090647640628,43.687619567198226],[-79.68059197802194,43.68822751344734],[-79.68056189973127,43.688285642379576],[-79.68043127660412,43.68853815606265],[-79.68012215553509,43.6891356862396],[-79.67982889781563,43.689702540659304],[-79.67936671729689,43.690595882580844],[-79.67927914233647,43.690765156840556],[-79.67918589990494,43.690945383993785],[-79.67839900176718,43.691043745996204],[-79.67750069097464,43.69014543512252],[-79.67682695720649,43.691043745996204],[-79.67592864641395,43.691043745996204],[-79.67525491264583,43.691717480227396],[-79.67390744600783,43.691043745996204],[-79.67413202393055,43.691717480227396],[-79.67570406759293,43.692840368949476],[-79.67547948967021,43.69373867972865],[-79.67480575680038,43.694187834943584],[-79.67188624560171,43.69261579093837],[-79.67031420104104,43.691043745996204],[-79.66961906311461,43.69163194910601],[-79.6691913123258,43.69216663499142],[-79.6685625329494,43.692525939103106],[-79.66774289032124,43.69321947567013],[-79.66851757855764,43.694187834943584],[-79.66829300063492,43.69508614697245],[-79.66761926776509,43.69553530183767],[-79.66627180112711,43.695310724176096],[-79.66627180112711,43.69598445788509],[-79.66739468984237,43.696433613166256],[-79.66755801793407,43.69671943986434],[-79.66784384478949,43.69688276897995],[-79.66799356430295,43.69748164812343],[-79.66829300063492,43.69800565775871],[-79.6678145525247,43.69841576024376],[-79.66761926776509,43.69890396909882],[-79.66678290928611,43.69946154265666],[-79.66761926776509,43.70092516927726],[-79.66739468984237,43.701598902898596],[-79.66582264528168,43.70227263609252],[-79.66694553399695,43.70384468085721],[-79.66896673440306,43.704518414139926],[-79.67053877896375,43.70698877009903],[-79.67008962311832,43.70766250311156],[-79.6691913123258,43.70788708126413],[-79.66761926776509,43.706764192476996],[-79.66739468984237,43.708336235694354],[-79.66672095697255,43.70878539195376],[-79.66582264528168,43.70856081392009],[-79.66627180112711,43.70990828118843],[-79.66537349033457,43.710582013852196],[-79.66559806825728,43.711704903192775],[-79.66514891241188,43.71215405888224],[-79.66514891241188,43.71327694798827],[-79.66380144487557,43.71439983683253],[-79.66272846925244,43.71439983683253],[-79.6622294012132,43.71484899180325],[-79.66173941963304,43.71501231957659],[-79.6608819336769,43.71574730398147],[-79.66155566744506,43.716870193284464],[-79.66185192194429,43.717087450209156],[-79.66126097960768,43.7176197840649],[-79.66112867663095,43.71752025738101],[-79.66088923518355,43.717735338225275],[-79.66071116753467,43.71789583710332],[-79.65949593021158,43.718991147703235],[-79.65934225631423,43.71904447875024],[-79.6588608922726,43.71941597687229],[-79.65746694590351,43.72064871909209],[-79.65751326663283,43.720463436717594],[-79.6570641107874,43.71956512577237],[-79.65747608715985,43.71898150898612],[-79.65414459958875,43.72113717082613],[-79.65279713295077,43.71934054787936],[-79.65302171087347,43.71844223697909],[-79.65369544374332,43.7179930823218],[-79.6532462887962,43.715971881058174],[-79.65234797800365,43.71574730398147],[-79.65077593344296,43.71574730398147],[-79.65055135462194,43.71642103723147],[-79.65055135462194,43.71754392624536],[-79.65212340008095,43.71889139281424],[-79.65167424423551,43.71978970412212],[-79.65077593344296,43.7200142822793],[-79.6501021996748,43.71934054787936],[-79.64718268757785,43.718217658772794],[-79.64605979886258,43.7200142822793],[-79.64538606599277,43.72023886024397],[-79.64471233312292,43.71978970412212],[-79.64336486558665,43.720912592982536],[-79.64403859935479,43.722035482222125],[-79.64314028766394,43.72293379313294],[-79.64201739894867,43.72226005975187],[-79.64089451023342,43.722484637089046],[-79.64022077736358,43.72158632593552],[-79.63954704269713,43.721810903850546],[-79.63775042111203,43.72023886024397],[-79.63617837655134,43.71956512577237],[-79.63483090991339,43.71978970412212],[-79.63505548783608,43.72068801494635],[-79.63415717614524,43.72158632593552],[-79.63236055366184,43.720912592982536],[-79.63146224286929,43.72113717082613],[-79.63011477623132,43.72023886024397],[-79.6294410433615,43.71889139281424],[-79.62809357582522,43.72068801494635],[-79.62719526503265,43.720912592982536],[-79.62539864165095,43.722484637089046],[-79.62472490878112,43.722035482222125],[-79.6245003308584,43.72113717082613],[-79.62382659798858,43.72136174782788],[-79.62315286511874,43.720912592982536],[-79.62315286511874,43.71978970412212],[-79.6240511759113,43.71934054787936],[-79.62337744214315,43.71844223697909],[-79.6220299764035,43.72023886024397],[-79.62299977602466,43.721872282660016],[-79.62629695424012,43.72742534882677],[-79.62741984295538,43.73012028170419],[-79.6275208549158,43.730607023025144],[-79.62635634276187,43.728635359469244],[-79.62525989865193,43.72675894437018],[-79.62511658053319,43.726504043675725],[-79.62500153868466,43.72631678841372],[-79.62495990087292,43.72624552992556],[-79.62458127176046,43.72559750672243],[-79.62445435328553,43.725380281953576],[-79.62442071317476,43.72532269793833],[-79.6241589737454,43.72487837349651],[-79.62287835254435,43.72270424910276],[-79.6224794897784,43.722027080097845],[-79.62247252334336,43.72201686861323],[-79.6224269796568,43.721939224527965],[-79.6223168372198,43.72175143302632],[-79.62204997649498,43.72129639071411],[-79.62057265838268,43.71877725494764],[-79.62038336718264,43.718448643803754],[-79.62023708821673,43.71819565681296],[-79.61904717350316,43.71612974080092],[-79.61836942875728,43.71496634464674],[-79.61817969558612,43.71464064351547],[-79.61821215261564,43.71462441506332],[-79.61843673143669,43.7137261029341],[-79.61596637518514,43.70945912490209],[-79.61664010895328,43.70945912490209],[-79.6186613093594,43.71103117016501],[-79.61978419807467,43.71103117016501],[-79.62045793094448,43.711704903192775],[-79.6224791313506,43.71125574803311],[-79.62292828719603,43.710357436706204],[-79.6220299764035,43.70945912490209],[-79.61843673143669,43.70856081392009],[-79.6186613093594,43.70788708126413],[-79.61785282740031,43.7070786009122],[-79.61776299677022,43.70698877009903],[-79.61664010895328,43.70721334687962],[-79.61512529695766,43.70323699227998],[-79.61484348557157,43.70249721430606],[-79.61619095310785,43.70249721430606],[-79.61664010895328,43.70204805768713],[-79.61776299677022,43.70249721430606],[-79.6186613093594,43.70227263609252],[-79.6185265629651,43.70249721430606],[-79.61798757469295,43.70339552524178],[-79.61821215261564,43.70429383570508],[-79.62068250886719,43.70609045780961],[-79.62674610918722,43.70586588071843],[-79.62751609114986,43.70528839392668],[-79.62764441997977,43.70519214699417],[-79.62768347693171,43.70495780542594],[-79.6278689979025,43.70384468085721],[-79.62831815374793,43.70384468085721],[-79.62847086644791,43.70476095806049],[-79.62854273167065,43.70519214699417],[-79.6278689979025,43.70541672531068],[-79.62764441997977,43.70631503600763],[-79.62899188661775,43.70743792476693],[-79.62919473249711,43.70865499567812],[-79.62921646543877,43.70878539195376],[-79.62942150949564,43.708843976288264],[-79.63078850999948,43.7092345480941],[-79.63155848926715,43.71019702348004],[-79.631686820792,43.710357436706204],[-79.63348344327541,43.710582013852196],[-79.63280971040558,43.71148032570903],[-79.63123766494657,43.710582013852196],[-79.63120800167759,43.71059048900855],[-79.6296656212842,43.71103117016501],[-79.62921646543877,43.710582013852196],[-79.62809357582522,43.710582013852196],[-79.62741984295538,43.71103117016501],[-79.62741984295538,43.71215405888224],[-79.62854273167065,43.71260321510142],[-79.62854273167065,43.7137261029341],[-79.62921646543877,43.713950681092555],[-79.6278689979025,43.71552272606311],[-79.62809357582522,43.71619645924103],[-79.62899188661775,43.716645615029556],[-79.63101308702386,43.71574730398147],[-79.631686820792,43.71484899180325],[-79.63415717614524,43.716645615029556],[-79.63505548783608,43.71642103723147],[-79.63550464278322,43.71552272606311],[-79.63415717614524,43.71439983683253],[-79.63460633199068,43.71282779227328],[-79.6352800648605,43.71260321510142],[-79.63572922070593,43.711704903192775],[-79.6368521103195,43.7119294811336],[-79.63797499903475,43.71125574803311],[-79.63842415488018,43.710132858718715],[-79.63954704269713,43.7092345480941],[-79.63999619944087,43.70990828118843],[-79.64246655479411,43.71103117016501],[-79.64314028766394,43.7119294811336],[-79.64493691104565,43.712378637087944],[-79.64583522183818,43.71125574803311],[-79.64471233312292,43.70990828118843],[-79.6462843767853,43.70990828118843],[-79.64695811055346,43.70923454874347],[-79.6476318443216,43.7092345480941],[-79.64746341110414,43.70973984862485],[-79.64740726639887,43.70990828118843],[-79.64757059628722,43.710153275996724],[-79.64782187214016,43.710530188881194],[-79.64785642224432,43.710582013852196],[-79.6462843767853,43.71282779227328],[-79.64650895470803,43.7137261029341],[-79.64718268757785,43.71417525905872],[-79.64903546734291,43.71350152263542],[-79.6496530438294,43.71327694798827],[-79.64977554079648,43.71290945832068],[-79.6498327059879,43.7127379616354],[-79.64987762175211,43.71260321510142],[-79.64954075531719,43.71215406018084],[-79.64937232120143,43.7119294811336],[-79.64920388888228,43.711704903192775],[-79.6501021996748,43.71103117016501],[-79.65100051136568,43.71125574803311],[-79.65392002166602,43.7137261029341],[-79.65481833335687,43.71417525905872],[-79.65549206712502,43.713950681092555],[-79.65594122207214,43.71282779227328],[-79.65549206712502,43.71148032570903],[-79.65481833335687,43.71103117016501],[-79.65414459958875,43.71125574803311],[-79.6550429112796,43.70990828118843],[-79.65481833335687,43.709009969795325],[-79.65392002166602,43.70856081392009],[-79.65279713295077,43.709683702816655],[-79.65212340008095,43.709683702816655],[-79.65212340008095,43.70856081392009],[-79.6496530438294,43.70698877009903],[-79.65122508928839,43.70609045845904],[-79.65122508928839,43.704967569784486],[-79.65212340187757,43.704787906891454],[-79.65302171087347,43.70406925772766],[-79.6532462887962,43.702946368858804],[-79.64897931095956,43.699353125242396],[-79.65032677939416,43.698005658408206],[-79.64897931095956,43.69800565775871],[-79.64853015511413,43.697107347248874],[-79.65032677759753,43.69553530183767],[-79.65032677759753,43.69522910169922],[-79.64718268757785,43.6982302357189],[-79.64561064391549,43.69733192467669],[-79.64448775520022,43.69778108025638],[-79.64403859935479,43.69845481413689],[-79.6442631772775,43.699353125242396],[-79.64561064391549,43.69980227996964],[-79.64463750345976,43.70062571777555],[-79.64301553323054,43.70199814765263],[-79.6426911327168,43.70227263609252],[-79.6426462169526,43.7021828058704],[-79.64201739894867,43.70092516927726],[-79.64022077736358,43.70092516927726],[-79.63932246477441,43.70025143652774],[-79.63842415488018,43.699577702052395],[-79.6386487319046,43.69845481413689],[-79.63797499903475,43.697556501912885],[-79.63662753239679,43.69733192467669],[-79.63842415488018,43.69620903627097],[-79.6386487319046,43.695310724176096],[-79.63819957695746,43.69463699069158],[-79.63765216877614,43.69445452147319],[-79.63903664061395,43.69386117717527],[-79.63932246567272,43.69373867972865],[-79.63954704898534,43.693704128488655],[-79.6416379406912,43.69338245318328],[-79.64224197687139,43.69328952374772],[-79.64248803081759,43.69348871523424],[-79.64342111090322,43.694244083599656],[-79.64695811055346,43.697107347248874],[-79.64785642224432,43.69733192467669],[-79.64987762175211,43.695310724176096],[-79.64650895470803,43.692840368949476],[-79.64672171259822,43.69369139983149],[-79.64516148807006,43.69239121273584],[-79.64493691104565,43.69126832404815],[-79.64538606599277,43.69059459126691],[-79.64718268757785,43.69059459126691],[-79.64785642224432,43.68992085676334],[-79.64897931095956,43.69014543512252],[-79.64987762175211,43.691043745996204],[-79.64942846590668,43.69194205705557],[-79.64987762175211,43.69194205705557],[-79.64993376555904,43.69211049026151],[-79.6501021996748,43.69216663499142],[-79.65032677759753,43.69328952374772],[-79.65122508928839,43.69306494611953],[-79.65129994859596,43.69309488998177],[-79.65144966721111,43.69306494611953],[-79.65226631755107,43.69347327152479],[-79.65229513820033,43.6934480531344],[-79.65144966721111,43.69239121273584],[-79.65212340008095,43.69126832404815],[-79.65077593344296,43.69081916905201],[-79.65032677759753,43.69014543512252],[-79.65100051136568,43.68879796794351],[-79.65257255592635,43.68812423469449],[-79.65369544374332,43.68879796794351],[-79.65377030305089,43.68892273404517],[-79.65392002166602,43.68902254596018],[-79.65414459958875,43.689471702069156],[-79.65436917840977,43.68992085676334],[-79.65470604664132,43.68992085676334],[-79.6550429112796,43.68969628016147],[-79.65639037791757,43.68992085676334],[-79.6570641107874,43.68924712378554],[-79.6570641107874,43.68879796794351],[-79.65571664504773,43.689471702069156],[-79.65436917840977,43.68902254596018],[-79.65414459958875,43.688348813284996],[-79.6550429112796,43.68722592426606],[-79.65369544374332,43.68655219024878],[-79.65369544374332,43.68520472419764],[-79.65459375633246,43.68475556796763],[-79.65818700040099,43.686776768229244],[-79.65886073416911,43.68632761272675],[-79.65796242337657,43.68498014617822],[-79.65975904496166,43.68318352423709],[-79.65728868871011,43.681836057226946],[-79.6570641107874,43.68093774618097],[-79.65751326663283,43.68026401170322],[-79.65908531209182,43.679590278755306],[-79.65975904496166,43.68003943402832],[-79.65975904496166,43.68093774618097],[-79.6608819336769,43.68138690111149],[-79.66133108862402,43.68071316777955],[-79.66043277783149,43.68003943402832],[-79.66065735575421,43.67914112271864],[-79.66290313408304,43.677569078698255],[-79.66447517864373,43.676895344725786],[-79.66492433359083,43.67734450068168],[-79.66672095697255,43.67734450068168],[-79.66705782340746,43.677569078698255],[-79.66717011191967,43.677569078698255],[-79.66739468894406,43.67779365652397],[-79.66794952978604,43.678163549606616],[-79.66874215737866,43.677569078698255],[-79.66986504609392,43.677793655874275],[-79.671661667679,43.67599703377274],[-79.67008962311832,43.67554787877582],[-79.66874215737866,43.67442498989456],[-79.66851757855764,43.673526677695655],[-79.6691913123258,43.6726283669941],[-79.66864025159452,43.67207730596392],[-79.66864007642302,43.67207713117984],[-79.67031420104104,43.67330210079357],[-79.67098793480919,43.67397583417652],[-79.67053877896375,43.67487414484975],[-79.67098793480919,43.67554787877582],[-79.67278455729257,43.67554787877582],[-79.67300913431698,43.67599703377274],[-79.673233713138,43.676446189955705],[-79.67390744600783,43.676670768085856],[-79.67446889126377,43.67624968429571],[-79.67480575769869,43.67599703442246],[-79.6750303347231,43.67487414484975],[-79.67368286808514,43.673526677695655],[-79.6750303347231,43.67330210079357],[-79.67547948967021,43.67240378867962],[-79.6750303347231,43.67173005584123],[-79.67413202393055,43.671505478063814],[-79.673233713138,43.67015801194537],[-79.67211082442275,43.67015801194537],[-79.67121251183359,43.669484277938146],[-79.67053877896375,43.66858596716002],[-79.67076335688647,43.66791223370084],[-79.67008962311832,43.66723849982717],[-79.67031420104104,43.66678934490869],[-79.67211082442275,43.66813681127786],[-79.673233713138,43.66768765593343],[-79.67345829016242,43.66701392213827],[-79.67255997936986,43.6654418781831],[-79.67098793480919,43.664543566691215],[-79.67098793480919,43.664094411103015],[-79.67345829016242,43.66207321096012],[-79.67368286808514,43.6613994778374],[-79.673233713138,43.66072574430277],[-79.67233540144714,43.66050116629416],[-79.66986504609392,43.662522366723884],[-79.6691913123258,43.66162405508529],[-79.66986504609392,43.661174899749476],[-79.66986504609392,43.65982743307713],[-79.67076335688647,43.65870454382907],[-79.66986504609392,43.65780623290851],[-79.66896673440306,43.658030811248686],[-79.66896673440306,43.657581655028174],[-79.66911319932025,43.657142263043575],[-79.66739468984237,43.65735707695779],[-79.6691913123258,43.6589291220589],[-79.6696404681712,43.65982743307713],[-79.6691913123258,43.66095032212119],[-79.66806842271221,43.66095032212119],[-79.66761926776509,43.66005201100631],[-79.66537349033457,43.65870454382907],[-79.66469975566812,43.66095032212119],[-79.66380144487557,43.661174899749476],[-79.66290313408304,43.66050116629416],[-79.66169041294104,43.661713888218756],[-79.66155566744506,43.66184863279289],[-79.66065735575421,43.66207321096012],[-79.65975904496166,43.66095032212119],[-79.66011364503859,43.66047752754946],[-79.66110651159963,43.6591537000986],[-79.65975904496166,43.658255388099015],[-79.65949483516525,43.6583874933801],[-79.65886073416911,43.65870454382907],[-79.65805867157106,43.6583837193932],[-79.65773784455553,43.658255388099015],[-79.65728868871011,43.65870454382907],[-79.65728868871011,43.65982743307713],[-79.65639037791757,43.66027658874531],[-79.6550429112796,43.65937827729836],[-79.6550429112796,43.658479966059076],[-79.65414459958875,43.65870454382907],[-79.65257255592635,43.657581655028174],[-79.65144966721111,43.657581655028174],[-79.65100051136568,43.65690792219673],[-79.65117326368303,43.65621691326104],[-79.64963262691961,43.655703368385474],[-79.64942846590668,43.65578503294393],[-79.6496530438294,43.65645876602575],[-79.64884456276863,43.65726724770418],[-79.64920388888228,43.65780623290851],[-79.65144966721111,43.6591537000986],[-79.6501021996748,43.66027658874531],[-79.65100051136568,43.66207321096012],[-79.6496530438294,43.6627469443204],[-79.64897931095956,43.66386983269849],[-79.64942846590668,43.664543566691215],[-79.65032677759753,43.664768143874916],[-79.65212340008095,43.66386983269849],[-79.65257255592635,43.66297152172669],[-79.65369544374332,43.663420677918104],[-79.65055135462194,43.666340189228585],[-79.65055135462194,43.6674630779755],[-79.65144966721111,43.66813681127786],[-79.64942846590668,43.669484277938146],[-79.64830557719141,43.671056323236705],[-79.64853015511413,43.67173005584123],[-79.64920388888228,43.67217921212378],[-79.6501021996748,43.67195463407779],[-79.65212340008095,43.669933434133526],[-79.6532462887962,43.669708856131074],[-79.65369544374332,43.66858596716002],[-79.6550429112796,43.6674630779755],[-79.65616579999487,43.66813681127786],[-79.65773784455553,43.6674630779755],[-79.65841157832368,43.666564766838995],[-79.65818700040099,43.66589103278693],[-79.65908531209182,43.666340189228585],[-79.66043277783149,43.66611561077806],[-79.66107895757492,43.66658230143084],[-79.66109522336977,43.66657194988799],[-79.66110651159963,43.666564766838995],[-79.6616481400204,43.66696108089504],[-79.66154787994986,43.666920977194806],[-79.66153069338185,43.666914102847656],[-79.66093315381778,43.66667508704457],[-79.6586361562464,43.66813681127786],[-79.65661495584027,43.66836138931416],[-79.65549206712502,43.669708856131074],[-79.65483336666317,43.67003820555114],[-79.65279713295077,43.67195463407779],[-79.65369544374332,43.67195463407779],[-79.65459375633246,43.6726283669941],[-79.65481833335687,43.673526677695655],[-79.65436917840977,43.674200411806005],[-79.65212340008095,43.674200411806005],[-79.64987762175211,43.675098723015864],[-79.65144966721111,43.67442498989456],[-79.65189882215823,43.673526677695655],[-79.6510903428941,43.67271819860433],[-79.6510868879735,43.67271474389477],[-79.65077593344296,43.67285294511792],[-79.64920388888228,43.6726283669941],[-79.64830557719141,43.67330210079357],[-79.64835049295561,43.67348176511139],[-79.64853015511413,43.674200411806005],[-79.64808100016701,43.67487414484975],[-79.6476318443216,43.675098723015864],[-79.64718268757785,43.67532330099124],[-79.64493691104565,43.675098723015864],[-79.64358944440768,43.67622161228443],[-79.64345733995863,43.676155560135825],[-79.64333991218467,43.67609684640398],[-79.64296557073106,43.67590967533154],[-79.64240745373326,43.675630618910425],[-79.64240737917306,43.67563058122688],[-79.64179282102594,43.67532330099124],[-79.63617837655134,43.670607166997485],[-79.63483090991339,43.670607166997485],[-79.63415717614524,43.66903512293007],[-79.63146224286929,43.66723849982717],[-79.63123766494657,43.666340189228585],[-79.631686820792,43.665666455905104],[-79.63258513158456,43.665217300270704],[-79.63348344327541,43.6654418781831],[-79.63550464278322,43.66791223370084],[-79.64291570974122,43.67375125570658],[-79.64381402233039,43.67375125570658],[-79.64538606599277,43.67285294511792],[-79.64493691104565,43.67217921212378],[-79.64538606599277,43.67128090009575],[-79.6442631772775,43.67128090009575],[-79.64381402233039,43.670382588916965],[-79.6426911327168,43.670382588916965],[-79.6406699323107,43.66858596716002],[-79.64134366607885,43.6674630779755],[-79.64156824400155,43.665217300270704],[-79.64291570974122,43.66431898931719],[-79.64111908815613,43.66297152172669],[-79.64022077736358,43.66297152172669],[-79.63932246567272,43.6636452547536],[-79.63842415488018,43.6627469443204],[-79.6386487319046,43.66184863279289],[-79.63954704269713,43.6613994778374],[-79.63977162061984,43.66050116629416],[-79.64111908815613,43.65937827729836],[-79.63932246567272,43.658255388099015],[-79.6388733098273,43.65735707695779],[-79.63909788775003,43.65645876602575],[-79.63999619944087,43.65600960974465],[-79.64224197687139,43.657581655028174],[-79.64291570974122,43.65690792219673],[-79.64403859935479,43.6571324986974],[-79.64358944440768,43.65645876602575],[-79.64381402233039,43.65578503294393],[-79.64516148807006,43.65511129880246],[-79.64447047520741,43.654282087923676],[-79.64358944440768,43.653988410400764],[-79.64201739894867,43.654886721891934],[-79.6406699323107,43.65398840975079],[-79.64022077736358,43.652865521151455],[-79.63932246567272,43.65353925514069],[-79.6386487319046,43.65331467690087],[-79.63670235846669,43.650769445603544],[-79.63640295357575,43.650619742714696],[-79.63577674607603,43.649576063684414],[-79.63444959304158,43.650070490066796],[-79.63251872003391,43.65093607694605],[-79.6248748699414,43.654362598160056],[-79.62427575473232,43.65466214674127],[-79.6242757475458,43.65466215974018],[-79.6240511759113,43.65511129880246],[-79.62494948670384,43.65600960974465],[-79.62494948670384,43.65672825896165],[-79.62494948670384,43.65690792219673],[-79.6248496739943,43.65680810949915],[-79.62360202006586,43.65556045530339],[-79.6224651077507,43.65556045530339],[-79.6220299764035,43.65578503294393],[-79.62190529114037,43.65573515915413],[-79.61686514501679,43.658255158682735],[-79.61686463477372,43.65825546478772],[-79.61419782954596,43.6598555121068],[-79.61461890764885,43.66027658874531],[-79.61439433062445,43.66095032212119],[-79.61035192981223,43.66319610024243],[-79.60153101899954,43.66636266314293],[-79.6022671299844,43.66768765593343],[-79.60294086285421,43.66791223370084],[-79.60406375156948,43.66701392213827],[-79.60496206326032,43.66768765593343],[-79.60586037405288,43.66678934490869]],[[-79.599123040863,43.66723849982717],[-79.59913001268794,43.667224556262596],[-79.59909116953504,43.66723849982717],[-79.599123040863,43.66723849982717]],[[-79.65369544374332,43.65017058825986],[-79.65436917840977,43.650395165907135],[-79.65462474102326,43.650232537010254],[-79.65533584560555,43.64978001852966],[-79.65683953376299,43.64882312099194],[-79.65717640199453,43.64798095103011],[-79.65728868871011,43.64770023201897],[-79.65841157832368,43.64702649882952],[-79.66037672834764,43.64843018751053],[-79.66155566744506,43.64927227707344],[-79.6622294012132,43.650395165907135],[-79.66237911893003,43.65045505331126],[-79.66297799518723,43.650694604930536],[-79.66447517864373,43.6512934771986],[-79.66537349033457,43.65017058825986],[-79.66335228992845,43.648373966101765],[-79.66335228992845,43.64822424749197],[-79.66335228992845,43.6479248098029],[-79.66469975566812,43.64702649882952],[-79.66492433359083,43.64612818807247],[-79.66200482329049,43.64388240993652],[-79.66200482329049,43.64253494331983],[-79.66110651159963,43.642085786915416],[-79.65930988911622,43.64186120875414],[-79.65886073416911,43.64118747573416],[-79.65930988911622,43.640064587047355],[-79.65916470789159,43.640001070816076],[-79.65896817537204,43.63991508891526],[-79.6588490192395,43.639952068708396],[-79.65447024157417,43.64131099384675],[-79.65443828131299,43.64134295410564],[-79.65459375633246,43.64141205381358],[-79.65440661120766,43.64137462505876],[-79.65427153692828,43.641509700010694],[-79.65609729357298,43.64291413582282],[-79.65886073416911,43.641675352011845],[-79.65886073416911,43.64186120875414],[-79.66017451398393,43.642737062866246],[-79.65930988911622,43.64320867618058],[-79.65818700040099,43.642759520912826],[-79.65728868871011,43.64388240993652],[-79.65709619321945,43.643754080806055],[-79.65728868871011,43.64433156525973],[-79.65639037791757,43.6452298762323],[-79.6550429112796,43.64478072112507],[-79.65287733903091,43.64283170813071],[-79.65282520530339,43.642857775336594],[-79.6532462887962,43.64320867618058],[-79.65321035259157,43.64324461253938],[-79.65347086671892,43.64343325385531],[-79.65234797800365,43.64500529877347],[-79.65347086671892,43.64612818807247],[-79.65342594825975,43.64612818807247],[-79.65414459958875,43.64657734285513],[-79.65571664504773,43.64635276523358],[-79.6552674892023,43.64725107718232],[-79.65392002166602,43.646801920937115],[-79.6532462887962,43.64725107718232],[-79.6532462887962,43.64882312099194],[-79.6532462887962,43.64949685417961],[-79.65369544374332,43.65017058825986]],[[-79.63423884288603,43.64696525530143],[-79.63415717345029,43.64680191898705],[-79.63310913775439,43.64605332406529],[-79.63298936268261,43.645993436822536],[-79.63423884288603,43.64696525530143]],[[-79.63249530095446,43.64574640529671],[-79.63248888428838,43.64574319735008],[-79.63236055366184,43.64582875098496],[-79.63236055366184,43.64584746625295],[-79.63249530095446,43.64574640529671]],[[-79.63078850999948,43.64478072112507],[-79.6307366843941,43.64476344603657],[-79.63068869728993,43.64495539522991],[-79.63078850999948,43.64478072112507]],[[-79.61895006112937,43.641412049262996],[-79.62036095691124,43.64031468569945],[-79.62023335302176,43.64028916477335],[-79.61895006112937,43.641412049262996]],[[-79.65000521486179,43.6406093252641],[-79.6503570912468,43.640929216861046],[-79.6510215768591,43.640190908098994],[-79.65006896829752,43.64057195126735],[-79.65000521486179,43.6406093252641]],[[-79.65557573531225,43.63888004918761],[-79.65481833335687,43.64096289811551],[-79.65459375902743,43.6411874750841],[-79.65881613101863,43.63993640773659],[-79.65893583422519,43.639900940073616],[-79.6565456795622,43.638855248628985],[-79.65628028758287,43.6387391387369],[-79.65557573531225,43.63888004918761]],[[-79.6608819273887,43.638492542865265],[-79.6626504838077,43.63967157741997],[-79.66285821831883,43.6392561078244],[-79.6628750617304,43.63913820439976],[-79.66200482329049,43.63826796492505],[-79.66175217750673,43.63826796492505],[-79.66133108862402,43.638492542865265],[-79.6608819273887,43.638492542865265]],[[-79.66276941715805,43.63975086554158],[-79.66278596322725,43.639761895867],[-79.6627887102754,43.63974266577048],[-79.66276941715805,43.63975086554158]],[[-79.6641235825331,43.643449513925354],[-79.66427475102911,43.64347470847678],[-79.66178024536777,43.64163663170359],[-79.6641235825331,43.643449513925354]],[[-79.70939073713548,43.64702649882952],[-79.70939073713548,43.64725107718232],[-79.70945918067531,43.64730027289377],[-79.70939073713548,43.64702649882952],[-79.71051362585074,43.6479248098029],[-79.71253482625686,43.64814938804718],[-79.71298398210229,43.64702649882952],[-79.71231024923249,43.645903610071755],[-79.71298398210229,43.6452298762323],[-79.71275940417958,43.64433156525973],[-79.71320856002501,43.64433156525973],[-79.71365771497213,43.64343325385531],[-79.71234366296777,43.64190019220063],[-79.71186109338703,43.642310364887315],[-79.71186109338703,43.64320867618058],[-79.71096278169617,43.64365783199063],[-79.71163651456601,43.64433156525973],[-79.71186109338703,43.645454454151675],[-79.71073820377346,43.646801920937115],[-79.70939073713548,43.64635276523358],[-79.70939073713548,43.64702649882952]],[[-79.70647122593682,43.645903610071755],[-79.70561938050236,43.645733240688756],[-79.70512375929887,43.64635276523358],[-79.70448965740442,43.64619424011292],[-79.704225447608,43.64635276523358],[-79.70400086968527,43.64702649882952],[-79.70310256697759,43.64720615988888],[-79.70175509225476,43.64814938804718],[-79.7022042481002,43.64927227707344],[-79.70332713681546,43.64972143174612],[-79.70489918137615,43.64814938804718],[-79.7060220700914,43.64770023201897],[-79.70610628894593,43.64775637865622],[-79.70669580385955,43.64725107718232],[-79.70692038178225,43.64657734285513],[-79.70647122593682,43.645903610071755]],[[-79.66659262724431,43.64468447330445],[-79.66679581717844,43.64448128382129],[-79.66637748522534,43.64464861646329],[-79.66659262724431,43.64468447330445]],[[-79.67008962311832,43.65600960974465],[-79.66949075045439,43.65675820341307],[-79.67008962311832,43.65645876602575],[-79.67023934263177,43.65610942376951],[-79.67008962311832,43.65600960974465]],[[-79.68199224583569,43.65690792219673],[-79.68289055842484,43.658255388099015],[-79.68266597960381,43.6589291220589],[-79.68154309088857,43.65937827729836],[-79.6804202021733,43.65870454382907],[-79.68266597960381,43.66072574430277],[-79.68246418565167,43.66254189561118],[-79.6840134471401,43.66386983269849],[-79.68603464664791,43.663420677918104],[-79.68682727513884,43.6628262071832],[-79.68689018146326,43.66251167460502],[-79.6868768136335,43.66243815348281],[-79.68648380159502,43.66184863279289],[-79.68648380159502,43.66050116629416],[-79.68648380159502,43.66027658874531],[-79.68548580295877,43.65950317931772],[-79.68302796562901,43.65759841105021],[-79.68199224583569,43.65690792219673]],[[-79.68199224583569,43.664768143874916],[-79.67929731255973,43.6627469443204],[-79.67817442384447,43.663420677918104],[-79.67682695720649,43.665217300270704],[-79.67547948967021,43.665666455905104],[-79.67458117887767,43.665217300270704],[-79.67435660185326,43.66611561077806],[-79.67368286808514,43.666340189228585],[-79.67368286808514,43.66701392213827],[-79.67458117887767,43.66723849982717],[-79.67480575680038,43.66678934490869],[-79.67592864641395,43.666564766838995],[-79.67682695720649,43.66768765593343],[-79.67817442384447,43.66813681127786],[-79.6788481567143,43.66903512293007],[-79.67952189138076,43.66903512293007],[-79.67997104632788,43.6674630779755],[-79.68064478009602,43.66723849982717],[-79.68131851296585,43.66768765593343],[-79.6816072575493,43.66739891686771],[-79.68154309088857,43.66723849982717],[-79.68311513455093,43.6654418781831],[-79.68221681747019,43.664768143874916],[-79.68199224583569,43.664768143874916]],[[-79.6788481567143,43.67532330099124],[-79.67966225224559,43.676137396171974],[-79.67974646930347,43.67599703377274],[-79.68086935801873,43.67622161228443],[-79.68161795199276,43.67577245571993],[-79.68086935801873,43.67577245571993],[-79.68029187154676,43.6753874666224],[-79.67952189138076,43.67487414484975],[-79.6788481567143,43.67532330099124]],[[-79.67907273463702,43.67734450068168],[-79.68064478009602,43.67869196786736],[-79.68121989771059,43.67880699091953],[-79.6791643097954,43.67719187673088],[-79.67907273463702,43.67734450068168]],[[-79.67211082442275,43.67891654473873],[-79.67211082442275,43.67848984978351],[-79.67188624560171,43.67869196786736],[-79.67188624560171,43.67914112271864],[-79.6730091352153,43.67891654473873],[-79.67211082442275,43.67891654473873]],[[-79.67368286808514,43.6798148568121],[-79.6751265838159,43.68039234402445],[-79.6750303347231,43.68026401170322],[-79.67368286808514,43.6798148568121]],[[-79.67929731255973,43.68116232309203],[-79.67914365213711,43.68146964488839],[-79.6804202021733,43.68093774618097],[-79.67929731255973,43.68116232309203]],[[-79.6789502412632,43.681550232355455],[-79.67817442384447,43.68116232309203],[-79.67727611305193,43.68138690111149],[-79.67660237928379,43.68318352423709],[-79.67705153512921,43.68408183478757],[-79.67929731255973,43.68408183478757],[-79.68064478009602,43.68318352423709],[-79.67907273463702,43.68385725711178],[-79.67772526799905,43.68363267924487],[-79.67727611305193,43.68295894579693],[-79.67772526799905,43.682060635323005],[-79.6789502412632,43.681550232355455]],[[-79.6696404681712,43.68295894579693],[-79.67098793480919,43.68273436781537],[-79.67119847925053,43.682439608791434],[-79.6696404681712,43.68295894579693],[-79.6679935777777,43.68445612861259],[-79.66874215737866,43.68430641292193],[-79.6696404681712,43.68295894579693]],[[-79.66267855616033,43.68273436976427],[-79.66267855616033,43.68206063597268],[-79.66245397823761,43.682285211928765],[-79.66267855616033,43.68273436976427]],[[-79.67211082442275,43.68116232309203],[-79.67413202393055,43.682285211928765],[-79.67415940727535,43.6822797354271],[-79.67211082442275,43.68116232309203]],[[-79.65661495584027,43.69216663499142],[-79.65561026834843,43.69377413897748],[-79.65571664504773,43.69373867972865],[-79.65683953376299,43.69216663499142],[-79.65680918507944,43.69204524284588],[-79.65661495584027,43.69216663499142]],[[-79.65639037791757,43.69373867972865],[-79.6550429112796,43.69463699069158],[-79.65594122207214,43.69441241291337],[-79.65683953376299,43.695310724176096],[-79.65661495584027,43.69598445788509],[-79.65728868871011,43.69665819116894],[-79.65683953376299,43.69778108025638],[-79.65616579909654,43.69800565710924],[-79.65639037791757,43.6982302357189],[-79.65751326663283,43.69778108025638],[-79.65773784455553,43.697107347248874],[-79.65683953376299,43.69598445788509],[-79.65751326663283,43.69508614697245],[-79.65728868871011,43.694187834943584],[-79.65639037791757,43.69373867972865]],[[-79.65055135462194,43.69778108025638],[-79.65212340008095,43.69733192467669],[-79.6529597585599,43.695868298672636],[-79.65279713295077,43.69575987995718],[-79.65234797800365,43.69665819116894],[-79.65144966721111,43.69688276897995],[-79.65055135462194,43.69778108025638]],[[-79.65477485759207,43.69736814494099],[-79.65539580276086,43.69749233336275],[-79.65443334776546,43.696850700590154],[-79.6545346597632,43.6971546361435],[-79.65477485759207,43.69736814494099]],[[-79.69973389184865,43.637369653872156],[-79.70018304769408,43.63647134174207],[-79.69906015897882,43.63489929782054],[-79.7004076256168,43.63489929782054],[-79.70085678056392,43.63422556475348],[-79.7006322026412,43.63355183128489],[-79.70108135938496,43.633776409296836],[-79.70197967017748,43.63310267599414],[-79.70197967017748,43.6322043637942],[-79.70287798097003,43.631755208835735],[-79.70310255889275,43.63018316377912],[-79.7044500246324,43.628611121168326],[-79.7075941146521,43.63085689795131],[-79.7075809031292,43.630883322111096],[-79.70692038178225,43.6322043637942],[-79.70804327139584,43.63310267599414],[-79.70849242634294,43.63422556475348],[-79.70908341988353,43.63434376323947],[-79.7096153150582,43.63445014219819],[-79.71058848336169,43.63542331182937],[-79.71073820377346,43.63557303113591],[-79.71098773509814,43.63552312495857],[-79.71186109338703,43.63534845268637],[-79.71208567130977,43.63624676469936],[-79.71275940417958,43.63669591989587],[-79.71433144874028,43.63579760874611],[-79.71565726867483,43.63693402782515],[-79.71567891627656,43.636920497860494],[-79.71590349330096,43.637145076286004],[-79.71680180499182,43.63669591989587],[-79.7170263820162,43.63579760874611],[-79.71590349330096,43.63489929782054],[-79.71590349330096,43.633776409296836],[-79.7150051816101,43.63310267599414],[-79.71410687081756,43.63332725308387],[-79.71253482625686,43.6322043637942],[-79.71253482625686,43.62973400932045],[-79.71141193664329,43.62928485280567],[-79.71006447090365,43.630407742025454],[-79.71028904882635,43.62928485280567],[-79.70939073713548,43.62861111986792],[-79.70939073713548,43.627937385880486],[-79.71028904882635,43.62636534175363],[-79.71208567130977,43.62569160795391],[-79.71298398210229,43.62569160795391],[-79.7150051816101,43.62748823089532],[-79.71612807122368,43.627039075154805],[-79.71612807122368,43.6259161860759],[-79.71365771497213,43.624119564268554],[-79.71365771497213,43.62254751914047],[-79.71275940417958,43.622098364200035],[-79.71186109338703,43.62254751914047],[-79.71028904882635,43.62097547517418],[-79.7160255465003,43.61887209383735],[-79.71682544415852,43.61980530835681],[-79.71725095993892,43.61895427475422],[-79.71708763005059,43.618464287064725],[-79.7170825285181,43.61844898207942],[-79.71600359886128,43.61884648901685],[-79.7096153150582,43.62120005205593],[-79.71006447090365,43.622098364200035],[-79.70894158218837,43.62322125306266],[-79.7075941146521,43.623445830009146],[-79.70534833722157,43.62299667527728],[-79.7023330458507,43.6242698300024],[-79.70002485976244,43.625244403229104],[-79.69994010371539,43.62528018906723],[-79.6952423360893,43.62726365279437],[-79.69311137772515,43.627941689769294],[-79.69099035921961,43.62873090944037],[-79.69164909202082,43.62906027491515],[-79.6927719807361,43.62838654206096],[-79.69389487034965,43.62861111986792],[-79.69456860321948,43.627937385880486],[-79.6952423360893,43.627937385880486],[-79.69569149193474,43.62816196406514],[-79.6952423360893,43.62883569683575],[-79.69546691401202,43.62973400932045],[-79.69703895857272,43.63018316377912],[-79.6986110031334,43.63153063107301],[-79.69658980272729,43.630407742025454],[-79.69546691401202,43.63085689795131],[-79.69546691401202,43.63242894229031],[-79.69389487034965,43.631755208835735],[-79.69322113568319,43.63085689795131],[-79.6914245140981,43.63130605312131],[-79.6911999361754,43.63197978705968],[-79.69232282489065,43.63332725308387],[-79.69164909202082,43.63400098711973],[-79.69168995817972,43.63408272019655],[-79.69389487034965,43.63579760874611],[-79.69399468216086,43.636097046421334],[-79.69411944737406,43.636022186817314],[-79.69479318114219,43.63624676469936],[-79.69561780313198,43.63756616523536],[-79.69681438065001,43.63669591989587],[-79.69771269234084,43.63669591989587],[-79.69883558105612,43.637594231269134],[-79.69973389184865,43.637369653872156]],[[-79.664250600721,43.63624676469936],[-79.66462231819568,43.63578212158118],[-79.66336862399528,43.6360507697872],[-79.664250600721,43.63624676469936]],[[-79.66267855616033,43.63579760874611],[-79.66206607581645,43.63530763350853],[-79.6622294012132,43.63579760874611],[-79.66263364039612,43.63588744020536],[-79.66267855616033,43.63579760874611]],[[-79.65594122207214,43.63557303113591],[-79.65728868871011,43.63489929782054],[-79.65841157832368,43.63557303113591],[-79.65990196243177,43.634082651278945],[-79.65818700040099,43.63422556475348],[-79.65773784455553,43.63332725308387],[-79.65953446703894,43.63175520948591],[-79.65953446703894,43.63085689795131],[-79.6586361562464,43.63108147498059],[-79.65773784455553,43.63018316377912],[-79.65661495584027,43.63018316377912],[-79.65594122207214,43.62906027491515],[-79.65616579999487,43.627937385880486],[-79.65549206712502,43.627937385880486],[-79.65571664504773,43.62883569683575],[-79.65481833335687,43.62995858599401],[-79.6570641107874,43.63130605312131],[-79.65751326663283,43.6322043637942],[-79.6570641107874,43.63287809806516],[-79.65616579999487,43.63310267599414],[-79.65639037791757,43.633776409296836],[-79.65598482270276,43.63438474236193],[-79.65623122789026,43.634566852024385],[-79.6559520449747,43.634433908299734],[-79.65594122207214,43.63445014219819],[-79.65436917840977,43.63445014219819],[-79.65475027878759,43.63540289576783],[-79.65594122207214,43.63557303113591]],[[-79.6245003308584,43.63512387599818],[-79.62432066869988,43.634584889432446],[-79.6238939788214,43.63463822533301],[-79.62337744214315,43.63534845268637],[-79.62382659798858,43.63512387599818],[-79.62423083717148,43.63539337039393],[-79.6245003308584,43.63512387599818]],[[-79.63550464278322,43.63197978705968],[-79.63550464278322,43.63186749870279],[-79.6352800648605,43.63153063107301],[-79.63550464278322,43.63108147498059],[-79.63505548783608,43.63063232008284],[-79.63370802119812,43.63063232008284],[-79.63280971040558,43.63063232008284],[-79.63151724132426,43.629555264180595],[-79.63149432530135,43.629573596989886],[-79.63191139781641,43.630407742025454],[-79.63149269216416,43.63187321517293],[-79.63183326774289,43.63211648194248],[-79.63238388560471,43.63237061296234],[-79.63280971040558,43.63130605312131],[-79.63460633199068,43.63108147498059],[-79.63550464278322,43.63197978705968],[-79.6352800648605,43.63287809806516],[-79.63494320022221,43.633102674693795],[-79.63467370563698,43.63346200023522],[-79.63476674504926,43.633648079385736],[-79.63540839458872,43.63403307024747],[-79.63595379952696,43.63416942042374],[-79.63610745725462,43.63413100605741],[-79.63550464278322,43.63332725308387],[-79.6357027994568,43.63233646916124],[-79.63550464278322,43.6322043637942],[-79.63550464278322,43.63197978705968]],[[-79.62539864165095,43.63265351994715],[-79.62594988294357,43.63222478094243],[-79.62584779839469,43.6322043637942],[-79.62539864165095,43.63265351994715]],[[-79.68491175793264,43.62726365279437],[-79.68581006872519,43.62838654206096],[-79.6882447286223,43.62755521115894],[-79.69052620330557,43.62658991995957],[-79.69385169821541,43.625426000222404],[-79.69486478315855,43.62500810353712],[-79.69479318114219,43.62479329682967],[-79.69540830522794,43.62417817406849],[-79.69569149193474,43.623894985937234],[-79.69611364621937,43.623737909556276],[-79.69614064688186,43.623670408067525],[-79.6971271902016,43.62330948671793],[-79.69926020480945,43.622529127612914],[-79.70307115199378,43.6211348751632],[-79.70332713681546,43.620750896803294],[-79.70467460435175,43.62030174079635],[-79.70467460435175,43.619852585986315],[-79.7023365906028,43.61836475971742],[-79.7022042481002,43.61828054113948],[-79.70175509225476,43.61917885203207],[-79.70010138454656,43.61973008899229],[-79.69973389184865,43.619852585986315],[-79.6986110031334,43.62097547517418],[-79.69793727026357,43.62097547517418],[-79.69771269234084,43.62120005205593],[-79.69838642431237,43.62187378677206],[-79.6986110031334,43.622098364200035],[-79.69838642521067,43.622772097303226],[-79.6972635355971,43.62322125306266],[-79.69658980003234,43.62277209860376],[-79.69591606985745,43.62232294078915],[-79.6952423360893,43.62299667527728],[-79.694958660699,43.62285483798918],[-79.69389487034965,43.623445830009146],[-79.69299655776047,43.62232294078915],[-79.69411944737406,43.62120005205593],[-79.69367029242694,43.62120005205593],[-79.69325856488783,43.62037660047228],[-79.69282189203159,43.62055127008558],[-79.6914245140981,43.62142463004968],[-79.69052620330557,43.62030174079635],[-79.6898524686391,43.620526318894115],[-79.68850500289946,43.61962800797333],[-79.68792751642746,43.62039798930558],[-79.68833656608872,43.62080704131204],[-79.6898524686391,43.62164920785489],[-79.69007704656183,43.62254751914047],[-79.6896278907164,43.62322125306266],[-79.68895415784655,43.623445830009146],[-79.68581006872519,43.62187378612175],[-79.68356429129467,43.623894985937234],[-79.68349338008278,43.623859530265264],[-79.68266597960381,43.62456871906449],[-79.68172275304707,43.62389498788806],[-79.68199224583569,43.62456871906449],[-79.68064478009602,43.624119564268554],[-79.67833532199332,43.62571842453845],[-79.67952189138076,43.6259161860759],[-79.6801956242506,43.62546703094364],[-79.68109393504312,43.6259161860759],[-79.68199224583569,43.62546703094364],[-79.68289055842484,43.62614076400917],[-79.68311513455093,43.627712808157185],[-79.68461232249899,43.6273385116043],[-79.68491175793264,43.62726365279437]],[[-79.65549206712502,43.62614076400917],[-79.65571664504773,43.62524245309439],[-79.6553020366115,43.624931499764955],[-79.65392002166602,43.623894985937234],[-79.6550429112796,43.62254751914047],[-79.6532462887962,43.62097547517418],[-79.65368663576196,43.61943425841196],[-79.6532462887962,43.61872969728791],[-79.65392002166602,43.61828054113948],[-79.65471625329957,43.618413246803044],[-79.65549206712502,43.6178313861882],[-79.65573461045511,43.61815477884569],[-79.65616579999487,43.6178313861882],[-79.65616579999487,43.61693307402451],[-79.65571664504773,43.61693307402451],[-79.6550429112796,43.61648391876319],[-79.65481833335687,43.61581018478357],[-79.6552674892023,43.61513645171012],[-79.65712025459435,43.61496801905085],[-79.6570641107874,43.614911874292716],[-79.65751326663283,43.614911874292716],[-79.65796242337657,43.614013562739785],[-79.65661495584027,43.612890674265316],[-79.6550429112796,43.61266609626576],[-79.6550429112796,43.61131863082018],[-79.65533583931733,43.6111428742115],[-79.65616579999487,43.61064489620724],[-79.65631551861,43.61019574080907],[-79.65594122207214,43.61019574080907],[-79.65562039775156,43.60939368152054],[-79.65459375633246,43.60862369586795],[-79.6550429112796,43.607500806928854],[-79.65459375633246,43.60660249590548],[-79.65467075363043,43.60648700018876],[-79.65439559876059,43.60636470883409],[-79.65392002166602,43.60660249590548],[-79.65366336041293,43.60628167160973],[-79.65302171087347,43.60660249590548],[-79.65279713295077,43.6090728519484],[-79.65369544374332,43.61019574080907],[-79.65302171087347,43.61086947394933],[-79.65167424423551,43.61086947394933],[-79.65122508928839,43.61154320669692],[-79.65144966721111,43.61333982969953],[-79.65279713115413,43.6137889850312],[-79.65347086671892,43.614013562739785],[-79.65234797800365,43.61581018478357],[-79.65279713295077,43.61693307402451],[-79.65189882215823,43.61715765169768],[-79.65077593344296,43.61648391876319],[-79.64987762175211,43.61760680777958],[-79.64875473303684,43.61760680777958],[-79.64830557719141,43.61962800797333],[-79.64650895470803,43.61850511898274],[-79.6462843767853,43.61805596570907],[-79.64613465817015,43.61775652789576],[-79.64605979886258,43.61760680777958],[-79.6442631772775,43.616708496813196],[-79.64415088786699,43.61676464184501],[-79.64336486558665,43.61715765169768],[-79.64336486558665,43.61850511898274],[-79.6447123430044,43.61944835744516],[-79.64561064391549,43.62007716316045],[-79.64516148807006,43.620750896803294],[-79.64538606599277,43.622098364200035],[-79.64471233312292,43.622772097303226],[-79.64493691014734,43.62367040871781],[-79.64583522183818,43.624119564268554],[-79.64665186768657,43.62346624883207],[-79.64673353263072,43.62322125306266],[-79.6468586140509,43.62330085096477],[-79.64695811055346,43.62322125306266],[-79.64695811055346,43.62336416765378],[-79.64920388888228,43.62479329682967],[-79.65100051136568,43.623894985937234],[-79.65481833335687,43.62658991995957],[-79.65510707704203,43.62639742440585],[-79.65549206712502,43.62614076400917]],[[-79.62214710414013,43.62397315559278],[-79.62270370927331,43.623445830009146],[-79.6221524338447,43.62396649287078],[-79.62214710414013,43.62397315559278]],[[-79.59745274306813,43.620821077593625],[-79.59729999713048,43.620790528647454],[-79.5968772634325,43.62142463004968],[-79.59777557242842,43.62232294143946],[-79.59822472917216,43.622772097303226],[-79.5988984629403,43.62254751914047],[-79.59979471659084,43.6232645229128],[-79.60002135165557,43.62299667527728],[-79.59934761788742,43.62187378612175],[-79.5988984629403,43.62187378612175],[-79.5985776377214,43.62144602176166],[-79.59745274306813,43.620821077593625]],[[-79.6233689701317,43.62006021978505],[-79.62506198452348,43.61816805680185],[-79.6245003308584,43.61872969728791],[-79.62472490878112,43.6178313861882],[-79.62652153126452,43.61581018478357],[-79.62629695424012,43.61513645171012],[-79.62659639057209,43.61528617017288],[-79.62652153126452,43.61513645171012],[-79.62524649758454,43.614180195215376],[-79.62517406462653,43.61423814091045],[-79.62539864165095,43.61558560793112],[-79.624275753834,43.61693307402451],[-79.624275753834,43.618055963107714],[-79.62360202006586,43.61850511898274],[-79.6224791313506,43.61828054113948],[-79.6233689701317,43.62006021978505]],[[-79.60743241861357,43.61917885203207],[-79.60900446407257,43.6178313861882],[-79.61057650773495,43.6178313861882],[-79.61102566358036,43.61693307402451],[-79.61057650773495,43.61625934117518],[-79.61192397527122,43.61536103023998],[-79.6130468639865,43.61558560793112],[-79.61551722023803,43.61760680777958],[-79.61641553103057,43.617382229832856],[-79.61686468597769,43.616708496813196],[-79.61574179726242,43.614911874292716],[-79.61372059685631,43.614013562739785],[-79.61416975449836,43.61333982969953],[-79.61372059685631,43.61333982969953],[-79.6130468639865,43.61446271889283],[-79.61192397527122,43.61513645171012],[-79.61102566358036,43.61468729603653],[-79.61057650773495,43.61333982969953],[-79.61199518292716,43.612326492106],[-79.61125022802834,43.61176777913344],[-79.61080108565766,43.61154320669692],[-79.60945361901967,43.61266609626576],[-79.6093637829997,43.612598719580504],[-79.61057650773495,43.614013562739785],[-79.60855530822714,43.61446271889283],[-79.6081061523817,43.61513645171012],[-79.60833073030442,43.61603476274836],[-79.60808818697433,43.61622341014004],[-79.6081061523817,43.61625934117518],[-79.60630952989831,43.6178313861882],[-79.60653410782103,43.61872969728791],[-79.60743241861357,43.61917885203207]],[[-79.59373317431113,43.61850511898274],[-79.59440690718095,43.618055963107714],[-79.5953052179735,43.61828054113948],[-79.59544856573663,43.61818019926476],[-79.5953052179735,43.61760680777958],[-79.59642810668876,43.616708496813196],[-79.59696000186342,43.617122196604846],[-79.59755099630233,43.616708496813196],[-79.59817290805834,43.61709719391337],[-79.5968772634325,43.61558560793112],[-79.59777557422504,43.61446271889283],[-79.59934761788742,43.61513645171012],[-79.59934761788742,43.61468729603653],[-79.60047050660268,43.614013562739785],[-79.60114424126913,43.614687297987714],[-79.60114424126913,43.614013562739785],[-79.60159339621624,43.61468729603653],[-79.60256080721707,43.6151019020432],[-79.60204255206166,43.61423814091045],[-79.6022671299844,43.6137889850312],[-79.60047050660268,43.61333982969953],[-79.60004873589867,43.61279755970569],[-79.5988984629403,43.61356440713431],[-79.59800015214775,43.61311525207658],[-79.59777557422504,43.61221694100286],[-79.5988984629403,43.61086947394933],[-79.59844930709485,43.60997116315299],[-79.59867388501758,43.60929742905604],[-79.59800015214775,43.60839911819604],[-79.59884231823503,43.60755695145086],[-79.5988984629403,43.607500806928854],[-79.59927275678322,43.6076505248873],[-79.60002135165557,43.60794996293858],[-79.60030207428353,43.607669241638604],[-79.60047050839931,43.607500807579314],[-79.60047050750099,43.607276228967194],[-79.60047050660268,43.60639833790813],[-79.6004384178824,43.606377917842266],[-79.59957219581011,43.606377917842266],[-79.5988984629403,43.606377917842266],[-79.59844930709485,43.60570418512657],[-79.59867388501758,43.60525502925985],[-79.59810955976283,43.604851941759044],[-79.59710183955858,43.60525502925985],[-79.59642810668876,43.60480587394234],[-79.59642810668876,43.60368298528731],[-79.59597895084333,43.603233829290666],[-79.59418232925823,43.603233829290666],[-79.59328401756738,43.60256009583839],[-79.59283486172195,43.60278467319313],[-79.59328401756738,43.60368298528731],[-79.59283486172195,43.60480587394234],[-79.59058908429144,43.60480587394234],[-79.59036450726703,43.605479606961964],[-79.58946619467787,43.605479606961964],[-79.58879246180803,43.606153340241505],[-79.5881686339455,43.605654279518475],[-79.58766957309277,43.60525502925985],[-79.58774837330951,43.605128951563266],[-79.58871412063041,43.60358375482128],[-79.58722041814566,43.603009251010576],[-79.58632210555649,43.60166178389059],[-79.58569329114582,43.60211093991486],[-79.58475006189411,43.60278467319313],[-79.5846683996449,43.60276425775515],[-79.5843009060487,43.603009251010576],[-79.58427845355648,43.6030017669833],[-79.58362717317885,43.60278467319313],[-79.58317801733344,43.60166178389059],[-79.5843009060487,43.60076347284124],[-79.58407632812597,43.6003143178163],[-79.58357103386349,43.60067524448349],[-79.58250428356529,43.60143720689782],[-79.58226788650839,43.60131900876012],[-79.58205512771985,43.60143720689782],[-79.58138139395172,43.60103296710899],[-79.58048308405748,43.601212629066744],[-79.58160597277273,43.60188636199665],[-79.58183054979715,43.60256009583839],[-79.57980935028934,43.60435671787311],[-79.57980935028934,43.60480587394234],[-79.58039520726312,43.60578230102571],[-79.58048308405748,43.60592876180233],[-79.58205512771985,43.60660249590548],[-79.5825192539895,43.607066625668985],[-79.58272885969137,43.60727623026806],[-79.58299835247998,43.607545723331214],[-79.58340259525613,43.60794996293858],[-79.58362717317885,43.60862369586795],[-79.58317801733344,43.60929742905604],[-79.58242942246109,43.60929742905604],[-79.58183054979715,43.60929742905604],[-79.5807076619802,43.60929742905604],[-79.58003392821206,43.60884827400223],[-79.57980935028934,43.607500806928854],[-79.57846188365137,43.60660249590548],[-79.57822126451264,43.60664259890348],[-79.57750232482444,43.608439954997266],[-79.5775635719605,43.60862369586795],[-79.57733899493611,43.60884827400223],[-79.57801272780593,43.60997116315299],[-79.57666526116797,43.6110940521536],[-79.57733899493611,43.61244151872846],[-79.57576695037542,43.61176778498707],[-79.57486863868456,43.61266609626576],[-79.57599152829813,43.61423814091045],[-79.57644068324527,43.61423814091045],[-79.57531779363167,43.61603476274836],[-79.57621610622085,43.61715765169768],[-79.57801272780593,43.61648391876319],[-79.57891103859846,43.61536103023998],[-79.58025850613477,43.61468729603653],[-79.58295343941073,43.61625934117518],[-79.58407632812597,43.614911874292716],[-79.58250428356529,43.6137889850312],[-79.58250428356529,43.61333982969953],[-79.58385175110158,43.614013562739785],[-79.58598973698619,43.61309728692313],[-79.58699584022294,43.61266609626576],[-79.58722041814566,43.61311525207658],[-79.58497463981685,43.61536103023998],[-79.58519921684123,43.61625934117518],[-79.58632210555649,43.61693307402451],[-79.58744499517007,43.61648391876319],[-79.58766957309277,43.61536103023998],[-79.5899153514216,43.61693307402451],[-79.59081366221415,43.61648391876319],[-79.59126281805959,43.61558560793112],[-79.59305943964466,43.61693307402451],[-79.59283486172195,43.61760680777958],[-79.59373317431113,43.61850511898274]],[[-79.57711441701339,43.607051650817475],[-79.57807689356837,43.60666666081948],[-79.57711441701339,43.606827073780714],[-79.57644068324527,43.606377917842266],[-79.57639576837936,43.606512664910895],[-79.57711441701339,43.607051650817475]],[[-79.57262286125405,43.60188636199665],[-79.57307201709948,43.60076347284124],[-79.57244319460395,43.60013465642871],[-79.57172454956319,43.6003143178163],[-79.57127539371776,43.601212629066744],[-79.5720453693922,43.60207885926508],[-79.57262286125405,43.60188636199665]],[[-79.56229228219907,43.59874227289367],[-79.56264519074834,43.5980364570805],[-79.56251686012178,43.59806853988578],[-79.56229228219907,43.59874227289367],[-79.56311285548188,43.600383420458975],[-79.56319059388993,43.6003143178163],[-79.56229228219907,43.59874227289367]],[[-79.60518664118304,43.59964058419613],[-79.6059352189874,43.60001487493326],[-79.60518664118304,43.59941600616419],[-79.60507435177253,43.599472151076],[-79.60518664118304,43.59964058419613]],[[-79.60855530822714,43.59941600616419],[-79.60877988435323,43.59964058419613],[-79.60963328117818,43.59964058419613],[-79.60945361901967,43.59874227289367],[-79.60900446586919,43.59851769541207],[-79.60855530822714,43.59941600616419]],[[-79.61057650773495,43.59919142924559],[-79.60997763507099,43.59964058419613],[-79.61035192981223,43.59964058419613],[-79.61102566358036,43.600089739696976],[-79.61102566358036,43.601212629066744],[-79.61147481942578,43.60166178389059],[-79.61259770814105,43.601212629066744],[-79.6132714419092,43.60188636199665],[-79.61523649761006,43.600314321068964],[-79.61529264231531,43.600089739696976],[-79.61461890764885,43.59941600616419],[-79.61596637518514,43.59896685083822],[-79.61626581241542,43.59836797879379],[-79.61641553103057,43.59806853988578],[-79.61616599970588,43.59781901033592],[-79.61551722023803,43.59717022918379],[-79.6130468639865,43.59784396184119],[-79.61214855319393,43.59672107270705],[-79.61228726026032,43.59662860125214],[-79.61192397527122,43.596047339837895],[-79.61102566358036,43.59559818408764],[-79.6101273518895,43.59649649483787],[-79.61057650773495,43.59919142924559]],[[-79.6220299764035,43.59649649483787],[-79.62276080259952,43.59734913175846],[-79.62494948670384,43.59559818408764],[-79.62562321957367,43.59559818408764],[-79.62629695424012,43.59627191678109],[-79.62685840308933,43.595935048774976],[-79.62741984295538,43.595373605931215],[-79.62744073866719,43.59537883012587],[-79.6274626198309,43.59538430024108],[-79.62747166676411,43.59533906573052],[-79.62764441997977,43.59447529468304],[-79.62792514350606,43.59425071689013],[-79.62820586703235,43.59402613890978],[-79.62741984295538,43.59402613890978],[-79.62529611782588,43.59275190534084],[-79.6248408228938,43.59307712118475],[-79.62312786859765,43.59430066253597],[-79.62304057121666,43.59436301760207],[-79.6229283437899,43.594475244587265],[-79.62292828899265,43.59447529533361],[-79.62221712422325,43.59518646105606],[-79.6220299764035,43.59649649483787]],[[-79.70153051523037,43.59245409560523],[-79.70063220443784,43.59335240709676],[-79.70018304769408,43.593801562043126],[-79.69991355310884,43.59363986649245],[-79.69950931392593,43.593801562043126],[-79.69906015897882,43.594699872939],[-79.6986110031334,43.594699872939],[-79.69883558105612,43.595373605931215],[-79.69793727026357,43.596047339837895],[-79.69814244457613,43.596868038916114],[-79.69816184818629,43.596945651039206],[-79.69840366118605,43.59706655761903],[-79.69892195766396,43.59732570561956],[-79.69906015897882,43.5973948058396],[-79.70153051523037,43.59559818408764],[-79.70215432692324,43.59609723454878],[-79.70121609499947,43.594924444501565],[-79.70085678056392,43.59447529468304],[-79.70130593730765,43.593352405795535],[-79.70197967017748,43.593127827715904],[-79.70242881883638,43.593502120579856],[-79.70332713681546,43.59425071689013],[-79.70400086968527,43.59402613890978],[-79.70489918137615,43.594699872939],[-79.70557291514429,43.59425071689013],[-79.70503587891125,43.59360627712999],[-79.70377629176257,43.59402613890978],[-79.70287798097003,43.593801562043126],[-79.70242882602291,43.593127827715904],[-79.70287798097003,43.59200493906022],[-79.70175509225476,43.59222951677583],[-79.70153051523037,43.59245409560523]],[[-79.70983989208261,43.59492445165807],[-79.71118735961889,43.59582276205656],[-79.71125151729649,43.59582276205656],[-79.70983989208261,43.59492445165807],[-79.70987444218675,43.59482080094652],[-79.71006447090365,43.59425071689013],[-79.7105435693941,43.5941309418981],[-79.71096278169617,43.59402613890978],[-79.71298398210229,43.59492445100745],[-79.71312794161815,43.594866867300865],[-79.71163651456601,43.593801562043126],[-79.71141193664329,43.593127827715904],[-79.71186109338703,43.59245409495462],[-79.71275940417958,43.59222951677583],[-79.71404270595345,43.59312783357134],[-79.71365771497213,43.59222951677583],[-79.7133208476389,43.59200493906022],[-79.71298398210229,43.59178036115723],[-79.71208567130977,43.59200493906022],[-79.71141193664329,43.59110662827568],[-79.71253482625686,43.589759160707146],[-79.71163651456601,43.58886085023664],[-79.70894158218837,43.58886085023664],[-79.7091661601111,43.58818711720664],[-79.71051362585074,43.587962538721634],[-79.71208567130977,43.58886085023664],[-79.71275940417958,43.58841169485368],[-79.71298398210229,43.587513383142],[-79.71118735961889,43.58616591711524],[-79.71006447090365,43.58459387216726],[-79.70804327139584,43.58414471617807],[-79.71051362585074,43.58392013887891],[-79.71096278169617,43.58347098306859],[-79.71186109338703,43.58414471617807],[-79.71305883871493,43.58374546829611],[-79.71320856002501,43.58369556074194],[-79.71410687081756,43.58414471617807],[-79.71478060368737,43.58369556074194],[-79.71478060368737,43.582797249577006],[-79.71455602666299,43.58257267180618],[-79.71365771497213,43.58279725022769],[-79.71320856002501,43.582348093848324],[-79.71186109338703,43.58279725022769],[-79.7115317126134,43.58258764689389],[-79.70970610149578,43.58142589360566],[-79.70939073713548,43.581898939323835],[-79.70871700426567,43.581898939323835],[-79.70826784842022,43.581898939323835],[-79.70729687829424,43.58134410000909],[-79.70647122593682,43.58167436080496],[-79.70384365912068,43.58167436080496],[-79.70445002642903,43.582348093848324],[-79.70669580385955,43.58167436080496],[-79.7091661601111,43.582348093848324],[-79.70939073713548,43.583021827811486],[-79.70849242634294,43.58392013887891],[-79.70489918137615,43.584369293940846],[-79.70489918137615,43.58481845020655],[-79.70579749306701,43.58459387216726],[-79.70669580385955,43.58549218320168],[-79.70579749306701,43.587513383142],[-79.70445002642903,43.587513383142],[-79.70377629176257,43.58639049384453],[-79.70287798097003,43.58683964999501],[-79.704225447608,43.58841169485368],[-79.70557291514429,43.587962538721634],[-79.70647122593682,43.58841169485368],[-79.70669580385955,43.58998373899516],[-79.70624664801413,43.590657472735174],[-79.70557291514429,43.59088205027379],[-79.70489918137615,43.59020831709585],[-79.70400086968527,43.590657472735174],[-79.7056454550018,43.591818370571104],[-79.70579749306701,43.59178036115723],[-79.70629160869409,43.59227447906287],[-79.70680579088798,43.59263742792025],[-79.70849242634294,43.59200493906022],[-79.70869973056107,43.5922122441491],[-79.70939073713548,43.59290325009935],[-79.70910199434867,43.59328824229548],[-79.70871700426567,43.593801562043126],[-79.7091661601111,43.59447529468304],[-79.70926240740725,43.59453946017043],[-79.70983989208261,43.59492445165807]],[[-79.60900446407257,43.59110662827568],[-79.60906435385424,43.59103176729985],[-79.60894832026563,43.59111464860107],[-79.60900446407257,43.59110662827568]],[[-79.60909210460999,43.59099707821491],[-79.6099027748651,43.58998373899516],[-79.61095080247614,43.590507754778045],[-79.61125024060475,43.590432895009144],[-79.61214855319393,43.589310006171836],[-79.61293457547428,43.589310006171836],[-79.6130468639865,43.589310006171836],[-79.61329097128346,43.58950529266358],[-79.61372059685631,43.58886085023664],[-79.6151803529048,43.58886085023664],[-79.61515594208525,43.588763208301835],[-79.61466382071812,43.58841169485368],[-79.61372059685631,43.5877379607001],[-79.61457162841714,43.58667417156344],[-79.61461890764885,43.58661507168803],[-79.61574179726242,43.587064228114734],[-79.61576221327388,43.5871050611791],[-79.61578338566682,43.58711413547885],[-79.61619095310785,43.58728880604731],[-79.61708926390041,43.587064228114734],[-79.61776299677022,43.5877379607001],[-79.6188858863838,43.58728880604731],[-79.62068250886719,43.58549218320168],[-79.620367272966,43.584441408127496],[-79.62000877509905,43.583246405208214],[-79.61933504222922,43.58279725022769],[-79.61843673143669,43.583021827811486],[-79.61843673143669,43.58257267180618],[-79.61686468597769,43.58167436080496],[-79.61596637518514,43.58032689422483],[-79.61439433062445,43.57965316068861],[-79.61439433062445,43.578754849076375],[-79.61406767174613,43.578509855987285],[-79.61349601893359,43.578081116170765],[-79.61147481942578,43.57853027184493],[-79.61102566358036,43.57920400493087],[-79.61125024060475,43.579877738287074],[-79.61057650773495,43.58032689422483],[-79.60967819694238,43.57965316068861],[-79.60833073030442,43.58010231569865],[-79.6081061523817,43.579428582903205],[-79.60698326276813,43.57920400493087],[-79.60653410782103,43.58010231569865],[-79.60563579702847,43.58032689422483],[-79.60533635889988,43.580177175951235],[-79.60451290831323,43.581000626729384],[-79.60473748533762,43.58167436080496],[-79.60653410782103,43.583021827811486],[-79.60563579702847,43.583246405208214],[-79.60541121910576,43.58369556074194],[-79.60518664118304,43.58414471617807],[-79.60492997903164,43.58395222010008],[-79.60541121910576,43.58459387216726],[-79.60451290831323,43.58571676114311],[-79.60349209785865,43.58551259929447],[-79.60361459572404,43.58571676114311],[-79.60321035564282,43.58652524273333],[-79.60361459572404,43.587064228114734],[-79.60346487710889,43.587363666473294],[-79.60361459572404,43.5877379607001],[-79.60354624560902,43.58774772526222],[-79.60383917364676,43.58818711720664],[-79.60499752335784,43.587856160139964],[-79.60508495189289,43.58783118041871],[-79.60563579702847,43.58683964999501],[-79.60675868574373,43.58683964999501],[-79.60698326276813,43.58683964999501],[-79.60900446407257,43.58549218320168],[-79.6099027748651,43.585941338897435],[-79.6101273518895,43.58683964999501],[-79.60990277576343,43.58706422746409],[-79.60945361901967,43.587513383142],[-79.60945361901967,43.58841169485368],[-79.60810615328002,43.58908542862323],[-79.60765699743457,43.589310006171836],[-79.60765699743457,43.58998374094708],[-79.60765699743457,43.59020831709585],[-79.6081061523817,43.59020831709585],[-79.60909210460999,43.59099707821491]],[[-79.58834330596261,43.59088205027379],[-79.59126281805959,43.58818711720664],[-79.59150343809662,43.58834753064078],[-79.59168702050304,43.58761319643333],[-79.5917119730067,43.587513383142],[-79.59328401756738,43.58639049384453],[-79.59343048248455,43.58612686043356],[-79.59305943964466,43.585941338897435],[-79.5935085963884,43.58504302805868],[-79.59328401756738,43.58347098306859],[-79.59375958657711,43.5836295057395],[-79.59283486172195,43.58257267180618],[-79.59328401756738,43.581898939323835],[-79.59418232925823,43.58167436080496],[-79.59463148510366,43.58192389352542],[-79.59463148510366,43.581898939323835],[-79.59575437381892,43.581000626729384],[-79.59573298583032,43.580947157348646],[-79.59538333277565,43.58007302674678],[-79.5953052179735,43.579877738287074],[-79.59463148420535,43.57976544959255],[-79.59418232925823,43.579877738287074],[-79.5939577504372,43.57965316133937],[-79.59305943964466,43.578754849076375],[-79.59216112885211,43.57853027184493],[-79.59058908429144,43.58032689422483],[-79.59103824013687,43.58122520515847],[-79.59013992934432,43.581000626729384],[-79.58946619467787,43.581898939323835],[-79.58789415101549,43.58077605006554],[-79.5900837990121,43.57873239705259],[-79.59126281805959,43.57763195974913],[-79.59139853193945,43.57722482026047],[-79.5898948806129,43.57865683022479],[-79.58766957309277,43.58077605006554],[-79.58742868984935,43.58096134804763],[-79.58475006189411,43.583021827811486],[-79.58317801733344,43.582348093848324],[-79.58317801733344,43.58122520515847],[-79.58343714625859,43.58113882943928],[-79.58295343941073,43.581000626729384],[-79.58272886238632,43.58010231569865],[-79.58160597277273,43.579428582903205],[-79.58153111346516,43.579428582903205],[-79.58160597277273,43.57965316068861],[-79.5807076619802,43.58010231569865],[-79.58048308405748,43.58077605006554],[-79.58160597277273,43.58167436080496],[-79.58138139485003,43.58212351570349],[-79.58205512771985,43.583021827811486],[-79.58118109838945,43.58399298239619],[-79.58138139485003,43.58459387216726],[-79.58023605633751,43.58546973434098],[-79.58093223900461,43.58616591711524],[-79.58146674109022,43.58593684525536],[-79.58216129151845,43.585639180737275],[-79.58250428356529,43.58549218320168],[-79.58385175110158,43.58639049384453],[-79.58609752943039,43.58616591711524],[-79.5864825141235,43.58639049384453],[-79.58879246180803,43.5877379607001],[-79.5881187289382,43.58863627231348],[-79.58744499517007,43.58886085023664],[-79.58677126230023,43.58841169485368],[-79.58587295060937,43.589310006171836],[-79.5862996485727,43.59016340401517],[-79.58677126230023,43.589759160707146],[-79.58766957309277,43.58998373899516],[-79.58834330596261,43.59088205027379]],[[-79.62270370927331,43.577407382885035],[-79.62309672041349,43.57819340540341],[-79.62315286511874,43.57830569377587],[-79.62292828719603,43.57853027314649],[-79.6224149673848,43.57904359185959],[-79.62225455342788,43.57920400493087],[-79.62169310996858,43.57920400493087],[-79.62090708678991,43.57920400493087],[-79.62090708678991,43.579378676976425],[-79.62090708678991,43.5798777408901],[-79.62090708678991,43.58032689422483],[-79.62113166381431,43.58032689422483],[-79.62180539758246,43.58032689422483],[-79.62360202006586,43.57853027184493],[-79.6245003308584,43.578754849076375],[-79.62494948670384,43.58055147191328],[-79.6240511759113,43.58122520515847],[-79.6245003308584,43.583246405208214],[-79.62407759446549,43.58377482899171],[-79.62562321957367,43.58257267180618],[-79.62607237631741,43.581449782749814],[-79.6278689979025,43.58212351570349],[-79.63056393207675,43.582348093848324],[-79.63033935415405,43.583021827811486],[-79.63123766494657,43.58392013887891],[-79.63325886535269,43.58279725022769],[-79.63393259912084,43.58279725022769],[-79.63449404347847,43.58324640716037],[-79.63415717614524,43.58257267180618],[-79.63505548783608,43.58167436080496],[-79.63573482978656,43.581797877564796],[-79.63303428742998,43.58055147191328],[-79.63236055366184,43.57830569377587],[-79.631686820792,43.57785653772794],[-79.63078850999948,43.57830569377587],[-79.63078850999948,43.57965316068861],[-79.63011477623132,43.579877738287074],[-79.63011477623132,43.58032689422483],[-79.62899188661775,43.58010231569865],[-79.6298901983086,43.57830569377587],[-79.62969770371626,43.57806507725183],[-79.62899188661775,43.57718280518331],[-79.63101308702386,43.57628449381005],[-79.63280971040558,43.57246667130842],[-79.63280971040558,43.571568359871925],[-79.63213597573913,43.57067004870431],[-79.63325886535269,43.57111920368502],[-79.63415717614524,43.57022089297743],[-79.63328381695801,43.56882352356817],[-79.63325886535269,43.56887342717809],[-79.63247284217405,43.56848041560451],[-79.63258513158456,43.56864884889217],[-79.63213597573913,43.5695471602662],[-79.63123766494657,43.56977173780617],[-79.63056393207675,43.56932258188882],[-79.62809357582522,43.57111920368502],[-79.62719526503265,43.57022089297743],[-79.62737621717191,43.569497086037146],[-79.62472490878112,43.571568359871925],[-79.62363131053401,43.57088486387363],[-79.62292828719603,43.570445471259596],[-79.62292828719603,43.56932258188882],[-79.6220299764035,43.56887342717809],[-79.61798757469295,43.570894627264224],[-79.61798757469295,43.572017515963424],[-79.61911046430652,43.57269124902638],[-79.61798757469295,43.57246667130842],[-79.61641553103057,43.57336498171144],[-79.61664010895328,43.57246667130842],[-79.61574179726242,43.571568359871925],[-79.61394517477902,43.572242092752965],[-79.61289714537133,43.57194265663048],[-79.61349601893359,43.572242092752965],[-79.61372059685631,43.57314040520418],[-79.61439433062445,43.57291582720862],[-79.61596637518514,43.57381413807089],[-79.61664010895328,43.57336498171144],[-79.61731384182312,43.5735895599845],[-79.61776299677022,43.57426329368369],[-79.61753841974584,43.575386182702374],[-79.61821215261564,43.57583533830434],[-79.61933504222922,43.575386182702374],[-79.62000877509905,43.575610759945945],[-79.62090708678991,43.574487871210025],[-79.6216369589751,43.574487871210025],[-79.62270370927331,43.574487871210025],[-79.62315286511874,43.575386182702374],[-79.6218450321511,43.57688085166251],[-79.62158081965975,43.57718280518331],[-79.62270370927331,43.577407382885035]]],[[[-79.58901666154001,43.57673404619906],[-79.5890170729684,43.57673363490217],[-79.58901703973075,43.57673364921947],[-79.58901666154001,43.57673404619906]],[[-79.58385175110158,43.57605991582515],[-79.5843009060487,43.57583533830434],[-79.5843009060487,43.57591019930645],[-79.58475006189411,43.575610759945945],[-79.58362717317885,43.574487871210025],[-79.58385175110158,43.5735895599845],[-79.58452548397139,43.57314040520418],[-79.58542379476393,43.5735895599845],[-79.58623227492639,43.57298320017454],[-79.58632210555649,43.57291582720862],[-79.58665896390656,43.573196544040194],[-79.58699584022294,43.573477274532166],[-79.58766957309277,43.57403871597062],[-79.58834330686092,43.57403871597062],[-79.58834330686092,43.5735895599845],[-79.58924161765346,43.57314040520418],[-79.59036450726703,43.57403871597062],[-79.59148739598231,43.57426329368369],[-79.59216113244538,43.57358956193697],[-79.59248677443082,43.573263929057745],[-79.59013992934432,43.571343781871775],[-79.5885678838853,43.57179293768554],[-79.58744499517007,43.57111920368502],[-79.58654668437751,43.571568359871925],[-79.58609752853208,43.571119204335865],[-79.58587295060937,43.570894627264224],[-79.5856162902546,43.570958791855354],[-79.58527407794543,43.57104434453722],[-79.58497463981685,43.57111920368502],[-79.58467520258655,43.571568359871925],[-79.58452548397139,43.57179293768554],[-79.58362717317885,43.57179293768554],[-79.58272886238632,43.57381413807089],[-79.58317801733344,43.57426329368369],[-79.58317801733344,43.575610759945945],[-79.58385175110158,43.57605991582515]],[[-79.57419490491642,43.570894627264224],[-79.57486863868456,43.570445471259596],[-79.57576695037542,43.57067004870431],[-79.5755872873186,43.57031072413044],[-79.57509321481064,43.570146033363976],[-79.57419490491642,43.56999631515961],[-79.5737457499693,43.56932258188882],[-79.5741307400523,43.56855260154285],[-79.5737457499693,43.5684242710706],[-79.57329659412387,43.56864884889217],[-79.57307201709948,43.56977173780617],[-79.57105081579503,43.571568359871925],[-79.57127539371776,43.572017515963424],[-79.57217370540863,43.571568359871925],[-79.57284743917675,43.57179293768554],[-79.57295972768895,43.571961371472426],[-79.57307201709948,43.572017515963424],[-79.57307201709948,43.57212980608993],[-79.57329659412387,43.57246667130842],[-79.57310656720362,43.57322678068272],[-79.5731934109354,43.5732557286791],[-79.57438205632945,43.57218595367808],[-79.57397032789201,43.571568359871925],[-79.57419490491642,43.570894627264224]],[[-79.62970630508511,43.56767669894575],[-79.62864533903901,43.56850558820342],[-79.6294410433615,43.56797511486809],[-79.62970630508511,43.56767669894575]],[[-79.66312771739564,43.56819968850641],[-79.66290313408304,43.5684242710706],[-79.66057808751522,43.568230517353214],[-79.66020819990878,43.5681996930626],[-79.66110651159963,43.56887342717809],[-79.66119288730914,43.56906345650745],[-79.6622294012132,43.571343781871775],[-79.66043277783149,43.57291582720862],[-79.66061243999,43.57363447697043],[-79.6622294012132,43.57291582720862],[-79.66290313408304,43.57336498171144],[-79.66312771200573,43.57426329368369],[-79.6640260227983,43.574487871210025],[-79.66582264528168,43.57269124902638],[-79.66559806825728,43.57179293768554],[-79.6660472232044,43.57111920368502],[-79.66694553399695,43.570894627264224],[-79.66761926776509,43.571343781871775],[-79.66821814042903,43.570864686238195],[-79.66739468984237,43.5695471602662],[-79.66806842271221,43.5681996930626],[-79.66896673440306,43.56752595987252],[-79.66986504609392,43.567750537788974],[-79.66986504609392,43.56730138176964],[-79.67098793480919,43.56662764894611],[-79.67188624560171,43.56752595987252],[-79.671661667679,43.56887342717809],[-79.67255997936986,43.56909800397583],[-79.67278455729257,43.5684242710706],[-79.67368286808514,43.5681996930626],[-79.67458117887767,43.56909800397583],[-79.67310026750424,43.567193975375574],[-79.6730091352153,43.56707680413122],[-79.67435660185326,43.56640307074852],[-79.67458117887767,43.5655047599998],[-79.67368286808514,43.56460644822238],[-79.67278455729257,43.565055604158275],[-79.67255997936986,43.56415729284302],[-79.6730091352153,43.56348355870233],[-79.6723684351951,43.56262929315348],[-79.67121251183359,43.56370813671853],[-79.6714370897563,43.564831025958036],[-79.67031420104104,43.566178493015435],[-79.6694158902485,43.56640307074852],[-79.66877424340397,43.56592183600118],[-79.66851757855764,43.565729336990145],[-79.66672095697255,43.567750537788974],[-79.66447517864373,43.56932258188882],[-79.66357686695285,43.56909800397583],[-79.66312771739564,43.56819968850641],[-79.66490829417144,43.566616956036],[-79.66514891241188,43.56640307074852],[-79.66492433359083,43.5652801821722],[-79.66537349033457,43.56460644822238],[-79.66245397823761,43.563932715199385],[-79.66178024446945,43.5632589824527],[-79.66155566744506,43.563034404063984],[-79.66100082660309,43.56287587859575],[-79.66110651159963,43.563034404063984],[-79.66178024446945,43.5632589824527],[-79.66178024536777,43.564381870951266],[-79.66245397823761,43.56460644822238],[-79.66110651159963,43.565055604158275],[-79.66067777266397,43.565913082657],[-79.66178024536777,43.565729336990145],[-79.66182202690996,43.565755450645305],[-79.6623791234216,43.566103638792214],[-79.66248136337904,43.56616753901455],[-79.66357686695285,43.566852226306395],[-79.66380144487557,43.56752595987252],[-79.66312771739564,43.56819968850641]],[[-79.63265999089212,43.56780044424053],[-79.63258513158456,43.567750537788974],[-79.63213597573913,43.56797511486809],[-79.63265999089212,43.56780044424053]],[[-79.6552674892023,43.55337755908086],[-79.65616579999487,43.55337755908086],[-79.65646523183524,43.553527276272334],[-79.65594122207214,43.55315298096872],[-79.6552674892023,43.55337755908086],[-79.65414459958875,43.55203009217756],[-79.65234797800365,43.55158093614172],[-79.65144966721111,43.55090720329878],[-79.65123169549899,43.54894545458415],[-79.65122508928839,43.548886003203926],[-79.65129419398826,43.54879962407429],[-79.65212340008095,43.54776311369529],[-79.65414459958875,43.54821226888376],[-79.6552674892023,43.54776311369529],[-79.65594122207214,43.546415646930605],[-79.65666566843302,43.54598098071703],[-79.65687696386593,43.54585420326781],[-79.6570641107874,43.545741914298425],[-79.65728868871011,43.54461902482055],[-79.65841157832368,43.54416986890284],[-79.65886073416911,43.54439444728002],[-79.65886073416911,43.54529275828251],[-79.65841157832368,43.54529275828251],[-79.65773784455553,43.546415646930605],[-79.65841157832368,43.54753853614817],[-79.65796242337657,43.54843684717615],[-79.65908531209182,43.54933515783794],[-79.65998362288437,43.55135635914722],[-79.66065735575421,43.55158093614172],[-79.66155566744506,43.55068262509593],[-79.66155566744506,43.54821226888376],[-79.6622294012132,43.548886003203926],[-79.66492433359083,43.548661425282866],[-79.66537349033457,43.549110580939335],[-79.66469975566812,43.55000889197712],[-79.66492433359083,43.55090720329878],[-79.66357686695285,43.55090720329878],[-79.66267855616033,43.55203009217756],[-79.66312771200573,43.552703824837835],[-79.66492433359083,43.55315298096872],[-79.66559806825728,43.553826714096616],[-79.66649637904983,43.55337755908086],[-79.66672095697255,43.55203009217756],[-79.66677710167781,43.55198798400246],[-79.6660472232044,43.551805514252564],[-79.66559806825728,43.55090720329878],[-79.66644609854676,43.548363114879784],[-79.66631906868074,43.548271372593376],[-79.66514891241188,43.548661425282866],[-79.664250600721,43.54821226888376],[-79.664250600721,43.54680866180581],[-79.664250600721,43.546777481466556],[-79.66399392778983,43.546592104354225],[-79.66396987449977,43.54659811737167],[-79.66380144487557,43.546640224754675],[-79.66312771200573,43.545966492028036],[-79.66178024536777,43.546191068921004],[-79.66133108862402,43.545966492028036],[-79.6608819336769,43.545741914298425],[-79.66028084576749,43.54479735950568],[-79.65998362288437,43.54461902482055],[-79.65986473265315,43.54414346720492],[-79.65930988911622,43.54327155809732],[-79.65997041315813,43.54274314031167],[-79.65953446703894,43.542597824836534],[-79.65930988911622,43.54169951274563],[-79.66110651159963,43.54012746872845],[-79.65998362288437,43.538780001898076],[-79.66043277783149,43.536983380152996],[-79.66082448282124,43.53682669877642],[-79.65908531209182,43.53586049099697],[-79.65661495584027,43.53630964630319],[-79.65571664504773,43.535411334950126],[-79.65594122207214,43.53473760177059],[-79.65436917840977,43.534288445826185],[-79.65212340008095,43.53563591274053],[-79.65122508928839,43.53473760177059],[-79.65144966721111,43.53361471312639],[-79.65077593344296,43.5333901349726],[-79.64987762175211,43.53361471312639],[-79.6496530438294,43.53451302389101],[-79.64875473303684,43.5349621801164],[-79.64897931095956,43.535186756974596],[-79.64875897128834,43.53573760940789],[-79.64853015511413,43.53630964630319],[-79.64605979886258,43.53743253490985],[-79.64538606599277,43.53833084675928],[-79.64448775520022,43.538510508955824],[-79.64448775520022,43.5385554240957],[-79.64434338335765,43.5386356308753],[-79.64538606599277,43.53967831320834],[-79.64493691104565,43.540352047187305],[-79.6451764611892,43.54059159861831],[-79.64673353263072,43.539229158249384],[-79.6476318443216,43.53900458016638],[-79.64942846590668,43.53653422400417],[-79.65007011634444,43.53632034068447],[-79.6501021996748,43.53630964630319],[-79.65055135462194,43.53653422400417],[-79.6501021996748,43.53653422400417],[-79.64987762175211,43.539229158249384],[-79.64920388888228,43.53967831320834],[-79.64808100016701,43.53945373614711],[-79.64808100016701,43.54080120224662],[-79.64650895470803,43.54169951274563],[-79.64808100016701,43.5437207141966],[-79.64785642224432,43.54461902482055],[-79.64650895470803,43.5455173357321],[-79.64516148807006,43.54439444728002],[-79.64336486558665,43.54416986890284],[-79.6426911327168,43.54416986890284],[-79.64156824400155,43.54529275828251],[-79.6406699323107,43.54506817999627],[-79.64022077736358,43.54439444728002],[-79.6404453552863,43.5437207141966],[-79.64246655479411,43.54214866883628],[-79.64242572277118,43.54206700552536],[-79.64156824400155,43.54169951339676],[-79.64111908815613,43.542597824836534],[-79.63962978112805,43.54323609918803],[-79.63999619944087,43.54506817999627],[-79.63909788775003,43.545966492028036],[-79.63819957695746,43.545741914298425],[-79.63595379862865,43.545741914298425],[-79.63550464278322,43.54529275828251],[-79.63246810445924,43.54548254294123],[-79.63191139781641,43.5455173357321],[-79.6272018730399,43.54838400778973],[-79.62674610918722,43.548661425282866],[-79.62649187158877,43.54869956153465],[-79.62225455342788,43.54933515783794],[-79.62315286511874,43.55000889197712],[-79.62320900892568,43.550289615296485],[-79.62337744214315,43.550458046707305],[-79.62337744214315,43.55113178131586],[-79.62337744214315,43.55135635914722],[-79.62270370927331,43.55225466991685],[-79.6223994444967,43.55230538088244],[-79.62180539848077,43.552404388595825],[-79.62135624173703,43.55247924812127],[-79.62120652132526,43.55230457553342],[-79.62000877509905,43.55090720329878],[-79.62113166381431,43.551805514252564],[-79.62180539758246,43.55158093614172],[-79.62225455342788,43.55090720329878],[-79.62225455342788,43.5501960418701],[-79.62207644086325,43.5500476133434],[-79.62180539758246,43.55113178131586],[-79.62113166381431,43.55135635914722],[-79.62000877509905,43.55090720329878],[-79.61843673143669,43.55292840332175],[-79.61798757559124,43.55315298161979],[-79.61753841974584,43.55337755908086],[-79.61737509075581,43.55339797499467],[-79.61634067531627,43.553527276923376],[-79.61605155883026,43.55356341662257],[-79.61574179726242,43.55360213700721],[-79.61553449573925,43.553757613342555],[-79.61526622106616,43.55395881975246],[-79.61506806439259,43.55494960326575],[-79.61487556800363,43.55507793444935],[-79.61461890944547,43.555249040532914],[-79.61439433062445,43.555398758934096],[-79.61416975449836,43.555398758934096],[-79.61293457277934,43.555398758934096],[-79.612607084756,43.555398758934096],[-79.6114935448079,43.55697080312376],[-79.61104812056416,43.55759962129457],[-79.61121552341397,43.55726481861346],[-79.61121567972083,43.55726450548416],[-79.61147481942578,43.55674622603329],[-79.61145818442337,43.55667968576622],[-79.61125024060475,43.55697080312376],[-79.61145709027537,43.55667530907383],[-79.61145176596065,43.55665401216113],[-79.60812529009051,43.561335717858086],[-79.60779194864477,43.56180484581785],[-79.60802803757956,43.561560001840064],[-79.60747244574598,43.56225449392451],[-79.60723134870351,43.56259379616071],[-79.60967819694238,43.56348355870233],[-79.61012735278781,43.56415729284302],[-79.6099027748651,43.56460644822238],[-79.61125024060475,43.564831025958036],[-79.61214855319393,43.565729336990145],[-79.61125024060475,43.566852226306395],[-79.60720784069083,43.566178493015435],[-79.60720784069083,43.56662764894611],[-79.60833073030442,43.56662764894611],[-79.60855530822714,43.56730138176964],[-79.60967819694238,43.56752595987252],[-79.6097574597915,43.56764485443595],[-79.61035192981223,43.56752595987252],[-79.61280501954569,43.56813923228831],[-79.6132714419092,43.567750537788974],[-79.61349602791674,43.567750537788974],[-79.61574179726242,43.5655047599998],[-79.61529264231531,43.564831025958036],[-79.61574179726242,43.563932715199385],[-79.61686468597769,43.56370813671853],[-79.61753841974584,43.56415729284302],[-79.61862676105189,43.56318988535467],[-79.61955962464351,43.56236067298797],[-79.62045793094448,43.562809826139976],[-79.62068250886719,43.56415729284302],[-79.62135624173703,43.564381870951266],[-79.6220299764035,43.563932715199385],[-79.62270370927331,43.56213609320334],[-79.62180539758246,43.56101320385546],[-79.62270370927331,43.56011489280162],[-79.6240511759113,43.5607886262085],[-79.62494948670384,43.56056404772438],[-79.62584779839469,43.56168693698122],[-79.62629695424012,43.561836656310994],[-79.62719526503265,43.56213609320334],[-79.62741984295538,43.56168693698122],[-79.62697068710995,43.56101320385546],[-79.62741984295538,43.56033946970511],[-79.6296656212842,43.56033946970511],[-79.63033935415405,43.5607886262085],[-79.63078850999948,43.56213609320334],[-79.63033935235741,43.563258983754544],[-79.63303428742998,43.56460644822238],[-79.63438175406796,43.56191151518539],[-79.63488705372032,43.56174308193621],[-79.63415717614524,43.56101320385546],[-79.63460633199068,43.56033946970511],[-79.63438175406796,43.559441159021624],[-79.63303428742998,43.558542847964375],[-79.63236055366184,43.557195380679175],[-79.63223373669655,43.55714782465789],[-79.63101308702386,43.558542847964375],[-79.6294410433615,43.55809369229585],[-79.62899188661775,43.55741995869965],[-79.6278689979025,43.558542847964375],[-79.62539864165095,43.558542847964375],[-79.62494948670384,43.557644537185084],[-79.62629695424012,43.55562333714033],[-79.62629695424012,43.554275870321966],[-79.6267741833365,43.55367933681889],[-79.62607237631741,43.55315298096872],[-79.62674610918722,43.55247924812127],[-79.6278689979025,43.55292840332175],[-79.6287982879959,43.552092050914716],[-79.62876730869503,43.55203009217756],[-79.62921646543877,43.55135635914722],[-79.62993511586944,43.55106889968566],[-79.63011477623132,43.55090720329878],[-79.63042573435513,43.55087265256003],[-79.63146224286929,43.550458046707305],[-79.63236055366184,43.550458046707305],[-79.63415717614524,43.550458046707305],[-79.63483090991339,43.54978431368239],[-79.63752584318932,43.55000889197712],[-79.63857387080039,43.550458046707305],[-79.63909788775003,43.55068262509593],[-79.6394327841795,43.550615646475045],[-79.64022077736358,43.550458046707305],[-79.6406699323107,43.55090720329878],[-79.64156824400155,43.55068262509593],[-79.64224197687139,43.55113178131586],[-79.64228424979203,43.551343149131],[-79.64583522183818,43.550233470086155],[-79.6469469930035,43.55067817830378],[-79.64538606599277,43.55247924812127],[-79.64528625328323,43.551880377126196],[-79.64493691104565,43.55292840332175],[-79.6442631772775,43.55337755908086],[-79.64448775520022,43.55360213700721],[-79.64493691104565,43.55360213700721],[-79.64605979886258,43.55315298096872],[-79.64650895470803,43.55203009217756],[-79.64740726639887,43.55203009217756],[-79.64853015511413,43.55000889197712],[-79.64869349129067,43.549927224339264],[-79.64942846590668,43.54955973585303],[-79.6501021996748,43.55000889197712],[-79.65029084588448,43.551140771841276],[-79.65032677759753,43.55135635914722],[-79.65234797800365,43.552703824837835],[-79.65369544374332,43.552703824837835],[-79.65392002166602,43.55337755908086],[-79.6552674892023,43.55337755908086]],[[-79.64263587015716,43.5521229824071],[-79.64241988911172,43.55202134527877],[-79.64246655479411,43.55225467056786],[-79.64263587015716,43.5521229824071]],[[-79.64448775520022,43.55068262509593],[-79.64520640293594,43.55140127448286],[-79.64516148807006,43.55113178131586],[-79.64448775520022,43.55068262509593],[-79.64381402233039,43.55090720329878],[-79.64339941479247,43.55152911776712],[-79.64448775520022,43.55068262509593]],[[-79.69453367043302,43.55425748461412],[-79.69254743694935,43.55546482407191],[-79.68912808336367,43.55754323421471],[-79.68912811660134,43.55754330126707],[-79.68917873576927,43.557644537185084],[-79.68847082020625,43.55809027395998],[-79.68850500289946,43.55809369229585],[-79.68796635868206,43.55840790430207],[-79.68672050138417,43.559192342949004],[-79.68567723035257,43.55984921747373],[-79.68575664681356,43.560008049699825],[-79.68656536413125,43.559502616702154],[-79.69499496251794,43.55423403063797],[-79.69474704816078,43.55412778061331],[-79.69453367043302,43.55425748461412]],[[-79.76326083263508,43.55587246871826],[-79.76328940804429,43.55589345016666],[-79.76328940804429,43.55460471905769],[-79.76306483012156,43.55450044815581],[-79.76326083263508,43.55587246871826]],[[-79.75610291811067,43.55697080312376],[-79.7527342519649,43.56011489280162],[-79.75138678532694,43.55899200419064],[-79.75003931779062,43.559665737134395],[-79.7489164290754,43.56123778196717],[-79.74824269620555,43.56123778196717],[-79.74869185115267,43.561462359241816],[-79.7493655849208,43.56101320385546],[-79.75026389571335,43.56191151518539],[-79.75003931779062,43.562809826139976],[-79.7493655849208,43.563034404063984],[-79.74975057590213,43.563547727933795],[-79.75116220740422,43.56460644822238],[-79.75178893233354,43.564449767038596],[-79.75138678532694,43.56415729284302],[-79.75161136324964,43.56348355870233],[-79.7529588289893,43.563932715199385],[-79.75317442465749,43.563771018829634],[-79.75385713978184,43.56325898180176],[-79.75632749603339,43.56458917548076],[-79.75639584525008,43.56462597899011],[-79.75655207395609,43.56415729284302],[-79.75767496267135,43.56348355870233],[-79.75767496267135,43.563034404063984],[-79.75760634126513,43.56300321259105],[-79.75710488370723,43.56277527962159],[-79.75632024752736,43.56241862758161],[-79.7561927433509,43.562360671035115],[-79.75613098866667,43.56233260047928],[-79.75520460731813,43.56191151518539],[-79.75475545237101,43.56101320385546],[-79.75745038474865,43.55809369229585],[-79.75610291811067,43.55697080312376]],[[-79.76638976268605,43.55816984412367],[-79.77035917717807,43.56085499854764],[-79.76912843044158,43.55989031506108],[-79.7655168068424,43.55752889673163],[-79.76638976268605,43.55816984412367]],[[-79.77126701460419,43.56175072732178],[-79.7749781670453,43.56447531690196],[-79.77443886795606,43.5640526309934],[-79.77100988353222,43.561365028291455],[-79.77120840761677,43.561662816721196],[-79.77126701460419,43.56175072732178]],[[-79.77573532016737,43.561699041372165],[-79.77541660868435,43.56191151518539],[-79.77522359935735,43.56184717887057],[-79.78305225356507,43.567750537788974],[-79.78417514317863,43.56797511486809],[-79.78423514435141,43.56791511339073],[-79.77573532016737,43.561699041372165]],[[-79.72831652079643,43.567280967312115],[-79.7281332186644,43.56715003642975],[-79.7276938337943,43.5674136683222],[-79.72721660110469,43.56789090254823],[-79.72735695837625,43.56812483288964],[-79.72780611601831,43.56887342717809],[-79.7295624310949,43.568170901450394],[-79.72941779424933,43.56806759064094],[-79.72831652079643,43.567280967312115]],[[-79.71814927073147,43.56864884889217],[-79.71792469280875,43.56797511486809],[-79.71725095724398,43.567525961825204],[-79.71567891627656,43.56797511486809],[-79.7150051816101,43.56887342717809],[-79.71590349330096,43.56999631515961],[-79.71770011578435,43.56977173780617],[-79.71725096083723,43.57089462791509],[-79.71792469280875,43.57022089297743],[-79.71877016289967,43.57127772958912],[-79.71927216124335,43.57119406273975],[-79.71945182699514,43.57116411860834],[-79.71949673916608,43.571119204335865],[-79.71972131619047,43.570894627264224],[-79.71976623285299,43.57075987983828],[-79.72017047113759,43.5695471602662],[-79.71814927073147,43.56864884889217]],[[-79.770925052925,43.57111920368502],[-79.77070047500227,43.572017515963424],[-79.7709503315171,43.572410154959776],[-79.77137420787211,43.57246667130842],[-79.77227251956297,43.571343781871775],[-79.77159878489653,43.57067004935518],[-79.770925052925,43.57111920368502]],[[-79.72129335985285,43.57291582720862],[-79.72106878372676,43.5722420934038],[-79.72106878282845,43.5732526938879],[-79.72129335985285,43.57291582720862]],[[-79.70624664801413,43.57291582720862],[-79.70714495880667,43.57201751661421],[-79.70624664801413,43.572242092752965],[-79.70534833722157,43.571343781871775],[-79.70647122593682,43.56932258188882],[-79.70572263375944,43.56894828707155],[-79.70489918137615,43.56977173780617],[-79.70534833722157,43.57111920368502],[-79.7045783588522,43.57163252439615],[-79.70489918137615,43.571568359871925],[-79.70557291514429,43.572017515963424],[-79.70557291514429,43.57314040520418],[-79.70467460435175,43.5735895599845],[-79.70624664801413,43.57291582720862]],[[-79.75183594027403,43.57336498171144],[-79.75138678532694,43.57426329368369],[-79.75048847363607,43.574487871210025],[-79.74973052191173,43.57398257466558],[-79.7493334988955,43.57371789246759],[-79.74880413966487,43.57398257206233],[-79.7489164290754,43.57426329368369],[-79.74869185115267,43.575386182702374],[-79.7493655849208,43.576509072258965],[-79.74821063712969,43.577375290366895],[-79.74869185115267,43.57718280518331],[-79.7491410069981,43.57785653772794],[-79.74869185115267,43.57853027184493],[-79.74914100609978,43.578979427422446],[-79.7495901619452,43.579428582903205],[-79.75048847363607,43.57920400493087],[-79.75116220740422,43.57785653772794],[-79.75250967404217,43.57785653772794],[-79.7529588289893,43.578754849076375],[-79.7530279354858,43.578777884176404],[-79.75363256275743,43.57897942677168],[-79.75438115673147,43.57808111812306],[-79.75475545237101,43.57763195974913],[-79.755316894932,43.57802497342816],[-79.75700122980152,43.57920400493087],[-79.75677665187882,43.579877738287074],[-79.75722580682593,43.58055147191328],[-79.7591507608342,43.58087229740275],[-79.75947158515477,43.58055147191328],[-79.75902243020765,43.57830569377587],[-79.75632749603339,43.576509072258965],[-79.75614638399401,43.57542240495804],[-79.75520460731813,43.575610759945945],[-79.75183594027403,43.57291582720862],[-79.7513765741771,43.573007700540344],[-79.75183594027403,43.57336498171144]],[[-79.79023874260034,43.57314040520418],[-79.78945272481158,43.5735895599845],[-79.79046332142138,43.5735895599845],[-79.79219576646426,43.57464828860851],[-79.79450572133528,43.57605991582515],[-79.79462864320553,43.57601074705908],[-79.79241236644894,43.57456164898764],[-79.79023874260034,43.57314040520418]],[[-79.78889127596238,43.57695822729477],[-79.78687007555627,43.575610759945945],[-79.78574718684101,43.57673364921947],[-79.78664549763354,43.57763195974913],[-79.78642092060916,43.57830569377587],[-79.78574718684101,43.578754849076375],[-79.78395056525592,43.57830569377587],[-79.78058189821184,43.58122520515847],[-79.78103105405728,43.58212351570349],[-79.78099022203432,43.58224601380545],[-79.78091876554507,43.58246038293201],[-79.78080647613456,43.58279725022769],[-79.7801327423664,43.583246405208214],[-79.77944173309704,43.5830736535891],[-79.77923443067554,43.583021827811486],[-79.77878527572842,43.58369556074194],[-79.77909968338292,43.584099804429215],[-79.77949983253635,43.584614284660525],[-79.78035732028911,43.58571676114311],[-79.78110590887324,43.58609105585033],[-79.78125563108166,43.58616591711524],[-79.78133984813955,43.58641856815415],[-79.78143529324015,43.586704903762005],[-79.78148020900437,43.58683964999501],[-79.78103105405728,43.587513383142],[-79.77833611988301,43.58728880604731],[-79.77788696403758,43.58616591711524],[-79.7763149203752,43.58504302805868],[-79.77519203076162,43.58616591711524],[-79.77541660868435,43.58661507168803],[-79.77496745283891,43.58728880604731],[-79.77339540917654,43.58728880604731],[-79.7727216754084,43.587962538721634],[-79.77233668263045,43.587866290357134],[-79.77249709658737,43.58818711720664],[-79.77339540917654,43.58863627231348],[-79.77361998620094,43.58953458418378],[-79.7727216754084,43.590432895009144],[-79.77137420787211,43.58953458418378],[-79.77047589707958,43.58998373899516],[-79.77065555923808,43.59007357124688],[-79.77092504933174,43.59020831709585],[-79.77227251866465,43.59088205092446],[-79.7727216754084,43.59110662827568],[-79.7729462533311,43.59200493906022],[-79.77249709658737,43.59267867294602],[-79.77182336371754,43.59290325009935],[-79.77070047500227,43.59222951677583],[-79.76957758628703,43.59290325009935],[-79.76823011875074,43.59200493906022],[-79.76823011875074,43.59357698368778],[-79.76665807508836,43.594699872939],[-79.770925052925,43.59290325009935],[-79.77159878579482,43.593127827715904],[-79.77204794164027,43.593801562043126],[-79.77182336371754,43.594699872939],[-79.77025131915686,43.595373605931215],[-79.76980216420974,43.596047339837895],[-79.77030122506245,43.5967959344128],[-79.77047589707958,43.59627191678109],[-79.77182336371754,43.596047339837895],[-79.77204794164027,43.595373605931215],[-79.77339540917654,43.595373605931215],[-79.77361998620094,43.595373605931215],[-79.77406914204637,43.596047339837895],[-79.77406914204637,43.59621578254515],[-79.77406914204637,43.59649649483787],[-79.77317083125382,43.59672107270705],[-79.7727216754084,43.5973948058396],[-79.77317083125382,43.59829311774271],[-79.77592191013335,43.59848962284265],[-79.7763149203752,43.598517694761505],[-79.77559627084284,43.59865244187149],[-79.77524161507036,43.59871894032563],[-79.77493291890444,43.59877682089916],[-79.77519203076162,43.59874227289367],[-79.77609034155417,43.59964058419613],[-79.77564118570874,43.600538895097394],[-79.77959374780605,43.600179574428054],[-79.78195430926863,43.59996497891712],[-79.78305225356507,43.59941600616419],[-79.7852980318939,43.59941600616419],[-79.78430988687799,43.59842786600624],[-79.7837259873332,43.59784396184119],[-79.78457938146322,43.59677721883246],[-79.78462429812575,43.59672107270705],[-79.78574718684101,43.596945651039206],[-79.7873192323,43.598517694761505],[-79.78844212101527,43.59806853988578],[-79.78897053970978,43.59833274942492],[-79.78956500973054,43.596945651039206],[-79.78934043180782,43.59627191678109],[-79.79046332142138,43.594699872939],[-79.79113705429121,43.59447529468304],[-79.79158621013664,43.59245409495462],[-79.79068789934409,43.591555783717425],[-79.78866669893799,43.59178036115723],[-79.78744399751318,43.5905576612389],[-79.7873192323,43.590432895009144],[-79.7875999558263,43.590432895009144],[-79.78821754309254,43.590432895009144],[-79.78978958675492,43.58953458418378],[-79.79001416467764,43.58886085023664],[-79.78911585747835,43.58751338053933],[-79.79068789934409,43.58616591711524],[-79.79046332142138,43.58526760507308],[-79.79091247636849,43.58481845020655],[-79.79068789934409,43.58392013887891],[-79.79113705429121,43.583021827811486],[-79.79001416467764,43.58212351570349],[-79.78799296516983,43.58369556074194],[-79.78462429812575,43.58077605006554],[-79.78705543932189,43.57944997328304],[-79.7870946543773,43.579428582903205],[-79.78711337077624,43.57948473279683],[-79.78754381022273,43.58077605006554],[-79.78866669893799,43.58122520515847],[-79.78956500973054,43.581000626729384],[-79.79136163221393,43.58212351570349],[-79.79225994300646,43.581000626729384],[-79.79113705429121,43.579877738287074],[-79.79113705429121,43.57897942677168],[-79.79023874260034,43.57853027184493],[-79.7903136010096,43.57838055626224],[-79.78981204553534,43.57878179982368],[-79.78956500973054,43.57897942677168],[-79.78866669893799,43.578754849076375],[-79.78821754309254,43.57785653772794],[-79.78889127596238,43.57695822729477]],[[-79.79057923283912,43.578168050082404],[-79.79136162772234,43.57875485167941],[-79.79243963121613,43.579563363644404],[-79.79144950182176,43.57872555946899],[-79.79068789934409,43.578081116170765],[-79.79057923283912,43.578168050082404]],[[-79.79540403212785,43.57965316068861],[-79.79503909423862,43.58038303872549],[-79.79517945510344,43.58032689422483],[-79.79540403212785,43.57965316068861]],[[-79.79375712286969,43.58055147191328],[-79.79405656638819,43.58077605006554],[-79.79461801254246,43.58055147191328],[-79.79375712286969,43.58055147191328]],[[-79.80236594413874,43.59425071689013],[-79.8007938959848,43.595626261909565],[-79.80124305542347,43.595373605931215],[-79.80248057635552,43.59427364326679],[-79.80236594413874,43.59425071689013]],[[-79.73252224970037,43.600089739696976],[-79.7319608035461,43.599079145351],[-79.73139936098512,43.59806853988578],[-79.73207309385492,43.59627191678109],[-79.73072562811528,43.59627191678109],[-79.73067380250993,43.5962028172233],[-79.73065076970602,43.59627191678109],[-79.73027647226985,43.5973948058396],[-79.7311747830624,43.59806853988578],[-79.73072562811528,43.59919142924559],[-79.7311747830624,43.599865162040416],[-79.73207309385492,43.600089739696976],[-79.73207309385492,43.601212629066744],[-79.73213725961737,43.60124471213003],[-79.73243437110938,43.60035337895269],[-79.73252224970037,43.600089739696976]],[[-79.72305543402872,43.60136810611598],[-79.7233145611573,43.601212629066744],[-79.72342322945887,43.60123436298745],[-79.72533576066509,43.600538895097394],[-79.72443744987253,43.598517694761505],[-79.72462747589448,43.59794761515208],[-79.72466202689694,43.59784396184119],[-79.72351302505467,43.5970396658016],[-79.72241624856811,43.59627191678109],[-79.72219166795045,43.595822758803656],[-79.72174251569827,43.59492445100745],[-79.72017047113759,43.59492445100745],[-79.71968922836854,43.594603622336436],[-79.71949673826775,43.59447529468304],[-79.71904758242232,43.593127827715904],[-79.71911174728645,43.5928711710462],[-79.71926441507065,43.592260498577886],[-79.71895776526696,43.592499003723425],[-79.71855761521522,43.592841995006914],[-79.71819652930193,43.59315150011788],[-79.71804943736068,43.593277579492856],[-79.71725095993892,43.59447529468304],[-79.7183738486542,43.595373605931215],[-79.71882300539794,43.59649649483787],[-79.71972131619047,43.59627191678109],[-79.72219167244202,43.59806853988578],[-79.72129335985285,43.59919142924559],[-79.71928398037755,43.59878955277028],[-79.71904758242232,43.59874227289367],[-79.71908424805898,43.59883393767449],[-79.71949673826775,43.599865162040416],[-79.71821664437778,43.600931907550596],[-79.71822647733688,43.600956489568176],[-79.71875112759878,43.60133540642538],[-79.71927216034504,43.60098805104785],[-79.71994589411318,43.601212629066744],[-79.72037862067039,43.602510810808084],[-79.72041677751041,43.602538367600644],[-79.72151793777554,43.60143720689782],[-79.72219167244202,43.60188636199665],[-79.72270207811846,43.601580119922254],[-79.72286540531186,43.60143720689782],[-79.72305543402872,43.60136810611598]],[[-79.74375114044621,43.60503045071933],[-79.74150540613483,43.60592874814245],[-79.74032632690023,43.606518285572065],[-79.74032517076846,43.60652117493386],[-79.74375114044621,43.60525502925985],[-79.74375114044621,43.60503045071933],[-79.74375114044621,43.60480587394234],[-79.74307740577973,43.60435671787311],[-79.74307740577973,43.60345840673243],[-79.74217909498721,43.603009251010576],[-79.74217909498721,43.60188636199665],[-79.74128078419466,43.60233551829579],[-79.74060705132484,43.60166178454113],[-79.74038247340214,43.60188636199665],[-79.74060705132484,43.60256009583839],[-79.74375114044621,43.60503045071933]],[[-79.70804327139584,43.605002381188676],[-79.70804327139584,43.60435672112557],[-79.70781869257482,43.60390756170279],[-79.70692038178225,43.60368298528731],[-79.70467460435175,43.60503045071933],[-79.70355171473818,43.60660249590548],[-79.70242882602291,43.607051650817475],[-79.70130593730765,43.60660249590548],[-79.70124092802718,43.6066379558996],[-79.6998854852478,43.607377291527825],[-79.69926150736661,43.6077176417319],[-79.69928473690155,43.60772538470248],[-79.69703895857272,43.60929742905604],[-79.69687633206524,43.60994793640634],[-79.69681438065001,43.61019574080907],[-79.69793727026357,43.6110940521536],[-79.69883558105612,43.610440740873116],[-79.7004076256168,43.60929742905604],[-79.70310255889275,43.6097465853088],[-79.70445002732734,43.608399118846506],[-79.70489918137615,43.60794996293858],[-79.7050201188679,43.60794996293858],[-79.70692038178225,43.60570418512657],[-79.70751138520431,43.605467783919885],[-79.70804327139584,43.605002381188676]],[[-79.71186109338703,43.60592876180233],[-79.71191530671445,43.60601008227394],[-79.71298398210229,43.60503045071933],[-79.71186109338703,43.60592876180233]],[[-79.73043013179415,43.60521956975145],[-79.73050105019256,43.60525502925985],[-79.73073461126812,43.604904688686126],[-79.73050105019256,43.60503045071933],[-79.73043013179415,43.60521956975145]],[[-79.72044851948095,43.60597153868157],[-79.72110960766484,43.606500410813986],[-79.72061962698302,43.60592876180233],[-79.72044851948095,43.60597153868157]],[[-79.71994589411318,43.606827073780714],[-79.71975677628801,43.60625972095556],[-79.71904758242232,43.607500806928854],[-79.71949673826775,43.607500806928854],[-79.71994589411318,43.606827073780714]],[[-79.76059447387001,43.611992363089094],[-79.75924700813037,43.614013562739785],[-79.76009247911958,43.61475335532343],[-79.75969616307748,43.61356440713431],[-79.76036989684562,43.61311525207658],[-79.76059447387001,43.611992363089094],[-79.76351398596698,43.61266609626576],[-79.76441229675953,43.61176778498707],[-79.76396314091411,43.61086947394933],[-79.76216651932901,43.61019574080907],[-79.76171736258527,43.60839911819604],[-79.75992074100017,43.60772538470248],[-79.76149278466256,43.6090728519484],[-79.76194194140632,43.60997116315299],[-79.76171736258527,43.61064489620724],[-79.76104362971545,43.6110940521536],[-79.76027533658555,43.610786734981396],[-79.75981708978944,43.610852198868194],[-79.75976526418407,43.61095585058118],[-79.76059447387001,43.611992363089094]],[[-79.73386971723667,43.61446271889283],[-79.73374495112515,43.61441281274701],[-79.73386971723667,43.614911874292716],[-79.73442581661834,43.615296871349194],[-79.73386971723667,43.61446271889283]],[[-79.68625922457063,43.61423814091045],[-79.6868768190234,43.61341468763688],[-79.68603464664791,43.6137889850312],[-79.68603464664791,43.61429428564728],[-79.68625922457063,43.61423814091045]],[[-79.66761052086916,43.61216523332796],[-79.66892363143911,43.611059440976454],[-79.66947087522873,43.610548673713176],[-79.66951757684372,43.610466946359814],[-79.67031420283766,43.6090728519484],[-79.67053877896375,43.6081745396857],[-79.671661667679,43.6081745396857],[-79.67235268952479,43.60731077272266],[-79.67345829016242,43.60592876180233],[-79.67390744600783,43.60592876180233],[-79.67414634756777,43.60610077654056],[-79.6741537496857,43.6061026271239],[-79.67435660185326,43.606153340241505],[-79.67656727851238,43.60784387596486],[-79.67733845074277,43.60839911819604],[-79.6776504221662,43.60862373554486],[-79.67762737588758,43.60855459748673],[-79.67750069097464,43.6081745396857],[-79.67794984592176,43.607500806928854],[-79.6788481567143,43.607276228967194],[-79.68109393504312,43.60884827400223],[-79.68199224583569,43.60772538470248],[-79.68289055842484,43.6081745396857],[-79.68536091287976,43.60525502925985],[-79.68513633585536,43.60435671787311],[-79.68378886921738,43.605479606961964],[-79.68289055842484,43.60480587394234],[-79.68109393504312,43.60503045071933],[-79.6804202021733,43.60458129567643],[-79.6804202021733,43.60345840673243],[-79.6822168237584,43.60278467319313],[-79.68234093320142,43.60261919566862],[-79.68289055842484,43.60188636199665],[-79.68194301815811,43.60102497217485],[-79.6804202021733,43.59964058419613],[-79.68064478009602,43.59874227289367],[-79.68131851296585,43.598293117092204],[-79.68356448533078,43.599977619462],[-79.68289055842484,43.59941600616419],[-79.68446260208722,43.59874227289367],[-79.68625922457063,43.600538895097394],[-79.68659018009095,43.60045615623086],[-79.68648380159502,43.6003143178163],[-79.68670838041606,43.59964058419613],[-79.68738211418419,43.59941600616419],[-79.68736169996936,43.59933435020675],[-79.6867083714329,43.598517694761505],[-79.68581006872519,43.598517694761505],[-79.68536091287976,43.59784396184119],[-79.6855106314949,43.59724508772849],[-79.68491175793264,43.596945651039206],[-79.68446260208722,43.596945651039206],[-79.68356429129467,43.596047339837895],[-79.68376641043699,43.59523886383973],[-79.68289055842484,43.59582276205656],[-79.68176766881128,43.59492445100745],[-79.6801956242506,43.59447529468304],[-79.6786235796899,43.596047339837895],[-79.67705153512921,43.59559818408764],[-79.67750069097464,43.59447529468304],[-79.67660237928379,43.59357698368778],[-79.67600350572152,43.593726702467606],[-79.67570406759293,43.59402613890978],[-79.675598384393,43.59396008743639],[-79.67525491264583,43.59447529468304],[-79.67417693789812,43.59393630865403],[-79.67345829016242,43.59357698368778],[-79.67321544410008,43.59368106073474],[-79.6731808688431,43.59369587886618],[-79.67188624560171,43.59425071689013],[-79.67076335688647,43.593801562043126],[-79.67053878076038,43.59402613956038],[-79.66986504609392,43.594699872939],[-79.67031420104104,43.59672107270705],[-79.6696404681712,43.59717022918379],[-79.66874215737866,43.596945651039206],[-79.6691913123258,43.595373605931215],[-79.66829300063492,43.59447529468304],[-79.66672095697255,43.59514902823784],[-79.66649637904983,43.59447529468304],[-79.6662872925742,43.59440559906882],[-79.66582264528168,43.59514902823784],[-79.66469975566812,43.595373605931215],[-79.6645749940482,43.59524884513126],[-79.66385759317409,43.59582276205656],[-79.66514891241188,43.59582276205656],[-79.66559806825728,43.59649649483787],[-79.66537349033457,43.59717022918379],[-79.66380144487557,43.59829311774271],[-79.66377821084906,43.598362818612735],[-79.66469975566812,43.59941600616419],[-79.66459406977326,43.59940279562735],[-79.66514891241188,43.59964058419613],[-79.66627180112711,43.60143720689782],[-79.66582264528168,43.60211093991486],[-79.66492433359083,43.60233551829579],[-79.664250600721,43.60143720689782],[-79.66335228992845,43.601212629066744],[-79.66245397823761,43.603009251010576],[-79.66242189490724,43.60302529239059],[-79.66288670120153,43.60360629970405],[-79.66357686695285,43.60368298528731],[-79.66447517864373,43.60458129567643],[-79.664250600721,43.60525502925985],[-79.66381121944418,43.60563583468869],[-79.66537349033457,43.605479606961964],[-79.66739468984237,43.60660249590548],[-79.66739468984237,43.60839911819604],[-79.66649637904983,43.60929742905604],[-79.66687816035065,43.61006099483641],[-79.66694553399695,43.60997116315299],[-79.66829300063492,43.60997116315299],[-79.66874215737866,43.61064489620724],[-79.66851757855764,43.61131863016974],[-79.66829281468367,43.61152841442431],[-79.66761052086916,43.61216523332796]],[[-79.66627180112711,43.61086947394933],[-79.66647391757448,43.61059998667212],[-79.66606126656724,43.61095368859773],[-79.66627180112711,43.61086947394933]],[[-79.64089451023342,43.61064489620724],[-79.64089451023342,43.6097465853088],[-79.64201739894867,43.60862369586795],[-79.64179282102594,43.60794996293858],[-79.6406699323107,43.607051650817475],[-79.63954704269713,43.607276228967194],[-79.63937861037797,43.60761309592048],[-79.63954704269713,43.607500806928854],[-79.6404453552863,43.60839911819604],[-79.64089451023342,43.61064489620724],[-79.6406699323107,43.611692945162446],[-79.6406699323107,43.611992363089094],[-79.64116899496004,43.612391614807656],[-79.64179282102594,43.612890674265316],[-79.64130911597469,43.613495307925334],[-79.64091539965705,43.61398745050249],[-79.64089451023342,43.614013562739785],[-79.64094074382615,43.614046587234085],[-79.64233556156105,43.61504288601775],[-79.64246655479411,43.61513645171012],[-79.64471233312292,43.612890674265316],[-79.64464816825883,43.61273026316652],[-79.64460868101388,43.61263154582996],[-79.6442631772775,43.61176778498707],[-79.64516148807006,43.6110940521536],[-79.64471233312292,43.60997116315299],[-79.64561064391549,43.60884827400223],[-79.64740726639887,43.6081745396857],[-79.64808100016701,43.60862369586795],[-79.64830557719141,43.6095220072765],[-79.64875473303684,43.60929742905604],[-79.64785642224432,43.60794996293858],[-79.64808100016701,43.607051650817475],[-79.64920388888228,43.60660249590548],[-79.64920388888228,43.605629327349334],[-79.64875473303684,43.60503045071933],[-79.6476318443216,43.60503045071933],[-79.64605979886258,43.60390756170279],[-79.64538606599277,43.60435671787311],[-79.64516148807006,43.60525502925985],[-79.64650895470803,43.60660249590548],[-79.64538606599277,43.606153340241505],[-79.64403859935479,43.607051650817475],[-79.64379360721725,43.60680665971454],[-79.64336486558665,43.606377917842266],[-79.64224197687139,43.60660249590548],[-79.64179282102594,43.607276228967194],[-79.64201739894867,43.60794996293858],[-79.64336486558665,43.60884827400223],[-79.64246655479411,43.6095220072765],[-79.64224197687139,43.61042031827703],[-79.64156824400155,43.61019574080907],[-79.64089451023342,43.61064489620724]],[[-79.64224197687139,43.60435671787311],[-79.64483710821759,43.60335859174849],[-79.64448775520022,43.60345840673243],[-79.64348378007237,43.602956420458256],[-79.64236203491248,43.60403433147971],[-79.642104480734,43.604485050472285],[-79.64224197687139,43.60435671787311]],[[-79.60743241861357,43.60435671787311],[-79.6099027748651,43.60278467319313],[-79.61005912574198,43.60289838453221],[-79.6101273518895,43.60278467319313],[-79.60855530822714,43.60233551829579],[-79.6079314749747,43.60146215755319],[-79.60743241861357,43.601212629066744],[-79.60716820971545,43.60100126448928],[-79.60743241861357,43.60166178389059],[-79.60639119843573,43.602876545180465],[-79.60675868574373,43.60278467319313],[-79.60765699743457,43.60390756170279],[-79.60725276004831,43.60431180364295],[-79.60743241861357,43.60435671787311]],[[-79.60047050660268,43.60368298528731],[-79.60136881919185,43.60256009583839],[-79.60294086285421,43.60211093991486],[-79.60316544077692,43.60143720689782],[-79.60181797413897,43.60188636199665],[-79.6009196633464,43.601212629066744],[-79.6009196633464,43.599865162040416],[-79.5993884526053,43.600477647126844],[-79.5988984629403,43.601212629066744],[-79.59732641837961,43.60188636199665],[-79.59992153625107,43.60368298528731],[-79.60047050660268,43.60368298528731]],[[-79.6386487319046,43.611992363089094],[-79.6386487319046,43.61086947394933],[-79.63752584318932,43.61244151872846],[-79.63662753239679,43.61266609626576],[-79.63595379862865,43.61221694100286],[-79.63572922070593,43.6110940521536],[-79.63707668824222,43.6097465853088],[-79.63688207272749,43.60935735482226],[-79.63669323248172,43.609524405418064],[-79.63370802119812,43.6137889850312],[-79.63310914583923,43.614088426342256],[-79.63325205971609,43.616803774244296],[-79.6333170878612,43.61696634404894],[-79.63483090991339,43.6178313861882],[-79.6351003973121,43.618100877480515],[-79.63550464278322,43.61828054113948],[-79.63640294998248,43.61940343172279],[-79.63707668824222,43.619403429771786],[-79.6386487319046,43.61760680777958],[-79.63972280796395,43.61739199218607],[-79.63977162061984,43.617350152124615],[-79.63977162061984,43.61693307402451],[-79.63909788775003,43.616708496813196],[-79.63730126616491,43.618055963107714],[-79.63640295357575,43.61715765169768],[-79.63662753239679,43.61625934117518],[-79.6388733098273,43.61446271889283],[-79.6388733098273,43.614013562739785],[-79.63775042111203,43.6137889850312],[-79.63730126616491,43.61311525207658],[-79.63775042111203,43.61221694100286],[-79.6386487319046,43.611992363089094]],[[-79.62885424405496,43.616875123772346],[-79.6282637104518,43.61604837545823],[-79.62831815374793,43.61648391876319],[-79.62882121030704,43.61691511326334],[-79.62885424405496,43.616875123772346]],[[-79.63101308702386,43.61603476274836],[-79.63101308702386,43.615136457563466],[-79.63027330103121,43.61550634646009],[-79.63101308702386,43.61603476274836]],[[-79.62826200904267,43.615557536172105],[-79.62819837867615,43.61552572088898],[-79.62821177435367,43.61563288822818],[-79.62826200904267,43.615557536172105]],[[-79.61214855319393,43.61221694100286],[-79.61208438743151,43.612184858588],[-79.6121009146361,43.61225096875354],[-79.61214855319393,43.61221694100286]],[[-79.6392583008086,43.607693302493495],[-79.63894195458974,43.607535129401306],[-79.63858257457716,43.60785305055908],[-79.6388733098273,43.60794996293858],[-79.6392583008086,43.607693302493495]],[[-79.64718268757785,43.601212629066744],[-79.64830557719141,43.600538895097394],[-79.64987762175211,43.601212629066744],[-79.65122508928839,43.59896685083822],[-79.65136202936863,43.59888468684478],[-79.65144966721111,43.59874227289367],[-79.65168745755501,43.59868943078775],[-79.65234797800365,43.59829311774271],[-79.65347086492228,43.59829311774271],[-79.65369544374332,43.59761938425949],[-79.65279713295077,43.59649649483787],[-79.6532462887962,43.59582276205656],[-79.65436917840977,43.59559818408764],[-79.65347086671892,43.594699872939],[-79.65387444833503,43.593993608939044],[-79.65419897191795,43.59342569137083],[-79.65415416215492,43.59338586062422],[-79.653929065006,43.593259241471834],[-79.65277181842605,43.59432265333655],[-79.65061023469723,43.596308914967665],[-79.65055639866226,43.5966857623538],[-79.65055135462194,43.59672107270705],[-79.65041318384976,43.59683852196482],[-79.64942846590668,43.59767555101514],[-79.64942846590668,43.59784396184119],[-79.64718268757785,43.599865162040416],[-79.64718268757785,43.601212629066744]],[[-79.64808100016701,43.59896685083822],[-79.64814888225978,43.59876320427999],[-79.64605979886258,43.600538895097394],[-79.64615961965696,43.60061376246164],[-79.64808100016701,43.59896685083822]],[[-79.64609188219296,43.59697773377556],[-79.6461720882731,43.596945651039206],[-79.64583522183818,43.596945651039206],[-79.6458297448099,43.59692374381936],[-79.64574884702698,43.59701475299681],[-79.64577907713293,43.597029868266944],[-79.64609188219296,43.59697773377556]],[[-79.64785642224432,43.59357698368778],[-79.64792447681361,43.59316866057036],[-79.64785642224432,43.593127827715904],[-79.64650895470803,43.593801562043126],[-79.64740726639887,43.59514902823784],[-79.6467453625447,43.595893678467505],[-79.64695811055346,43.59582276205656],[-79.64631983688282,43.59688655149092],[-79.64633250133171,43.596881485515226],[-79.6476318443216,43.59514902823784],[-79.6482556703875,43.59477473325575],[-79.64785642224432,43.59357698368778]],[[-79.64089451023342,43.59649649483787],[-79.64111908815613,43.59627191743168],[-79.64069635266152,43.59637760063865],[-79.64089451023342,43.59649649483787]],[[-79.63932246567272,43.59559818408764],[-79.63954704269713,43.59593505072671],[-79.6396219020047,43.59589762162699],[-79.63932246567272,43.59559818408764],[-79.64022077736358,43.59582276205656],[-79.64089451023342,43.595373605931215],[-79.64089451023342,43.59447529468304],[-79.64096360954338,43.594406196315134],[-79.63999619944087,43.593801562043126],[-79.63842415488018,43.59492445100745],[-79.63617837655134,43.593127827715904],[-79.63596243503179,43.59321420444997],[-79.63640295357575,43.593801562043126],[-79.63617837655134,43.59447529468304],[-79.6368521103195,43.59514902823784],[-79.63646153990194,43.59593017138701],[-79.63674745299565,43.596180343081365],[-79.63764833566484,43.5956798529224],[-79.63775042111203,43.59559818408764],[-79.63777201661148,43.595611141082244],[-79.63819957695746,43.595373605931215],[-79.63932246567272,43.59559818408764]],[[-79.68446260208722,43.5947747345569],[-79.68401345702156,43.595074165784325],[-79.68446260208722,43.59492445100745],[-79.68446260208722,43.5947747345569]],[[-79.70085678056392,43.59761938425949],[-79.7006322026412,43.598517694761505],[-79.70108135938496,43.59761938425949],[-79.70265340394563,43.59672107270705],[-79.70253362797554,43.59657135552186],[-79.70085678056392,43.59761938425949]],[[-79.68572023629845,43.601594411141],[-79.68581006872519,43.60166178389059],[-79.68603465024115,43.60143720494626],[-79.68572023629845,43.601594411141]],[[-79.71680180499182,43.60256009583839],[-79.71904758242232,43.60390756170279],[-79.71707128789895,43.60264992362838],[-79.71680180499182,43.60256009583839]],[[-79.70003870639422,43.60325388809565],[-79.70063278385118,43.60270932715637],[-79.70001210817699,43.60324723868971],[-79.69950931482427,43.603682985937795],[-79.69950931392593,43.603739151586595],[-79.70003870639422,43.60325388809565]],[[-79.69803351666144,43.60730831139865],[-79.69808698259052,43.60732613322971],[-79.69799341766378,43.6072481624358],[-79.69793727026357,43.607201372495794],[-79.69793727026357,43.607276228967194],[-79.69803351666144,43.60730831139865]],[[-79.73184851683055,43.60430489741115],[-79.73166887174001,43.60440162946786],[-79.73184851683055,43.60435671787311],[-79.73184851683055,43.60430489741115]],[[-79.72915358265628,43.59200493906022],[-79.73095020603799,43.59267867294602],[-79.73165602133989,43.59373739772073],[-79.73184851683055,43.593352405795535],[-79.73139936098512,43.59267867294602],[-79.72915358265628,43.59200493906022],[-79.72847984978644,43.59088205027379],[-79.72735696107121,43.590657472735174],[-79.72623407235594,43.58953458418378],[-79.72511118274237,43.58908542797257],[-79.72443744987253,43.58953458418378],[-79.72443744987253,43.59088205027379],[-79.72600949443321,43.59178036115723],[-79.72713238314849,43.593352405795535],[-79.72713238314849,43.59402613890978],[-79.72645865027864,43.594699872939],[-79.72668322730306,43.59559818408764],[-79.72758153899392,43.596047339837895],[-79.72825527186373,43.595373605931215],[-79.729378160579,43.595373605931215],[-79.73005189434713,43.596047339837895],[-79.7305571931012,43.596047339837895],[-79.729378160579,43.59447529468304],[-79.72892900473357,43.594699872939],[-79.72825527186373,43.59425071689013],[-79.72803069394101,43.593352405795535],[-79.72915358265628,43.59200493906022]],[[-79.73454345010649,43.596047339837895],[-79.73589091674447,43.59582276205656],[-79.73701380635802,43.59627191678109],[-79.73717849719401,43.59602488190231],[-79.73544176089904,43.595373605931215],[-79.73454345010649,43.596047339837895],[-79.73364513931395,43.59492445100745],[-79.73386971723667,43.59425071689013],[-79.73342056139124,43.59357698368778],[-79.73252224970037,43.593352405795535],[-79.73168008271477,43.59377348987585],[-79.73184851683055,43.59402613890978],[-79.73297140644411,43.59425071689013],[-79.73454345010649,43.596047339837895]],[[-79.74442487331605,43.59267867294602],[-79.74397571836892,43.59357698368778],[-79.74464945123876,43.59447529468304],[-79.74532318410859,43.594699872939],[-79.74622149579943,43.59402613890978],[-79.74667065074655,43.59492445100745],[-79.7475689624374,43.59514902823784],[-79.74824269620555,43.59672107270705],[-79.75206051819676,43.596945651039206],[-79.75398859744388,43.59799733328761],[-79.75475545237101,43.59784396184119],[-79.75520460731813,43.59829311774271],[-79.75587834108626,43.59806853988578],[-79.75655207395609,43.59874227289367],[-79.7585732743622,43.59784396184119],[-79.75879785228493,43.59829311774271],[-79.75969616307748,43.59806853988578],[-79.7605944783616,43.599191431847764],[-79.7608190095719,43.59896691264006],[-79.76081905628429,43.5989668534404],[-79.76194194140632,43.59784396184119],[-79.76126820763815,43.59627191678109],[-79.75700122980152,43.59425071689013],[-79.75700122980152,43.59133120609026],[-79.75812411941509,43.59178036115723],[-79.75891014169544,43.590994339704814],[-79.75902243020765,43.59088205027379],[-79.75897252430204,43.59080719162112],[-79.75812411941509,43.58953458418378],[-79.75722580682593,43.58908542797257],[-79.757656997264,43.58836678043233],[-79.75722580682593,43.58863627231348],[-79.75632749603339,43.5877379607001],[-79.75677665187882,43.58661507168803],[-79.75587834108626,43.58616591711524],[-79.75587834108626,43.58526760507308],[-79.75453087444829,43.58481845020655],[-79.75354008928377,43.585016607178424],[-79.75340798483474,43.58504302805868],[-79.7529588289893,43.58459387216726],[-79.75228509611948,43.58616591711524],[-79.75161136324964,43.58639049384453],[-79.75003931779062,43.58571676114311],[-79.74956374339101,43.5863508660096],[-79.74879550326173,43.58737518140155],[-79.74869185115267,43.587513383142],[-79.74846727322996,43.5874572387842],[-79.74812449677879,43.58737154480042],[-79.74779354036012,43.58728880604731],[-79.74689522866927,43.58616591711524],[-79.74598243254276,43.58631804949404],[-79.74420029539333,43.58661507168803],[-79.74330198370245,43.587064228114734],[-79.74311483857764,43.587578886670094],[-79.74326115167955,43.58761546466392],[-79.74330198370245,43.58762567235112],[-79.74375114044621,43.5877379607001],[-79.74442487331605,43.587064228114734],[-79.74464047167916,43.58717202721455],[-79.74532318410859,43.587513383142],[-79.74667065074655,43.58728880604731],[-79.74644607282384,43.58841169485368],[-79.7475689624374,43.589759160707146],[-79.75048847363607,43.59133120609026],[-79.7506031507686,43.59146499725642],[-79.75183594027403,43.59290325009935],[-79.7529588289893,43.59245409495462],[-79.75206051819676,43.59357698368778],[-79.75071305066047,43.59245409495462],[-79.7495901619452,43.59290325009935],[-79.74824269620555,43.591555783717425],[-79.74687026089427,43.591555783717425],[-79.74644607282384,43.591555783717425],[-79.74613652774997,43.5911430583845],[-79.74577233995402,43.590657472735174],[-79.7450631433934,43.59053927359126],[-79.74442487331605,43.590432895009144],[-79.74420029539333,43.58953458418378],[-79.74352656162517,43.58908542797257],[-79.74285282516209,43.589534585485104],[-79.74397571836892,43.59088205027379],[-79.74307740577973,43.59178036115723],[-79.7419663254189,43.59159518105738],[-79.74285282875533,43.59267867294602],[-79.74390085906136,43.59267867294602],[-79.74442487331605,43.59267867294602]],[[-79.73919913525475,43.592410918094025],[-79.73970873873566,43.59088205027379],[-79.73836127299602,43.59178036115723],[-79.73808053330004,43.591611917745944],[-79.73919913525475,43.592410918094025]],[[-79.73723838428074,43.59110662827568],[-79.73701380635802,43.59020831709585],[-79.73656464961428,43.590432895009144],[-79.73589091674447,43.589759160707146],[-79.7349926059519,43.58998373899516],[-79.73454345010649,43.58953458418378],[-79.73274682762307,43.589759160707146],[-79.73165849080858,43.589154532449584],[-79.73207309385492,43.58998373899516],[-79.73409429515937,43.589759160707146],[-79.73544176089904,43.59133120609026],[-79.73761267992029,43.59133120609026],[-79.73723838428074,43.59110662827568]],[[-79.7305318794748,43.58839408734263],[-79.72743176558153,43.58659928880749],[-79.73050105019256,43.58886085023664],[-79.73148357085648,43.589057354256106],[-79.73072562811528,43.58863627231348],[-79.7305318794748,43.58839408734263]],[[-79.73154582859725,43.586732246562846],[-79.73246429488981,43.587114941013226],[-79.73229767177764,43.58661507168803],[-79.73146846209171,43.5864077694434],[-79.73139936098512,43.58661507168803],[-79.73154582859725,43.586732246562846]],[[-79.7349926059519,43.58571676114311],[-79.73364513931395,43.58728880604731],[-79.73288157222076,43.58728880604731],[-79.73342056139124,43.587513383142],[-79.73476802802921,43.587513383142],[-79.73611549466717,43.58683964999501],[-79.73676559106525,43.58592952047484],[-79.73589091674447,43.58549218320168],[-79.7349926059519,43.58571676114311]],[[-79.72264082738914,43.58459387216726],[-79.72249110607905,43.58429443369516],[-79.72219167244202,43.58392013887891],[-79.7222365864096,43.583785397172804],[-79.72184459485727,43.583001411524634],[-79.72171296651531,43.5829449994173],[-79.72151793777554,43.58392013887891],[-79.72219167244202,43.58459387216726],[-79.72212257133542,43.58480117480228],[-79.72264082738914,43.58459387216726]],[[-79.77061064347387,43.597843963792855],[-79.77050797951162,43.59835728371309],[-79.77070047500227,43.59806853988578],[-79.77061064347387,43.597843963792855]],[[-79.77034115068527,43.59860752598487],[-79.77008288683773,43.59877970282617],[-79.77025131915686,43.59874227289367],[-79.77034115068527,43.59860752598487]],[[-79.73819796376893,43.59541443335841],[-79.73881055370725,43.593576681156826],[-79.73836127299602,43.594699872939],[-79.73746296220345,43.59514902823784],[-79.73728330004495,43.59586767807024],[-79.73746296220345,43.59559818408764],[-79.73819796376893,43.59541443335841]],[[-79.73602301670194,43.58259909180695],[-79.73598074467961,43.58257267180618],[-79.73589091674447,43.58257267180618],[-79.73602301670194,43.58259909180695]],[[-79.71976622117488,43.581539611469466],[-79.71882300539794,43.58122520515847],[-79.7185984265769,43.581898939323835],[-79.71927216034504,43.58167436080496],[-79.71994589411318,43.582348093848324],[-79.72039504816199,43.58212351765569],[-79.71988975659445,43.581618225317335],[-79.71976622117488,43.581539611469466]],[[-79.67794984592176,43.58167436080496],[-79.67699463314418,43.58097966703971],[-79.67682695720649,43.581000626729384],[-79.67592864641395,43.58032689422483],[-79.67591543578939,43.58019479432551],[-79.67558506058073,43.5799545185354],[-79.67547948967021,43.58010231569865],[-79.67498951437827,43.580286057864186],[-79.67278455729257,43.58212351570349],[-79.67076335688647,43.581898939323835],[-79.6691913123258,43.583021827811486],[-79.6696404681712,43.58392013887891],[-79.67053877896375,43.58414471617807],[-79.67098793480919,43.58526760507308],[-79.671661667679,43.58549218320168],[-79.67278455729257,43.58459387216726],[-79.67390744600783,43.58504302805868],[-79.67480575680038,43.58459387216726],[-79.67592576102527,43.58499387573796],[-79.67660237928379,43.584369293940846],[-79.67592864641395,43.58257267180618],[-79.67615322433666,43.58167436080496],[-79.67682695720649,43.58122520515847],[-79.67794984592176,43.58167436080496]],[[-79.67907273463702,43.58459387216726],[-79.67794985041333,43.5857167637459],[-79.67921309640016,43.58466405285388],[-79.67907273463702,43.58459387216726]],[[-79.63033935415405,43.58571676114311],[-79.63033935415405,43.58459387216726],[-79.62921646543877,43.58414471617807],[-79.6278689979025,43.58526760507308],[-79.62629695424012,43.584369293940846],[-79.62517406462653,43.58526760507308],[-79.6237163504487,43.58422638168501],[-79.62360202006586,43.584369293940846],[-79.62652153126452,43.58616591711524],[-79.62809357582522,43.58549218320168],[-79.62899188661775,43.58639049384453],[-79.62831815374793,43.58728880604731],[-79.62854273167065,43.58818711720664],[-79.62764441997977,43.58908542797257],[-79.62652153126452,43.58886085023664],[-79.62562321957367,43.589310006171836],[-79.62494948670384,43.58886085023664],[-79.6240511759113,43.58953458418378],[-79.62321354990945,43.588836564530965],[-79.62427575293567,43.590657472735174],[-79.62522397682035,43.590657472735174],[-79.62562321957367,43.590432895009144],[-79.62574571743906,43.59047372774022],[-79.62607237631741,43.58998373899516],[-79.62584779839469,43.589310006171836],[-79.62831815374793,43.59020831709585],[-79.62899188661775,43.58998373899516],[-79.62944665783202,43.58937738031403],[-79.6294410433615,43.589310006171836],[-79.62953087488991,43.58926509046889],[-79.6296656212842,43.58908542797257],[-79.62899188661775,43.58818711720664],[-79.6294410433615,43.58728880604731],[-79.62921646543877,43.58661507168803],[-79.63033935415405,43.58571676114311]],[[-79.64417731630265,43.58679341092275],[-79.64381402233039,43.5877379607001],[-79.64419901241338,43.5885079423461],[-79.64471233312292,43.58863627231348],[-79.64538606599277,43.587962538721634],[-79.6462843767853,43.587962538721634],[-79.64695811055346,43.58863627231348],[-79.64740726639887,43.58863627231348],[-79.64740726639887,43.587962538721634],[-79.64673353263072,43.58728880604731],[-79.64695811055346,43.58639049384453],[-79.64605979886258,43.58616591711524],[-79.64417731630265,43.58679341092275]],[[-79.63819957695746,43.58863627231348],[-79.63881868327488,43.587191691860895],[-79.6386487319046,43.58728880604731],[-79.63861130269996,43.58736366582265],[-79.63836801017493,43.58785025209296],[-79.63819957695746,43.58818711720664],[-79.63805774105893,43.5882225763429],[-79.63730126616491,43.58841169485368],[-79.63730126616491,43.58886085023664],[-79.63640295357575,43.589310006171836],[-79.63640295357575,43.589334963807914],[-79.63752584318932,43.59020831709585],[-79.6386487319046,43.58953458418378],[-79.63819957695746,43.58863627231348]],[[-79.64358944440768,43.58953458418378],[-79.64405812693244,43.590120439572196],[-79.6442631772775,43.58998373899516],[-79.64448775520022,43.589310006171836],[-79.64412281641268,43.5888234219423],[-79.64358944440768,43.58953458418378]],[[-79.65032677759753,43.583021827811486],[-79.65044927725958,43.58271558408348],[-79.65032677759753,43.58279725022769],[-79.65027063379058,43.583021827811486],[-79.65032677759753,43.583021827811486]],[[-79.64156824400155,43.58273308523584],[-79.64291570974122,43.582348093848324],[-79.64246655479411,43.58167436080496],[-79.64260839428589,43.58096516724335],[-79.64246655479411,43.581000626729384],[-79.64134366518051,43.58025203480918],[-79.6411450054504,43.58011959375285],[-79.64109170570964,43.58016804789513],[-79.6406699323107,43.58055147191328],[-79.64052021549219,43.58060137751868],[-79.64022077736358,43.580701190557654],[-79.64022077736358,43.581000626729384],[-79.64089451023342,43.58122520515847],[-79.64102925662772,43.581404867689024],[-79.64156824400155,43.58167436080496],[-79.64156824400155,43.58212351570349],[-79.64156824400155,43.58273308523584]],[[-79.69275469176011,43.579791385363414],[-79.69251745118517,43.58014724669843],[-79.69367029242694,43.57920400493087],[-79.69324479012126,43.579345839089655],[-79.69275469176011,43.579791385363414]],[[-79.69434402529676,43.579428582903205],[-79.69466107759146,43.57950784635913],[-79.69466485231229,43.57949274816319],[-79.69434402529676,43.579428582903205]],[[-79.70202957608309,43.579902692024945],[-79.70197967017748,43.58010231569865],[-79.70242882602291,43.58010231569865],[-79.70202957608309,43.579902692024945]],[[-79.6442749964117,43.57983046047208],[-79.64448775520022,43.57897942677168],[-79.6436412673181,43.57837479566043],[-79.6426911327168,43.578754849076375],[-79.64358944350934,43.57965316133937],[-79.64423109574376,43.5798670444756],[-79.6442749964117,43.57983046047208]],[[-79.69155120080768,43.58088545864667],[-79.6914245140981,43.581000626729384],[-79.6914245140981,43.58104146260535],[-79.69163588948109,43.5808685211501],[-79.69155120080768,43.58088545864667]],[[-79.77002674213246,43.58032689422483],[-79.77137420787211,43.58122520515847],[-79.77204794164027,43.58077605006554],[-79.77227251956297,43.579877738287074],[-79.77137420787211,43.57920400493087],[-79.77137420787211,43.57853027184493],[-79.77204794164027,43.57785653772794],[-79.77182336371754,43.57695822729477],[-79.770925052925,43.576509072258965],[-79.76980216420974,43.577407382885035],[-79.76980216420974,43.575610759945945],[-79.76831285718166,43.57475972843094],[-79.76845469667346,43.57493702700422],[-79.7673318079582,43.57628449381005],[-79.76980216420974,43.57785653772794],[-79.77025131915686,43.579428582903205],[-79.76948134258411,43.58032689422483],[-79.77002674213246,43.58032689422483]],[[-79.76825053476219,43.574681826072926],[-79.76884770961024,43.57378606699484],[-79.76805943884676,43.57444295681305],[-79.76825053476219,43.574681826072926]],[[-79.78866669893799,43.57403871597062],[-79.78866669893799,43.574487871210025],[-79.7892562129533,43.57370185238648],[-79.78866669893799,43.57403871597062]],[[-79.7006322026412,43.57830569377587],[-79.69995846977136,43.57785653772794],[-79.69984618036085,43.57791268257988],[-79.7006322026412,43.57830569377587]],[[-79.69367029242694,43.57785653772794],[-79.69348654652715,43.57773404175817],[-79.69359543311936,43.578006259169044],[-79.69367029242694,43.57808111812306],[-79.69367029242694,43.57785653772794]],[[-79.68536091287976,43.577407382885035],[-79.68491175793264,43.57718280518331],[-79.68477602428985,43.577293861561344],[-79.68508642815311,43.57768186842522],[-79.68511494696845,43.57771751661754],[-79.68513633675367,43.57763195974913],[-79.68542507864218,43.57743946562436],[-79.68536091287976,43.577407382885035]],[[-79.66954987037987,43.575421202279024],[-79.67263333669429,43.57175446003881],[-79.67076335688647,43.570445471259596],[-79.67008962311832,43.570445471259596],[-79.66949075045439,43.571194064692286],[-79.6696404681712,43.571343781871775],[-79.66896673440306,43.57336498171144],[-79.66829300063492,43.57381413807089],[-79.66761926776509,43.5735895599845],[-79.66649637904983,43.574487871210025],[-79.66694553399695,43.57583533830434],[-79.66784384478949,43.57628449381005],[-79.66789567039486,43.57659544811215],[-79.66796273861398,43.576997860661855],[-79.66798998002496,43.57716130726988],[-79.66847485737767,43.57669951547577],[-79.6687989353962,43.576314152952406],[-79.66878954620485,43.576290678927535],[-79.66851757855764,43.575610759945945],[-79.66953274579559,43.57544156581834],[-79.66954987037987,43.575421202279024]],[[-79.66020820080709,43.57493702700422],[-79.66020820080709,43.57448787055924],[-79.6592929370085,43.57460227901931],[-79.6586543650972,43.57468210071402],[-79.6586361562464,43.57471244920046],[-79.65948590680964,43.574833842342514],[-79.66020820080709,43.57493702700422]],[[-79.73723838428074,43.57493702700422],[-79.73746296130514,43.57516160527204],[-79.73791211715059,43.57516160527204],[-79.73836127299602,43.57403871597062],[-79.73824898358549,43.57392642680002],[-79.73768753922786,43.57403871597062],[-79.73723838428074,43.57493702700422]],[[-79.72084420490573,43.5735895599845],[-79.7209190642133,43.57347727127805],[-79.72076934649647,43.5735895599845],[-79.72084420490573,43.5735895599845]],[[-79.71814927073147,43.571568359871925],[-79.71814927073147,43.571882778859774],[-79.71830140581471,43.57151764819596],[-79.71814927073147,43.571568359871925]],[[-79.70534833811989,43.56876113879068],[-79.70512375929887,43.56864884889217],[-79.7048991786812,43.56864884889217],[-79.70534833811989,43.56876113879068]],[[-79.72196709272266,43.56842427172149],[-79.72241624856811,43.56864884889217],[-79.7231072596341,43.5682342436299],[-79.7232950326813,43.56812157914447],[-79.72353913818168,43.56797511486809],[-79.7233145611573,43.56730138176964],[-79.72376371610439,43.56662764894611],[-79.72443744987253,43.56640307074852],[-79.72544615103709,43.566806551829394],[-79.72583935800998,43.5663010007748],[-79.72645865027864,43.5655047599998],[-79.72556033768947,43.5652801821722],[-79.72466202689694,43.563932715199385],[-79.72556033768947,43.563034404063984],[-79.72735696107121,43.563932715199385],[-79.72780611601831,43.56325898180176],[-79.72870442770916,43.563034404063984],[-79.72937816237562,43.562136098410924],[-79.72881671622136,43.562697539467784],[-79.72870442770916,43.562809826139976],[-79.72780611601831,43.562809826139976],[-79.72803069394101,43.56168693698122],[-79.72713238314849,43.5607886262085],[-79.72556033768947,43.561462359241816],[-79.72488660481966,43.562360671035115],[-79.72578492369703,43.56056404772438],[-79.72600949892481,43.56011489280162],[-79.72578491561218,43.56011489280162],[-79.72511118274237,43.56101320385546],[-79.72421287194982,43.5607886262085],[-79.72376371610439,43.55989031506108],[-79.72450161832992,43.558709677029526],[-79.72421287194982,43.558767426170554],[-79.72415672724456,43.55893585992683],[-79.7239882940271,43.559441159021624],[-79.72391683753783,43.55942074320229],[-79.72241624856811,43.55899200419064],[-79.72106878282845,43.55921658072271],[-79.72084420490573,43.558542847964375],[-79.71953315596939,43.55781448893545],[-79.71949673826775,43.55786911483348],[-79.7183738486542,43.55831827022313],[-79.71770011578435,43.55809369229585],[-79.71760030307483,43.55779425549334],[-79.71725095993892,43.557532248046954],[-79.71612807122368,43.55809369229585],[-79.71578459947646,43.5577502218076],[-79.71388229289485,43.559441159021624],[-79.71365771497213,43.56033946970511],[-79.71478060368737,43.56123778196717],[-79.7170263820162,43.559441159021624],[-79.7183738486542,43.56056404772438],[-79.7170263820162,43.56191151518539],[-79.71725095993892,43.565055604158275],[-79.71327796925375,43.56221776577762],[-79.71253482625686,43.56168693698122],[-79.71141193664329,43.56191151518539],[-79.71096278169617,43.562585248029734],[-79.71102473580638,43.56270915675422],[-79.71141193664329,43.56348355870233],[-79.71520731602376,43.5661111599532],[-79.7150051816101,43.5655047599998],[-79.71504601363301,43.56544351152524],[-79.71545433835384,43.56483102660891],[-79.7162403561426,43.564634521624214],[-79.7163526491464,43.56460644822238],[-79.7185984265769,43.56640307074852],[-79.71949673826775,43.565953915096],[-79.72039504906031,43.566178493015435],[-79.72084420490573,43.566852226306395],[-79.72061962698302,43.567750537788974],[-79.72196709272266,43.56842427172149]],[[-79.70624664801413,43.566852226306395],[-79.70624664801413,43.566178493015435],[-79.70534833722157,43.565729336990145],[-79.70440511066482,43.56648392001152],[-79.70624664801413,43.566852226306395]],[[-79.70736953672939,43.56415729284302],[-79.70723343028573,43.56412326653347],[-79.70624664801413,43.5655047599998],[-79.70736953672939,43.56415729284302]],[[-79.70551677133736,43.564550303983076],[-79.70698454754469,43.564061045476954],[-79.70647122593682,43.563932715199385],[-79.70557291514429,43.564381870951266],[-79.70551677133736,43.564550303983076]],[[-79.69220304981887,43.56454656120551],[-79.69367029242694,43.56370813671853],[-79.69352057650674,43.56352099298636],[-79.69351407539904,43.56351286678892],[-79.6927944386182,43.56298949088951],[-79.69254740281337,43.562809826139976],[-79.69254740281337,43.56266010987959],[-79.69254740281337,43.56209117805731],[-79.69236865783476,43.561948181679085],[-79.69232282489065,43.56191151518539],[-79.69247254530244,43.56101319864778],[-79.69254740281337,43.56056404772438],[-79.69456860321948,43.55921658072271],[-79.69494716675494,43.558080893227725],[-79.69501775906491,43.55786911483348],[-79.69517217946225,43.55786911483348],[-79.69614064688186,43.55786911483348],[-79.69658980272729,43.557195380679175],[-79.69651494341971,43.55697080312376],[-79.69612661789206,43.55697080312376],[-79.69434402529676,43.55697080312376],[-79.68740415973957,43.561101726650705],[-79.68871227837148,43.56191151518539],[-79.68940331369198,43.56191151518539],[-79.69027263315536,43.562877435634455],[-79.69052620330557,43.563034404063984],[-79.69187366545196,43.56438186899854],[-79.69220304981887,43.56454656120551]],[[-79.67463898636451,43.56058882263975],[-79.67458117887767,43.56056404772438],[-79.67345831801018,43.56161206936541],[-79.67463898636451,43.56058882263975]],[[-79.69883558105612,43.55989031506108],[-79.69771269234084,43.5607886262085],[-79.69569149193474,43.56056404772438],[-79.69546691401202,43.56123778196717],[-79.69509261747417,43.56131264093475],[-79.69446879140828,43.56143740632499],[-79.69434402529676,43.561462359241816],[-79.69429910953255,43.56164202475506],[-79.69434402439846,43.56168693763216],[-79.69479318114219,43.56213609320334],[-79.69484540470125,43.56212564815658],[-79.69591606985745,43.56191151518539],[-79.69596213636355,43.56196909917205],[-79.69636522480457,43.56191151518539],[-79.69816184818629,43.56348355870233],[-79.69906015808051,43.56303440536587],[-79.69928473690155,43.562809826139976],[-79.69940950301304,43.56285973277928],[-79.69995846977136,43.562585248029734],[-79.69999301807889,43.56249887877086],[-79.70012883885826,43.56215932864148],[-79.69973389184865,43.56123778196717],[-79.69920987400072,43.56106310937922],[-79.69906015897882,43.56101320385546],[-79.69902052710512,43.56081504730473],[-79.69894038300875,43.56041432913789],[-79.69883558105612,43.56033946970511],[-79.69888548696171,43.56013984691719],[-79.69883558105612,43.55989031506108]],[[-79.7067519485648,43.561069348787356],[-79.70703267119276,43.56112549301595],[-79.70676317750586,43.56103566183446],[-79.70669580385955,43.56101320385546],[-79.70664397825418,43.56104775463899],[-79.7067519485648,43.561069348787356]],[[-79.70894158218837,43.56191151518539],[-79.70878117092641,43.56194359706669],[-79.70802285538437,43.56209526078037],[-79.70804327139584,43.56213609320334],[-79.70877522946913,43.56195310348108],[-79.70894158218837,43.56191151518539],[-79.70889276054932,43.56176505208321],[-79.70884970878933,43.561635896718606],[-79.70876882987105,43.56139325878131],[-79.70853849015408,43.56145084326336],[-79.70855918643993,43.56147449622538],[-79.7088597043435,43.56181794222881],[-79.70894158218837,43.56191151518539]],[[-79.70467460435175,43.562809826139976],[-79.70466562030059,43.562845761736476],[-79.70483398165283,43.56277360671349],[-79.70579749306701,43.56236067038419],[-79.70482772488688,43.56274857818008],[-79.70467460435175,43.562809826139976]],[[-79.73693894794877,43.55846798881034],[-79.73589091674447,43.55899200419064],[-79.73566633882174,43.559665737134395],[-79.73656464961428,43.56033946970511],[-79.73701380635802,43.56191151518539],[-79.7349926059519,43.56056404772438],[-79.73409429515937,43.5607886262085],[-79.73364513931395,43.56168693698122],[-79.73521718387462,43.563034404063984],[-79.7349926059519,43.564381870951266],[-79.73544176089904,43.565055604158275],[-79.73611549466717,43.5652801821722],[-79.73678922843531,43.56460644822238],[-79.73713473217168,43.56469282422336],[-79.73656464961428,43.563932715199385],[-79.73678922843531,43.563034404063984],[-79.73746296220345,43.562585248029734],[-79.73836127299602,43.56322690713022],[-79.73836127299602,43.56213609320334],[-79.73768753922786,43.56191151518539],[-79.73836127299602,43.5607886262085],[-79.73970873873566,43.56033946970511],[-79.74008303527353,43.55959087807346],[-79.73948416171126,43.55899200419064],[-79.73858585091871,43.55921658072271],[-79.73749918407233,43.558347248169206],[-79.73740008013357,43.55833623675969],[-79.73693894794877,43.55846798881034]],[[-79.75872299836726,43.564681304305985],[-79.7585732743622,43.56483102791075],[-79.7585732743622,43.56505561587469],[-79.7585732743622,43.56522403790993],[-79.75924700813037,43.565729336990145],[-79.75942667028886,43.5656395061643],[-79.76043114487999,43.56513726886913],[-79.76059447387001,43.565055604158275],[-79.76122857576445,43.56590107349378],[-79.76126820763815,43.565953915096],[-79.76182965289411,43.565729337641066],[-79.76239109725172,43.5655047599998],[-79.76248467116162,43.56554218977328],[-79.76252803463701,43.56555953514322],[-79.76261567427613,43.5655047599998],[-79.76285345653521,43.56568970401783],[-79.76323324267777,43.56584161801142],[-79.76239109725172,43.5652801821722],[-79.76328940804429,43.565055604158275],[-79.76373856299139,43.564381870951266],[-79.76486145170665,43.56460644822238],[-79.7655351863731,43.56415729284302],[-79.76677900269866,43.56524563707044],[-79.7673318079582,43.565729336990145],[-79.76710723003548,43.564831025958036],[-79.76800554082803,43.563932715199385],[-79.76882218757471,43.56444312180712],[-79.76867927369784,43.564157294144835],[-79.76845469667346,43.56370813671853],[-79.76961414232919,43.562935174271416],[-79.76869175039883,43.56234819769326],[-79.76778096380362,43.56325898180176],[-79.7669435623806,43.56309150138095],[-79.76598434132023,43.56415729284302],[-79.76531060755208,43.56382042606362],[-79.76498978233319,43.5637402195959],[-79.76373856299139,43.56415729284302],[-79.76306483012156,43.56370813671853],[-79.76306483012156,43.562809826139976],[-79.76216651932901,43.562585248029734],[-79.75969616307748,43.56370813671853],[-79.75947158515477,43.56393271585031],[-79.75872299836726,43.564681304305985]],[[-79.73791211715059,43.56662764894611],[-79.73836127299602,43.5652801821722],[-79.73750787706935,43.564938823859],[-79.73656464961428,43.5655047599998],[-79.73656464961428,43.56662764894611],[-79.73848959913097,43.567205133569],[-79.73791211715059,43.56662764894611]],[[-79.7637947112899,43.56642179316984],[-79.76463687468224,43.56707680413122],[-79.76508602962936,43.56707680413122],[-79.76358885066445,43.56607869105225],[-79.7637947112899,43.56642179316984]],[[-79.7306031311482,43.56105403636082],[-79.73050105019256,43.56101320385546],[-79.730388763477,43.56112549236501],[-79.73032139072902,43.561192866151444],[-79.73076525909067,43.56111888777701],[-79.7306031311482,43.56105403636082]],[[-79.73027642915072,43.559590855289464],[-79.72949045807434,43.559066873760315],[-79.72957345342344,43.55917753390082],[-79.72960273940004,43.55921658072271],[-79.72985532409837,43.559356906779534],[-79.73027642915072,43.559590855289464]],[[-79.65841157832368,43.558767426170554],[-79.65871782119055,43.55830806212411],[-79.6586361562464,43.55831827022313],[-79.65832883989276,43.558779246018666],[-79.65841157832368,43.558767426170554]],[[-79.68895415784655,43.555847913858635],[-79.68890603509679,43.555655424323],[-79.68875453781739,43.55589781910366],[-79.68895415784655,43.555847913858635]],[[-79.65846657408369,43.554495864929756],[-79.65834741435788,43.554468366868406],[-79.65841157832368,43.55450044815581],[-79.65846657408369,43.554495864929756]],[[-79.6552674892023,43.565055604158275],[-79.65600726980509,43.565702918049084],[-79.6570641107874,43.5652801821722],[-79.65762555604334,43.565392471841605],[-79.65728868871011,43.565055604158275],[-79.6552674892023,43.565055604158275]],[[-79.65302171087347,43.566178493015435],[-79.65279713295077,43.5655047599998],[-79.65268484443857,43.565953915746874],[-79.65302171087347,43.566178493015435]],[[-79.6596841802642,43.56580419623481],[-79.66043277783149,43.565953915096],[-79.66054057476727,43.565935948878334],[-79.6596841802642,43.56580419623481]],[[-79.65077593344296,43.566852226306395],[-79.6506534382725,43.56734221391842],[-79.65077593344296,43.56730138176964],[-79.65103259559436,43.56678806124581],[-79.65077593344296,43.566852226306395]],[[-79.60204255206166,43.5652801821722],[-79.60312333314629,43.56410118919328],[-79.60130288105336,43.565834935832015],[-79.60204255206166,43.5652801821722]],[[-79.59962833961707,43.565785481432385],[-79.59957219581011,43.565729336990145],[-79.59949053176427,43.565770169553694],[-79.59962833961707,43.565785481432385]],[[-79.5953052179735,43.56415729284302],[-79.59464642318852,43.56343861982552],[-79.5943887782802,43.56315755482978],[-79.59395775133554,43.563034404063984],[-79.59283486172195,43.56168693698122],[-79.59292154106203,43.561556920242104],[-79.59283486172195,43.561462359241816],[-79.59364332751134,43.560474247602905],[-79.59418232925823,43.559665737134395],[-79.59373317431113,43.558767426170554],[-79.59283486172195,43.558542847964375],[-79.59103824013687,43.56011489280162],[-79.59036450726703,43.56011489280162],[-79.58901703973075,43.559441159021624],[-79.58766957309277,43.557644537185084],[-79.5873701367608,43.55756967756592],[-79.58671512028991,43.557476103724966],[-79.58632210555649,43.55741995869965],[-79.58542379476393,43.55674622603329],[-79.5843009060487,43.557195380679175],[-79.58407632812597,43.55786911483348],[-79.5847500609958,43.558542848615375],[-79.58497463981685,43.558767426170554],[-79.5843009060487,43.55989031506108],[-79.58452548397139,43.56056404772438],[-79.58519921684123,43.56101320385546],[-79.58722041814566,43.56101320385546],[-79.58744499517007,43.56191151518539],[-79.58667501410575,43.562104010773595],[-79.5881187289382,43.562585248029734],[-79.58699584022294,43.563932715199385],[-79.58789415101549,43.565055604158275],[-79.58879246180803,43.564831025958036],[-79.58969077260056,43.56370813671853],[-79.59036450726703,43.563932715199385],[-79.59126281805959,43.56325898180176],[-79.59309687783245,43.56443802836592],[-79.59440690718095,43.5652801821722],[-79.5953052179735,43.56415729284302]],[[-79.6090341767489,43.556668280195076],[-79.60805862431666,43.55809409004925],[-79.60805673875286,43.55809684567958],[-79.60716201223832,43.55940449620991],[-79.6071637100542,43.55940585414045],[-79.60711602388565,43.55947170852673],[-79.60711497645003,43.55947323896351],[-79.60698326276813,43.559665737134395],[-79.60694040594255,43.55971430993664],[-79.60694009782041,43.559714659507584],[-79.60617204454071,43.5607753134555],[-79.60698326276813,43.55989031506108],[-79.60914076724727,43.55671091631807],[-79.6090634456575,43.556679987831494],[-79.6090341767489,43.556668280195076]],[[-79.60518664118304,43.557644537185084],[-79.6053213902723,43.55710554754406],[-79.60496206326032,43.557644537185084],[-79.60497388329283,43.55769181679381],[-79.60518664118304,43.557644537185084]],[[-79.60951731855647,43.55604118789713],[-79.6099027748651,43.555398758934096],[-79.6091543704356,43.556492610040316],[-79.60918744191278,43.556505471291324],[-79.60922904109695,43.55652164810584],[-79.60951731855647,43.55604118789713]],[[-79.6037989506816,43.55525797966467],[-79.60481915028178,43.555031268655185],[-79.60473748533762,43.55494960326575],[-79.60370663531143,43.55524413250569],[-79.6037989506816,43.55525797966467]],[[-79.61303425882642,43.5547956839981],[-79.61416975270173,43.555174181192854],[-79.61504311638053,43.55412614847996],[-79.61484348557157,43.554275870321966],[-79.61377163733412,43.55384713050926],[-79.61372059685631,43.55405129230224],[-79.61338125196953,43.55430580201578],[-79.61303425882642,43.5547956839981]],[[-79.60181797413897,43.554275870321966],[-79.59869980500679,43.552306511756434],[-79.5988984629403,43.552703824837835],[-79.60181797413897,43.554275870321966]],[[-79.5953052179735,43.55247924812127],[-79.59620352876603,43.55225466991685],[-79.596379285948,43.551727399910604],[-79.59575437381892,43.551805514252564],[-79.5953052179735,43.55135635914722],[-79.59354765334034,43.55116107392578],[-79.59362088490062,43.55121599818206],[-79.5953052179735,43.55247924812127]],[[-79.60653410782103,43.55090720329878],[-79.60608495197559,43.551805514252564],[-79.60653410782103,43.55247924812127],[-79.60855530822714,43.552703824837835],[-79.60900446407257,43.55315298096872],[-79.61057650773495,43.55292840332175],[-79.61125024150309,43.553377559731935],[-79.61147482301905,43.55315298552599],[-79.61125024060475,43.55292840332175],[-79.60877988614986,43.552703824837835],[-79.60833073030442,43.55203009217756],[-79.60877988614986,43.55113178131586],[-79.61192397527122,43.55113178131586],[-79.61282230762333,43.55034574482881],[-79.61237313021833,43.55068262509593],[-79.61147481942578,43.550233470086155],[-79.61080108565766,43.55068262509593],[-79.6101273518895,43.550233470086155],[-79.60945361901967,43.55090720329878],[-79.60653410782103,43.55090720329878]],[[-79.59760240868266,43.55161340764763],[-79.59744210162528,43.55159454780849],[-79.5970225776078,43.55164698853755],[-79.59779070904094,43.55173233687076],[-79.59760240868266,43.55161340764763]],[[-79.62023335302176,43.54214866883628],[-79.6220299764035,43.542597824836534],[-79.62225455342788,43.541474936050086],[-79.6220299764035,43.54237324692909],[-79.62023335302176,43.54214866883628],[-79.62067155211568,43.54017677553185],[-79.61911046430652,43.54080120224662],[-79.61821215261564,43.53967831320834],[-79.6188858863838,43.538780001898076],[-79.62000877509905,43.53833084675928],[-79.61933504222922,43.538106269237595],[-79.61821215261564,43.538780001898076],[-79.61708926390041,43.5385554240957],[-79.61664010895328,43.53743253490985],[-79.61753841974584,43.53653422400417],[-79.61686468597769,43.53630964630319],[-79.61664010895328,43.536983380152996],[-79.61529264231531,43.53743253490985],[-79.61282228606377,43.53967831320834],[-79.61192397527122,43.53990289073547],[-79.61080108565766,43.53945373614711],[-79.6099027748651,43.54012746872845],[-79.60922904109695,43.53967831320834],[-79.60900446407257,43.538780001898076],[-79.60967819694238,43.53788169087941],[-79.61102566358036,43.53743253490985],[-79.61080108565766,43.53675880217118],[-79.6116993973485,43.53586049099697],[-79.61080108565766,43.53586049099697],[-79.60922904109695,43.53743253490985],[-79.6081061523817,43.537207957949626],[-79.60720784069083,43.53765711298723],[-79.60608495197559,43.537207957949626],[-79.60563579702847,43.53945373614711],[-79.60321783411754,43.54148994154286],[-79.60136881919185,43.54304698009504],[-79.60110460580216,43.54341688301796],[-79.60024592957828,43.54461902482055],[-79.59996520784861,43.54478745905479],[-79.5994973391975,43.54506817999627],[-79.59932720187595,43.54517026250062],[-79.599123040863,43.54529275828251],[-79.59844930709485,43.546640224754675],[-79.5968772634325,43.54753853614817],[-79.59485606302638,43.54708938114819],[-79.59485606302638,43.54753853614817],[-79.59468432760194,43.54769706420511],[-79.59485606302638,43.54821226888376],[-79.59572228959023,43.54803902415404],[-79.59597895084333,43.547987691707895],[-79.59676496054725,43.54821226888376],[-79.5968772634325,43.54821226888376],[-79.59696149127016,43.54826842118563],[-79.6022671299844,43.54978431368239],[-79.60373075687343,43.5481115985481],[-79.60383917364676,43.547987691707895],[-79.60367584375842,43.547946859463366],[-79.60294086285421,43.54776311369529],[-79.60226713178102,43.54843684782725],[-79.60136881919185,43.54821226888376],[-79.6009196633464,43.547313957764324],[-79.60181797413897,43.546191068921004],[-79.60382513747044,43.54546119258765],[-79.6042883303905,43.54529275828251],[-79.60563579702847,43.5439452909913],[-79.60702644658048,43.54374662772273],[-79.60720784069083,43.5437207141966],[-79.6081061523817,43.54439444728002],[-79.61012735727941,43.54237324953379],[-79.61102566358036,43.54214866883628],[-79.61192397527122,43.54327155809732],[-79.60945361901967,43.5455173357321],[-79.60945361901967,43.545741914298425],[-79.60945361901967,43.546640224754675],[-79.6101273518895,43.546415646930605],[-79.61102566358036,43.547313957764324],[-79.61237313021833,43.54776311369529],[-79.61416975270173,43.54708938114819],[-79.61484348557157,43.54753853614817],[-79.61506806439259,43.54843684717615],[-79.61641553103057,43.54776311369529],[-79.61837258543719,43.54841546531429],[-79.61846100301733,43.54837616863586],[-79.6188858863838,43.547313957764324],[-79.61798757469295,43.546864803044215],[-79.61776299677022,43.545966492028036],[-79.61664010895328,43.546191068921004],[-79.61596637518514,43.545741914298425],[-79.61506806439259,43.54439444728002],[-79.61551722023803,43.543496135914125],[-79.61686468597769,43.543496135914125],[-79.61776299677022,43.54282240190736],[-79.6188858863838,43.54439444728002],[-79.61978419807467,43.54439444728002],[-79.62000877509905,43.5439452909913],[-79.61933504222922,43.54327155809732],[-79.61955962015195,43.542597824836534],[-79.62023335302176,43.54214866883628]],[[-79.63994005473562,43.54276625755529],[-79.64022077736358,43.54282240190736],[-79.6399757825311,43.54276115381668],[-79.63994005473562,43.54276625755529]],[[-79.61461890764885,43.54933515783794],[-79.61416975270173,43.54933515783794],[-79.6140661023893,43.54941289635107],[-79.61394517837229,43.549503590613824],[-79.61425958423014,43.54942498888397],[-79.61461890764885,43.54933515783794],[-79.61495161488399,43.54946824084544],[-79.61550540200214,43.549689755692064],[-79.61566868158481,43.54961718840683],[-79.61551721933972,43.54950359126492],[-79.61529264231531,43.54933515783794],[-79.61461890764885,43.54933515783794]],[[-79.62491740427177,43.53866542186331],[-79.62360202006586,43.539229158249384],[-79.62335249682602,43.5391043970199],[-79.62304059636948,43.539229158249384],[-79.62337744214315,43.539229158249384],[-79.62315286511874,43.53967831320834],[-79.6240511759113,43.54057662480961],[-79.62607237631741,43.540352047187305],[-79.62629695424012,43.53990289268904],[-79.62629695424012,43.53945373614711],[-79.62491740427177,43.53866542186331]],[[-79.64785642224432,43.534288445826185],[-79.6476318443216,43.533165557284946],[-79.6496530438294,43.53114435693412],[-79.64755698142076,43.52967711506398],[-79.64740726639887,43.52957231321955],[-79.64710782018544,43.52949745194953],[-79.6456106403222,43.52912315723167],[-79.64476847692988,43.52912315723167],[-79.64493691104565,43.52979688995917],[-79.64448775520022,43.53047062427888],[-79.6433648682816,43.53084491910144],[-79.64291570974122,43.53159351284958],[-79.64263498890988,43.53159351284958],[-79.64246655479411,43.53181809118106],[-79.64156824400155,43.53159351284958],[-79.64075068366822,43.532592764406225],[-79.64105492059707,43.53297306238889],[-79.64538606599277,43.533839291095155],[-79.6462843767853,43.5349621801164],[-79.64793128155188,43.53434459090924],[-79.64785642224432,43.534288445826185]],[[-79.63918078697938,43.53321303844863],[-79.63842415488018,43.53226724598656],[-79.63707668824222,43.53271640200584],[-79.63595384623936,43.5338392793727],[-79.6368521103195,43.53361471312639],[-79.63752584318932,43.53406386822761],[-79.63752584318932,43.5346996129838],[-79.63918078697938,43.53321303844863]],[[-79.62113166381431,43.53204266802505],[-79.62337744214315,43.53069520223266],[-79.62363657106832,43.53062610166337],[-79.62382659798858,43.53024604614018],[-79.62360202006586,43.5293477349924],[-79.62270370927331,43.528898579286086],[-79.62113166650926,43.52957231256823],[-79.62023335302176,43.53002146781649],[-79.62000877509905,43.53091977869897],[-79.62113166381431,43.53204266802505]],[[-79.62876730869503,43.528898579286086],[-79.62876730869503,43.52979688995917],[-79.631686820792,43.528000268260215],[-79.631686820792,43.5273265350039],[-79.6308830684629,43.52632184486285],[-79.6298901983086,43.52665280073553],[-79.6294410433615,43.52755111228949],[-79.62854273167065,43.52755111228949],[-79.62809357582522,43.52822484629396],[-79.62876730869503,43.528898579286086]],[[-79.63662753239679,43.528898579286086],[-79.63752584318932,43.5293477349924],[-79.63819957695746,43.52912315723167],[-79.6368521103195,43.52777569004161],[-79.63730126616491,43.52665280073553],[-79.63793289050581,43.5264422601644],[-79.6368521103195,43.52597906806076],[-79.63617837655134,43.52665280268954],[-79.63617837655134,43.52687737922688],[-79.63603306147773,43.52698306438938],[-79.63662753239679,43.52777569004161],[-79.63662753239679,43.528898579286086]],[[-79.63842415398187,43.52665280138687],[-79.63932246567272,43.52710195688212],[-79.64022077736358,43.526428224013344],[-79.64111908815613,43.5273265350039],[-79.64089451023342,43.52822484629396],[-79.64134366607885,43.52822484629396],[-79.64179282102594,43.52687737922688],[-79.64314028766394,43.52687737922688],[-79.64403859935479,43.52552991202042],[-79.64530867253777,43.52552991202042],[-79.6462843767853,43.52463160163093],[-79.6455357837096,43.52369586055288],[-79.64538606599277,43.52350871176795],[-79.64583522183818,43.522385823150735],[-79.64707975681596,43.52185245163394],[-79.64740726639887,43.52171208971904],[-79.64752819311086,43.521746640234255],[-79.6476318443216,43.52171208971904],[-79.6477216749517,43.52180192088715],[-79.64897931095956,43.52216124487339],[-79.65246020273547,43.51890518997637],[-79.65257255682467,43.51834342370154],[-79.65234797800365,43.5185680012076],[-79.65167424423551,43.51811884470818],[-79.65077593344296,43.51834342305011],[-79.65055135462194,43.5190171563178],[-79.6496530438294,43.519466311992836],[-79.64897931095956,43.52103835592882],[-79.64808100016701,43.520589200882895],[-79.64561064391549,43.52081377914954],[-79.6455357837096,43.52006518580202],[-79.64538606599277,43.5185680012076],[-79.6450866296608,43.51834342435297],[-79.6447123313263,43.518062699503524],[-79.64448775520022,43.51789426683323],[-79.64403859935479,43.51789426683323],[-79.6434646800928,43.51789426683323],[-79.64336486558665,43.51789426683323],[-79.64381402233039,43.516322223058964],[-79.64491963644272,43.51535481450078],[-79.64561064391549,43.51475017806773],[-79.64471233312292,43.51362728930794],[-79.64385969717102,43.51399270560809],[-79.64314028766394,43.51430102311665],[-79.64224197687139,43.51542391171773],[-79.64111908815613,43.5149747559182],[-79.6404453552863,43.51542391171773],[-79.6404453552863,43.5167713779491],[-79.64156824400155,43.51722053405599],[-79.64111908815613,43.51789426683323],[-79.63842415488018,43.516322223058964],[-79.63752584318932,43.51475017806773],[-79.63662753239679,43.51475017806773],[-79.63572922070593,43.51407644471325],[-79.63460633199068,43.51452560003288],[-79.63460633199068,43.51564848901528],[-79.63707668824222,43.5174451118328],[-79.63640295357575,43.5185680012076],[-79.63775042111203,43.51969088987929],[-79.63707668824222,43.52081377914954],[-79.63819957695746,43.52171208971904],[-79.63730126706325,43.52328413441383],[-79.63752584318932,43.52395786787637],[-79.63858803723241,43.52438274541992],[-79.6386487319046,43.5244070232461],[-79.63932246567272,43.524070157032334],[-79.63954704269713,43.52395786787637],[-79.63969676131227,43.52425730472684],[-79.63977162061984,43.5244070232461],[-79.6388733098273,43.52485617917971],[-79.63842415398187,43.52665280138687]],[[-79.63146224286929,43.5149747559182],[-79.63213597573913,43.513851866777],[-79.63201347967036,43.51381103486816],[-79.631686820792,43.51430102311665],[-79.6298901983086,43.51430102311665],[-79.62899188661775,43.51430102311665],[-79.62899188661775,43.51475017806773],[-79.6298901983086,43.51475017806773],[-79.63056393207675,43.51542391171773],[-79.63146224286929,43.5149747559182]],[[-79.65632621305345,43.514611154009714],[-79.65571664504773,43.51542391171773],[-79.65459375633246,43.5149747559182],[-79.65392002166602,43.5151993342359],[-79.65347086671892,43.516322223058964],[-79.65392002166602,43.516995956094746],[-79.6525725873674,43.51834339373639],[-79.65669649861357,43.514549439485776],[-79.65632621305345,43.514611154009714]],[[-79.67053877896375,43.516322223058964],[-79.67098793480919,43.516995956094746],[-79.67056241813044,43.51625130740023],[-79.67053877896375,43.516322223058964]],[[-79.6550429112796,43.52148751219066],[-79.65436917840977,43.52216124552479],[-79.6550429112796,43.521936667714236],[-79.6552674892023,43.52126293382634],[-79.65472850003184,43.520858693139196],[-79.6550429112796,43.52148751219066]],[[-79.6539332322906,43.522306560746266],[-79.6532462887962,43.522048957375354],[-79.65369544374332,43.522385823150735],[-79.6539332322906,43.522306560746266]],[[-79.65234797800365,43.52283497915152],[-79.65273854752287,43.52185855440349],[-79.65238191905003,43.52172481769291],[-79.65189326967146,43.522189007149144],[-79.65169028545154,43.523203928059814],[-79.65167424423551,43.52328413376245],[-79.65234797710532,43.52328413441383],[-79.65234797800365,43.52283497915152]],[[-79.65436917840977,43.52642822271072],[-79.65392002166602,43.5273265350039],[-79.65459375633246,43.528000268260215],[-79.65414459958875,43.52912315723167],[-79.65353606464559,43.52932600247467],[-79.65549206712502,43.53069520223266],[-79.65580647567785,43.530590399552175],[-79.65571664504773,43.53047062427888],[-79.65594122207214,43.52979688995917],[-79.65655370690759,43.52955189640033],[-79.65639037791757,43.528898579286086],[-79.65459375633246,43.52777569004161],[-79.65549206712502,43.52665280073553],[-79.6552674892023,43.52575449013293],[-79.65458054031802,43.52517323496519],[-79.65425200935063,43.52489524953938],[-79.65388458402639,43.52458435275669],[-79.65392002076771,43.52463160163093],[-79.65414459958875,43.52485617917971],[-79.65369544374332,43.52552991202042],[-79.65436917840977,43.52642822271072]],[[-79.70939073713548,43.528000268260215],[-79.70939073713548,43.52912315918562],[-79.7096153150582,43.528898579286086],[-79.70939073713548,43.528000268260215]],[[-79.67570406759293,43.545741914298425],[-79.67570406759293,43.545966492028036],[-79.67606338562175,43.54614615165599],[-79.67570406759293,43.545741914298425],[-79.67682695720649,43.54439444728002],[-79.67750069097464,43.54416986890284],[-79.6788481567143,43.54529275828251],[-79.67974646930347,43.54484360282672],[-79.68064478009602,43.54506817999627],[-79.68089258845198,43.54593551505337],[-79.68131851296585,43.546191068921004],[-79.68131851296585,43.546640224754675],[-79.68176766881128,43.546640224754675],[-79.68244140168109,43.54529275828251],[-79.68318999475682,43.54510561009428],[-79.68389029530117,43.54493053522572],[-79.68423802416451,43.54484360282672],[-79.68513633585536,43.545741914298425],[-79.68491175793264,43.546640224754675],[-79.68625922367232,43.547313958415444],[-79.6876066912086,43.546864803044215],[-79.6878312691313,43.546191068921004],[-79.68802376552027,43.54628731748601],[-79.68828042497674,43.546415646930605],[-79.68850500289946,43.546191068921004],[-79.6898524686391,43.54708938114819],[-79.69097535825269,43.546191068921004],[-79.69254740281337,43.546191068921004],[-79.69344571360591,43.547313957764324],[-79.69375196096438,43.54721187628579],[-79.69400715886185,43.54712681064232],[-79.69411944737406,43.54708938114819],[-79.69501775726827,43.54744870489501],[-79.69569149193474,43.547313958415444],[-79.69614064778017,43.54708938114819],[-79.69883558105612,43.54821226888376],[-79.69927656313077,43.548138772009125],[-79.69816184818629,43.54753853614817],[-79.69793727026357,43.546864803044215],[-79.69838642521067,43.546191068921004],[-79.69880563571613,43.54607129533333],[-79.69748811441814,43.545741914298425],[-79.69479318114219,43.5439452909913],[-79.69658980272729,43.54439444728002],[-79.6972635355971,43.5439452909913],[-79.69793727026357,43.542597824836534],[-79.69764749261753,43.542163159745236],[-79.69748811441814,43.54192409120923],[-79.69771269234084,43.54080120224662],[-79.69906015897882,43.53967831320834],[-79.69906015897882,43.53833084675928],[-79.69995846977136,43.53788169087941],[-79.70008323588286,43.53738262870156],[-79.70010030836482,43.53731433808783],[-79.69995846977136,43.537207957949626],[-79.69977472476991,43.53665672300672],[-79.69906015897882,43.536085069068264],[-79.69846636179624,43.53657990254358],[-79.69771269234084,43.537207958600845],[-79.69658980272729,43.536983380152996],[-79.69569149193474,43.53788169087941],[-79.69544368178215,43.537912667434085],[-79.69389487034965,43.538106269237595],[-79.69350185831117,43.538499279677225],[-79.69344571360591,43.5385554240957],[-79.69294041395355,43.53838699133461],[-79.6927719807361,43.53833084675928],[-79.69209824696793,43.539229158249384],[-79.68998721233847,43.539229158249384],[-79.6898524686391,43.539229158249384],[-79.68990861154774,43.53911687321959],[-79.69030162538284,43.53833084675928],[-79.69007704656183,43.53765711298723],[-79.69097535825269,43.537207957949626],[-79.69187366904522,43.53563591274053],[-79.69209824696793,43.53361471312639],[-79.6927719807361,43.53406386822761],[-79.69344571360591,43.533839291095155],[-79.69501775906491,43.53159351284958],[-79.69434402529676,43.53091977869897],[-79.694748265378,43.530111299637056],[-79.69464346162873,43.52979688995917],[-79.69443385682519,43.529482481898775],[-79.69423173588625,43.5293477349924],[-79.69344571540253,43.5293477349924],[-79.69299655776047,43.52957231321955],[-79.69209824696793,43.5293477349924],[-79.69052620330557,43.52844942414286],[-79.6896278907164,43.5293477349924],[-79.6898524686391,43.53002146781649],[-79.68738211418419,43.53181809118106],[-79.68715753626148,43.532940980063536],[-79.68548341074516,43.53344321804521],[-79.68491175793264,43.53361471312639],[-79.68484265772436,43.53378746528393],[-79.68446884088686,43.534722005876354],[-79.68446260208722,43.53473760177059],[-79.6831151273644,43.53462531228409],[-79.68176766881128,43.53451302389101],[-79.68202433275931,43.53399970211546],[-79.68266597960381,43.53271640200584],[-79.68176766881128,43.53181809118106],[-79.68157517152399,43.531978506926315],[-79.68138268950804,43.53213890921956],[-79.6804202021733,43.532940980063536],[-79.67907273463702,43.532940980063536],[-79.67997104632788,43.53159351284958],[-79.67907273463702,43.53069520223266],[-79.67750069097464,43.53114435693412],[-79.67727611305193,43.53181809118106],[-79.67480575680038,43.53069520223266],[-79.67390744600783,43.53091977869897],[-79.67345829016242,43.53159351284958],[-79.67368286808514,43.53226724598656],[-79.67525491264583,43.5333901349726],[-79.67435660185326,43.53451302389101],[-79.67458117887767,43.535411334950126],[-79.67547948967021,43.53586049099697],[-79.67660237928379,43.535411334950126],[-79.67682695720649,43.536085069068264],[-79.67750069097464,43.53630964630319],[-79.67750069097464,43.53743253490985],[-79.67817442384447,43.53788169087941],[-79.68030791545775,43.53788169087941],[-79.68064478009602,43.53788169087941],[-79.68044684710296,43.5384260151601],[-79.68027786770979,43.53889071296568],[-79.67974646930347,43.540352047187305],[-79.67907273463702,43.540352047187305],[-79.6788481567143,43.53967831320834],[-79.67794984592176,43.53967831320834],[-79.67705153512921,43.53900458016638],[-79.67637780225938,43.53945373614711],[-79.67615322433666,43.540352047187305],[-79.67368286808514,43.53945373614711],[-79.67241466429624,43.54051057330577],[-79.67270970517154,43.541100654458454],[-79.67281663613137,43.54125035786685],[-79.67435660185326,43.54125035786685],[-79.67458117887767,43.54192409120923],[-79.67463732268462,43.54195216345837],[-79.67480575680038,43.54192409120923],[-79.67637780225938,43.542597824836534],[-79.67622808184761,43.54274754601543],[-79.67727611305193,43.54327155809732],[-79.67570406759293,43.54484360282672],[-79.67570406759293,43.545741914298425]],[[-79.66447517864373,43.53675880217118],[-79.66110651159963,43.53451302389101],[-79.6608819336769,43.5349621801164],[-79.66200482329049,43.53586049099697],[-79.66142356569095,43.53658706466035],[-79.66155566744506,43.53653422400417],[-79.66323999961963,43.537797473616685],[-79.66340411553384,43.5378385028882],[-79.664250600721,43.53713310029652],[-79.66447517864373,43.53675880217118]],[[-79.66851757855764,43.53361471312639],[-79.66896670475867,43.53316559180157],[-79.66845342088004,43.53359332730983],[-79.66851757855764,43.53361471312639]],[[-79.66948243115654,43.53131902961922],[-79.6691913123258,43.53114435693412],[-79.66915168045207,43.53117077865252],[-79.6694158902485,43.53136893498436],[-79.66948243115654,43.53131902961922]],[[-79.70854233135024,43.53189295217582],[-79.70852049510232,43.53195846084293],[-79.70859608294359,43.531852638513335],[-79.70894158218837,43.53136893498436],[-79.7082828215394,43.53027100089999],[-79.70804327139584,43.53047062427888],[-79.70871700426567,43.53136893498436],[-79.70854233135024,43.53189295217582]],[[-79.71028904882635,43.53159351284958],[-79.71083444837468,43.53213891768604],[-79.7117113747719,43.533015840315706],[-79.71178623407947,43.5330906991724],[-79.71186109428535,43.53294098071481],[-79.71118735961889,43.53226724598656],[-79.71135579283634,43.53193038003327],[-79.71163651456601,43.53136893498436],[-79.71253482625686,43.53114435693412],[-79.71307381452903,43.53159351675719],[-79.71253482625686,43.53091977869897],[-79.71118735872058,43.53047062493018],[-79.71028904882635,43.53159351284958]],[[-79.71545433835384,43.53204266867633],[-79.71361279741129,43.53204266802505],[-79.71388229289485,43.53226724598656],[-79.71522976043113,43.53226724598656],[-79.71545433835384,43.53204266867633],[-79.71567891627656,43.53181809118106],[-79.71530462153532,43.53069522242246],[-79.71545433835384,43.53204266867633]],[[-79.71904758242232,43.532940980063536],[-79.71929719729032,43.53300338369395],[-79.71935392769716,43.532940980063536],[-79.71904758242232,43.532940980063536]],[[-79.70814895549407,43.53247861612542],[-79.70829994163208,43.5322672355663],[-79.7081378307576,43.53245636632922],[-79.70714495880667,43.53361471312639],[-79.70624664801413,43.533839291095155],[-79.70781869257482,43.5349621801164],[-79.70736953672939,43.53586049099697],[-79.70647122593682,43.536085069068264],[-79.70660597233113,43.53648930931237],[-79.70694079779373,43.536656722355545],[-79.70835421784155,43.5360677985706],[-79.70871700426567,43.53586049099697],[-79.70880805121466,43.53587870062417],[-79.70939073713548,43.53563591274053],[-79.70995218239145,43.53574820229887],[-79.71006447090365,43.535411334950126],[-79.71208567130977,43.53473760177059],[-79.71141193664329,43.533839291095155],[-79.71174078471599,43.533181598390016],[-79.71124861214486,43.53324722158095],[-79.70870296808936,43.53358664090293],[-79.70849242634294,43.53361471312639],[-79.70781869257482,43.532940980063536],[-79.70814895549407,43.53247861612542]],[[-79.72495077058208,43.53656630637158],[-79.7239882940271,43.53675880217118],[-79.72353913818168,43.53765711298723],[-79.7239882940271,43.53833084675928],[-79.72421287194982,43.5385554240957],[-79.72533576066509,43.53833084675928],[-79.72578491561218,43.53765711298723],[-79.72556033768947,43.536983380152996],[-79.72488660481966,43.53675880217118],[-79.72495077058208,43.53656630637158]],[[-79.72183707326339,43.537562556160786],[-79.72084420490573,43.537207957949626],[-79.71994589411318,43.538106269237595],[-79.72015319473805,43.53872817642583],[-79.72084420490573,43.5385554240957],[-79.72183707326339,43.537562556160786]],[[-79.7417299400401,43.539229158249384],[-79.74083162834923,43.53967831320834],[-79.74217909498721,43.53967831320834],[-79.74267035217507,43.5403801182149],[-79.74309237800058,43.54045685048568],[-79.74359674160843,43.54054855257119],[-79.74375114044621,43.54057662480961],[-79.74377756079701,43.540669098356275],[-79.74420029539333,43.54214866883628],[-79.74420029539333,43.54080120224662],[-79.74285282875533,43.53945373614711],[-79.7417299400401,43.539229158249384]],[[-79.73027647226985,43.54169951274563],[-79.72892900473357,43.54012746872845],[-79.72997703593788,43.53977812569058],[-79.729378160579,43.53967831320834],[-79.72870442770916,43.54012746872845],[-79.72915358265628,43.54080120224662],[-79.72847984978644,43.54192409120923],[-79.7288716661673,43.54290363443496],[-79.73027647226985,43.54169951274563]],[[-79.71784302876291,43.542495743836454],[-79.71747553786163,43.54237324692909],[-79.71670555679732,43.54275823730137],[-79.7165772270691,43.54282240190736],[-79.71638473157844,43.54269407262716],[-79.71625809427621,43.54260964785619],[-79.71622215717326,43.542661557897965],[-79.71521292061281,43.54411934968946],[-79.71518329776801,43.544162137289845],[-79.71518484376861,43.54416986890284],[-79.71522976043113,43.54439444728002],[-79.71504112230629,43.544367498726324],[-79.71455602666299,43.54506817999627],[-79.71365771497213,43.54506817999627],[-79.71305883961324,43.54456911935153],[-79.71298398210229,43.54461902482055],[-79.71298398210229,43.54450673875939],[-79.71231024923249,43.5439452909913],[-79.71203282881149,43.54403776458015],[-79.71208567130977,43.54416986890284],[-79.71343313794772,43.54506817999627],[-79.71478060368737,43.54529275828251],[-79.71545433835384,43.54461902482055],[-79.7163526491464,43.54506817999627],[-79.7165772270691,43.546191068921004],[-79.71612807122368,43.54708938114819],[-79.71747553786163,43.54821227018593],[-79.7170263820162,43.54933515783794],[-79.71653639414785,43.54949848744562],[-79.71725095993892,43.54978431368239],[-79.71725095993892,43.55026802509776],[-79.71792469280875,43.55068262509593],[-79.71800890717171,43.5506489394978],[-79.71747553786163,43.55000889197712],[-79.71770011578435,43.549110580939335],[-79.7183738486542,43.548661425282866],[-79.71904758242232,43.54911058224148],[-79.71904758242232,43.547987691707895],[-79.7183738486542,43.54753853614817],[-79.71770011578435,43.54776311369529],[-79.7183738486542,43.546864803044215],[-79.71792469280875,43.5455173357321],[-79.71882300539794,43.54484360282672],[-79.71882300539794,43.54327155809732],[-79.71882300539794,43.54282240190736],[-79.71837384685756,43.54267268286786],[-79.71784302876291,43.542495743836454]],[[-79.72806277277981,43.54628732009045],[-79.72810554875701,43.546415646930605],[-79.729378160579,43.546415646930605],[-79.72960273940004,43.54708938114819],[-79.73050105019256,43.546640224754675],[-79.73184851683055,43.547313957764324],[-79.73252224970037,43.546415646930605],[-79.73379044989599,43.54689122308353],[-79.73342056139124,43.545966492028036],[-79.7339980487615,43.545244634853056],[-79.73431887218376,43.54484360282672],[-79.73409429515937,43.54416986890284],[-79.73297140644411,43.5437207141966],[-79.73150463724821,43.54465411697981],[-79.73050105019256,43.54529275828251],[-79.73005190602525,43.54529275828251],[-79.72870442770916,43.54529275828251],[-79.72870442770916,43.54334641985008],[-79.72845739370098,43.54367580160229],[-79.72758153899392,43.54484360282672],[-79.72806277277981,43.54628732009045]],[[-79.7337574251312,43.54896086709964],[-79.73297139925758,43.54948488311842],[-79.73364513931395,43.549110580939335],[-79.7337574251312,43.54896086709964]],[[-79.72825527186373,43.55000889197712],[-79.72758153899392,43.549110580939335],[-79.72672406022429,43.54939640706234],[-79.72713238314849,43.55000889197712],[-79.72816889615422,43.55018164404229],[-79.72825527186373,43.55000889197712]],[[-79.71280431994379,43.55104195086052],[-79.71320856002501,43.550233470086155],[-79.71410687081756,43.55000889197712],[-79.71478060368737,43.550458046707305],[-79.71532477344209,43.550004574699194],[-79.7150051816101,43.548886003203926],[-79.7159611238197,43.549474281572415],[-79.71609261022783,43.549364708498366],[-79.71455602666299,43.54821227018593],[-79.71343313794772,43.549110580939335],[-79.71275940417958,43.548886003203926],[-79.71208567130977,43.547987691707895],[-79.71253482625686,43.546640224754675],[-79.71225114817162,43.5464274672482],[-79.71118735961889,43.546640224754675],[-79.71073820377346,43.54753853614817],[-79.71203122172544,43.54844365303939],[-79.71208567130977,43.54843684717615],[-79.71210520248067,43.548495439558934],[-79.71298398210229,43.549110580939335],[-79.71253482625686,43.55068262509593],[-79.71280431994379,43.55104195086052]],[[-79.69816184818629,43.54933515783794],[-79.6972635355971,43.549110580939335],[-79.69569149193474,43.550233470086155],[-79.69479318114219,43.55068262509593],[-79.69479318114219,43.551805514252564],[-79.69466841592902,43.551930279797425],[-79.69501775906491,43.55203009217756],[-79.69569149193474,43.55135635914722],[-79.69658980272729,43.55135635914722],[-79.69785758251133,43.551175248205254],[-79.6986110031334,43.550233470086155],[-79.69816184818629,43.54933515783794]],[[-79.66920628364832,43.552134895356936],[-79.66900219270396,43.55201827295871],[-79.66896673440306,43.55203009217756],[-79.6688263771315,43.55191780690047],[-79.66784384478949,43.55135635914722],[-79.66773816158957,43.55143562178805],[-79.66896673440306,43.55225466991685],[-79.66920628364832,43.552134895356936]],[[-79.6878312691313,43.54978431368239],[-79.68805584705402,43.548886003203926],[-79.6872103634884,43.54814621011931],[-79.6869778758996,43.547942782943736],[-79.68705388055916,43.54805679061339],[-79.6876066912086,43.548886003203926],[-79.68715753626148,43.54955973585303],[-79.68671792950752,43.54966963736716],[-79.68630489312304,43.54977289638896],[-79.68693295833876,43.550233470086155],[-79.68722722576459,43.550086335986926],[-79.6878312691313,43.54978431368239]],[[-79.68232911137227,43.54832456171555],[-79.68330117474795,43.54788271333369],[-79.68311513455093,43.54776311369529],[-79.68232911137227,43.54832456171555]],[[-79.6878312691313,43.54708938114819],[-79.68854991776534,43.54780803105758],[-79.68854046209867,43.54775129624404],[-79.68850500289946,43.54753853614817],[-79.68792110065972,43.54695463451644],[-79.68791293407547,43.54696688445944],[-79.6878312691313,43.54708938114819]],[[-79.69030162538284,43.54776311369529],[-79.69019194917149,43.547841454548674],[-79.69040439714293,43.54782020985744],[-79.69030162538284,43.54776311369529]],[[-79.73282168513403,43.53945373354236],[-79.73293397544285,43.53979060696039],[-79.73297140644411,43.53967831320834],[-79.73282168513403,43.53945373354236]],[[-79.73050104749763,43.53986546066306],[-79.73085395784351,43.540159553742306],[-79.73072562811528,43.53990289073547],[-79.73050104749763,43.53986546066306]],[[-79.65317142859031,43.52912315723167],[-79.6527008856546,43.528770249028234],[-79.65216423390049,43.528837330728784],[-79.65144966721111,43.52912315723167],[-79.65055135462194,43.528000268260215],[-79.64987762175211,43.527831834674636],[-79.64987762175211,43.528898579286086],[-79.65122508928839,43.53047062427888],[-79.65212340008095,43.53002146781649],[-79.65234797800365,43.52912315723167],[-79.65317142859031,43.52912315723167]],[[-79.64954075531719,43.527438825053885],[-79.649442502083,43.52714406550645],[-79.64943916214678,43.52714473376268],[-79.64927874639322,43.52717681656606],[-79.64935360749743,43.52725167745971],[-79.64954075531719,43.527438825053885]],[[-79.62382659798858,43.53181809118106],[-79.62380164368828,43.53189295478091],[-79.6238738781186,43.53180627255799],[-79.62387071155723,43.531802050364604],[-79.62382659798858,43.53181809118106]],[[-79.68464559070722,43.55287018243714],[-79.6846230142475,43.55296048803312],[-79.6847555328199,43.552801467306836],[-79.68464559070722,43.55287018243714]],[[-79.64821735185072,43.573661747609364],[-79.64853015511413,43.57314040520418],[-79.64897931095956,43.57314040520418],[-79.64909159767515,43.57330883782585],[-79.6501021996748,43.57314040520418],[-79.65055135462194,43.57246667130842],[-79.6501021996748,43.570445471259596],[-79.64875473303684,43.570445471259596],[-79.64845529490825,43.570445471259596],[-79.64853015511413,43.57067004870431],[-79.64920388888228,43.570894627264224],[-79.64942846590668,43.57179293768554],[-79.64830557719141,43.57269124902638],[-79.64821735185072,43.573661747609364]],[[-79.6078815753573,43.56977173780617],[-79.60877988614986,43.570445471259596],[-79.60817031814413,43.571258228313575],[-79.60900446407257,43.57111920368502],[-79.60922904109695,43.57022089297743],[-79.6101273518895,43.56977173780617],[-79.6093727706441,43.569142921708185],[-79.60922904109695,43.56932258188882],[-79.6078815753573,43.56909800397583],[-79.6078815753573,43.56977173780617]],[[-79.58577937580117,43.57014603726914],[-79.58587295060937,43.56977173780617],[-79.58574194569822,43.569846597884826],[-79.58577937580117,43.57014603726914]],[[-79.59644852090358,43.57783612164184],[-79.5955297958962,43.57763195974913],[-79.59463148510366,43.57853027184493],[-79.59496174532796,43.57935592583665],[-79.59544296024927,43.57953638070918],[-79.59575437381892,43.57965316068861],[-79.59665268461146,43.578754849076375],[-79.59657524264745,43.57840636768214],[-79.59644852090358,43.57783612164184]],[[-79.60423218568525,43.58349344113391],[-79.60441666101704,43.58356723130324],[-79.6042883303905,43.58347098306859],[-79.60423218568525,43.58349344113391]],[[-79.59834948270723,43.617207552964146],[-79.59934761788742,43.6178313861882],[-79.59934761788742,43.61760680777958],[-79.59834948270723,43.617207552964146]],[[-79.74150536211737,43.61558560793112],[-79.74138286784523,43.61627975983734],[-79.74186469182428,43.61531611186959],[-79.74150536211737,43.61558560793112]],[[-79.74464945123876,43.61536103023998],[-79.74307740577973,43.61760680777958],[-79.7419545170645,43.61828054113948],[-79.74128078419466,43.6178313861882],[-79.74118011449235,43.617428708141105],[-79.74083162834923,43.619403429771786],[-79.74074741488461,43.61933325252924],[-79.74060705132484,43.620526318894115],[-79.73881042794312,43.620526318894115],[-79.73791211715059,43.62164920785489],[-79.73881042794312,43.62254751914047],[-79.73970873873566,43.62254751914047],[-79.74038247340214,43.623445830009146],[-79.74150536211737,43.62299667527728],[-79.74083162834923,43.62456871906449],[-79.7419545170645,43.62546703094364],[-79.7417299400401,43.62681449667626],[-79.74179410580251,43.6268786627846],[-79.74262825083264,43.627712808157185],[-79.74330198370245,43.62748823089532],[-79.74349448009143,43.62716740552307],[-79.74330198370245,43.627937385880486],[-79.7385340342965,43.63208344201568],[-79.73993331665838,43.63130605312131],[-79.74335542807198,43.62805507524831],[-79.74442487331605,43.627039075154805],[-79.74386342985672,43.627039075154805],[-79.743571479186,43.627039075154805],[-79.74387947107274,43.62652575484352],[-79.74397571836892,43.62636534175363],[-79.74397571836892,43.62456871906449],[-79.74330198370245,43.62254751914047],[-79.74442487331605,43.62254751914047],[-79.74599691787671,43.623445830009146],[-79.74689522866927,43.62254751914047],[-79.74599691787671,43.62120005205593],[-79.74439278998565,43.62039798865524],[-79.74285282875533,43.62030174079635],[-79.74285282875533,43.61872969728791],[-79.74375114134452,43.61881952824501],[-79.74543059117553,43.617811859021465],[-79.74532318410859,43.617382229832856],[-79.74622149579943,43.61648391876319],[-79.74599691787671,43.61648391876319],[-79.74464945123876,43.61536103023998]],[[-79.7495901619452,43.61760680777958],[-79.74846727322996,43.61895427475422],[-79.74750479667499,43.61914676942938],[-79.74801811828284,43.619403429771786],[-79.74801811828284,43.62030174079635],[-79.74869185115267,43.620750896803294],[-79.74950324904316,43.620548047137234],[-79.74971846382567,43.62036594312067],[-79.75048847363607,43.619403429771786],[-79.75078571718042,43.61946287853545],[-79.75138678532694,43.61895427475422],[-79.75161136324964,43.618055963107714],[-79.75071305066047,43.61715765169768],[-79.7495901619452,43.61760680777958]],[[-79.72061962698302,43.620526318894115],[-79.71994589411318,43.62007716316045],[-79.71984964681702,43.620141328656466],[-79.72061962698302,43.620526318894115],[-79.72151794047052,43.61962800992426],[-79.72264082738914,43.61850511898274],[-79.72341080845345,43.6186976144455],[-79.72353913818168,43.61872969728791],[-79.7239882940271,43.619403429771786],[-79.7239383881215,43.619752774795735],[-79.72376371610439,43.62097547517418],[-79.72443744987253,43.62187378612175],[-79.72353913818168,43.622772097303226],[-79.72421287194982,43.623670408067525],[-79.7233145611573,43.62456871906449],[-79.72241624856811,43.624344141760865],[-79.72241624856811,43.62636534175363],[-79.72196709362099,43.627039075154805],[-79.7239882940271,43.627712808157185],[-79.72466202689694,43.62906027491515],[-79.72443744987253,43.629509431157544],[-79.72511118274237,43.63018316377912],[-79.72376371610439,43.631755208835735],[-79.72385996340057,43.63188354018813],[-79.7239882940271,43.631755208835735],[-79.72600949443321,43.631755208835735],[-79.72600949443321,43.63085689795131],[-79.72713238314849,43.630407742025454],[-79.72803069394101,43.63108147498059],[-79.72803069394101,43.63242894229031],[-79.72847984978644,43.63265351994715],[-79.73230350543713,43.63285476508479],[-79.73241859938793,43.632860822805114],[-79.73274682762307,43.63287809806516],[-79.73294078557102,43.632786224443095],[-79.73701380635802,43.63085689795131],[-79.74015789458109,43.62838654206096],[-79.73948416171126,43.62748823089532],[-79.73746296220345,43.62748823089532],[-79.73544176089904,43.62524245309439],[-79.73566633882174,43.624119564268554],[-79.73701380635802,43.62322125306266],[-79.73656464961428,43.620526318894115],[-79.73589091674447,43.62097547517418],[-79.73611549466717,43.62164920785489],[-79.73566633882174,43.62232294078915],[-79.73431887218376,43.62232294078915],[-79.73175322893509,43.624691234161475],[-79.73139936098512,43.625017875056386],[-79.7312936723953,43.62528209823423],[-79.73095020603799,43.62614076400917],[-79.73058527174204,43.62619289728591],[-79.729378160579,43.62636534175363],[-79.72870442770916,43.6259161860759],[-79.72847984978644,43.62524245309439],[-79.72892900473357,43.62456871906449],[-79.72780611601831,43.624119564268554],[-79.72713238314849,43.62322125306266],[-79.72758153899392,43.62232294078915],[-79.72847984978644,43.622098364200035],[-79.72960273940004,43.622772097303226],[-79.73050105019256,43.62187378612175],[-79.7311747830624,43.622098364200035],[-79.73162393890783,43.61917885203207],[-79.73005189434713,43.61760680777958],[-79.72915358265628,43.6178313861882],[-79.72870442770916,43.61850511898274],[-79.72960273940004,43.61962800797333],[-79.729378160579,43.62120005205593],[-79.72847984978644,43.62120005205593],[-79.72578491561218,43.61917885203207],[-79.72488660481966,43.619403429771786],[-79.72488660481966,43.618055963107714],[-79.72353913818168,43.61693307402451],[-79.72286540531186,43.61715765169768],[-79.72196709362099,43.616708496813196],[-79.72039504906031,43.6178313861882],[-79.72039504906031,43.61917885203207],[-79.72129335985285,43.61962800797333],[-79.72061962698302,43.620526318894115]],[[-79.7183738486542,43.620526318894115],[-79.7185984265769,43.62045145940462],[-79.71826155924367,43.620414029950105],[-79.7183738486542,43.620526318894115]],[[-79.68109393504312,43.630407742025454],[-79.67547948967021,43.6329030746885],[-79.67502973824175,43.63310296142167],[-79.67547948967021,43.6329230624815],[-79.67690308044367,43.632353628188966],[-79.68150253105516,43.630407742025454],[-79.68109393504312,43.630407742025454]],[[-79.68614693246516,43.632428940339736],[-79.68641642794871,43.6327882673088],[-79.68648380159502,43.63265351994715],[-79.68614693246516,43.632428940339736]],[[-79.71261649120103,43.52367204164883],[-79.71343313794772,43.52305955687502],[-79.71121393358163,43.522010520265134],[-79.70706293992627,43.520048261169215],[-79.70669580385955,43.52014004509874],[-79.70245127582017,43.51811884470818],[-79.70197966927917,43.51789426748466],[-79.7022042481002,43.5185680012076],[-79.70108135938496,43.52014004509874],[-79.70179594673557,43.52056880056487],[-79.70374821491836,43.52148751219066],[-79.704225447608,43.52148751219066],[-79.7042878302146,43.52167466073183],[-79.70647122593682,43.52036462308306],[-79.70736953672939,43.52126293382634],[-79.70736953672939,43.52261040124347],[-79.70804327139584,43.52261040124347],[-79.70871700426567,43.52171208971904],[-79.70983989298094,43.52171208971904],[-79.71051362585074,43.522385823150735],[-79.71156418491428,43.52256091658251],[-79.71186109338703,43.52261040124347],[-79.71251076398369,43.523693187375116],[-79.71253482625686,43.52373329024019],[-79.71261649120103,43.52367204164883]],[[-79.59288477032251,43.669571619741625],[-79.59373317431113,43.671056323236705],[-79.59440690718095,43.670831744887494],[-79.59508064005078,43.668810544815386],[-79.59541924472576,43.668556592627795],[-79.59363102688016,43.66919848974597],[-79.59288477032251,43.669571619741625]]],[[[-79.6392862824314,43.73708473022678],[-79.6365707453961,43.735085125124684],[-79.63404258165771,43.7332190197586],[-79.63368631610425,43.73353850223403],[-79.63333255595208,43.73385573197626],[-79.63316258841212,43.734008139676874],[-79.6328035991667,43.73433007081754],[-79.63264750790293,43.73447003576717],[-79.6324794349099,43.734620755601526],[-79.63238577925334,43.73470472862086],[-79.63225435752389,43.734822583253155],[-79.63220748253404,43.734864617342986],[-79.63204911134609,43.73490176517255],[-79.63184632026396,43.734949330613496],[-79.63170460294305,43.73498256382902],[-79.6315628892154,43.73501580935851],[-79.63142117189449,43.735049049676945],[-79.6312794491837,43.735082290626],[-79.63113773096448,43.7351155270131],[-79.63099601723682,43.73514876403084],[-79.63081887305606,43.73519030979022],[-79.6305649579528,43.73524986917674],[-79.63028919222857,43.735314693109245],[-79.6302126467832,43.73518430198753],[-79.63012270745698,43.73503109242996],[-79.63003035435754,43.73487375826076],[-79.63002317681841,43.73486153099287],[-79.63033935415405,43.73438726126923],[-79.63280971040558,43.7339381047764],[-79.63325886535269,43.73326437183428],[-79.63303428742998,43.73259063780351],[-79.63460633199068,43.73348894880928],[-79.63617837655134,43.73281521600687],[-79.63617837655134,43.73191690528079],[-79.6388733098273,43.73191690528079],[-79.63999619944087,43.73101859406274],[-79.6404453552863,43.73259063780351],[-79.63977162061984,43.73326437183428],[-79.63752584318932,43.73259063780351],[-79.63662753239679,43.73348894880928],[-79.63752584318932,43.73483641569139],[-79.63932246567272,43.73595930485736],[-79.6404453552863,43.73483641569139],[-79.64156824400155,43.735060993910906],[-79.64224197687139,43.73438726126923],[-79.64237520241791,43.734360616536016],[-79.64183330540087,43.73483800267965],[-79.64063956386421,43.73590204645728],[-79.63946223275116,43.73695548139654],[-79.6392862824314,43.73708473022678]]]]}},{"type":"Feature","properties":{"FromBreak":8.0,"FID_1":1,"DGN_ID":1,"Shape__Are":557587076.648,"Shape__Len":138258.951304,"Drive_Time":"8+"},"geometry":{"type":"MultiPolygon","coordinates":[[[[-79.61940990063849,43.48675281345258],[-79.6191104634082,43.486453376259675],[-79.6190235307432,43.486482354201506],[-79.61892599526293,43.48641407961688],[-79.6189552111709,43.48637203381672],[-79.61890994506373,43.48631991108805],[-79.61888547765034,43.48627741746118],[-79.61882889007566,43.48624374216292],[-79.61877971539867,43.486197367228996],[-79.61875524349372,43.48616004591711],[-79.6188034309222,43.48611428357776],[-79.61886220230132,43.48611026609984],[-79.61891282416423,43.48612099936111],[-79.61900716972693,43.48616964249285],[-79.61905298470474,43.486183774041045],[-79.61908230751224,43.48617532522401],[-79.61911330477943,43.48615497910175],[-79.61913854564229,43.4861322409968],[-79.61921092380305,43.48606306723219],[-79.61927323634104,43.48599102561776],[-79.61927368549871,43.48597736525145],[-79.61926966463948,43.485963753112785],[-79.61924065175074,43.48593221738973],[-79.61915383676505,43.48587469764843],[-79.61911975019162,43.48580322480286],[-79.61913765990343,43.48578156524213],[-79.61918230886799,43.48576230809237],[-79.61922718420801,43.48576118574699],[-79.61926696160879,43.485769242257284],[-79.61939286678405,43.48583918218546],[-79.61941476681237,43.48584729538916],[-79.61944273046886,43.48584137016956],[-79.61949905124392,43.485814012215414],[-79.61954163587995,43.48578447147697],[-79.61959292698774,43.48574243501507],[-79.61980270516615,43.48557902268442],[-79.6198329424586,43.485568411207986],[-79.61988453809526,43.48554138879224],[-79.61992356450448,43.48547319200844],[-79.61998303567121,43.48541765386948],[-79.6200302484276,43.48541049545451],[-79.6201016474247,43.48539268642504],[-79.6201740166023,43.485362211490084],[-79.6202418879153,43.48529255583476],[-79.62027287080943,43.48525678518591],[-79.62048770380794,43.484970237943074],[-79.62062508855425,43.4846820572835],[-79.62069257359165,43.484604232724735],[-79.62078461138239,43.48459010015523],[-79.62093250462088,43.48454530256701],[-79.62098804386163,43.48453457358826],[-79.62106612901938,43.48450746271944],[-79.62113112302852,43.48447052947763],[-79.62129393009735,43.48433761850381],[-79.62141260203795,43.48425232795851],[-79.62154599197618,43.48417146422132],[-79.62169661878806,43.48410127403166],[-79.62176828458482,43.484090625795595],[-79.62193406058566,43.48403440526797],[-79.62198852633963,43.484009926092384],[-79.62218612156617,43.48392585849116],[-79.62237736570364,43.48381279396607],[-79.62247710295468,43.48372829656059],[-79.62269045013971,43.48356680873821],[-79.62283698871876,43.4834604074768],[-79.62306192327263,43.48328199572793],[-79.6232651221899,43.483097057006354],[-79.62328561276153,43.48305828874353],[-79.62333188588013,43.48302061026229],[-79.62342473215465,43.48293482379391],[-79.62348855386232,43.482864939816956],[-79.62352834743277,43.4828290256382],[-79.62355939410732,43.48279646951448],[-79.62356798559468,43.482767111108195],[-79.62359730840218,43.482728246818844],[-79.62364726012188,43.482681932410884],[-79.62365624327472,43.4826469808351],[-79.62361925604122,43.4826056246273],[-79.62362885543834,43.48258127653696],[-79.62365128996426,43.482578404693555],[-79.62366939910206,43.48258573356462],[-79.62370062094807,43.48260768432341],[-79.62371870672969,43.48260564483317],[-79.62378123306672,43.48256722366604],[-79.62385744883038,43.48248853404628],[-79.62401268399968,43.48231028824498],[-79.62404966943656,43.48223952034772],[-79.62407857183251,43.482171618364184],[-79.62392005242253,43.48210238726781],[-79.62390899775464,43.48208726075737],[-79.62391275271253,43.48206051054404],[-79.624008619123,43.48197840543526],[-79.624062785738,43.481966759556485],[-79.62409770684638,43.481967534557945],[-79.62430109620648,43.48203005804495],[-79.62437407444183,43.48208451143048],[-79.62439709826258,43.482096094061106],[-79.6244488969185,43.482091801904744],[-79.62452411914543,43.48206873506265],[-79.62459089271714,43.482039054309254],[-79.6246399308502,43.4819989367744],[-79.62474473370112,43.48189638299477],[-79.62490408405274,43.481697235086],[-79.62507406416913,43.48135845725793],[-79.62542446192715,43.481615956634556],[-79.62562321867536,43.48241097585706],[-79.6247249078828,43.48308470870562],[-79.62494948670384,43.4846567538681],[-79.62453867454799,43.48504017879633],[-79.62427575293567,43.48510590909832],[-79.62174926994518,43.48763240638844],[-79.62130340013707,43.4877215798347],[-79.62044244219236,43.48747559227428],[-79.61940990063849,43.48675281345258]]],[[[-79.61812232108724,43.490877559317866],[-79.61641553013226,43.48959746476929],[-79.61529264231531,43.489822043659295],[-79.61516033484699,43.4899984522485],[-79.61515439877961,43.489974571816376],[-79.61514762188911,43.48992884039106],[-79.61515727698178,43.489892078608655],[-79.61523304179116,43.489783263419184],[-79.6152517528002,43.489734973174144],[-79.61526325662572,43.48968138174949],[-79.6153147875837,43.48958780943092],[-79.61541131335761,43.489361766536824],[-79.61541986981068,43.48930296093868],[-79.61546948376383,43.48906464941161],[-79.6155372436857,43.48895326489914],[-79.61553105968329,43.48887761416521],[-79.61544866081553,43.48878341428319],[-79.61543553463261,43.48871532608919],[-79.61539373871739,43.488654720414964],[-79.61536719619569,43.48861050588767],[-79.615334664606,43.488563826453756],[-79.6153124843033,43.488527473132464],[-79.61516335588131,43.4884312281969],[-79.61511538674345,43.48839452350785],[-79.61503741477341,43.48832851001833],[-79.614873275503,43.4882064864139],[-79.61481173910944,43.48816497107638],[-79.6147181391484,43.48808552360134],[-79.61463749199545,43.48802323058147],[-79.61433690222665,43.487836775423006],[-79.61421201663923,43.48778550774638],[-79.61410372922329,43.4877101208111],[-79.61406844968715,43.487677706140154],[-79.6140150394536,43.48756793671123],[-79.61392134606778,43.48749658448757],[-79.61382179566631,43.48739672395083],[-79.61380473216751,43.487372338686384],[-79.61372836369024,43.487321378242385],[-79.61360550110884,43.48721806964365],[-79.61352581515325,43.487164721696864],[-79.61345955362127,43.48710606647016],[-79.61320498095121,43.48693111001831],[-79.61314507499985,43.486881464446554],[-79.61307084361468,43.48682748269466],[-79.61302197166995,43.48677015998487],[-79.61299735154296,43.48674863177418],[-79.61288383862704,43.48665422196431],[-79.61279690686035,43.48655082814748],[-79.61277284368883,43.48652655008209],[-79.61270718762137,43.48647349286165],[-79.61266698621576,43.48648637295817],[-79.61261569061641,43.48647100443869],[-79.6123081110564,43.48622535396134],[-79.61228881434577,43.486181165681536],[-79.61232717330671,43.48610208058558],[-79.6095525199392,43.48403682796079],[-79.60953341906131,43.484008382007964],[-79.60954483036036,43.483980035113454],[-79.60990244608172,43.483581774537306],[-79.60993474949932,43.48356380984216],[-79.6100018859904,43.48355961295176],[-79.61003766678648,43.48357195854823],[-79.61066773614363,43.48399076940497],[-79.61068278472125,43.484028013842625],[-79.61064094029699,43.48417293725697],[-79.61064737313275,43.484301235264105],[-79.61065912668994,43.484374999602196],[-79.61069572135966,43.48448022408916],[-79.61077254977434,43.484605789177806],[-79.61084321035626,43.4847024593032],[-79.61090655685517,43.484760200462105],[-79.61249775080276,43.48594779591511],[-79.61253221017705,43.48593313312188],[-79.61259903674936,43.485925343857815],[-79.6126429967061,43.485928980716245],[-79.6127498540041,43.48595587456061],[-79.6128978667185,43.486033468608326],[-79.612999722197,43.48610613130403],[-79.6130440666327,43.486142823696575],[-79.61307552922719,43.48619046570139],[-79.61324181008122,43.48630793495081],[-79.61328695132256,43.486344565303334],[-79.61338199397795,43.48640633473461],[-79.61341608504297,43.48644440411614],[-79.61365063965523,43.48659994019996],[-79.61374545952842,43.48666846093929],[-79.61395990445475,43.48678250688051],[-79.61408554911858,43.486863874189225],[-79.61443735812992,43.48710113073676],[-79.61450345257526,43.48716015486068],[-79.61458843140453,43.48722182113278],[-79.61474954065747,43.48730923675875],[-79.61487091023888,43.4873833206923],[-79.61494039312947,43.48743798433018],[-79.61498849342136,43.48748112041786],[-79.61502220270239,43.48753590910312],[-79.61508373999429,43.48757742356953],[-79.61546336174516,43.48784269067069],[-79.61563619940246,43.48793329960099],[-79.6157355422931,43.48797416270135],[-79.61586299346898,43.48796705412194],[-79.61612795246035,43.487906612588525],[-79.6163067181002,43.487851406470355],[-79.61679741473931,43.487658377250874],[-79.61664010895328,43.488025421093425],[-79.61753841974584,43.48892373221326],[-79.61866130846107,43.48847457604226],[-79.61843673143669,43.489822043007564],[-79.61886093388016,43.49045834782612],[-79.6186613102577,43.49060806482765],[-79.61812232108724,43.490877559317866]]],[[[-79.61028959122308,43.49496344274313],[-79.61079310592298,43.4946966826546],[-79.61107898757562,43.494566230789324],[-79.61122454429606,43.49451189552976],[-79.6114268655593,43.49443188097437],[-79.61150193417431,43.49442996309491],[-79.61169559747486,43.494400038171705],[-79.61184828592033,43.494351934087256],[-79.61214297735096,43.49421658933596],[-79.61244753767332,43.49408048246887],[-79.61295775380523,43.49379733650451],[-79.61331173494294,43.49353791835772],[-79.61382063234802,43.49313816717103],[-79.61396757786389,43.49299273218297],[-79.6142371173649,43.49273022285691],[-79.61434300448238,43.49259397643562],[-79.61439703455346,43.492495639519305],[-79.61451929885689,43.492165977612665],[-79.6145646601855,43.491839317605525],[-79.61461098630468,43.49175019650952],[-79.61466034872954,43.491667012313115],[-79.61596637518514,43.49319071022024],[-79.61349601893359,43.4938644427512],[-79.6130468639865,43.49453817688927],[-79.6132714419092,43.49543648824207],[-79.61192397527122,43.49476275435107],[-79.61165448068598,43.494830128664894],[-79.61147481942578,43.49476275500276],[-79.61127065841285,43.4949260838375],[-79.61102566358036,43.49498733293269],[-79.6109644164443,43.495171077238886],[-79.61035193071054,43.4956610662731],[-79.60997803302467,43.49510021948967],[-79.61006731568244,43.49506666119727],[-79.61028959122308,43.49496344274313]]],[[[-79.60358654043941,43.494640868866995],[-79.60354709182202,43.494574223564605],[-79.60353088262102,43.494567859321435],[-79.6034590236865,43.49443870987602],[-79.60346784154933,43.49441636393958],[-79.60333770980067,43.49418512830289],[-79.60330918649375,43.49417151410381],[-79.60324084715852,43.49404443680216],[-79.60324350707006,43.49401846673057],[-79.60311040099947,43.49378335923117],[-79.60308292692483,43.493771421719636],[-79.60301638422015,43.49364010698168],[-79.60302482748551,43.49362071743884],[-79.60289226579398,43.49338381234362],[-79.60286847840527,43.49337510385916],[-79.60279536811754,43.493248394388615],[-79.60280296876316,43.49322321447222],[-79.60267388894165,43.49299365302166],[-79.60264506919071,43.492972449616],[-79.60257098782417,43.49283351681421],[-79.60257419121649,43.49280574755056],[-79.60259865593493,43.49276931401739],[-79.60264808753008,43.49274969479899],[-79.60270619864748,43.49275107508502],[-79.60273086997846,43.492761809773036],[-79.60275850664817,43.49278186431825],[-79.60284101151713,43.492924681318776],[-79.60283169778427,43.492940291276966],[-79.60296637321166,43.49318465277655],[-79.60298947698246,43.49319414266279],[-79.60306054539952,43.493320331549256],[-79.60305163411189,43.49333643147369],[-79.6031865745423,43.49358160336884],[-79.60320884826977,43.49359005440826],[-79.60328005412907,43.493718137560755],[-79.60327042149429,43.493735012881324],[-79.60340683426344,43.493979618151876],[-79.60342940263833,43.49398701536944],[-79.60349995901569,43.49411385949105],[-79.60349214367271,43.49413211365216],[-79.60362690174512,43.494376058470245],[-79.60365070620183,43.49438527837564],[-79.60372166771938,43.494512715987454],[-79.60371461863936,43.49452911406068],[-79.60375238201728,43.494597683152186],[-79.60397489561146,43.49453623815959],[-79.60401930023427,43.49462333365498],[-79.60379372967316,43.49468802779663],[-79.60398265795384,43.49481575932478],[-79.60423039624119,43.49497479938191],[-79.60630977873163,43.496347872103186],[-79.6062088548061,43.49640723908391],[-79.60490454862426,43.495545949470696],[-79.60485030924573,43.49552143455712],[-79.6042119888627,43.49510331491147],[-79.60389303842781,43.49489013968441],[-79.60365078615189,43.494723171817014],[-79.60362196819757,43.49465219363447],[-79.60358654043941,43.494640868866995]]],[[[-79.60197205497312,43.50812119391342],[-79.60199035904536,43.5080602826019],[-79.60204255295999,43.50868657747463],[-79.60136881919185,43.50936031106097],[-79.60132390342764,43.509584889423564],[-79.60114424126913,43.50980946629909],[-79.6011442403708,43.51009687490409],[-79.60112697295442,43.51006179911902],[-79.60110624971914,43.50983065727733],[-79.60116341221561,43.509680111001686],[-79.6014028060523,43.50927886069839],[-79.6015000127492,43.50908094518242],[-79.60155275553447,43.50900199757399],[-79.6017024094709,43.508797817437916],[-79.60187831128165,43.50845679205072],[-79.60197205497312,43.50812119391342]]],[[[-79.61372059685631,43.51205524512301],[-79.61214855229562,43.51138151099899],[-79.61192397527122,43.51138151165049],[-79.60967819784071,43.51138151034754],[-79.60922904109695,43.5104831997299],[-79.60883272864811,43.51032467416521],[-79.60877988614986,43.510258621452266],[-79.60870502594396,43.510273593667485],[-79.6081061523817,43.510034044945],[-79.6083307294061,43.50913573316577],[-79.6078815753573,43.508461999027176],[-79.60758213722869,43.508387140879236],[-79.60743241861357,43.508237421698716],[-79.60723992402123,43.50830158720033],[-79.60698326276813,43.508237421698716],[-79.6060849528739,43.50868657812615],[-79.6042883303905,43.506440799703796],[-79.60451290831323,43.505767066107346],[-79.60406375156948,43.50509333215851],[-79.60316544077692,43.50486875402484],[-79.6030183551239,43.50499132711026],[-79.60311759021668,43.50435772174808],[-79.60323242275778,43.504014651403686],[-79.6034097349235,43.503514186991566],[-79.60343014644339,43.50343281670326],[-79.60356358758557,43.50272311786372],[-79.60361830396953,43.50247384745396],[-79.6035995588245,43.50238135834978],[-79.6036529906176,43.50222997639988],[-79.60399119913555,43.5008740391273],[-79.60451290741491,43.50150008732156],[-79.60586037405288,43.50217382227716],[-79.604962062362,43.503296711062255],[-79.60504017716417,43.50360916728978],[-79.60496206326032,43.503745865810664],[-79.60512247542063,43.50393836275159],[-79.60518664208135,43.50419502242995],[-79.60565028415905,43.504571734042244],[-79.60608495197559,43.505093332810084],[-79.60770215125234,43.50623887438013],[-79.60877988525154,43.507114533598994],[-79.60959988001927,43.507583101690656],[-79.61147481852748,43.50891115638949],[-79.61178727414287,43.50883304185252],[-79.61192397527122,43.508911155737955],[-79.61210892132024,43.50875263060498],[-79.61237313021833,43.50868657812615],[-79.61349602342517,43.50756369186679],[-79.61496598164034,43.50630372091806],[-79.61797650565201,43.50845409213686],[-79.61955962015195,43.507114533598994],[-79.61372059685631,43.51205524512301]]],[[[-79.60134995726582,43.51074039187008],[-79.60131936513882,43.51065832574803],[-79.60159339621624,43.51093235573276],[-79.60159339621624,43.512330107873716],[-79.60157090599479,43.512183134704216],[-79.60154467249355,43.51183436662716],[-79.60154222188945,43.511758872900636],[-79.60148471623653,43.511714991912875],[-79.60148032796639,43.51167773262615],[-79.60151059400494,43.51154666595904],[-79.60154349839547,43.51146859327089],[-79.60151073054887,43.5112444760083],[-79.60148153889537,43.51097034906471],[-79.60134995726582,43.51074039187008]]],[[[-79.60131388900884,43.52617496374033],[-79.60138721399393,43.52615459396973],[-79.60136881919185,43.526203645803804],[-79.60154051329377,43.52643257554618],[-79.60143913571903,43.52640541119015],[-79.60133919994028,43.52636567158969],[-79.60130193782231,43.526336332410715],[-79.60128319716887,43.52631259531428],[-79.60126267874945,43.52626557116341],[-79.60127738686559,43.52621173730087],[-79.60131388900884,43.52617496374033]]],[[[-79.6043845678052,43.526075311766256],[-79.60361459662235,43.52463160097958],[-79.60294086285421,43.52418244597925],[-79.60204255295999,43.5244070232461],[-79.60194010279679,43.52468022546476],[-79.60191905347304,43.5246691186697],[-79.601648254534,43.52457226175471],[-79.60159704427461,43.524541069264224],[-79.60156716720658,43.52446841438838],[-79.60158685558265,43.52441009762466],[-79.60163206509597,43.52436679837475],[-79.60173813457145,43.52431588673865],[-79.60188824305543,43.524285592982345],[-79.60196655728359,43.52425965480856],[-79.60203333804179,43.52421528071737],[-79.60205907297807,43.524176408580225],[-79.60215959266172,43.523865924961484],[-79.60213839960755,43.522613392989506],[-79.60213781121104,43.52229145407638],[-79.6021475309824,43.52223308440107],[-79.60213000754617,43.52221218112596],[-79.60209372010027,43.52219506559108],[-79.60195382366442,43.52220700595048],[-79.60191339857832,43.522200162602566],[-79.60187937578527,43.522187556536174],[-79.601846440852,43.52217135357145],[-79.60182828140852,43.522140544151306],[-79.60183969001264,43.52210277476015],[-79.60185714427861,43.52208444958811],[-79.6018833984411,43.52207130220352],[-79.60199475899363,43.522045748041435],[-79.60214536514425,43.52205048355138],[-79.60221822300538,43.52196868814971],[-79.60219599958356,43.52075899264823],[-79.60221069691993,43.520461557104056],[-79.60216375455644,43.52028343705658],[-79.60214766123812,43.52012817207563],[-79.60209189831687,43.51999368307187],[-79.60209264841012,43.51982413147388],[-79.60210948553349,43.51964657561367],[-79.60216602280252,43.519576052749855],[-79.60217892081337,43.51936644895512],[-79.60222814130441,43.51902226206607],[-79.60220741447588,43.51846990462483],[-79.6022026201672,43.517641403278944],[-79.60221031783087,43.51762792791108],[-79.60221155570933,43.51760323891347],[-79.60217345815815,43.51756810886272],[-79.60213496983978,43.517513685515596],[-79.60210618602144,43.517451661275295],[-79.60212119776816,43.517242268329376],[-79.60208552297328,43.5167090897663],[-79.60201931264527,43.515965517623464],[-79.60200081274031,43.51587677349357],[-79.60200943207545,43.51559563652873],[-79.6020020928396,43.51554735129147],[-79.60249170790712,43.51677137860055],[-79.60316544167524,43.516995956094746],[-79.60383917364676,43.51609764436021],[-79.60765699743457,43.51519933358443],[-79.6081061523817,43.51452560003288],[-79.6078815753573,43.513851866777],[-79.60855530912545,43.51362728930794],[-79.61009526406755,43.51381978340192],[-79.61023963950339,43.51396415910691],[-79.60922904019864,43.5149747559182],[-79.60922904109695,43.51654680092196],[-79.60967819694238,43.517220534707434],[-79.61035193071054,43.5174451118328],[-79.61095080606943,43.51696601304175],[-79.61102566358036,43.516995956094746],[-79.61147481852748,43.51654680157341],[-79.61259770814105,43.5167713779491],[-79.61309908934214,43.516437123707796],[-79.6132714419092,43.51654680157341],[-79.61370018084484,43.516608049581066],[-79.61461890764885,43.51722053405599],[-79.61394517477902,43.51789426683323],[-79.61282228606377,43.51766968942527],[-79.61218063472768,43.51831134076021],[-79.61192397616952,43.51811884470818],[-79.61080108475933,43.51811884470818],[-79.60892960835825,43.51999032576099],[-79.6085873915575,43.520075879806846],[-79.60827458470085,43.519971611061905],[-79.6078815753573,43.518792579180634],[-79.60675868574373,43.517894266181806],[-79.6066089671286,43.51794417288277],[-79.60653410782103,43.517894266181806],[-79.60645244467348,43.51799634778907],[-79.60608495197559,43.518118844056794],[-79.60601009266801,43.51826856412998],[-79.60586037315456,43.51834342305011],[-79.60563579702847,43.5190171563178],[-79.60451290831323,43.5190171563178],[-79.60431475253795,43.5191492607387],[-79.60339001869964,43.51924173392184],[-79.60300823829716,43.519623515298306],[-79.60271628493149,43.51969088987929],[-79.60264142652225,43.51999032771517],[-79.60249170880542,43.52014004509874],[-79.60254785261236,43.520364624385884],[-79.60249170880542,43.52058920023149],[-79.6026550368971,43.52079336392548],[-79.60271628493149,43.52103835592882],[-79.60290002723804,43.52109960393707],[-79.60321035654113,43.52148751414485],[-79.60249170880542,43.522385823150735],[-79.60271628493149,43.52305955687502],[-79.60541121910576,43.52485617917971],[-79.60586037405288,43.52597906806076],[-79.60698326366645,43.52597906740941],[-79.60668382643617,43.526727660976896],[-79.60653410782103,43.52687737922688],[-79.60659480518814,43.5269502148747],[-79.60653410782103,43.52710195753347],[-79.60765699743457,43.528224846945264],[-79.60541121910576,43.52800026891155],[-79.60496206326032,43.526652800084186],[-79.6043845678052,43.526075311766256]]],[[[-79.60118415251888,43.52736957616091],[-79.60125795630599,43.527356868917536],[-79.60131572696193,43.527361206705656],[-79.60152460233347,43.527369723359065],[-79.60157960887327,43.52731630146487],[-79.6016600790581,43.52710918265147],[-79.60172887294087,43.526864941528366],[-79.60174661736268,43.526782180225],[-79.60175188328687,43.52671440453007],[-79.60271628582981,43.528000268260215],[-79.60246925002501,43.52822484629396],[-79.60204255206166,43.52822484629396],[-79.60179872683568,43.528834416796535],[-79.60083767500875,43.52970810299748],[-79.60093776709434,43.52946982980952],[-79.6009953113748,43.52929942037996],[-79.60110092181118,43.52907783842388],[-79.60144458579785,43.52842262673016],[-79.6014855435849,43.5283315366707],[-79.60155806547613,43.52805988678238],[-79.6015708242481,43.527748549086446],[-79.60155720129681,43.52767698642294],[-79.60151415313008,43.52764106567769],[-79.60137273045659,43.52761706596268],[-79.60130696120137,43.52760086380493],[-79.60124173273196,43.527578771782004],[-79.6011551540032,43.52753701061338],[-79.60113147261569,43.527516512341855],[-79.60110870481479,43.527487228433344],[-79.60110989059098,43.527445561642594],[-79.60114424396409,43.52738845790808],[-79.60118415251888,43.52736957616091]]],[[[-79.59967663933494,43.532069492485206],[-79.59968215948238,43.53203337050863],[-79.5997870090457,43.532452768092746],[-79.59958291630473,43.53257522328536],[-79.59961590783186,43.532277360806354],[-79.59967663933494,43.532069492485206]]],[[[-79.59705609195443,43.53685294347917],[-79.59709839451946,43.53662569175569],[-79.59715448712244,43.536546423315826],[-79.5972146580768,43.536489678554624],[-79.59728317887172,43.53645161663233],[-79.5973441798694,43.536450437921665],[-79.59738684176055,43.536467066205674],[-79.59738305176839,43.53650190652899],[-79.59736312713538,43.536519122851075],[-79.59729203715875,43.536571979800954],[-79.59729987585791,43.53658494103226],[-79.5973345409464,43.536609475737436],[-79.59743427011261,43.536599991373755],[-79.59749858948696,43.53660821888352],[-79.59753898942024,43.53662280620213],[-79.59759305183067,43.53665088612935],[-79.5976554245558,43.536631448535516],[-79.59784409322333,43.536506261893635],[-79.59801015578675,43.536280924762266],[-79.59801134425788,43.53623925753417],[-79.59800348489746,43.53620179913846],[-79.5980979140035,43.53612602396293],[-79.5982648641024,43.53585142785989],[-79.59824905914331,43.535836833842396],[-79.59817094613777,43.53580887922315],[-79.59813343518645,43.5357889268874],[-79.59813019855648,43.53577219487104],[-79.59814958599695,43.53575606393426],[-79.5983030146542,43.535759485490594],[-79.59837440466816,43.53570869743551],[-79.59854115983268,43.53548242475976],[-79.59868289152662,43.535131779689856],[-79.5986690601662,43.53504386021412],[-79.59854690006733,43.534999238771356],[-79.59847397573088,43.53496268743035],[-79.59846620979525,43.534932981227634],[-79.59846354000221,43.534886926978665],[-79.59850175792766,43.53483421247555],[-79.5986337608671,43.53481761565195],[-79.59877085455923,43.53483049194804],[-79.59884024312674,43.53484272091007],[-79.59891708052454,43.534808120586604],[-79.59899235934537,43.534681082590254],[-79.5990764793852,43.53437482425803],[-79.59909804074864,43.53435149865507],[-79.59909900913253,43.53434944463138],[-79.59979677373283,43.53518675632334],[-79.59957219581011,43.536085068417066],[-79.59889846204199,43.53586049099697],[-79.59800015214775,43.53675880152],[-79.59705678186056,43.536947476672196],[-79.59705609195443,43.53685294347917]]],[[[-79.59664639281124,43.53729272826379],[-79.59665268550977,43.5372905069787],[-79.59665268461146,43.53732024718551],[-79.59642810668876,43.53765711298723],[-79.59665268461146,43.538106269237595],[-79.59604404097219,43.538309150038565],[-79.59604098220863,43.53826698408904],[-79.59606434469424,43.538239422620045],[-79.59611325796146,43.53819935544739],[-79.5963251894016,43.53794062954366],[-79.59633417075781,43.53789719218285],[-79.5963245776489,43.537831174211234],[-79.59627249871862,43.537627886750194],[-79.59625198119753,43.537580861652984],[-79.59628994310312,43.537515285506466],[-79.59632829308092,43.53746900400366],[-79.5964958944584,43.53734836911672],[-79.59664639281124,43.53729272826379]]],[[[-79.59585687788103,43.53853996594065],[-79.59598997227354,43.538430035017775],[-79.59600774454313,43.53858997538275],[-79.59575437381892,43.538780001898076],[-79.59620352786771,43.540352047187305],[-79.59367081146748,43.53964289125691],[-79.59381706078898,43.53960730062714],[-79.59417618927327,43.53951388969445],[-79.5944400289638,43.53941742388796],[-79.59464488617107,43.53932503568106],[-79.5950260682956,43.53908216073864],[-79.5950654881669,43.5390265325559],[-79.59516217833249,43.539005044467515],[-79.59543148606814,43.53883091630309],[-79.59553759776445,43.53873023616113],[-79.59568453339884,43.53865569427508],[-79.59585687788103,43.53853996594065]]],[[[-79.58248022039376,43.54337516276903],[-79.58256026298052,43.54328879592774],[-79.58265966156672,43.54330809919253],[-79.58284017532813,43.54330946529952],[-79.58308516117746,43.54348330379294],[-79.58357008973412,43.54388359280064],[-79.58407106130345,43.5443056694382],[-79.58363690373001,43.54439250103579],[-79.58365711223065,43.544284939201134],[-79.58365778866207,43.544195296487146],[-79.58363585449777,43.54414955013842],[-79.58360202394417,43.5441105729925],[-79.58343369852454,43.54395796934502],[-79.5833624261899,43.543901772005825],[-79.58295718538545,43.543572181168635],[-79.58275543185748,43.54347992760389],[-79.58248022039376,43.54337516276903]]],[[[-79.58587295150768,43.54461902416945],[-79.58475006189411,43.544169869554],[-79.58454903959478,43.54421007340468],[-79.58462033259066,43.54416121397604],[-79.58464180502092,43.54413228129942],[-79.5846954775625,43.544071512475576],[-79.58529113425773,43.54318039800237],[-79.58533967472411,43.54302676578734],[-79.58502149055215,43.54296980964034],[-79.58502568119296,43.54295012143694],[-79.58523049078954,43.542978830033846],[-79.5852385989833,43.542968507338465],[-79.58526894227694,43.542942374691016],[-79.58531938537509,43.54290956837985],[-79.58557744530509,43.542761638274676],[-79.58564310047426,43.54271241302597],[-79.58596614992177,43.5425002680687],[-79.58616394187936,43.54239994893461],[-79.58637527863478,43.54228085283298],[-79.58661721380541,43.54213488508362],[-79.58670842155284,43.542063783582115],[-79.58681606757166,43.54200070886412],[-79.58709677043669,43.541851237179465],[-79.587650432689,43.541527297676154],[-79.58774880000925,43.541461378749574],[-79.5878237275888,43.54140351469804],[-79.58791274704018,43.541317055822],[-79.58792505306127,43.54129671265396],[-79.58804386963064,43.541474936050086],[-79.5881187289382,43.54169951274563],[-79.58824874749915,43.541782252928044],[-79.58834330596261,43.54192409120923],[-79.58677126230023,43.542597825487675],[-79.58587295150768,43.54461902416945]]],[[[-79.58222487876583,43.54759204365429],[-79.5820950910719,43.54754255344493],[-79.58202218021019,43.54751789166608],[-79.58191831070882,43.54749613900115],[-79.58154986130515,43.547352063615676],[-79.58142081022974,43.54729651142931],[-79.58131505606292,43.54721387908513],[-79.58122422201467,43.54709342647246],[-79.58119102746828,43.54701050931601],[-79.58120587572161,43.54689152259346],[-79.58124405322286,43.54678242404105],[-79.58127796462485,43.546749563173016],[-79.5813411682916,43.546722417083494],[-79.58140446538316,43.54674622297797],[-79.58143456882665,43.54679274999001],[-79.58137813486385,43.546953863604664],[-79.58138221501189,43.546976676468525],[-79.58143558571953,43.546975811797545],[-79.58150236468114,43.546963254533445],[-79.58168693972593,43.546932629018315],[-79.58173176116705,43.54691963354934],[-79.5818165944692,43.54683030989019],[-79.58181338748363,43.546682451912645],[-79.58184041329896,43.54652165661773],[-79.58188265837181,43.546425516511775],[-79.58204912607545,43.546330457102854],[-79.58216289950279,43.546229355841284],[-79.58242498119031,43.545933199023324],[-79.58248283988114,43.545743493266855],[-79.58246167736968,43.545532251014855],[-79.58243596848456,43.545455659986374],[-79.5824545860688,43.54536770412498],[-79.5825005636417,43.545201736678344],[-79.5824289885748,43.54508566864843],[-79.58242871279202,43.545058616874314],[-79.58245332483415,43.545047172640636],[-79.58252682588902,43.54503569129041],[-79.58255672541495,43.54504560407197],[-79.58265671958416,43.545176476858195],[-79.58273348601509,43.54515731288178],[-79.58318476278289,43.54500258204112],[-79.58342585443549,43.54486788999749],[-79.58344895191807,43.54484000012037],[-79.58317801733344,43.5455173357321],[-79.58383354225077,43.54660987710003],[-79.58375550560203,43.54667230630246],[-79.58317801733344,43.546864803044215],[-79.58309380117386,43.54720166890975],[-79.58295343941073,43.547313957764324],[-79.58302829961661,43.547463678299124],[-79.58298486158104,43.54763742668101],[-79.58282771659344,43.54761806750563],[-79.58253297036556,43.54759281130241],[-79.58246243375113,43.54761468243274],[-79.5824512766753,43.547648451114284],[-79.58242766176312,43.54778244287348],[-79.58244895183535,43.5478981039836],[-79.58242711289247,43.54793961405339],[-79.58238942856632,43.54794144559],[-79.58231849848978,43.54793043488335],[-79.5822838747238,43.5478879716],[-79.58226567126287,43.54777258328102],[-79.58227663160767,43.54772237375478],[-79.5822782036594,43.54766279876135],[-79.58226249931161,43.547619944629034],[-79.58222487876583,43.54759204365429]]],[[[-79.58016270889455,43.54829492069423],[-79.57995763878655,43.54826632661709],[-79.57883408352136,43.548260507792044],[-79.57860682772078,43.54825352741498],[-79.57823179456437,43.548244083948546],[-79.57703397916791,43.54820752501029],[-79.57647636253171,43.548177048576925],[-79.57646161129641,43.54813571316414],[-79.57648763279526,43.54808927248218],[-79.57655405422736,43.54808236110141],[-79.57783586839112,43.54811611194135],[-79.57817705212929,43.548121094773975],[-79.57829093604944,43.54811610087274],[-79.57837209434378,43.54812748462301],[-79.57859227321654,43.54813225975534],[-79.57881617650449,43.548134341306664],[-79.57889292227414,43.548138301267336],[-79.57903999445247,43.548142578311044],[-79.57956325771558,43.548152831755495],[-79.57962870357727,43.548156616570445],[-79.57971024185898,43.54815675525365],[-79.57999992428361,43.54816713500808],[-79.58021476087539,43.54816982988946],[-79.58043815661517,43.548183273042],[-79.58050213103645,43.54833134545432],[-79.58059468176523,43.54849380141325],[-79.58067697103853,43.548610372033316],[-79.58052575313518,43.54858012824287],[-79.58042432255981,43.54843926402919],[-79.58039880411752,43.548413206024556],[-79.58030807247721,43.548354892880646],[-79.58016270889455,43.54829492069423]]],[[[-79.58348773218889,43.549053818704024],[-79.58359824024019,43.54873031767195],[-79.58385175110158,43.549110580939335],[-79.58354394247117,43.54917214226117],[-79.58353568246213,43.54916722332169],[-79.58348773218889,43.549053818704024]]],[[[-79.58241640587262,43.54972572776111],[-79.58214973109905,43.549547946099345],[-79.58233082427381,43.549595151326784],[-79.58240503948933,43.549608335031856],[-79.58257773251788,43.54963741743267],[-79.58256553249798,43.54966181661072],[-79.58241640587262,43.54972572776111]],[[-79.58220725381996,43.55157371590879],[-79.57931157941738,43.54991224047892],[-79.58058551625439,43.55064320163517],[-79.58220725381996,43.55157371590879]]],[[[-79.57623744120885,43.54746486265438],[-79.57639417746299,43.54743703648466],[-79.57642065081441,43.5474697706641],[-79.57635011330167,43.54758264110364],[-79.57504458361443,43.54843815587084],[-79.57491431532182,43.548498715850116],[-79.57481276077894,43.54856042559449],[-79.57473375305138,43.54865301125299],[-79.5747371441916,43.548680360915114],[-79.57501976046818,43.548836982840044],[-79.57509639305013,43.54888550447122],[-79.5755392274509,43.54913817845689],[-79.5757753595048,43.549281825718296],[-79.57610183153355,43.549454503039804],[-79.57657696575869,43.54973263179161],[-79.57665387232679,43.549773002514605],[-79.57697487631042,43.54995901831549],[-79.5775587929232,43.55027785172847],[-79.57769229065926,43.5503310416843],[-79.58072576303316,43.55208081309793],[-79.58070766287852,43.55210495086597],[-79.58061865330858,43.55216429229862],[-79.57588579299593,43.54947421385999],[-79.57581404814746,43.54943991491921],[-79.57538669171903,43.54918225229201],[-79.57534656846686,43.54915028146223],[-79.57503916677327,43.548973751443874],[-79.57477077262426,43.54883872970797],[-79.57468857497912,43.54878596750228],[-79.57456619479302,43.548679021624444],[-79.57457891942902,43.5486311528701],[-79.57462642413788,43.54856063459455],[-79.57481861599797,43.548408079324695],[-79.57623744120885,43.54746486265438]]],[[[-79.58032783182018,43.553338746104394],[-79.58043667798823,43.553238342143075],[-79.58048308405748,43.553377559731935],[-79.58032783182018,43.553338746104394]]],[[[-79.61574179816076,43.55899200419064],[-79.61282228696209,43.55697080377473],[-79.6114935448079,43.55697080312376],[-79.61260708385767,43.555398758934096],[-79.61293457277934,43.555398758934096],[-79.61349601803528,43.55562333714033],[-79.61416975449836,43.555398758934096],[-79.61439433062445,43.55539875828305],[-79.61461890944547,43.555249040532914],[-79.61484348557157,43.555174181192854],[-79.61487556800363,43.55507793444935],[-79.61506806439259,43.55494960326575],[-79.61526622106616,43.55395881975246],[-79.61553449573925,43.553757613993575],[-79.61619095400616,43.553570053939495],[-79.61686468597769,43.55360213765825],[-79.61737509075581,43.55339797499467],[-79.61753841884752,43.55337755908086],[-79.61798757559124,43.55315298161979],[-79.61843673143669,43.55292840397274],[-79.62000877509905,43.55090720329878],[-79.62090708768824,43.55225466991685],[-79.62120652042694,43.55230457553342],[-79.62135624173703,43.55247924812127],[-79.62180539848077,43.552404388595825],[-79.62225455252955,43.55247924877234],[-79.62239944359837,43.55230538088244],[-79.622703708375,43.55225466991685],[-79.62337744214315,43.5513563597983],[-79.62337744124483,43.55113178131586],[-79.62337744214315,43.550458047358376],[-79.62320900802737,43.55028961464541],[-79.62315286422043,43.55000889197712],[-79.62225455342788,43.54933515783794],[-79.62607237631741,43.548886003203926],[-79.62649187158877,43.54869956153465],[-79.62674610918722,43.548661425282866],[-79.62741991392228,43.54828709845721],[-79.62809357582522,43.54798769105677],[-79.62813206594018,43.54789146539086],[-79.63246810356092,43.54548254294123],[-79.63550464278322,43.54529275828251],[-79.63595379862865,43.545741914298425],[-79.63819957695746,43.545741914298425],[-79.63909788775003,43.545966492028036],[-79.63999619944087,43.54506817999627],[-79.63962978112805,43.54323609918803],[-79.64111908905444,43.542597824836534],[-79.64156824489989,43.54169951339676],[-79.64242572187287,43.54206700552536],[-79.64246655479411,43.54214866883628],[-79.64044535438798,43.5437207141966],[-79.64022077736358,43.54439444662887],[-79.6406699323107,43.54506817999627],[-79.64156824400155,43.54529275828251],[-79.64269113181851,43.544169869554],[-79.64336486558665,43.54416986825169],[-79.64516148807006,43.54439444728002],[-79.64650895470803,43.5455173357321],[-79.64785642224432,43.54461902482055],[-79.64808100016701,43.5437207141966],[-79.64650895470803,43.54169951274563],[-79.64808100106535,43.54080120224662],[-79.64808100016701,43.539453735495904],[-79.64920388888228,43.53967831255717],[-79.64987762175211,43.539229158900575],[-79.6501021996748,43.53653422465542],[-79.65055135462194,43.53653422400417],[-79.65055135462194,43.53765711298723],[-79.65113720979909,43.53868236015761],[-79.65122508928839,43.53900457951519],[-79.65134758625547,43.539050517311715],[-79.65144966721111,43.539229158249384],[-79.65302171087347,43.53967831320834],[-79.6548183342552,43.54214866818516],[-79.6566322313415,43.5427533022108],[-79.65644427863124,43.542894267617534],[-79.65436917840977,43.54327155744615],[-79.65369544374332,43.542822402558535],[-79.65279713205244,43.54327155809732],[-79.65189882215823,43.54259782418536],[-79.65257255502804,43.54169951274563],[-79.65212340008095,43.54080120224662],[-79.65122508928839,43.54057662480961],[-79.65010219877651,43.541025780149376],[-79.64920388888228,43.54214866818516],[-79.64959258092256,43.54396256704637],[-79.64942846590668,43.54461902482055],[-79.64987762175211,43.54529275828251],[-79.64740726639887,43.547313957764324],[-79.64718268757785,43.547987691707895],[-79.64740726639887,43.5482122695348],[-79.64740726639887,43.54843684717615],[-79.64830557719141,43.549110580939335],[-79.64538606599277,43.55247924812127],[-79.6469469939018,43.55067817830378],[-79.64583522183818,43.550233470086155],[-79.64228424979203,43.551343149131],[-79.64224197687139,43.55113178131586],[-79.64156824400155,43.55068262509593],[-79.6406699323107,43.55090720329878],[-79.64022077736358,43.55045804605623],[-79.6394327841795,43.550615646475045],[-79.63909788864834,43.550458046707305],[-79.63857387080039,43.550458046707305],[-79.63752584408763,43.55000889132604],[-79.63483090991339,43.54978431368239],[-79.63415717614524,43.55045804605623],[-79.63236055366184,43.550458046707305],[-79.63146224286929,43.550458046707305],[-79.63042573435513,43.55087265256003],[-79.63011477712963,43.55090720394982],[-79.62993511676775,43.55106889968566],[-79.62921646454045,43.55135635914722],[-79.62876730869503,43.55203009217756],[-79.6287982879959,43.552092050263724],[-79.62786899700419,43.55292840397274],[-79.62674610918722,43.55247924812127],[-79.6260723754191,43.55315298096872],[-79.62517406462653,43.55315298096872],[-79.6249290715907,43.55331631064704],[-79.6245003308584,43.55337755842986],[-79.6240511759113,43.55405129230224],[-79.62427575203736,43.554725026454754],[-79.62158081876143,43.555398758934096],[-79.62113166291601,43.55652164810584],[-79.61843673053836,43.557644537185084],[-79.61708926390041,43.55921658007174],[-79.61574179816076,43.55899200419064]]],[[[-79.55689368671757,43.56296009076648],[-79.55690241295224,43.56294559379135],[-79.55690241474888,43.563329011604644],[-79.55652589937226,43.56354654910204],[-79.55644229766034,43.5636051105217],[-79.5562137869133,43.563800650286545],[-79.55614005858469,43.56385130532019],[-79.556049411386,43.563858992097394],[-79.55597983596891,43.56382578057821],[-79.55595133422159,43.56377800782423],[-79.55594908933169,43.56373536238161],[-79.5560397203607,43.56361567768639],[-79.55627155397598,43.56341382590321],[-79.55656626157628,43.56323852171086],[-79.55689368671757,43.56296009076648]]],[[[-79.5626542637327,43.56398346776052],[-79.5622594119445,43.56364215026802],[-79.56211936279509,43.56353123795605],[-79.56208102808864,43.56353785074167],[-79.56201002345195,43.56356305860343],[-79.56192041470574,43.56356369260777],[-79.56183935881934,43.56355878655968],[-79.56177067722597,43.563546069367575],[-79.56160986890865,43.563481863682334],[-79.56144446301371,43.563401486871044],[-79.56135717281923,43.56336675647861],[-79.56126195409406,43.563322424833345],[-79.56103997320085,43.563256183446015],[-79.5608380103654,43.56317855847691],[-79.56070605593499,43.563150544933336],[-79.56056688174465,43.56306514767824],[-79.56053441663029,43.563031849147194],[-79.56050983872412,43.562994910571454],[-79.56050339780353,43.56292635019226],[-79.56053133900213,43.56288383758861],[-79.56068637833869,43.562775871974246],[-79.56083600263074,43.562685413796515],[-79.56093684211463,43.562638014427876],[-79.56101056146012,43.562596540519316],[-79.56107765213712,43.562549948245604],[-79.5612861538095,43.56242163948482],[-79.56166693348877,43.56215839518829],[-79.56187484137475,43.56198125753479],[-79.56204617704888,43.56184117453491],[-79.56209729208686,43.561809204561996],[-79.5621570848505,43.56180323602471],[-79.56228006690783,43.5618392614014],[-79.56236577157583,43.56190913402367],[-79.56243282272695,43.562029482818495],[-79.56247885330043,43.562226093942044],[-79.56251492335403,43.56233359511832],[-79.56270402590786,43.5626458439154],[-79.5628361644929,43.562812616705216],[-79.56344917304617,43.56349238465265],[-79.56355465053186,43.56360344089125],[-79.56367999695503,43.56370293320856],[-79.56379576374403,43.56381912811776],[-79.56421071264174,43.563811778515024],[-79.56450467194543,43.56390651092643],[-79.56496658386787,43.56390184054106],[-79.56539297460739,43.563794935156714],[-79.56521179429605,43.56415729284302],[-79.56408890468246,43.56393271585031],[-79.5638268966568,43.56415729349396],[-79.56363974793874,43.56415729284302],[-79.56339022290226,43.56453158488555],[-79.56338079957493,43.56453966342858],[-79.56337178408275,43.56453201774604],[-79.56314278734713,43.5643818188777],[-79.5630300442874,43.56428861817909],[-79.5626542637327,43.56398346776052]]],[[[-79.55633218576608,43.56786114748298],[-79.55646025408454,43.56785463996401],[-79.55657206828629,43.56791571155078],[-79.55592102416558,43.568241234059336],[-79.55593654795202,43.56819994625427],[-79.55633218576608,43.56786114748298]]],[[[-79.54635968775976,43.58611354612314],[-79.54535573598812,43.58551700447423],[-79.5452893019796,43.585477296029175],[-79.5449997920315,43.58504302805868],[-79.54459624814463,43.584908513356645],[-79.54471516802026,43.58355997846349],[-79.54484882206317,43.5820353953676],[-79.54485431526113,43.58196720675351],[-79.54480965821173,43.58183345889784],[-79.54442926031648,43.58143238534209],[-79.54384007238961,43.5807960408709],[-79.5437697953883,43.58061940118246],[-79.54355686052999,43.58041589361676],[-79.5435235249481,43.58036994570011],[-79.54345086471635,43.58025203936439],[-79.54327966828106,43.57989058022924],[-79.54322357208484,43.57970325575729],[-79.54321996265404,43.57961614380302],[-79.54324225794106,43.579521305296836],[-79.54327618012282,43.579461180615624],[-79.54333088393037,43.5794302273662],[-79.54340917659897,43.57939913809253],[-79.54356602154925,43.57934717054035],[-79.54365200649163,43.579250362413944],[-79.54399610705951,43.577973396455164],[-79.54405809171244,43.57766096615012],[-79.5434411691995,43.57727138621548],[-79.54337276428723,43.57723839359515],[-79.54322029413238,43.57717974325718],[-79.54318869948551,43.577183457916945],[-79.54313980508292,43.577160812675864],[-79.54309672098357,43.57712370249777],[-79.54299275985407,43.57699012805411],[-79.5429890246591,43.57693585855222],[-79.54301259645216,43.576860410515735],[-79.54305375636017,43.57679323582154],[-79.54310717737349,43.576734074833645],[-79.5431735871275,43.57668691104095],[-79.54329237584909,43.57662179524445],[-79.5433260366211,43.57656181669841],[-79.54336995345872,43.5765000809632],[-79.54340105852373,43.576359400459886],[-79.5434132046447,43.57627467402362],[-79.5434040831513,43.57618927259683],[-79.54336508548819,43.576104405349916],[-79.54325318235324,43.57598052287782],[-79.5431858590126,43.57592720327735],[-79.54292832549535,43.5756246297576],[-79.5428819553587,43.57554965646299],[-79.54285915971006,43.57549367926648],[-79.54285206481595,43.575454387230195],[-79.54274175708895,43.57532246667476],[-79.54264391348651,43.575170349462546],[-79.542616847247,43.57510096991211],[-79.542611986463,43.57504936375157],[-79.54263869607135,43.57498835536733],[-79.54274492904021,43.57485914114572],[-79.5428112732172,43.57479547597425],[-79.54294328963135,43.57473079091964],[-79.54302914791127,43.574695691542864],[-79.54311757088132,43.574668090761456],[-79.54321328098494,43.574648614663666],[-79.54333794738343,43.57464486340223],[-79.54347695358884,43.57464984469209],[-79.54360439398494,43.574663237682394],[-79.54369256991828,43.57466517774262],[-79.54377054278662,43.57464828925933],[-79.5438453904161,43.57462009101352],[-79.54391586235182,43.574578589559984],[-79.54398063447707,43.57453036000478],[-79.54475552932597,43.57392923637483],[-79.5448773049459,43.57390298178196],[-79.5450293897235,43.573908455801394],[-79.54517644842707,43.57391866451116],[-79.5453019574453,43.57393468891491],[-79.54542918404239,43.57396180061875],[-79.54554979814064,43.57399393725918],[-79.54563730572741,43.5740280191697],[-79.54575697479798,43.5740077736008],[-79.54585157548223,43.57391719626896],[-79.54589896700337,43.57376598404921],[-79.54588373606771,43.57372624507486],[-79.54587098987214,43.57364783439151],[-79.54586262296361,43.57355648920089],[-79.5458458954347,43.57346082827436],[-79.54577427275709,43.573294652482325],[-79.54579148807119,43.57313767173913],[-79.54587990205809,43.572558708033206],[-79.54593573774288,43.57237031941824],[-79.54600019276283,43.57219503413156],[-79.54599586198486,43.572123555461495],[-79.54596751474774,43.571975084621926],[-79.54593291433794,43.57189438786645],[-79.54589053990767,43.57183521100143],[-79.54578277531125,43.57175125074686],[-79.54432978447517,43.57071725495881],[-79.54425323274161,43.570679916266],[-79.54421219949604,43.57064152642403],[-79.54421392695635,43.57061281863729],[-79.54422457558573,43.57058928511498],[-79.54414899582929,43.57056070877566],[-79.54409025589118,43.57052910920963],[-79.54221168100273,43.5693491333208],[-79.54216521923792,43.569391019134365],[-79.54216006650145,43.56941136323421],[-79.54213526311814,43.56942719618118],[-79.54210292017464,43.56942739274243],[-79.5420238783111,43.56940143037817],[-79.5419256717893,43.56935333010437],[-79.54091416249118,43.56871616219505],[-79.5408875157649,43.568680646659196],[-79.54087226416802,43.568641721175695],[-79.54086878858618,43.56860955108818],[-79.540930280064,43.56860966694375],[-79.54102076376931,43.56862668989874],[-79.54190072557387,43.56918099618362],[-79.54192168776102,43.56916697518827],[-79.54189281231452,43.56912532418232],[-79.54187871774772,43.56906246978995],[-79.54194835694517,43.56905990146055],[-79.54203353879367,43.56907187224367],[-79.54421600026802,43.5704449889767],[-79.54428674169833,43.570505608197266],[-79.54440971207757,43.570526676320306],[-79.54449084521909,43.57056680140906],[-79.54455956094844,43.57059739538822],[-79.54497769078057,43.57091462785871],[-79.54520891623639,43.57110232787505],[-79.54571060645796,43.57147978867413],[-79.54618923962111,43.57180991483296],[-79.54629383136798,43.57186677538769],[-79.54640355608834,43.57190628519229],[-79.54668336512967,43.5719638108122],[-79.54689166827438,43.57198629464751],[-79.54708437037756,43.57199414504845],[-79.54734726773535,43.57199777737176],[-79.54765288537477,43.572007691576154],[-79.54788327809236,43.57200562061204],[-79.54796273767248,43.57201938321509],[-79.5481221769573,43.572009191105145],[-79.54828530202974,43.57198282568371],[-79.54840539151188,43.57195196491395],[-79.54846654252822,43.571931761602436],[-79.54852003900002,43.57188266301049],[-79.54861631504227,43.57182247082478],[-79.54879971419236,43.57168594542536],[-79.5489530646962,43.57158978623702],[-79.54910667660978,43.57148280012435],[-79.54920724929406,43.57142647029537],[-79.54938960819503,43.571295335597924],[-79.54945256662172,43.57122858165054],[-79.54946129105979,43.57120183384078],[-79.5494681928161,43.571126008939096],[-79.54948655168556,43.571107119410584],[-79.54949099295632,43.57109223714209],[-79.54957194553648,43.57104612265292],[-79.54990863769822,43.57082104350346],[-79.54996311872355,43.57085830205425],[-79.55005968132839,43.57080647487398],[-79.55023824035574,43.570685117871605],[-79.55016399369919,43.57062622619334],[-79.55054132654271,43.57036840682871],[-79.55057041488992,43.57038403320313],[-79.55061487700492,43.57039096350444],[-79.55065028949174,43.57038558874602],[-79.55070021066871,43.570364352002265],[-79.55088067142948,43.570250380676754],[-79.5509292074043,43.57022809860981],[-79.55100048602715,43.5702059245768],[-79.5511677083156,43.57017117467652],[-79.55131713138502,43.570158037124905],[-79.55137809734839,43.57016129791954],[-79.55142374254461,43.57017704150194],[-79.55143528769266,43.57018775525832],[-79.55153276388414,43.57011946861532],[-79.55151638579987,43.57010508465977],[-79.55192713597197,43.569811902449544],[-79.55194501514107,43.56982319293356],[-79.55202356023625,43.5697688850806],[-79.55198701946541,43.56974330817368],[-79.55193790497559,43.569722084220665],[-79.55188659949475,43.56971882014795],[-79.5518223088665,43.569730193308914],[-79.55170037963468,43.56978399352499],[-79.5515787890677,43.5698172876729],[-79.55143005051454,43.56984432312703],[-79.55106918918007,43.56989937093985],[-79.55097924715889,43.5699191928784],[-79.55086576837894,43.56995134990012],[-79.55073814562483,43.569994844218364],[-79.5503869375864,43.57013418906075],[-79.55033159148344,43.570147357858694],[-79.55024149854528,43.570161752217835],[-79.5501611083105,43.57019781620346],[-79.55006865909135,43.570261902132536],[-79.54944892574987,43.57071772226995],[-79.54933743494165,43.57080893638944],[-79.5492276356611,43.57088474086311],[-79.54891930510951,43.571116555389146],[-79.54886286126526,43.57114574911814],[-79.54815434113605,43.57165446425195],[-79.54806831127793,43.57169842919973],[-79.54793973361467,43.57173993719397],[-79.54784314945029,43.571750489264],[-79.54770459958905,43.571753478572134],[-79.54723533675262,43.57174127011456],[-79.54704700944488,43.571723558799924],[-79.54693406426422,43.571678439278976],[-79.5468789921474,43.57164764538992],[-79.54675325675372,43.57154312997729],[-79.54662426676376,43.57145139564429],[-79.54505092952738,43.570298378049856],[-79.54499173594003,43.57026614766671],[-79.54496298715601,43.57021480161079],[-79.54501294965549,43.570157084269916],[-79.54194570961003,43.56785129117545],[-79.54206383627326,43.56776786820358],[-79.54511269049979,43.570058419439604],[-79.54520692646804,43.57001188044988],[-79.54523149628939,43.570008756327525],[-79.54676700996072,43.57117490117884],[-79.54683195186755,43.57120620231859],[-79.54692852974375,43.5712408949982],[-79.54734375981417,43.57134493777145],[-79.54745572942443,43.571368947416374],[-79.54767801125328,43.571407929062445],[-79.54782476722461,43.57140600581927],[-79.54792311208699,43.571395573444114],[-79.54802902076403,43.57135335969731],[-79.54825364719578,43.57122010373443],[-79.54857803872633,43.57099144687174],[-79.54864065938648,43.570957905399624],[-79.54868799072048,43.57091946171441],[-79.54900141471974,43.570711701896315],[-79.54905314151044,43.57066892923941],[-79.54910906343349,43.57063927122182],[-79.54941687745381,43.570404507789334],[-79.54970194253785,43.57017780365551],[-79.55027071624988,43.56976303513781],[-79.5504810289259,43.569704018243236],[-79.55104660822877,43.569525163017545],[-79.55137776048016,43.569333054976745],[-79.55151727064043,43.56924322301645],[-79.5518937249316,43.56898509247371],[-79.5521387682731,43.56880287921786],[-79.55226735491952,43.568718584092665],[-79.55240369043355,43.568635860058585],[-79.5525193090005,43.568559006799155],[-79.55256503504509,43.568516535921226],[-79.55276517070726,43.568381761696],[-79.55293407733686,43.568275908920455],[-79.55304101997481,43.56816421887851],[-79.5530896143401,43.56807147183711],[-79.55311691144665,43.56803681182858],[-79.55314208942742,43.56799103606154],[-79.5531652444022,43.56793523408589],[-79.5531989051742,43.567872824956595],[-79.55319724508755,43.56784974402856],[-79.55322444697268,43.56777030120438],[-79.55333820512867,43.56746811042868],[-79.55338243278337,43.56732529344066],[-79.55371479057386,43.56644864399148],[-79.55379655702768,43.56625387242145],[-79.55381750035022,43.5661805205696],[-79.55388124749771,43.56601364254451],[-79.55392529548936,43.56592321982096],[-79.55393342524268,43.56588046654514],[-79.55398158482336,43.56575932678322],[-79.55401174665735,43.565665843119085],[-79.55413292220265,43.565359462298744],[-79.55420438048856,43.565222784256235],[-79.55426835670646,43.56507190755788],[-79.55439776620966,43.56472240250269],[-79.55442052143414,43.56468556390282],[-79.55461373288206,43.564222875809],[-79.55465311053256,43.564149475919436],[-79.55470566736655,43.564078608681605],[-79.55494157394332,43.5638029376402],[-79.55530694302388,43.56335855605427],[-79.55548578591886,43.56309578712747],[-79.55557495538892,43.56300674391081],[-79.55561075325298,43.562997861908975],[-79.55568008432829,43.563007252290625],[-79.55573450336988,43.563061822708],[-79.55574184619903,43.563102171483266],[-79.55572351248239,43.56314332153003],[-79.55544465385863,43.56355621734468],[-79.55527994415802,43.563744625717675],[-79.55492800578926,43.564124322329604],[-79.55483897376146,43.56425205920995],[-79.55480903201472,43.56432026593253],[-79.55479148612059,43.56438124997395],[-79.55474381791836,43.56449376328215],[-79.55471815754228,43.56457660756631],[-79.55464986312279,43.564745194971586],[-79.55465365221667,43.564790873615266],[-79.55468931174018,43.56486411520199],[-79.55468057652236,43.56490252825373],[-79.55464357311917,43.56493190009043],[-79.55455399940725,43.5649747106689],[-79.55453252877365,43.565002233226764],[-79.55451486609853,43.56505731996322],[-79.55444567426208,43.56521856245027],[-79.55441176016517,43.56532357571805],[-79.55427339266195,43.56569590975064],[-79.55420069739588,43.5658673091815],[-79.55401362952618,43.56639681366767],[-79.55384918842185,43.56683480385249],[-79.55355002877099,43.56767509581833],[-79.5534735992083,43.56791062165762],[-79.55342573068175,43.56809980137246],[-79.55341315247115,43.568179652513805],[-79.55341010538571,43.56825136041739],[-79.5534203551631,43.568316185210435],[-79.55345150155061,43.56840572630996],[-79.55369591427481,43.568583387251266],[-79.55373616508774,43.56861828256167],[-79.55385786435087,43.56871256482097],[-79.55417475405048,43.568953523973704],[-79.55428235695018,43.569029296286544],[-79.55462629222805,43.569287973367786],[-79.55465740897117,43.56935721512286],[-79.5547069798052,43.56945895318369],[-79.55470684954948,43.56947763104726],[-79.55471403786837,43.56954427954284],[-79.55471787097969,43.569618665425075],[-79.55420748147293,43.570894627264224],[-79.55438919179028,43.571050378545436],[-79.55438073055862,43.571059185814214],[-79.55430972771855,43.57109619819756],[-79.5542367027708,43.571119812877626],[-79.55413460834045,43.57114582136213],[-79.5540655045389,43.57117157795789],[-79.55401905804545,43.57119587404424],[-79.5542663130392,43.57138161739783],[-79.55430531160063,43.57136050857071],[-79.55431741729738,43.57134317203053],[-79.55438731610796,43.57130279948715],[-79.55453534499206,43.57120269556081],[-79.55455065677607,43.571188777218914],[-79.5547314948293,43.571343781871775],[-79.55533037108651,43.572242092752965],[-79.5573515705943,43.5735895599845],[-79.55600410665126,43.57493702830586],[-79.55443206119227,43.57448787055924],[-79.55420748237124,43.57471244920046],[-79.55353374860309,43.57516160592285],[-79.55263543691224,43.57516160527204],[-79.55218628106681,43.57583533895513],[-79.55263543691224,43.57673364921947],[-79.55279264118865,43.576845937711084],[-79.55286001483495,43.57695822794558],[-79.55420748237124,43.57785653772794],[-79.5503896576851,43.58055147191328],[-79.54949134779085,43.579877738287074],[-79.54904219284374,43.57830569377587],[-79.54747014828305,43.57718280518331],[-79.54679641541324,43.575610759945945],[-79.54612267984847,43.575386182702374],[-79.54522436995423,43.57628449381005],[-79.54589810282407,43.57830569377587],[-79.54747014828305,43.57965316068861],[-79.54791930412848,43.581000626729384],[-79.5499405036363,43.582348093848324],[-79.5485930361,43.58347098306859],[-79.54926676986814,43.58459387216726],[-79.54881761492103,43.5850430287094],[-79.54791930412848,43.58594133954813],[-79.54702099243762,43.585716760492446],[-79.54635968775976,43.58611354612314]]],[[[-79.54907227832093,43.595305149421414],[-79.54895838811257,43.595219506296964],[-79.54883196101612,43.59509827266391],[-79.54877957755696,43.59501261493201],[-79.54868462563142,43.59483318233587],[-79.54860348350675,43.59469331301996],[-79.54857695266315,43.594468825822744],[-79.54857858220707,43.59419872702594],[-79.54858997194657,43.594130669297485],[-79.548671141919,43.5938797395898],[-79.54871270337395,43.59360433442707],[-79.54881155847939,43.593343437183954],[-79.54895688882435,43.59309502205184],[-79.54912269177467,43.59285037814249],[-79.54932444979423,43.59261554645776],[-79.54951731718741,43.5923855726645],[-79.54953221484807,43.592345298809676],[-79.54957488482407,43.59207669276435],[-79.54957677398112,43.59180625922075],[-79.54957494770616,43.5915356500942],[-79.54960335423205,43.5912691283039],[-79.54955642893655,43.590991353303785],[-79.5495118913631,43.59080296965672],[-79.54943746684012,43.5905613991468],[-79.54936625020103,43.59058282525999],[-79.54935424331894,43.59055587719295],[-79.5493380853219,43.590508309771636],[-79.54933025470758,43.59047316819183],[-79.54949134779085,43.590432895009144],[-79.55106339324986,43.58818711720664],[-79.55173712611969,43.58863627231348],[-79.55198212005386,43.58855460823451],[-79.55218628196512,43.588636271662814],[-79.55245577655035,43.588456609892134],[-79.55308459185933,43.589085427321905],[-79.5539829035502,43.58841169550435],[-79.55420748147293,43.588580128352426],[-79.55443206029395,43.58886085023664],[-79.55458177801079,43.58886085023664],[-79.55488121524108,43.58908542862323],[-79.55577952513529,43.58886085023664],[-79.55712699177327,43.58998373899516],[-79.55533037198482,43.59020831709585],[-79.5531744251844,43.591106628926354],[-79.5519617040424,43.59110662827568],[-79.55106339324986,43.59222951612522],[-79.55128797027426,43.593127827715904],[-79.54949134689254,43.593127827715904],[-79.54904219284374,43.59425071689013],[-79.54949134779085,43.594924450356864],[-79.5503330476525,43.5952851803495],[-79.55030058433478,43.5952830711509],[-79.54998663841434,43.595313049479586],[-79.5498273689111,43.59532304507168],[-79.54940252596883,43.59539099605698],[-79.54923169784283,43.595382820161205],[-79.54907227832093,43.595305149421414]],[[-79.786517913507,43.604000346566266],[-79.78743539075447,43.60341135819891],[-79.78338756860948,43.60600987282268],[-79.7864797449889,43.60402484927122],[-79.786517913507,43.604000346566266]]],[[[-79.55370934229167,43.59745723056251],[-79.5537815542641,43.597192247560514],[-79.55384680519141,43.596917048174014],[-79.55388506893094,43.59670355610452],[-79.55391175608139,43.59642273352968],[-79.55390837841591,43.59626242684343],[-79.55386886781478,43.59608463872909],[-79.55378217410166,43.59586191914171],[-79.55350391285756,43.59565916508213],[-79.55333741011964,43.59557465122217],[-79.55465663731836,43.59447529468304],[-79.55423112243625,43.59298599089388],[-79.55538027968704,43.5923293287526],[-79.55577952603362,43.59222951677583],[-79.55690241385055,43.592229517426425],[-79.55931251740103,43.59135311664739],[-79.55959734802481,43.59178036050659],[-79.56091509210498,43.592533358177],[-79.56027108269127,43.59425071689013],[-79.56134905474401,43.595328691500505],[-79.56131911209896,43.59544846475924],[-79.5607202385367,43.596047339837895],[-79.56027108179295,43.59582276205656],[-79.55959734802481,43.59627191678109],[-79.55937277100043,43.59717022918379],[-79.56004650387023,43.598068539235186],[-79.558923615155,43.5973948058396],[-79.55802530436243,43.59761938425949],[-79.55757614941534,43.59829311774271],[-79.55780072823637,43.59874227289367],[-79.5571269935699,43.59896685083822],[-79.55667783772446,43.599865162040416],[-79.55757614941534,43.60188636199665],[-79.5573515705943,43.60278467384364],[-79.5580033675032,43.60343647196092],[-79.55793111510658,43.60339689958336],[-79.557769739054,43.60330852872519],[-79.55752084463487,43.60325177722481],[-79.55710572685388,43.60304103518597],[-79.55668323659933,43.60282654875801],[-79.55613116256842,43.60217046106706],[-79.55613713816169,43.60204835283838],[-79.55614095510333,43.60201348015399],[-79.5561498933404,43.601978491007515],[-79.55615740145954,43.60194263730803],[-79.55615827641863,43.60190624626261],[-79.55616371841265,43.60185331261083],[-79.55616458888014,43.60181692151136],[-79.5561678416798,43.6017784715086],[-79.55616659751311,43.60173552511561],[-79.55617071988198,43.60166067996379],[-79.55618024292228,43.60159792588646],[-79.55618469048126,43.60155843946888],[-79.55617726231218,43.6015187559184],[-79.55617807708413,43.601438383686876],[-79.55616836270265,43.60137971984592],[-79.55615470741202,43.60129931034899],[-79.55615003078265,43.601227894203234],[-79.5561258831695,43.601158675436544],[-79.556095050294,43.6010994382123],[-79.55607712620915,43.60107093490013],[-79.55606943393536,43.60103987111433],[-79.55605517946843,43.600987233339225],[-79.55604518840585,43.60093718785834],[-79.55602507512663,43.600868667421295],[-79.5560197597951,43.60083553746176],[-79.55601824254057,43.60080121181723],[-79.55600879765369,43.600733922021895],[-79.55600234236003,43.60069130795321],[-79.55599376883897,43.600642130680626],[-79.55598671436907,43.600572781784855],[-79.55597433558445,43.60052480268976],[-79.55596553568792,43.600473727686534],[-79.55594803111627,43.60040503888481],[-79.55594367518546,43.60036898193263],[-79.55594482053746,43.60032396454348],[-79.55595691006455,43.600271565537675],[-79.55595241758982,43.60021257073912],[-79.55594719029318,43.60015840023517],[-79.55594352426851,43.60012803920469],[-79.55593898867463,43.60007956144608],[-79.5559265676692,43.60004210499983],[-79.55592203027871,43.59999362782255],[-79.55590842439541,43.59995720177039],[-79.55589499907349,43.59993319311667],[-79.55587566822689,43.59990382273841],[-79.55586471506864,43.599883957977276],[-79.5558586658135,43.59985565575552],[-79.55584840076476,43.59981423675114],[-79.5558382767515,43.59979576215768],[-79.55582443910286,43.5997574390191],[-79.55581266039286,43.59973619246797],[-79.55579662366841,43.599712352215334],[-79.55577298540003,43.5996909085353],[-79.55572758274894,43.599652673152555],[-79.55567979507076,43.59961650320629],[-79.55563883009717,43.59959328872478],[-79.55558270874813,43.59956434298284],[-79.55554551041051,43.59955045071316],[-79.5554794060837,43.59952596700311],[-79.5554241929314,43.59950460782683],[-79.55533888981033,43.59947369741042],[-79.55525023507495,43.59944777337221],[-79.55516539099298,43.59942065492972],[-79.55509969090805,43.59940976877705],[-79.55474237881728,43.599281727853594],[-79.55446981379039,43.59919550815252],[-79.55440273928308,43.59917198384986],[-79.55419528684294,43.599051698217195],[-79.55407485510268,43.598960251050485],[-79.55387548929674,43.598730362004574],[-79.55372966128509,43.59848170108278],[-79.55366311947874,43.59827874897457],[-79.55360155254242,43.59799165067804],[-79.55362979467664,43.5977213211313],[-79.55370934229167,43.59745723056251]],[[-79.77531977838156,43.610253836688614],[-79.77581166888169,43.61010581696653],[-79.7651833261578,43.613304022445426],[-79.77531977838156,43.610253836688614]]],[[[-79.56564490712881,43.62209058536272],[-79.56563574071964,43.622070535440685],[-79.56562293164201,43.62204774971583],[-79.56561597329184,43.62202826423683],[-79.56560532556077,43.622008192183905],[-79.56559751830262,43.62199354750165],[-79.56559146904752,43.62197982493695],[-79.56558277874545,43.621958337170895],[-79.56557428697106,43.62194099309219],[-79.56556718039886,43.62192797088586],[-79.56556002172435,43.62191710376316],[-79.56555301306852,43.62189977527968],[-79.56554311183744,43.621879175792174],[-79.5655332411491,43.621857500053956],[-79.5655270930793,43.621838737645156],[-79.5655236722947,43.62182289832305],[-79.56552338213886,43.621804037058055],[-79.56552678136391,43.62178575845509],[-79.56552791234283,43.6217690685276],[-79.56553060459375,43.62175406872367],[-79.56553642837173,43.62174013540723],[-79.56554245247402,43.62172532873504],[-79.56554798340125,43.621712727226075],[-79.56555173386755,43.62170137168915],[-79.56555650212509,43.62168432407316],[-79.56555984385793,43.62167200543619],[-79.56556110149933,43.6216643501008],[-79.56556346137359,43.6216482987347],[-79.5655656083471,43.621631217938344],[-79.56556691180259,43.621612866449176],[-79.56556866441572,43.62159419955828],[-79.5655721373026,43.62157618816536],[-79.56557835274604,43.62155313953133],[-79.5655848502605,43.62153675127931],[-79.56558940292234,43.62152857113311],[-79.56559840583813,43.62151501624014],[-79.56560841576534,43.62150602646489],[-79.5656195737395,43.62149838671561],[-79.56564015863422,43.62148712022961],[-79.56565723830272,43.62147707370882],[-79.56567866491886,43.62146604067746],[-79.56575296188107,43.621433308992344],[-79.5658020628962,43.62141825382887],[-79.56584882739325,43.62140557942154],[-79.56590425703955,43.62139736088957],[-79.5659553936371,43.62138826054519],[-79.56601210428097,43.62137866076638],[-79.56605906461078,43.62136344626477],[-79.56611078870652,43.62133855523827],[-79.56613319448634,43.62132219293993],[-79.56614561818671,43.62131535109043],[-79.56615946122524,43.62130818148687],[-79.56617265927339,43.62130273909067],[-79.5661852788065,43.62129847114353],[-79.56621967799369,43.62128671103903],[-79.56626576156775,43.62127261633873],[-79.56630778565507,43.621260592205445],[-79.56634259267737,43.62125042469007],[-79.56637671069186,43.62123776455406],[-79.56638395201138,43.62123386142349],[-79.56639144396085,43.621228214174415],[-79.56640339065582,43.621218657940474],[-79.56642262628098,43.621200487760525],[-79.56643686188329,43.621186212905386],[-79.56647246391464,43.62114922806724],[-79.56647961719925,43.62114179767118],[-79.56649190345739,43.62112967661606],[-79.56650162682202,43.62112103989951],[-79.56650488590988,43.62111824228196],[-79.56650984371191,43.62111530484847],[-79.56652182544119,43.621109307073155],[-79.56654083828418,43.62110080431679],[-79.56655521222703,43.62109572282188],[-79.56658073516088,43.621088788603124],[-79.56659896736788,43.621083640125605],[-79.56660845627225,43.621079934027925],[-79.56661619076684,43.62107635018766],[-79.56662235859956,43.621072595316534],[-79.5666283961766,43.62106783767203],[-79.5666397931026,43.62105743861481],[-79.56664841603103,43.62104838113923],[-79.56665883469168,43.621034759806705],[-79.56666472404669,43.62102537977527],[-79.56666692402082,43.621021870066784],[-79.56667459114176,43.6210086441152],[-79.56668035922421,43.62099621933966],[-79.56668489481807,43.620982471185286],[-79.56669136628139,43.62095484545583],[-79.56670267068093,43.620914593975925],[-79.56671358700825,43.6208766478142],[-79.56672385115868,43.62083878356744],[-79.56673376227121,43.620802278444074],[-79.56674567123693,43.62076345169154],[-79.56675397077186,43.62073566523476],[-79.56676735207631,43.620693750763316],[-79.56677774917742,43.62066429817712],[-79.566790179166,43.620630645864665],[-79.56679781304929,43.62060442464711],[-79.56680162639768,43.62058101861916],[-79.56680482080681,43.62056155152382],[-79.5668084401191,43.62054108229063],[-79.56681089251984,43.62052591114805],[-79.56681263884474,43.62051354350026],[-79.5668150939404,43.62049556625019],[-79.5668176442575,43.62047634754683],[-79.56681967804332,43.62046396233036],[-79.5668205530024,43.6204532185026],[-79.5668234743237,43.620433762421186],[-79.56682726701082,43.62040830003416],[-79.56682900525091,43.62038876915208],[-79.5668283413959,43.620362869084374],[-79.56682781318652,43.620331326874734],[-79.5668259375042,43.620248746595266],[-79.56682481910168,43.62021487749497],[-79.56682487389891,43.62018566203966],[-79.56682429448554,43.62015597769184],[-79.56682343839108,43.62013657288926],[-79.56682314643862,43.62012569958989],[-79.5668225283977,43.62011706598067],[-79.56682079375089,43.62010346979951],[-79.56681765683392,43.620088833107445],[-79.5668110434368,43.62007567653454],[-79.56680274749515,43.62006178184822],[-79.56679923418406,43.620051893766764],[-79.5667980133736,43.6200413117945],[-79.56679756152101,43.620032395284845],[-79.56679352449214,43.61999698805966],[-79.56679156077492,43.61996276244291],[-79.5667908663772,43.619933584583556],[-79.56678937697045,43.619899440870924],[-79.56678971653365,43.61986516057176],[-79.56679474440428,43.619828005187344],[-79.5667971491943,43.6197847835889],[-79.56679932042233,43.6197516113714],[-79.56680289481885,43.61971745584968],[-79.56680520887902,43.6196782518602],[-79.56680882998793,43.61964208289914],[-79.5668101388333,43.61962037448857],[-79.56681152673042,43.61958679312737],[-79.56681510561852,43.61955263621134],[-79.5668191606137,43.61949836411403],[-79.56682054132429,43.61948534007802],[-79.56682132735017,43.61946519564043],[-79.56682082339529,43.619427970424184],[-79.56682012989589,43.61939878775306],[-79.56682229573404,43.619365619224574],[-79.56682141538506,43.619344484951554],[-79.56682217446148,43.61933233166818],[-79.5668285408219,43.61930498547098],[-79.5668341894284,43.619271068365215],[-79.56684135708606,43.619240684464806],[-79.56684135169616,43.61921527489929],[-79.56684115676174,43.61918090966749],[-79.56684024137846,43.619151599412255],[-79.56683772879062,43.61912109449043],[-79.56683517038871,43.61909293398625],[-79.56683312761974,43.61907129821422],[-79.56682818958063,43.61904713460691],[-79.56682245563417,43.619016589311656],[-79.56681528348494,43.618997111954876],[-79.56680431685194,43.61896479838819],[-79.56679065886637,43.618928290176015],[-79.56678022223939,43.618899552088266],[-79.56676947120208,43.61886942683168],[-79.56675408216294,43.61881795444366],[-79.56674555355764,43.6187894276609],[-79.56672905689577,43.61875598500659],[-79.56670998476396,43.61872451284012],[-79.5666816105774,43.61869603218665],[-79.5666594814787,43.61867700150455],[-79.56663597795759,43.61864740420682],[-79.56662524578489,43.61863213568679],[-79.56662504186734,43.61863176564719],[-79.56660647728367,43.61859897453937],[-79.56660092839016,43.618586157764994],[-79.56700841588112,43.61828054113948],[-79.56739555832756,43.61721590929238],[-79.56744406914953,43.61720384857859],[-79.56744613886794,43.61720333415283],[-79.56745839817663,43.61719752003593],[-79.56750916376996,43.617173416158046],[-79.56757288306969,43.61710959803313],[-79.56759873927852,43.6170381063566],[-79.56760051614614,43.61702757848332],[-79.56761082970392,43.616966271859944],[-79.5676235408652,43.61691370265042],[-79.56767056856863,43.616860315251735],[-79.56773444776849,43.61679983635715],[-79.56776083039007,43.616765407961296],[-79.56778733069095,43.61673081825793],[-79.56781902235586,43.61667317477815],[-79.56782022969159,43.61667096422367],[-79.56783497553698,43.61657463820924],[-79.56782118370242,43.6164949006803],[-79.5678248371507,43.61643686285809],[-79.56782688441122,43.616404281919344],[-79.56783627899247,43.61625477955816],[-79.56784560620004,43.61620956919362],[-79.56785955074821,43.61609684620163],[-79.56786165370431,43.616079836018216],[-79.56790672577537,43.61603476274836],[-79.56788612920252,43.61597297319458],[-79.56790756659848,43.61589492516067],[-79.5679151798205,43.61587868755132],[-79.5679231559619,43.61586112774928],[-79.56792680491859,43.61584921634732],[-79.56793161539693,43.61583201033442],[-79.56793624441558,43.615818486025056],[-79.56793951518154,43.615801812000925],[-79.56794721643848,43.61577996627776],[-79.5679521724439,43.61576398748228],[-79.56795505423933,43.615750350644575],[-79.56795985573451,43.615732068250104],[-79.5679643742604,43.61571754170627],[-79.56796780492645,43.61569978089447],[-79.56797258755705,43.61567998898727],[-79.56797590773033,43.61566122595141],[-79.56798210251253,43.61564249933022],[-79.56798673153119,43.61562897888043],[-79.56799169292651,43.61561272233861],[-79.56799756072193,43.61559672463804],[-79.56800521796143,43.61557696846707],[-79.56801135794639,43.61556032949578],[-79.56801903674545,43.61554154951307],[-79.56802370798492,43.61552769084987],[-79.56802699581887,43.61551343350852],[-79.56802981563054,43.615499894819415],[-79.56803235337122,43.61548695641615],[-79.56803827416725,43.61544635267875],[-79.56804509597352,43.6154208309472],[-79.56804981212875,43.615396791393934],[-79.56805779455838,43.61536601011168],[-79.56806574195367,43.61533674222194],[-79.56807380074011,43.61530295165085],[-79.56808131065587,43.61527269777025],[-79.56808182000066,43.615270665365536],[-79.56809081483159,43.61524065730848],[-79.56809880444771,43.615209876596694],[-79.5681057331535,43.615179838592276],[-79.5681148717149,43.615143806754986],[-79.56811747413427,43.61512124278307],[-79.56812531373174,43.6150917172271],[-79.56812868600734,43.615052601924006],[-79.56813160283707,43.615029941012494],[-79.56813762783766,43.615007970137434],[-79.56814516290628,43.614981012197084],[-79.56815119689004,43.61495904260493],[-79.568153074369,43.61494841616134],[-79.56815438501098,43.61494104808516],[-79.56816037138402,43.614921084229714],[-79.56817196773603,43.614897180404704],[-79.56817510375468,43.61488118901754],[-79.56818660488528,43.61486129343148],[-79.56819684927278,43.61483637239748],[-79.56820371150323,43.61482023921248],[-79.56820998982876,43.61480547571205],[-79.56822158707907,43.614781572491474],[-79.56823057113021,43.614751628577515],[-79.56823520284384,43.61473064291947],[-79.56824236421329,43.614704627249104],[-79.56824653598946,43.61468234147328],[-79.56824918781616,43.61467071275144],[-79.56825055505203,43.61466470457754],[-79.56825522359657,43.614645728551906],[-79.56826034668863,43.61462723640038],[-79.56826586054784,43.61461443698998],[-79.56827581028793,43.61458786909937],[-79.56828735902924,43.61456597480728],[-79.56829760251843,43.61454105039901],[-79.56831126589388,43.61450836372231],[-79.56832290087344,43.61447748768049],[-79.56832817488247,43.61446349349337],[-79.56834262787709,43.614426821904644],[-79.56834807885423,43.61440682145725],[-79.56834838607804,43.61439365778769],[-79.56834600913582,43.614379152383016],[-79.5683371212044,43.61435304485709],[-79.56832944779524,43.614332545543924],[-79.56832124348175,43.614315661685495],[-79.56831026517065,43.61430137348896],[-79.56828735453765,43.61427439507007],[-79.56826852315434,43.61425411946098],[-79.56824688812905,43.614235811246814],[-79.56823208119823,43.61422059298661],[-79.56820637949961,43.61419923057263],[-79.56818353444363,43.61417389106903],[-79.56816059865781,43.61415255920637],[-79.568133745319,43.61412919814469],[-79.56773596861626,43.61383562546115],[-79.56767388694529,43.613796156181756],[-79.56759829281582,43.61376266847519],[-79.56749258086981,43.61372211105171],[-79.56737646822944,43.61367567540553],[-79.56728374682078,43.613642931024415],[-79.56722885616365,43.613625020010765],[-79.56714126054197,43.61359808096213],[-79.56705227881983,43.613573993852235],[-79.56699073883296,43.61355887038126],[-79.56689783057472,43.6135337764546],[-79.56681890369553,43.613509167707356],[-79.56676553927606,43.61348966580293],[-79.56670629628141,43.613465746450046],[-79.56663020987516,43.61343799304257],[-79.56657373638652,43.61342351927648],[-79.56651219729797,43.61341260573978],[-79.5664326892088,43.61340291493376],[-79.56633524894993,43.613392991286595],[-79.56622972565013,43.61338732053744],[-79.56614210757058,43.613383321940276],[-79.56606543366614,43.61338017860567],[-79.5659787210884,43.61337981113537],[-79.56588299571341,43.61338150214925],[-79.56588046875251,43.61338171287558],[-79.56431348260519,43.61244151872846],[-79.56835588341742,43.61019574080907],[-79.56970335005539,43.61042031892742],[-79.56992792887641,43.61019574080907],[-79.57015250590082,43.61019574080907],[-79.57060166084793,43.60952200792689],[-79.57082623787234,43.60929742905604],[-79.57217370540863,43.60997116315299],[-79.5737457499693,43.60997116315299],[-79.57397032789201,43.60974658595923],[-79.57414999005053,43.61046523380004],[-79.57385803937983,43.61075718518312],[-79.57320412065022,43.61097515883283],[-79.57255869459331,43.610733122952134],[-79.57194912838422,43.60997116315299],[-79.57105081489672,43.61042031762659],[-79.57088238257758,43.61126248720776],[-79.57060165994962,43.61154320669692],[-79.57052680154037,43.61184264553163],[-79.5699279270798,43.61244151872846],[-79.57015250500251,43.61333982969953],[-79.56925419420996,43.61356440713431],[-79.56880503926284,43.61423814026007],[-79.56925419510829,43.6158101841332],[-79.56745757172655,43.6178313861882],[-79.56813130369807,43.61917885203207],[-79.56905367856045,43.61936332747844],[-79.56902961628724,43.619403429771786],[-79.56925419420996,43.61970286848804],[-79.56925419420996,43.62007716316045],[-79.56813130369807,43.620077162510114],[-79.56678383885674,43.62164920785489],[-79.56700841588112,43.62232294078915],[-79.56655926093401,43.622098364850345],[-79.56588552806419,43.62254751914047],[-79.56588552626758,43.622635102194096],[-79.56588369190774,43.62261898020561],[-79.56588442493302,43.62258794380493],[-79.56588154583254,43.622537636019885],[-79.56587924345048,43.62250582312946],[-79.56588054690594,43.622481643994874],[-79.56588478336081,43.62247342430944],[-79.56588797507503,43.62246448540026],[-79.565889402498,43.62245831218073],[-79.56588923451305,43.62245161807677],[-79.56588726899919,43.62244189816372],[-79.56588174615683,43.62243041530729],[-79.56587544447513,43.6224171116305],[-79.56587179731507,43.622410568389775],[-79.56586351035656,43.6223971346501],[-79.56585151874584,43.62237955659262],[-79.56583633092933,43.62235712864597],[-79.56582989899191,43.62234635849446],[-79.56581873652618,43.62233167552731],[-79.56580343911521,43.62231405193013],[-79.56579392326141,43.62230248646205],[-79.56578494639676,43.62229158364085],[-79.56576970108809,43.622271561748505],[-79.56576177704896,43.622261842456595],[-79.5657496192499,43.622246674999765],[-79.56573834539309,43.622233315356944],[-79.56572786744361,43.62222176678095],[-79.56571741734192,43.62220901580829],[-79.56570371354226,43.62219382167598],[-79.56569651713853,43.62218350995303],[-79.56568688001215,43.622171370899714],[-79.5656867596379,43.622171210927185],[-79.5656788607516,43.622160454398575],[-79.56567558459577,43.62215358858357],[-79.56566826602116,43.622137756497686],[-79.56566053062824,43.62211987857817],[-79.56564490712881,43.62209058536272]]],[[[-79.565880991572,43.62287779313312],[-79.56588552626758,43.62286775399791],[-79.56588552716589,43.623670408067525],[-79.56564320392303,43.62379156981732],[-79.56564242777861,43.623790692593126],[-79.56564140459751,43.62378557491006],[-79.56565047668357,43.62374286597448],[-79.56565819770344,43.623707948643194],[-79.56566608940321,43.6236655238243],[-79.56567572922452,43.62362186734665],[-79.56567474826424,43.62359059216084],[-79.56567213147181,43.62355553363035],[-79.56567245306869,43.623526635184284],[-79.56568037890443,43.623498109335024],[-79.56568449947666,43.623468509208344],[-79.56568074811202,43.623446744304374],[-79.56567768755185,43.62343407552692],[-79.56566835495437,43.62341622660529],[-79.5656643781126,43.62340377306461],[-79.5656657130091,43.62339036295701],[-79.56567202367398,43.623377054940626],[-79.56568007257893,43.62336552999451],[-79.56570330750375,43.62332955378441],[-79.56572466944122,43.623299809862225],[-79.56574621463497,43.623262557757364],[-79.56577838150868,43.623212939187226],[-79.5657913424016,43.623174327284715],[-79.56580406973254,43.62314572453473],[-79.5658082226441,43.62311575747397],[-79.56582305832103,43.62307092293075],[-79.56582932227347,43.62302472470507],[-79.56584964306354,43.62296619831777],[-79.5658694886448,43.622927675345984],[-79.565880991572,43.62287779313312]]],[[[-79.74335545591975,43.62805502192939],[-79.74442487241772,43.627039075805065],[-79.74335542807198,43.62805507524831],[-79.74335545591975,43.62805502192939]]],[[[-79.56399142399941,43.62457470478987],[-79.56401555095132,43.62455439623895],[-79.56403262882317,43.62453784168582],[-79.56404839425642,43.624532475663415],[-79.56408929275467,43.62453642539927],[-79.56412385902848,43.62454144417752],[-79.56416628376441,43.624547707570564],[-79.56422291535657,43.62455300596354],[-79.56427565275195,43.62455653562422],[-79.56431577690242,43.62455989946611],[-79.56434706881703,43.624562691071006],[-79.56431864252818,43.624482659809146],[-79.56429469434102,43.62441525734752],[-79.56432877372795,43.62441571123639],[-79.56440447745189,43.62442001147575],[-79.56446462055848,43.62443089830443],[-79.5645493280965,43.62445109375008],[-79.56460763953822,43.62447433570382],[-79.56468446525795,43.62450005777726],[-79.56475038093856,43.62452901362936],[-79.56481015932914,43.62455564930749],[-79.56487775485932,43.62457900436758],[-79.56492049220897,43.62458662876923],[-79.56476263755229,43.62569160730366],[-79.5635380721233,43.62605897981587],[-79.56353892642115,43.626046372062454],[-79.56354656210104,43.62602339276854],[-79.56354892556857,43.62600701353812],[-79.56356360224368,43.62596112643936],[-79.56357205089891,43.62593901845341],[-79.56357950691579,43.625911137500744],[-79.5635839230337,43.625888877336834],[-79.56358742736164,43.62586352325171],[-79.56358685872806,43.625839662792146],[-79.56358748485381,43.625813343056855],[-79.56358695664441,43.62578783027748],[-79.56359087958727,43.625765667606295],[-79.56359334815767,43.62575089964045],[-79.56359864372627,43.625724631236565],[-79.56360494989957,43.625697561704904],[-79.56360775713483,43.62567456472072],[-79.5636165193021,43.625639296722206],[-79.5636232539718,43.62561546218388],[-79.56362411186288,43.62560362034112],[-79.56362469037794,43.625579043194],[-79.56362071263786,43.6255589287593],[-79.56361770238334,43.625535595538466],[-79.56361179057045,43.62552193295572],[-79.56360959059633,43.62550184451231],[-79.56361035057105,43.625474718307785],[-79.56361081679668,43.6254500897375],[-79.56361330333338,43.625420357268695],[-79.56361501192906,43.62538607751636],[-79.56361561739357,43.62536020040986],[-79.56361606295795,43.62533628057674],[-79.56360666478345,43.62532449720241],[-79.56359097391038,43.6253100620618],[-79.56357890414621,43.62529308374652],[-79.56356504853129,43.625276086568874],[-79.56355622348192,43.625264853954214],[-79.56354435314375,43.62524735216556],[-79.56353668781942,43.625232370786506],[-79.56352546426828,43.625217347786936],[-79.56351617209499,43.62519587353305],[-79.56351009858534,43.62518399844422],[-79.56350791118764,43.62516859177774],[-79.56351408171531,43.62513372599506],[-79.56352100862448,43.62510469110213],[-79.56352524418104,43.625076273295164],[-79.56353031696746,43.62504980431525],[-79.56353272804566,43.62503059487093],[-79.56353724297828,43.625010684435665],[-79.56354949150719,43.62498225292876],[-79.56356405679121,43.624953849369746],[-79.5635808903213,43.624927153393415],[-79.56358665840376,43.62491520347098],[-79.56359553375876,43.624895391187614],[-79.56361476668899,43.62486536127295],[-79.56362807073835,43.624841146022206],[-79.56364725965112,43.62481280157075],[-79.5636724133774,43.62478669142201],[-79.56369487305614,43.624762328528966],[-79.56372329036184,43.624739073681205],[-79.5637623724666,43.62470667151284],[-79.56381656153947,43.62467361970954],[-79.56385658687526,43.62465050983722],[-79.56388761468519,43.62463422062],[-79.56390962251132,43.624621153478316],[-79.56392427133866,43.62461394720366],[-79.56394818628816,43.624602790546675],[-79.56396737250599,43.62459158576774],[-79.56399142399941,43.62457470478987]],[[-79.74660184518568,43.6277026807472],[-79.74930699589967,43.625240952940736],[-79.74397059707348,43.6300970585943],[-79.74660184518568,43.6277026807472]]],[[[-79.59150753082106,43.64440662382881],[-79.5914485456429,43.64430460226689],[-79.5914350511507,43.64428839443279],[-79.59143308294189,43.64428602563014],[-79.59139970064763,43.6442459249853],[-79.59136590782327,43.64417978304487],[-79.59134763339546,43.64408636721339],[-79.59133111517401,43.64399037960391],[-79.59133034980938,43.64398574793462],[-79.59305943874635,43.644331564609686],[-79.59373317341282,43.64388240993652],[-79.59395775133554,43.6429840983164],[-79.59463148510366,43.64320867618058],[-79.59675907298887,43.64196759650731],[-79.5978808190471,43.643089343860844],[-79.5977001597586,43.64308366031102],[-79.5974145736517,43.64307685279188],[-79.59712680104538,43.64305989314689],[-79.5968886073579,43.64304143118746],[-79.59668916519516,43.643042284078085],[-79.59657265639775,43.64304520808877],[-79.5964444668067,43.64305264032783],[-79.59631114424212,43.64306735788754],[-79.59615392199942,43.64308571712813],[-79.59599979804612,43.643108962277154],[-79.59582888817343,43.6431446789726],[-79.59564405171888,43.64319530754541],[-79.5954512903269,43.643266730411355],[-79.59531387683451,43.64332416767329],[-79.59510054851411,43.64343341377131],[-79.5949173721462,43.6435257060077],[-79.5947688078662,43.64362246793433],[-79.5946074650513,43.643735734120874],[-79.59441209854496,43.643871991424135],[-79.59416935758554,43.64403812055513],[-79.59380530004528,43.64421163061799],[-79.59372873214204,43.64425165587925],[-79.59363100711722,43.64429501914902],[-79.59352344913333,43.644361224667946],[-79.59336028992489,43.64444565762795],[-79.59317603737527,43.64453072362088],[-79.59300532513195,43.644593449800226],[-79.59280813504562,43.64464819652984],[-79.59261801470058,43.6446926795517],[-79.59240631861904,43.644709251955376],[-79.59237726350948,43.64471106819794],[-79.59218109121436,43.64468639290597],[-79.59201531701015,43.64464383273262],[-79.59190799079158,43.64459388858553],[-79.5917859061512,43.644538810929454],[-79.59168744810113,43.64448087298749],[-79.59158723833623,43.64444497247113],[-79.59150753082106,43.64440662382881]],[[-79.72373798116814,43.64502453303598],[-79.72619143382097,43.64364014703982],[-79.7203541119345,43.646933863557024],[-79.72178200923143,43.64612818807247],[-79.72203983200619,43.645982713158695],[-79.72373798116814,43.64502453303598]]],[[[-79.60713493432071,43.64461300402022],[-79.60675171212219,43.64457279308477],[-79.60646059418973,43.644668652353516],[-79.60623363034162,43.64475924736054],[-79.60591897834539,43.64483633225012],[-79.60579616517131,43.64486928065873],[-79.60566388375415,43.64489678683911],[-79.60537304340113,43.6447743779342],[-79.6052602356627,43.64474032178715],[-79.60505468046442,43.64449813710634],[-79.60498385459249,43.644453312662144],[-79.6045215303433,43.64449292302833],[-79.60416293096674,43.64448243181581],[-79.60373308889992,43.644494601466135],[-79.60353186358132,43.64456540458731],[-79.60352497529972,43.64456797099495],[-79.60310844357048,43.64471873229906],[-79.60279066633534,43.64469325094672],[-79.60237313657781,43.64456324056215],[-79.60217000952576,43.64449833602263],[-79.60206254316999,43.6443701531701],[-79.60201748457368,43.644275483027066],[-79.60193214282505,43.644117155892424],[-79.6016335787572,43.64404290043371],[-79.60159728322648,43.64404683328601],[-79.60143706869555,43.644016554866916],[-79.60137858118404,43.64402995062177],[-79.60135027437111,43.64402706501245],[-79.60122588914528,43.644009941820975],[-79.60114969224628,43.643998781613696],[-79.60114214280462,43.64399841953096],[-79.60113459336299,43.643999086491206],[-79.60111785505428,43.643995827746714],[-79.60111647434368,43.64399549751682],[-79.60108101244954,43.64398701489934],[-79.60087740569713,43.64395871197992],[-79.60083527201536,43.64395711933495],[-79.60080181426261,43.64394599877146],[-79.60077740883297,43.643937881480355],[-79.60076637392801,43.64393421709542],[-79.60075871040033,43.64393494061156],[-79.60072485738884,43.643957756392936],[-79.6003582315652,43.64389072615345],[-79.59998840863744,43.64383157782375],[-79.5999087541229,43.64383728015457],[-79.59981226248496,43.643841274776086],[-79.59974148961362,43.64383230784174],[-79.59964267672899,43.64381623964327],[-79.59953957708385,43.643797191561355],[-79.59934788019548,43.64374982225379],[-79.59926034206596,43.64372849048427],[-79.59917611422831,43.64369819500304],[-79.59904201012944,43.643626770699946],[-79.59893891587416,43.64352781416473],[-79.59887644343605,43.643459446912786],[-79.59877239516996,43.643370159827626],[-79.59876671871567,43.64336199045345],[-79.60024592957828,43.643657832640706],[-79.60140849238805,43.64201088861677],[-79.60451290921154,43.638492542865265],[-79.60428832949219,43.63916627685043],[-79.60518664118304,43.640064587697424],[-79.60507435177253,43.64023301960791],[-79.60496206326032,43.64028916477335],[-79.60494164724888,43.64043207778925],[-79.60473748533762,43.64073832095753],[-79.60481769141775,43.6412997648788],[-79.60473748533762,43.64186120875414],[-79.60493277009725,43.642105315948506],[-79.60496206326032,43.642310364887315],[-79.60527647181313,43.64253494461993],[-79.60563579613016,43.6429840983164],[-79.60610922894615,43.643129770961885],[-79.60653410782103,43.643433253205274],[-79.60709555128032,43.643433255155465],[-79.60832174625327,43.643810545761234],[-79.60887300371557,43.64477524380123],[-79.60840558961199,43.64555426816866],[-79.60811263192986,43.64582281937943],[-79.60802164696462,43.645670134775784],[-79.607962566565,43.64555980977561],[-79.60786636148967,43.64521314666124],[-79.60772800746115,43.64499890555256],[-79.60755788451266,43.6448000087636],[-79.60713493432071,43.64461300402022]],[[-79.70222192604669,43.65846808974854],[-79.70605017388507,43.65507271649242],[-79.70075835036161,43.65976612266585],[-79.70222192604669,43.65846808974854]],[[-79.69861939429647,43.661662884034754],[-79.70059916260506,43.65990708972637],[-79.69656703133315,43.66348300550843],[-79.69861939429647,43.661662884034754]]],[[[-79.59909116953504,43.66723849982717],[-79.59913001268794,43.667224556262596],[-79.5991230399647,43.66723849982717],[-79.59909116953504,43.66723849982717]]],[[[-79.59423537387745,43.659807903956725],[-79.59519459763277,43.6589304575975],[-79.59575437381892,43.65937827729836],[-79.59800015304607,43.65735707695779],[-79.6006950854237,43.65780623290851],[-79.60196770353389,43.65653362226292],[-79.60226712908607,43.65645876602575],[-79.6030060715607,43.65584299052916],[-79.60383917364676,43.65600960974465],[-79.60496206326032,43.65511129945239],[-79.60586037405288,43.65556045530339],[-79.6056357979268,43.65600960909472],[-79.60608495197559,43.656683344206265],[-79.60698326276813,43.656907921546804],[-79.6078815753573,43.65600960909472],[-79.60922904109695,43.65600960974465],[-79.60967819604407,43.65511129880246],[-79.60922904019864,43.654437566201175],[-79.6099027748651,43.65421298742104],[-79.61214855229562,43.65556045530339],[-79.61327144280752,43.65421298807096],[-79.61506806439259,43.65578503294393],[-79.61357594473937,43.65746367188539],[-79.61282228606377,43.65780623355839],[-79.61121829471662,43.65883280917349],[-79.61057650773495,43.6591537000986],[-79.61016270239257,43.659508392092725],[-79.60800282366615,43.66089070253398],[-79.6009196633464,43.663645255403445],[-79.60047050660268,43.664543566691215],[-79.6005012954607,43.66458974924519],[-79.59305943964466,43.66723849982717],[-79.5910503323589,43.66816578249152],[-79.59099916432032,43.66807680569954],[-79.59093511354224,43.66796543929399],[-79.59052480174802,43.66725194173757],[-79.59008737520524,43.66649132086054],[-79.58985728611826,43.666091236698705],[-79.58902915890225,43.66473258105179],[-79.58901216367539,43.664704692105296],[-79.58896553572225,43.66462819482309],[-79.58956685719365,43.664078222905665],[-79.59423537387745,43.659807903956725]]],[[[-79.59363102688016,43.66919848974597],[-79.59541924382745,43.66855659327754],[-79.59508064005078,43.668810545465185],[-79.59440690718095,43.670831744887494],[-79.59373317431113,43.67105632258693],[-79.59288477032251,43.669571619091876],[-79.59363102688016,43.66919848974597]],[[-79.68881968813338,43.67231646074385],[-79.68932929430922,43.671330265203224],[-79.68694812459569,43.67593831988584],[-79.68762853733799,43.6746216067857],[-79.68774845164863,43.67438954909441],[-79.68881968813338,43.67231646074385]]],[[[-79.64248803171591,43.69348871523424],[-79.64224197597306,43.69328952309818],[-79.6416379406912,43.69338245318328],[-79.64089451023342,43.693289524397215],[-79.63954704988365,43.693704128488655],[-79.63932246477441,43.69373867972865],[-79.63903664061395,43.693861177824765],[-79.63797499903475,43.694187834943584],[-79.63760070609015,43.694437367845566],[-79.63752584318932,43.69441241291337],[-79.6371712502989,43.69466062962252],[-79.63617837565305,43.69508614697245],[-79.6352800648605,43.69598445788509],[-79.63372529490273,43.695811705357805],[-79.63270762855163,43.69496365072906],[-79.63393259822253,43.693738680378175],[-79.63460633199068,43.69306494611953],[-79.63415717614524,43.691043745996204],[-79.63348344327541,43.69081916905201],[-79.63265999179045,43.691642621097756],[-79.63236055366184,43.69149290255822],[-79.63370802119812,43.689920856113744],[-79.633258866251,43.68879796794351],[-79.63258513068624,43.68857339103471],[-79.63123766494657,43.68969628016147],[-79.6296656212842,43.68992085676334],[-79.62854273167065,43.69081916905201],[-79.62674610918722,43.690370013290384],[-79.62427575293567,43.688348813284996],[-79.6245003308584,43.6876750782388],[-79.6240511759113,43.687001346018455],[-79.62371430857806,43.68688905657933],[-79.62360202096417,43.686776768878794],[-79.62351218943576,43.68682168385432],[-79.62337744214315,43.686776768229244],[-79.62278297212241,43.68717308327997],[-79.62270370927331,43.686776768229244],[-79.62202997550519,43.68632761272675],[-79.62193962834378,43.68636633345234],[-79.62090708768824,43.685204723548075],[-79.6191104634082,43.68453099021551],[-79.61753841884752,43.68453099021551],[-79.61649036518533,43.68378238102589],[-79.61643594883866,43.68373476716641],[-79.61641553103057,43.68363267924487],[-79.61584545116811,43.683218079588954],[-79.61529264231531,43.68273436781537],[-79.61529264231531,43.68250979029239],[-79.61551721933972,43.682060635323005],[-79.615292641417,43.68177991257156],[-79.61529264231531,43.68161147829023],[-79.61491834038756,43.681312040132624],[-79.61461890764885,43.68093774618097],[-79.61433016396371,43.680841498490366],[-79.61416975270173,43.68071316777955],[-79.61394517477902,43.68071316777955],[-79.61248541783222,43.68071316712994],[-79.61192397527122,43.6804885898369],[-79.61035192981223,43.68071316777955],[-79.61012735099119,43.6798148568121],[-79.60976802667417,43.67954536356283],[-79.60967819694238,43.679365701157266],[-79.60855530822714,43.67869196721767],[-79.60743241771524,43.67869196786736],[-79.60608495197559,43.680039433378646],[-79.60653410782103,43.680937746830594],[-79.60698326276813,43.6809377455313],[-79.60684142686961,43.68136326214598],[-79.60632994680809,43.681682936674186],[-79.60541121910576,43.681836057226946],[-79.60496206326032,43.68116232374171],[-79.60361459572404,43.68071316777955],[-79.60271628493149,43.681836057226946],[-79.60383917364676,43.68295894644653],[-79.60261420217925,43.68326518909313],[-79.59944103189719,43.6824425191903],[-79.60080665708031,43.684732902157656],[-79.5973742141426,43.67897595086926],[-79.59556072489144,43.67593382387158],[-79.59575437381892,43.67577245571993],[-79.59575437381892,43.674200411806005],[-79.59512657630115,43.672735552717995],[-79.5953052179735,43.6726283669941],[-79.5968772634325,43.6726283669941],[-79.59777557422504,43.67105632388648],[-79.59867388501758,43.670607167647255],[-79.60047050660268,43.67195463407779],[-79.60586037405288,43.66836138931416],[-79.60586037495119,43.666789344258945],[-79.60586037315456,43.665666455905104],[-79.61394517388071,43.66229778958696],[-79.61549201440947,43.661381147589765],[-79.61596637518514,43.661174899749476],[-79.61783927002605,43.66002235024768],[-79.61798757379462,43.660052011656155],[-79.6201486499753,43.658653680066635],[-79.6224791322489,43.65780623290851],[-79.62315286422043,43.65937827729836],[-79.62539864254926,43.66095032212119],[-79.62562321957367,43.6627469443204],[-79.62705180947168,43.663971449317245],[-79.62180539758246,43.66768765593343],[-79.62307360226966,43.66678934555852],[-79.62158081876143,43.666789344258945],[-79.62113166381431,43.66813681127786],[-79.62158081965975,43.66903512228028],[-79.62277856498763,43.66996670210963],[-79.62315286511874,43.67038258826717],[-79.62331327817735,43.670382588916965],[-79.62360202006586,43.670607166997485],[-79.62517406462653,43.670382588916965],[-79.62629695424012,43.67105632258693],[-79.62494948670384,43.67195463407779],[-79.6245003308584,43.67285294511792],[-79.62494948670384,43.673526678345404],[-79.62674610918722,43.673975834826244],[-79.62652153216284,43.675098722366144],[-79.62764441997977,43.67599703377274],[-79.62741984295538,43.67644618930597],[-79.6278689988008,43.6771199237737],[-79.62921646633708,43.67734450068168],[-79.63101308702386,43.67599703377274],[-79.63168681989369,43.67599703377274],[-79.63370802119812,43.676895344076065],[-79.63438175406796,43.67801823415883],[-79.63483090991339,43.67801823415883],[-79.63460633109236,43.67891654473873],[-79.63550464278322,43.6798148568121],[-79.63752584318932,43.67891654408906],[-79.6395470417988,43.68026401170322],[-79.64022077736358,43.6798148568121],[-79.6404453552863,43.67891654473873],[-79.63954704269713,43.677793655874275],[-79.63775042021372,43.677119922474276],[-79.63146224197098,43.67202139973362],[-79.63146224286929,43.67195463407779],[-79.63036430396275,43.6711311840158],[-79.6294410433615,43.670382588916965],[-79.62925389284678,43.67029837370695],[-79.62876730869503,43.669933434133526],[-79.62486927972537,43.6682009767953],[-79.62480657192864,43.66807556328552],[-79.62690640097328,43.6665006885971],[-79.62690652763573,43.666500606720355],[-79.62844483866085,43.665505220652584],[-79.62910417423163,43.665834890107355],[-79.63039219485567,43.66673650346781],[-79.631686820792,43.66858596651023],[-79.63348344327541,43.66903512293007],[-79.63415717614524,43.670382588916965],[-79.6352800648605,43.67083174553729],[-79.63617837655134,43.670607166997485],[-79.64179282102594,43.67532330099124],[-79.64240737917306,43.67563058122688],[-79.64314028856226,43.67622161228443],[-79.64326505108048,43.676143635345106],[-79.64336486648496,43.67622161163479],[-79.6434573390603,43.676155560135825],[-79.64358944440768,43.67622161228443],[-79.64493691194396,43.675098723015864],[-79.64718268757785,43.67532330099124],[-79.6476318452199,43.675098723015864],[-79.64987762175211,43.675098723015864],[-79.65212340008095,43.674200411156285],[-79.65436917840977,43.674200411156285],[-79.65481833245856,43.673526677695655],[-79.65459375543416,43.6726283669941],[-79.65369544374332,43.671954633428044],[-79.65279713384908,43.67195463407779],[-79.65483336576484,43.67003820555114],[-79.65549206802334,43.669708856131074],[-79.65661495584027,43.66836138931416],[-79.6586361562464,43.66813681192764],[-79.66093315381778,43.6666750863948],[-79.66153069338185,43.666914102847656],[-79.6622294012132,43.6674630779755],[-79.66225582156402,43.667441943071545],[-79.6640260227983,43.66903512293007],[-79.66811464911841,43.67169272979827],[-79.66864025159452,43.67207730596392],[-79.6691913123258,43.6726283669941],[-79.66851757855764,43.673526677695655],[-79.66874215648036,43.67442498989456],[-79.67008962222,43.67554787877582],[-79.671661667679,43.67599703377274],[-79.66986504609392,43.67779365652397],[-79.66874215737866,43.677569078698255],[-79.66794952978604,43.678163549606616],[-79.66739468894406,43.67779365652397],[-79.66717011191967,43.677569078698255],[-79.66705782340746,43.67756907804856],[-79.66672095697255,43.67734450003196],[-79.66492433269251,43.67734450068168],[-79.66447517954204,43.676895344725786],[-79.6629031331847,43.677569078698255],[-79.66065735485589,43.67914112206895],[-79.66043277783149,43.68003943402832],[-79.66133108862402,43.68071316777955],[-79.6608819327786,43.68138690111149],[-79.65975904496166,43.68093774618097],[-79.65975904496166,43.680039433378646],[-79.65908531209182,43.679590278755306],[-79.65751326663283,43.68026401170322],[-79.6570641107874,43.68093774618097],[-79.65728868871011,43.681836057226946],[-79.65975904496166,43.68318352423709],[-79.65796242337657,43.68498014617822],[-79.65886073416911,43.68632761272675],[-79.65818700040099,43.686776768229244],[-79.65459375633246,43.68475556796763],[-79.65369544374332,43.68520472419764],[-79.65369544464161,43.68655219024878],[-79.65504291217792,43.68722592426606],[-79.65414459958875,43.688348812635404],[-79.65436917751146,43.68902254596018],[-79.65571664414944,43.689471702069156],[-79.6570641107874,43.68879796859307],[-79.65706411168571,43.68924712378554],[-79.65639037791757,43.68992085676334],[-79.6550429112796,43.68969628016147],[-79.65470604664132,43.68992085676334],[-79.65436917840977,43.68992085676334],[-79.65414459958875,43.689471702069156],[-79.65392002166602,43.68902254596018],[-79.65377030305089,43.68892273404517],[-79.65369544374332,43.68879796794351],[-79.65257255592635,43.68812423469449],[-79.65100051136568,43.68879796794351],[-79.65032677849585,43.69014543512252],[-79.65077593344296,43.69081916840247],[-79.65212340008095,43.69126832404815],[-79.65144966721111,43.69239121273584],[-79.65229513909864,43.6934480531344],[-79.65226631755107,43.69347327152479],[-79.65144966721111,43.69306494611953],[-79.65129994859596,43.69309488998177],[-79.65122508928839,43.69306494611953],[-79.65032677759753,43.69328952374772],[-79.6501021996748,43.69216663434187],[-79.64993376555904,43.69211049026151],[-79.64987762175211,43.69194205705557],[-79.649428466805,43.69194205705557],[-79.64987762175211,43.691043745996204],[-79.64897931095956,43.69014543512252],[-79.64785642224432,43.68992085676334],[-79.64718268667954,43.69059459126691],[-79.64538606599277,43.69059459126691],[-79.64493691104565,43.69126832404815],[-79.64516148717173,43.69239121338539],[-79.64672171259822,43.69369139983149],[-79.64673353263072,43.69373867907911],[-79.6492038897806,43.69575987995718],[-79.64785642134598,43.69733192467669],[-79.64695811145177,43.69710734659938],[-79.6434211162931,43.69424407970255],[-79.64342100041044,43.694243985522924],[-79.6426911327168,43.693514101833884],[-79.64248803171591,43.69348871523424]]],[[[-79.66627180112711,43.70990828118843],[-79.66582264528168,43.70856081392009],[-79.66672095787087,43.70878539195376],[-79.66739468984237,43.708336235694354],[-79.66761926776509,43.706764192476996],[-79.6691913123258,43.70788708126413],[-79.67008962311832,43.70766250311156],[-79.67053877896375,43.70698877009903],[-79.66896673440306,43.704518414139926],[-79.66694553309864,43.70384468085721],[-79.66582264528168,43.70227263544307],[-79.66739468894406,43.701598902898596],[-79.66761926776509,43.70092516927726],[-79.66678290928611,43.69946154265666],[-79.66761926776509,43.698903969748315],[-79.6678145525247,43.69841576024376],[-79.66829300063492,43.69800565775871],[-79.66799356340464,43.69748164812343],[-79.66784384478949,43.696882768330454],[-79.66755801703576,43.69671943921484],[-79.66739468984237,43.696433613166256],[-79.66627180112711,43.69598445788509],[-79.66627180202543,43.69531072352658],[-79.66761926686678,43.69553530183767],[-79.66829300063492,43.69508614697245],[-79.66851757855764,43.694187834943584],[-79.66774289032124,43.69321947567013],[-79.6685625329494,43.692525939752656],[-79.66919131322409,43.69216663499142],[-79.66961906311461,43.69163194910601],[-79.67031420104104,43.69104374534671],[-79.67188624650004,43.69261579093837],[-79.67480575680038,43.69418783429407],[-79.67547948967021,43.69373867972865],[-79.6757040666946,43.692840368949476],[-79.67413202303223,43.691717480227396],[-79.67390744600783,43.69104374534671],[-79.67525491264583,43.691717479577825],[-79.67592864641395,43.691043745996204],[-79.67682695630818,43.691043745996204],[-79.67750069097464,43.69014543512252],[-79.67839900176718,43.691043745996204],[-79.67918589990494,43.690945383993785],[-79.6790699714192,43.691169460962925],[-79.67880128531773,43.69168877045761],[-79.67874754719912,43.69179263415533],[-79.67850596237143,43.69225956551749],[-79.67846016446163,43.692348079709056],[-79.67844006914872,43.69238691346452],[-79.67832934101015,43.69260091989184],[-79.67832389901618,43.69261143777195],[-79.67830911544154,43.69264001849265],[-79.67828575026101,43.69268518174548],[-79.6782655202008,43.69272427314653],[-79.67821134011108,43.69282898008957],[-79.67760112621666,43.69400831706444],[-79.6770866520703,43.69471574573977],[-79.67708480423578,43.69471829246713],[-79.67705358777962,43.69476120750262],[-79.67703505553533,43.69478668969089],[-79.67690849279326,43.6949513919329],[-79.67686264727273,43.69502375347764],[-79.67680361358552,43.69510495015846],[-79.67670694318285,43.6952378985823],[-79.67601298743935,43.6961895021013],[-79.67521496546344,43.69728706433447],[-79.67448714143708,43.698288031519915],[-79.67412009430358,43.69879546754477],[-79.6739721714207,43.69899888498518],[-79.67378247867371,43.699257097391026],[-79.67290128078733,43.7004714476057],[-79.67285488370123,43.70053524408193],[-79.6725683040576,43.70092929778257],[-79.67267751224668,43.70202070627639],[-79.67276730694418,43.7029129347328],[-79.67278731601881,43.70311459191685],[-79.67285546221628,43.70379162137454],[-79.67285559247199,43.70379289811726],[-79.6728675301838,43.703913709937396],[-79.67286905642148,43.70392890807862],[-79.67288279795038,43.70406583664435],[-79.67291122423921,43.704349303387616],[-79.67314432088575,43.70667053764231],[-79.67315557138639,43.70678262964739],[-79.67316751448809,43.70690165874495],[-79.67162468044549,43.708219352344784],[-79.6716634535298,43.70824828732146],[-79.67150571745074,43.70839042364105],[-79.66126097960768,43.7176197840649],[-79.66185192284262,43.717087450209156],[-79.66155566744506,43.71687019393373],[-79.6608819336769,43.71574730333217],[-79.66173941873473,43.7150123189273],[-79.6622294012132,43.71484899180325],[-79.66272846925244,43.71439983618321],[-79.66380144487557,43.71439983683253],[-79.66514891241188,43.713276947338954],[-79.66514891151354,43.71215405953156],[-79.66559806825728,43.711704903192775],[-79.66537349033457,43.71058201320285],[-79.66627180112711,43.70990828118843]],[[-79.65746694590351,43.72064871909209],[-79.65886089137429,43.71941597687229],[-79.65595424494882,43.721986453583455],[-79.65746694590351,43.72064871909209]],[[-79.64959649488226,43.7278882434467],[-79.65016648850643,43.72737485231375],[-79.64472978559228,43.73227148780495],[-79.64870797123474,43.728688524839036],[-79.6488637274269,43.72854823803432],[-79.64959649488226,43.7278882434467]]]]}}]}