{"type":"FeatureCollection","name":"Service_Area_21St","features":[{"type":"Feature","properties":{"FromBreak":0.0,"SUM_Shape_":0.0,"SUM_Analys":129.81680384,"Shape_Leng":538869.571494,"Shape_Area":237482449.056,"Drive_Time":"0 - 4"},"geometry":{"type":"MultiPolygon","coordinates":[[[[-79.55465663731836,43.56999631515961],[-79.55473324025589,43.56995105115561],[-79.55471693044359,43.56999096640042],[-79.55469419947364,43.57002751733052],[-79.55464172079304,43.57006090246394],[-79.55459881545846,43.5701760860438],[-79.55461152931467,43.570187945308575],[-79.55468587298927,43.57024710491726],[-79.55468770375582,43.570292930387374],[-79.5546303508165,43.57051233216408],[-79.55461757317991,43.57053107543716],[-79.55459730988206,43.570542229107225],[-79.55453726020023,43.57073433979982],[-79.55450189622245,43.57081721975919],[-79.55448682698356,43.570868385016276],[-79.55441271956587,43.571025886495185],[-79.55438073055862,43.571059185814214],[-79.55434364001884,43.57107852053731],[-79.55420748237124,43.57067004870431],[-79.55465663731836,43.56999631515961]]],[[[-79.65824315678432,43.57931628946643],[-79.66043277783149,43.57785653772794],[-79.65925649415405,43.576512217520126],[-79.65886073416911,43.57605991582515],[-79.65941354122529,43.57536890979794],[-79.65975904496166,43.57493702700422],[-79.65940970002913,43.574587683970535],[-79.65892489903324,43.574102882418615],[-79.6586361562464,43.57381413807089],[-79.65898549938228,43.57329012405346],[-79.65908531209182,43.57314040520418],[-79.6586361562464,43.572017515963424],[-79.65975904496166,43.57067004870431],[-79.65886073416911,43.57022089297743],[-79.6586361562464,43.56932258188882],[-79.65953446703894,43.5684242710706],[-79.6608819336769,43.56932258188882],[-79.66113685938487,43.56894019349889],[-79.66133108862402,43.56864884889217],[-79.66057808751522,43.568230517353214],[-79.65930988911622,43.56752595987252],[-79.65773784455553,43.56730138176964],[-79.65728868871011,43.56640307074852],[-79.65818700040099,43.56550476065072],[-79.66043277783149,43.565953915096],[-79.66182202690996,43.565755450645305],[-79.66200482329049,43.565729336990145],[-79.6623791234216,43.566103638792214],[-79.66245397823761,43.566178493015435],[-79.66248136337904,43.56616753901455],[-79.66357686695285,43.565729336990145],[-79.66490829417144,43.566616956036],[-79.66492433359083,43.56662764894611],[-79.66829300063492,43.56370813671853],[-79.6691913123258,43.56348355870233],[-79.67008962311832,43.56460644822238],[-79.66877424340397,43.56592183600118],[-79.66806842271221,43.56662764894611],[-79.67076335688647,43.56662764894611],[-79.67121251183359,43.56662764894611],[-79.67345829016242,43.56730138176964],[-79.67458117887767,43.56909800397583],[-79.67454790617786,43.56929764264159],[-79.67451049673618,43.56952210265462],[-79.67448659795635,43.56966549500332],[-79.67444643338168,43.5699064848394],[-79.67441428447428,43.57009937793841],[-79.67435660185326,43.570445471259596],[-79.67547948967021,43.57111920368502],[-79.6760565009334,43.570657597259405],[-79.67635306265647,43.570420347634645],[-79.67660237928379,43.57022089297743],[-79.6768590594015,43.57028506284236],[-79.67694228471932,43.57030586939856],[-79.67694351720787,43.5703061779041],[-79.67724916539004,43.57038258960723],[-79.67750069097464,43.570445471259596],[-79.67781509952746,43.570131063643046],[-79.67817442384447,43.56977173780617],[-79.67846188383706,43.56984360262435],[-79.67877329650841,43.569921455917886],[-79.67907273463702,43.56999631515961],[-79.67952189138076,43.57067004870431],[-79.67907273463702,43.571568359871925],[-79.67950147357267,43.57142544716935],[-79.67974646930347,43.571343781871775],[-79.68004590653376,43.57164322097176],[-79.68064478009602,43.572242092752965],[-79.6804202021733,43.57336498171144],[-79.68086935801873,43.57314040520418],[-79.68156036369483,43.57355500923508],[-79.68199224583569,43.57381413807089],[-79.68244140168109,43.57370184913237],[-79.68289055842484,43.5735895599845],[-79.68316797704921,43.57377450651336],[-79.68356429129467,43.57403871597062],[-79.68378886921738,43.57516160527204],[-79.68446260208722,43.57493702700422],[-79.68536091287976,43.57583533830434],[-79.68491175793264,43.576509072258965],[-79.6849887561289,43.576663069466804],[-79.68533284052712,43.57735123821273],[-79.68536091287976,43.577407382885035],[-79.68513633855031,43.57763195844759],[-79.68502404644484,43.577744251120976],[-79.68446260208722,43.57830569377587],[-79.68387524582522,43.57801201525067],[-79.68356429129467,43.57785653772794],[-79.68311513544924,43.57800625656597],[-79.6822168237584,43.57830569377587],[-79.68131851296585,43.577407382885035],[-79.68154309088857,43.576509072258965],[-79.68095357328,43.576378068374005],[-79.67952189138076,43.57605991582515],[-79.6804202021733,43.57673364921947],[-79.6804202021733,43.57785653772794],[-79.68028545667732,43.5779463685548],[-79.67974646930347,43.57830569377587],[-79.67772526799905,43.57830569377587],[-79.67759543538935,43.578954863759236],[-79.67750069097464,43.579428582903205],[-79.67660237928379,43.579877738287074],[-79.67604093582447,43.57931629662479],[-79.67570406759293,43.57897942677168],[-79.67570406759293,43.578081116170765],[-79.67570406759293,43.57785653772794],[-79.67368286808514,43.57718280518331],[-79.67349037259447,43.576926145600616],[-79.6730091352153,43.57628449381005],[-79.673233713138,43.57516160527204],[-79.67390744600783,43.57471244920046],[-79.67363321730106,43.57425540257728],[-79.6735460870067,43.57411018585948],[-79.673483991861,43.57400669389767],[-79.67337339218152,43.5738223605013],[-79.673233713138,43.5735895599845],[-79.67390744600783,43.572242092752965],[-79.67300213015272,43.571879967236995],[-79.67278463364939,43.57179296827499],[-79.67278455729257,43.57179293768554],[-79.67274966223536,43.57183588657241],[-79.6703211935272,43.574824784414304],[-79.66990344368244,43.575338924789406],[-79.66986504609392,43.575386182702374],[-79.66985234211919,43.575387594289126],[-79.66954987037987,43.575421202279024],[-79.66784384478949,43.575610759945945],[-79.66717011191967,43.57516160527204],[-79.66694553399695,43.57583533830434],[-79.66784384478949,43.576553987718064],[-79.66806842271221,43.57673364921947],[-79.66784384478949,43.577295096742],[-79.66784036381776,43.57730379897275],[-79.66780050017873,43.57740345803748],[-79.66761926776509,43.57785653772794],[-79.6670665244893,43.57804078588911],[-79.66699951376238,43.578063122984155],[-79.66694553399695,43.578081116170765],[-79.66469975566812,43.57673364921947],[-79.6640260227983,43.57718280518331],[-79.66582264528168,43.57830569377587],[-79.66601268926995,43.57887582669164],[-79.6660472232044,43.57897942677168],[-79.66598860184392,43.57906735895521],[-79.66566622882779,43.57955091924426],[-79.66559806825728,43.57965316068861],[-79.66555223621148,43.57966232721729],[-79.66525256452093,43.579722261677475],[-79.66489903793074,43.57979296669345],[-79.66447517864373,43.579877738287074],[-79.66245397823761,43.57897942677168],[-79.66178024536777,43.58032689422483],[-79.66020819990878,43.58032689422483],[-79.65909628411471,43.58096227600355],[-79.6586361562464,43.58122520515847],[-79.65773784455553,43.58077605006554],[-79.65773784455553,43.58010231569865],[-79.65773784455553,43.57965316068861],[-79.65824315678432,43.57931628946643]]],[[[-79.74734438451469,43.60592876245281],[-79.7475689624374,43.60503045071933],[-79.74846727322996,43.60480587394234],[-79.74933103391835,43.60566963459422],[-79.74933916726492,43.605677767461955],[-79.7493655849208,43.60570418512657],[-79.74938599823733,43.6056633581766],[-79.74939200616996,43.60565134328092],[-79.75003931779062,43.60435671787311],[-79.7489164290754,43.6041321398819],[-79.74779354036012,43.60458129567643],[-79.74762510714267,43.60444093578599],[-79.7473420399118,43.604205048054794],[-79.74644607282384,43.60345840673243],[-79.74487402916148,43.60365491317641],[-79.74464945123876,43.60368298528731],[-79.74352656162517,43.603233829290666],[-79.74262825083264,43.60233551829579],[-79.74275781304942,43.60194683312088],[-79.74285282875533,43.60166178389059],[-79.74240367290993,43.60076347284124],[-79.74217909498721,43.60076347284124],[-79.74168910711884,43.60109013248343],[-79.74083162834923,43.60166178389059],[-79.73970873873566,43.60143720689782],[-79.73933444309611,43.60068861477062],[-79.73925958378854,43.600538895097394],[-79.73948416171126,43.60053889574789],[-79.74038247340214,43.59919142924559],[-79.74015789458109,43.59919142924559],[-79.73950287631357,43.59891070740651],[-79.73903500586582,43.59919142924559],[-79.73476802802921,43.59896685083822],[-79.73454345010649,43.59896685083822],[-79.73431887218376,43.59964058419613],[-79.73476802802921,43.60076347284124],[-79.73454345010649,43.60076347284124],[-79.73386971723667,43.60143720689782],[-79.73386971723667,43.60166178389059],[-79.73297140644411,43.601212629066744],[-79.73221073731602,43.59999556446433],[-79.73184851683055,43.59941600616419],[-79.73200572110693,43.5989443933417],[-79.73207309385492,43.59874227289367],[-79.73139936098512,43.59761938425949],[-79.73162393890783,43.59761938425949],[-79.73207309385492,43.59627191678109],[-79.73143679288468,43.59627191678109],[-79.73100635164157,43.59627191678109],[-79.73027647226985,43.59627191678109],[-79.72960273940004,43.59559818408764],[-79.729378160579,43.59559818408764],[-79.72892900473357,43.596047339837895],[-79.72870442770916,43.59806853988578],[-79.72803069394101,43.59919142924559],[-79.72690780522578,43.599865162040416],[-79.72600949443321,43.59896685083822],[-79.72623407235594,43.59829311774271],[-79.7246447513957,43.59789578721783],[-79.72443744987253,43.59784396184119],[-79.72421287194982,43.59784396184119],[-79.72380455441552,43.59712941010406],[-79.7233145611573,43.59627191678109],[-79.72297768663753,43.596440354305706],[-79.72286540531186,43.59649649483787],[-79.72196709362099,43.59559818408764],[-79.72102629521045,43.59578634388866],[-79.72084420490573,43.59582276205656],[-79.71994589411318,43.595373605931215],[-79.71970634037636,43.594654954752514],[-79.71934702324587,43.5935770064589],[-79.71919729834252,43.593127827715904],[-79.71911174728645,43.59287117039559],[-79.71904758242232,43.59267867294602],[-79.71889787368866,43.592753527319076],[-79.7183534721686,43.59302572756668],[-79.71814927073147,43.593127827715904],[-79.71803104705018,43.5933051652374],[-79.71782844102101,43.59360907537678],[-79.71725095993892,43.59447529468304],[-79.7174306203008,43.59492445100745],[-79.71745058356136,43.59497436031177],[-79.71814927073147,43.59672107270705],[-79.71858179067615,43.59682920321616],[-79.71873053102595,43.59686638842377],[-79.71994589411318,43.59717022918379],[-79.72017047113759,43.59784396184119],[-79.71949673826775,43.59874227289367],[-79.71927216034504,43.59874227289367],[-79.7191723476355,43.59876722596777],[-79.71906799843379,43.598793313586654],[-79.71747553786163,43.59919142924559],[-79.71718261072222,43.59899614425888],[-79.7170263820162,43.598891991833355],[-79.71680180499182,43.59874227289367],[-79.71665889201327,43.59802770905492],[-79.7165772270691,43.59761938425949],[-79.71640447475174,43.597688485443385],[-79.71545433835384,43.59806853988578],[-79.71433144874028,43.59717022918379],[-79.71410687081756,43.59717022918379],[-79.71365771497213,43.59761938425949],[-79.71368579181632,43.597666179700745],[-79.71433144874028,43.59874227289367],[-79.71410687081756,43.59874227289367],[-79.71343313794772,43.59964058419613],[-79.71166503427965,43.59897754581059],[-79.71163651456601,43.59896685083822],[-79.70983989298094,43.600538895097394],[-79.70871700426567,43.59964058419613],[-79.70890415298375,43.598891991833355],[-79.70894158218837,43.59874227289367],[-79.7091661601111,43.59874227289367],[-79.71028904882635,43.59761938425949],[-79.71006447090365,43.59761938425949],[-79.70826784842022,43.596047339837895],[-79.70826784842022,43.59492445100745],[-79.70935451077503,43.594489785369966],[-79.70939073713548,43.59447529468304],[-79.70987444308506,43.59482080094652],[-79.71096278169617,43.59559818408764],[-79.71051362585074,43.59425071689013],[-79.7105435693941,43.5941309418981],[-79.71073820377346,43.593352405795535],[-79.71028904882635,43.593127827715904],[-79.71006447090365,43.593127827715904],[-79.70939073713548,43.59357698368778],[-79.70919824164483,43.59338448979704],[-79.70849242634294,43.59267867294602],[-79.70871700696061,43.59217337291345],[-79.70939073713548,43.590657472735174],[-79.71006447090365,43.590432895009144],[-79.71208567130977,43.59200493906022],[-79.71231024923249,43.59200493906022],[-79.71320856002501,43.59200493906022],[-79.71410687081756,43.59200493906022],[-79.71433144874028,43.59200493906022],[-79.71522976043113,43.593127827715904],[-79.71665209805477,43.591989963712734],[-79.71722607301231,43.59153078015714],[-79.71747553786163,43.59133120609026],[-79.71745775391398,43.591315645009466],[-79.71739387291747,43.59125975013612],[-79.71567891627656,43.589759160707146],[-79.71590349330096,43.58863627231348],[-79.71630274324077,43.58833683573107],[-79.7166221428333,43.58809728539264],[-79.71680180499182,43.587962538721634],[-79.71687666429939,43.587513385094],[-79.71693655138611,43.58715405951843],[-79.7170263820162,43.58661507168803],[-79.7165772270691,43.58661507168803],[-79.71612807122368,43.58549218320168],[-79.71484185172177,43.584573456413544],[-79.71455602666299,43.584369293940846],[-79.71365771856537,43.58399500089143],[-79.71305883871493,43.58374546829611],[-79.71186109338703,43.583246405208214],[-79.71158037255569,43.58268496567675],[-79.71141193664329,43.582348093848324],[-79.71141193664329,43.58229626874759],[-79.71141193664329,43.579428582903205],[-79.71118735961889,43.57897942677168],[-79.71096278169617,43.57897942677168],[-79.71141193664329,43.578081116170765],[-79.71208567130977,43.57785653772794],[-79.71163651456601,43.57718280518331],[-79.71186109338703,43.576509072258965],[-79.71343313794772,43.575386182702374],[-79.71238511123498,43.57418844365044],[-79.71186109338703,43.5735895599845],[-79.71193595269462,43.57329012535507],[-79.71200048676631,43.5730319893777],[-79.71208567130977,43.57269124902638],[-79.71231024923249,43.57269124902638],[-79.71266959061748,43.57251157806768],[-79.71275940417958,43.57246667130842],[-79.71274845102133,43.5724502423471],[-79.71266957175285,43.57233192349462],[-79.71253482625686,43.57212980543909],[-79.71231024923249,43.57179293768554],[-79.71253482715518,43.571343782522604],[-79.71275940417958,43.570894627264224],[-79.71365771497213,43.57067004870431],[-79.71433144874028,43.571343781871775],[-79.7147164415182,43.571343781871775],[-79.71522976043113,43.571343781871775],[-79.71567891627656,43.572242092752965],[-79.71612807122368,43.57246667130842],[-79.71627778983881,43.57246667130842],[-79.7163526491464,43.57246667130842],[-79.7163526491464,43.57257896124833],[-79.7163526491464,43.5735895599845],[-79.71725095993892,43.57403871597062],[-79.71774094960392,43.573181239252],[-79.71789261127502,43.572915829161104],[-79.71814927073147,43.57246667130842],[-79.71814927073147,43.571882778859774],[-79.71814927073147,43.571568359871925],[-79.71828027654094,43.571568359871925],[-79.7183738486542,43.571568359871925],[-79.71899575681695,43.571257406295935],[-79.71904758242232,43.57123149288307],[-79.71927216034504,43.57111920368502],[-79.71949673916608,43.571119204335865],[-79.71976623285299,43.57075987983828],[-79.72017047113759,43.57022089297743],[-79.72017047113759,43.5695471602662],[-79.7183738486542,43.56864884889217],[-79.71814927073147,43.56864884889217],[-79.71792469280875,43.56797511486809],[-79.71522976043113,43.565953915096],[-79.71515490022524,43.565953915096],[-79.7150051816101,43.565953915096],[-79.71478060368737,43.5652801821722],[-79.71567891627656,43.564381870951266],[-79.71672694209099,43.564831025958036],[-79.71687367111288,43.564893909500654],[-79.71725095993892,43.565055604158275],[-79.7185984265769,43.56640307074852],[-79.71939308526039,43.565948981904604],[-79.71814927073147,43.5655047599998],[-79.71725095993892,43.564381870951266],[-79.7170263820162,43.56191151518539],[-79.7183738486542,43.56056404772438],[-79.71680180499182,43.559665737134395],[-79.71680180499182,43.56056404772438],[-79.71590349330096,43.56191151518539],[-79.71478060368737,43.56213609320334],[-79.71388229289485,43.561462359241816],[-79.71327796925375,43.56221776577762],[-79.71298398210229,43.562585248029734],[-79.71141193664329,43.562360671035115],[-79.71102473580638,43.56270915675422],[-79.7091661601111,43.564381870951266],[-79.70826784842022,43.56415729284302],[-79.70781869257482,43.56348355870233],[-79.70877523036745,43.56195310348108],[-79.70880122312016,43.56191151518539],[-79.70887919958179,43.56178675077704],[-79.70894158218837,43.56168693698122],[-79.70876882897272,43.561566011411365],[-79.70669580385955,43.56011489280162],[-79.706608467851,43.560202230207985],[-79.70624665160739,43.56056404967727],[-79.70624658513205,43.560564117377176],[-79.7056478067912,43.56116289882129],[-79.70467460435175,43.56213609320334],[-79.70470877985842,43.56227279777735],[-79.70472494324534,43.562337451297246],[-79.70483398165283,43.562773607364434],[-79.70484927547052,43.56283478109215],[-79.70489918137615,43.563034404063984],[-79.7048430366709,43.563118621220575],[-79.70445002642903,43.56370813671853],[-79.70377629176257,43.563932715199385],[-79.70363192081831,43.56383646812543],[-79.70313185385247,43.56350308853226],[-79.70310255889275,43.56348355870233],[-79.70304641239086,43.56353970588857],[-79.70250368533048,43.564082435457266],[-79.70231653571409,43.56426958525641],[-79.70175509225476,43.564831025958036],[-79.70167765298571,43.56514078899827],[-79.70130593730765,43.56662764894611],[-79.70081186210477,43.56662764894611],[-79.69950931392593,43.56662764894611],[-79.69928473690155,43.56662764894611],[-79.69793727026357,43.567750537788974],[-79.69681438065001,43.566852226306395],[-79.69771269234084,43.565729336990145],[-79.69745603108777,43.56521601673883],[-79.6972635355971,43.564831025958036],[-79.69748811441814,43.56415729284302],[-79.69816184818629,43.56370813671853],[-79.69941948599079,43.56412735042064],[-79.69950931392593,43.56415729284302],[-79.6997338936453,43.56393271454844],[-79.7004076256168,43.56325898180176],[-79.70026578612502,43.56299894766786],[-79.69999301807889,43.56249887877086],[-79.69993039382548,43.56238406782006],[-79.69906015897882,43.5607886262085],[-79.69838642521067,43.56123778196717],[-79.69771269234084,43.5607886262085],[-79.69748811441814,43.5607886262085],[-79.69636522480457,43.5607886262085],[-79.69569149193474,43.561462359241816],[-79.69530092151719,43.56138424570023],[-79.69494289975734,43.56131264158572],[-79.69456860321948,43.56123778196717],[-79.69440016910372,43.56174308388909],[-79.69438561280285,43.561786752078895],[-79.69434402529676,43.56191151518539],[-79.69479318114219,43.562585248029734],[-79.69389487034965,43.56348355870233],[-79.69348653574737,43.56338147597059],[-79.69299655776047,43.56325898180176],[-79.69265968952892,43.562809826139976],[-79.69263377762456,43.56277527701786],[-79.69254740281337,43.56266011053053],[-79.69232282489065,43.562360671035115],[-79.69237386536847,43.56195234773291],[-79.69238141031853,43.56189198939612],[-79.69241907308513,43.5615906889232],[-79.69254740281337,43.56056404772438],[-79.69411944737406,43.559441159021624],[-79.69479318114219,43.55786911483348],[-79.6960508189467,43.55697080312376],[-79.69636522480457,43.55674622603329],[-79.69726353290216,43.55517418379692],[-79.69665927393979,43.55497276074871],[-79.69658980272729,43.55494960326575],[-79.69603857401107,43.55531710120379],[-79.69526730566093,43.555831294175015],[-79.69341348744342,43.55706718876174],[-79.6898524686391,43.559441159021624],[-79.68895415784655,43.55921658072271],[-79.68850500289946,43.55831827022313],[-79.6887668330587,43.557990984596074],[-79.68890722716118,43.55781549211193],[-79.6891269101639,43.557540887383006],[-79.68940331369198,43.557195380679175],[-79.69445296309297,43.55412168371308],[-79.69456860321948,43.55405129230224],[-79.69430736055845,43.5539275474102],[-79.69030162538284,43.55203009217756],[-79.6896278907164,43.55247924812127],[-79.68872957992386,43.55225466991685],[-79.68828042497674,43.55158093614172],[-79.68850500289946,43.55113178131586],[-79.68666190337987,43.54968364401915],[-79.68609675526834,43.5492395958237],[-79.68581006872519,43.54933515783794],[-79.68558549080248,43.54933515783794],[-79.68356429129467,43.54776311369529],[-79.68330117474795,43.54788271333369],[-79.68232911137227,43.54832456171555],[-79.68183505054242,43.54854913438083],[-79.68109393504312,43.548886003203926],[-79.68098006639434,43.5488006020084],[-79.6801956242506,43.54821226888376],[-79.67817442384447,43.54843684717615],[-79.67705153512921,43.546864803044215],[-79.6769898855479,43.54690003193109],[-79.67681986141407,43.54699718896121],[-79.67547948967021,43.54776311369529],[-79.67525491264583,43.54776311369529],[-79.66874215737866,43.545741914298425],[-79.66829300063492,43.54484360282672],[-79.66851757855764,43.54484360282672],[-79.6691913123258,43.5439452909913],[-79.6694158902485,43.5439452909913],[-79.67031420104104,43.5439452909913],[-79.67053877896375,43.5439452909913],[-79.67233540144714,43.54484360282672],[-79.67255997936986,43.54484360282672],[-79.6730091352153,43.54439444728002],[-79.673233713138,43.54416986890284],[-79.67330857244559,43.54416986890284],[-79.67345829016242,43.54416986890284],[-79.673368458634,43.543990209245095],[-79.67323371134138,43.5437207148477],[-79.67255997936986,43.54237324692909],[-79.67233540144714,43.54237324692909],[-79.6694158902485,43.54192409120923],[-79.6691913123258,43.54192409120923],[-79.66885444589087,43.54057662806551],[-79.66874215737866,43.54012746872845],[-79.66761926776509,43.54169951274563],[-79.66708028128956,43.54190163392146],[-79.66582264528168,43.54237324692909],[-79.66627180112711,43.54327155809732],[-79.66649637904983,43.54327155809732],[-79.6660472232044,43.54416986890284],[-79.664250600721,43.54439444728002],[-79.66481424325613,43.54488763878085],[-79.6660472232044,43.545966492028036],[-79.66559806825728,43.54708938114819],[-79.66497159575457,43.54729820364913],[-79.66492433359083,43.547313957764324],[-79.664250600721,43.54680866180581],[-79.66312771200573,43.545966492028036],[-79.66178024536777,43.546191068921004],[-79.66020819990878,43.5455173357321],[-79.65953446703894,43.54506817999627],[-79.65930988911622,43.5439452909913],[-79.65908531209182,43.5439452909913],[-79.6586361562464,43.5439452909913],[-79.65728868871011,43.54461902482055],[-79.65683953376299,43.545966492028036],[-79.65616579999487,43.546191068921004],[-79.6552674892023,43.545741914298425],[-79.6550429112796,43.545741914298425],[-79.65234797800365,43.54753853614817],[-79.65144966721111,43.54843684717615],[-79.65042745179142,43.55082203088708],[-79.6501021996748,43.55158093614172],[-79.64987762175211,43.55158093614172],[-79.64920388888228,43.55203009217756],[-79.64920388888228,43.55225466991685],[-79.64830557719141,43.551805514252564],[-79.64808100016701,43.55090720329878],[-79.64867547557766,43.549956049411335],[-79.64920388888228,43.549110580939335],[-79.64897931095956,43.54843684717615],[-79.64875473303684,43.54843684717615],[-79.64897931095956,43.54776311369529],[-79.64987762175211,43.547313957764324],[-79.6501021996748,43.547313957764324],[-79.64942846590668,43.546415646930605],[-79.64987762175211,43.54529275828251],[-79.64942846590668,43.54461902482055],[-79.6496530438294,43.5437207141966],[-79.65122508928839,43.54237324692909],[-79.65279713295077,43.54327155809732],[-79.65302171087347,43.54327155809732],[-79.65369544374332,43.54282240190736],[-79.65436917840977,43.54327155809732],[-79.65594122207214,43.54327155809732],[-79.65683953376299,43.542597824836534],[-79.65481833335687,43.54214866883628],[-79.65302171087347,43.53967831320834],[-79.65279713295077,43.53967831320834],[-79.65122508928839,43.53900458016638],[-79.65055135462194,43.53653422400417],[-79.64887664699731,43.53578991024244],[-79.64853015511413,43.53563591274053],[-79.64853015511413,43.53473760177059],[-79.64808100016701,43.534288445826185],[-79.64785642224432,43.534288445826185],[-79.6476318443216,43.533165557284946],[-79.6496530438294,43.53114435693412],[-79.64785642224432,43.52979688995917],[-79.64617208108659,43.52912315658042],[-79.64561064211884,43.52889858123999],[-79.64486732844206,43.528601254864284],[-79.64449071694571,43.528450608871665],[-79.64448775520022,43.52844942414286],[-79.6442631772775,43.52777569004161],[-79.64516148807006,43.52687737922688],[-79.64591431849897,43.52716693145872],[-79.6470053861919,43.5275865732585],[-79.64735834864007,43.52772232712538],[-79.64808100016701,43.528000268260215],[-79.64875473303684,43.528000268260215],[-79.64935360749743,43.52725167680838],[-79.64942846590668,43.52715810344495],[-79.64943916214678,43.52714473376268],[-79.6496530438294,43.52687737922688],[-79.64917180375528,43.52649239427318],[-79.64913478238579,43.52646277768958],[-79.6464885404932,43.52434577989823],[-79.6462843767853,43.52418244597925],[-79.64614962949268,43.52350871176795],[-79.64605979886258,43.52350871176795],[-79.64538606599277,43.52373329024019],[-79.64358944440768,43.52216124487339],[-79.6426911327168,43.52261040124347],[-79.64201739894867,43.521936667714236],[-79.64134366607885,43.521936667714236],[-79.64111908815613,43.52216124487339],[-79.64089451023342,43.52216124487339],[-79.64134366607885,43.52328413376245],[-79.64089451023342,43.52418244597925],[-79.64022077736358,43.5244070232461],[-79.63999619944087,43.5244070232461],[-79.63969676131227,43.52425730472684],[-79.63934288168419,43.524080365067825],[-79.63909788775003,43.52395786787637],[-79.63873039864538,43.524447855149724],[-79.63842415488018,43.52485617917971],[-79.63707668824222,43.52552991202042],[-79.6368521103195,43.52552991202042],[-79.63595379862865,43.5244070232461],[-79.63617837655134,43.5244070232461],[-79.63730126796156,43.523284135065154],[-79.63797499903475,43.52261040124347],[-79.63819957695746,43.52171208971904],[-79.63797499903475,43.52171208971904],[-79.63730126616491,43.52103835592882],[-79.63662753239679,43.52148751219066],[-79.63550464278322,43.52103835592882],[-79.63415717614524,43.52261040124347],[-79.63393259912084,43.52261040124347],[-79.63572922070593,43.52508075719509],[-79.63555454958714,43.52543010005365],[-79.6352800648605,43.52597906806076],[-79.63438175496627,43.52597906806076],[-79.63415717614524,43.52597906806076],[-79.63393259912084,43.52597906806076],[-79.63146224286929,43.52395786787637],[-79.6303593237028,43.52463659356934],[-79.62854273167065,43.52575449013293],[-79.6278689979025,43.52530533502576],[-79.62764441997977,43.5244070232461],[-79.6278689979025,43.5244070232461],[-79.62876730869503,43.52328413376245],[-79.62809357582522,43.52261040124347],[-79.62607237631741,43.522385823150735],[-79.62562321957367,43.52126293382634],[-79.62427575293567,43.52103835592882],[-79.62382659798858,43.52014004509874],[-79.62360202006586,43.52014004509874],[-79.62292828719603,43.52103835592882],[-79.62270370927331,43.52103835592882],[-79.6220299764035,43.52081377914954],[-79.62180539758246,43.52148751219066],[-79.62158081965975,43.52148751219066],[-79.62040913086499,43.521682793873445],[-79.62023335302176,43.52171208971904],[-79.62017476310231,43.52194645141228],[-79.62000877509905,43.52261040124347],[-79.62090708678991,43.52373329024019],[-79.62068250886719,43.52373329024019],[-79.62005369086326,43.524362107989894],[-79.62000877509905,43.5244070232461],[-79.62018843725757,43.52476634799996],[-79.62023335302176,43.52485617917971],[-79.62008363440663,43.525080758497786],[-79.61987402960307,43.52539516605424],[-79.61978419807467,43.52552991202042],[-79.61967191046078,43.52552991202042],[-79.61955962015195,43.52552991202042],[-79.61915537917241,43.525664658988255],[-79.6188858863838,43.52575449013293],[-79.61813729330808,43.52538019433399],[-79.61798757469295,43.52530533502576],[-79.61777482129432,43.52547081206962],[-79.61757852413336,43.52562348921232],[-79.61596637518514,43.52687737922688],[-79.61461890764885,43.526428224013344],[-79.61439433062445,43.526428224013344],[-79.6130468639865,43.52822484629396],[-79.61214855319393,43.52844942414286],[-79.61057650773495,43.53002146781649],[-79.61035192981223,43.53002146781649],[-79.61028455616591,43.529976552181665],[-79.61035192981223,43.53024604614018],[-79.60945361901967,43.53114435693412],[-79.60945361901967,43.53226724598656],[-79.60922904109695,43.53226724598656],[-79.60765699743457,43.53271640200584],[-79.60694513557254,43.53333928500654],[-79.60586037405288,43.534288445826185],[-79.60653410782103,43.53563591274053],[-79.60586037405288,43.53675880217118],[-79.60451290831323,43.53765711298723],[-79.60451290831323,43.54057662480961],[-79.60339001869964,43.541025780149376],[-79.60316544077692,43.54169951274563],[-79.60098409590849,43.54362425186527],[-79.59934761788742,43.54506817999627],[-79.59934761788742,43.54539163491933],[-79.59934761788742,43.545741914298425],[-79.599123040863,43.545741914298425],[-79.59844930709485,43.546864803044215],[-79.5968772634325,43.54753853614817],[-79.59575437381892,43.547313957764324],[-79.5955297958962,43.547987691707895],[-79.59571856966664,43.548039767705866],[-79.59697710848138,43.548386954634196],[-79.60204255206166,43.54978431368239],[-79.6022671299844,43.54978431368239],[-79.60383917364676,43.547987691707895],[-79.60294086285421,43.54776311369529],[-79.60204255206166,43.548886003203926],[-79.60114424126913,43.549110580939335],[-79.59979677373283,43.54843684717615],[-79.59957219581011,43.54776311369529],[-79.60002135165557,43.54708938114819],[-79.60024592957828,43.54708938114819],[-79.60114424126913,43.546864803044215],[-79.60127898946006,43.546864803044215],[-79.60136881919185,43.546864803044215],[-79.60181797413897,43.546191068921004],[-79.60383917364676,43.5455173357321],[-79.60383917364676,43.54545608907715],[-79.60383917364676,43.54416986890284],[-79.60518664118304,43.54304698009504],[-79.60541121910576,43.54304698009504],[-79.60687096976434,43.54377685896203],[-79.6081061523817,43.54439444728002],[-79.61012735727941,43.54237324953379],[-79.61080108565766,43.54169951274563],[-79.61214855319393,43.541474936050086],[-79.6130468639865,43.54237324692909],[-79.61282228606377,43.54304698009504],[-79.6116993973485,43.543496135914125],[-79.60945361901967,43.545741914298425],[-79.6101273518895,43.545966492028036],[-79.6101273518895,43.546415646930605],[-79.6101273518895,43.54708938114819],[-79.6130468639865,43.547987691707895],[-79.6132714419092,43.548661425282866],[-79.61282228606377,43.54933515783794],[-79.6140661023893,43.54941289635107],[-79.61551721933972,43.54950359126492],[-79.61624995984562,43.54954938759025],[-79.61641553103057,43.54955973585303],[-79.61653943925097,43.54980755453484],[-79.61655027832319,43.549829232142784],[-79.61686468597769,43.550458046707305],[-79.61596637518514,43.55158093614172],[-79.61619095310785,43.55158093614172],[-79.61664010895328,43.55158093614172],[-79.61798757469295,43.55158093614172],[-79.61843673143669,43.55225466991685],[-79.6180624331022,43.55300326610262],[-79.61804371939819,43.55304069322642],[-79.61798757559124,43.55315298161979],[-79.61768133631764,43.55327547680412],[-79.61748851384021,43.55335260607101],[-79.61742613123363,43.55337755908086],[-79.61686468597769,43.55360213700721],[-79.61619095580281,43.55357005459054],[-79.6160225198904,43.55356203382095],[-79.61390999944743,43.55346143752451],[-79.61394517477902,43.55360213700721],[-79.61375867105131,43.55384194372549],[-79.61260323278005,43.555327583236895],[-79.61237126172254,43.55562584224319],[-79.6109756247241,43.55742026531823],[-79.60998337440735,43.55869600707958],[-79.60844343743153,43.56067585926665],[-79.60765699743457,43.56168693698122],[-79.60750718180138,43.561986568599494],[-79.60720784069083,43.562585248029734],[-79.60724304476851,43.56263218722631],[-79.60730408798702,43.56271357857394],[-79.6074195852814,43.562867574605804],[-79.6078815753573,43.56348355870233],[-79.60765699743457,43.56415729284302],[-79.6099027748651,43.56460644822238],[-79.61012735278781,43.56415729284302],[-79.61035192981223,43.56370813671853],[-79.61057650773495,43.56370813671853],[-79.61214855319393,43.562585248029734],[-79.61439433062445,43.563034404063984],[-79.61461890764885,43.563034404063984],[-79.61529264231531,43.56213609320334],[-79.61708926390041,43.56168693698122],[-79.61753841974584,43.56033946970511],[-79.61776299677022,43.56033946970511],[-79.61821215261564,43.55989031506108],[-79.61911046430652,43.56011489280162],[-79.61955962015195,43.5607886262085],[-79.61843673143669,43.562809826139976],[-79.61862676105189,43.56318988535467],[-79.6186613093594,43.56325898180176],[-79.61955962464351,43.56236067298797],[-79.62090708678991,43.56101320385546],[-79.62045793094448,43.56033946970511],[-79.62090708678991,43.559441159021624],[-79.62158081965975,43.55921658072271],[-79.62180539758246,43.55921658072271],[-79.6224791313506,43.559665737134395],[-79.62382659798858,43.558542847964375],[-79.62472490878112,43.55899200419064],[-79.62472490878112,43.56033946970511],[-79.62494948670384,43.56033946970511],[-79.62562321957367,43.5607886262085],[-79.62580479424541,43.56151492352689],[-79.62584779839469,43.56168693698122],[-79.62607237631741,43.56168693698122],[-79.62721253963558,43.56210154369486],[-79.62854273167065,43.562585248029734],[-79.62876730869503,43.56348355870233],[-79.6278689979025,43.564381870951266],[-79.62612794250762,43.56383779406076],[-79.62530237638848,43.56357980373641],[-79.62448712113213,43.563325034416025],[-79.624275753834,43.56325898180176],[-79.6240511759113,43.56460644822238],[-79.6224791313506,43.565729336990145],[-79.6224791313506,43.56640307074852],[-79.62472490878112,43.56864884889217],[-79.62494948670384,43.56864884889217],[-79.624275753834,43.57067004870431],[-79.62382659798858,43.570894627264224],[-79.62364693313512,43.570894627264224],[-79.62360202006586,43.570894627264224],[-79.62292828719603,43.570445471259596],[-79.62225455342788,43.570894627264224],[-79.62315286511874,43.572017515963424],[-79.62292828719603,43.57269124902638],[-79.62270370927331,43.57269124902638],[-79.62180539758246,43.57314040520418],[-79.62023335302176,43.572017515963424],[-79.61911046430652,43.572242092752965],[-79.61955962015195,43.57336498171144],[-79.61978419807467,43.57336498171144],[-79.62135624173703,43.57403871597062],[-79.62204724920977,43.575593487105905],[-79.62292828719603,43.57471244920046],[-79.62562321957367,43.576509072258965],[-79.62747598316906,43.57549847696063],[-79.62809357582522,43.57516160527204],[-79.62814802091793,43.57522966167127],[-79.62899188661775,43.57628449381005],[-79.62831815374793,43.57718280518331],[-79.62719526503265,43.57763195974913],[-79.62741984295538,43.578081116170765],[-79.62697068710995,43.578754849076375],[-79.6278689979025,43.57965316068861],[-79.62831815464624,43.57920400558164],[-79.62921646543877,43.57830569377587],[-79.62953729065765,43.57814528221594],[-79.63191139781641,43.57695822729477],[-79.63258513158456,43.575610759945945],[-79.63348344327541,43.575386182702374],[-79.63415717614524,43.57583533830434],[-79.63595379862865,43.57381413807089],[-79.63707668824222,43.57336498171144],[-79.63819957695746,43.57381413807089],[-79.63842415488018,43.574487871210025],[-79.63752584318932,43.575610759945945],[-79.6386487319046,43.57605991582515],[-79.63909788775003,43.57718280518331],[-79.63797499903475,43.578081116170765],[-79.63595379862865,43.57695822729477],[-79.63572922070593,43.57763195974913],[-79.63393259912084,43.57853027184493],[-79.63370802119812,43.58077605006554],[-79.63483090991339,43.58122520515847],[-79.63595379862865,43.58055147191328],[-79.63797499903475,43.58032689422483],[-79.63909788864834,43.57920400558164],[-79.63932246567272,43.57897942677168],[-79.6388733098273,43.57830569377587],[-79.63932246567272,43.577407382885035],[-79.64022077736358,43.57718280518331],[-79.64111908815613,43.57763195974913],[-79.64246655479411,43.576509072258965],[-79.6427659920244,43.57665879119344],[-79.64336486558665,43.57695822729477],[-79.64358944440768,43.57785653772794],[-79.64327164471466,43.57811077898358],[-79.64246655479411,43.578754849076375],[-79.64242662827299,43.57895448371417],[-79.64224197687139,43.579877738287074],[-79.64156824400155,43.58032689422483],[-79.64143349670893,43.58028197832633],[-79.64109170570964,43.58016804789513],[-79.64102925662772,43.580147231731246],[-79.64089451023342,43.58010231569865],[-79.64075976383913,43.58028197832633],[-79.64053173189413,43.58058602190218],[-79.64022077736358,43.581000626729384],[-79.64113950326927,43.58155186349203],[-79.64134366607885,43.58167436080496],[-79.64134366607885,43.58180269232641],[-79.64134366607885,43.58182407991059],[-79.64134366607885,43.58279725022769],[-79.64134366607885,43.583021827811486],[-79.64297048541398,43.58320258534178],[-79.64336486558665,43.583246405208214],[-79.6442631772775,43.584369293940846],[-79.64336486558665,43.58526760507308],[-79.64322642801484,43.58525222331752],[-79.64134366607885,43.58504302805868],[-79.63999620033917,43.58661507168803],[-79.63866600740582,43.58623501778664],[-79.63842415488018,43.58616591711524],[-79.63775042111203,43.58504302805868],[-79.63662753239679,43.58526760507308],[-79.63842415488018,43.58661507168803],[-79.63848325414442,43.58685146954017],[-79.6386487319046,43.587513383142],[-79.63842415488018,43.58782779435169],[-79.63825572525599,43.58806359793984],[-79.63752584318932,43.58908542797257],[-79.63662753239679,43.589310006171836],[-79.63752584318932,43.58998373899516],[-79.63757466393008,43.590179024602236],[-79.63775042111203,43.59088205027379],[-79.63550464278322,43.59267867294602],[-79.63567307420404,43.59288921315723],[-79.63594018555882,43.593223104116376],[-79.63640295357575,43.593801562043126],[-79.63595379862865,43.594699872939],[-79.63522261400482,43.594846110218576],[-79.63483090991339,43.59492445100745],[-79.63415717614524,43.59559818408764],[-79.63303428742998,43.59514902823784],[-79.63236055366184,43.596047339837895],[-79.63056393207675,43.595373605931215],[-79.62876730869503,43.596945651039206],[-79.6278689979025,43.59717022918379],[-79.62697068710995,43.596047339837895],[-79.62721568553569,43.5957206788406],[-79.62746067407998,43.595394029732326],[-79.62831815374793,43.59425071689013],[-79.62792514350606,43.59425071689013],[-79.62674610918722,43.59425071689013],[-79.62517406462653,43.59357698368778],[-79.62484082199549,43.59307712118475],[-79.62475485412111,43.59294816894273],[-79.62472490878112,43.59290325009935],[-79.62444848908335,43.593145120248685],[-79.62312787129261,43.5943006605842],[-79.62292828719603,43.59447529468304],[-79.62285920046247,43.59449256666023],[-79.6220299764035,43.594699872939],[-79.62180539758246,43.59649649483787],[-79.62237548013985,43.597256604669575],[-79.6224791313506,43.5973948058396],[-79.62225455342788,43.59806853988578],[-79.62158081965975,43.598517694761505],[-79.62143109924799,43.59846778774549],[-79.62090708678991,43.59829311774271],[-79.62090708678991,43.59874227289367],[-79.62000877509905,43.59919142924559],[-79.61911046430652,43.598517694761505],[-79.61686468597769,43.59896685083822],[-79.61671496736254,43.59881713338591],[-79.61596637518514,43.59806853988578],[-79.61684864476165,43.59696570283273],[-79.61686468597769,43.596945651039206],[-79.6186613093594,43.59672107270705],[-79.61933504222922,43.596047339837895],[-79.61978419807467,43.59627191678109],[-79.61978419807467,43.59447529468304],[-79.61843673143669,43.59582276205656],[-79.61731384182312,43.595373605931215],[-79.61708926390041,43.594699872939],[-79.61798757469295,43.59357698368778],[-79.61753841974584,43.59267867294602],[-79.61596637518514,43.593127827715904],[-79.61439433062445,43.59245409495462],[-79.61192397527122,43.59425071689013],[-79.61102566358036,43.59402613890978],[-79.61057650773495,43.593352405795535],[-79.61125024060475,43.59245409495462],[-79.61125024060475,43.59133120609026],[-79.61282228606377,43.59088205027379],[-79.61275812030132,43.59056122542682],[-79.61259770814105,43.589759160707146],[-79.61293457547428,43.589310006171836],[-79.6132714419092,43.58886085023664],[-79.61416975270173,43.58841169485368],[-79.61506806439259,43.58841169485368],[-79.61596637518514,43.58841169485368],[-79.61686468597769,43.58841169485368],[-79.61602803105467,43.587407712346995],[-79.61574179726242,43.587064228114734],[-79.6149455557474,43.58679881414785],[-79.61457162841714,43.58667417156344],[-79.61439433062445,43.58661507168803],[-79.61372059685631,43.58526760507308],[-79.61349601893359,43.58526760507308],[-79.61282228606377,43.58526760507308],[-79.61254156343578,43.58498688399956],[-79.61237313021833,43.58549218320168],[-79.6099027748651,43.587064228114734],[-79.60877988614986,43.58661507168803],[-79.60877988614986,43.58573717911182],[-79.60877988614986,43.58549218320168],[-79.60792884830082,43.58620138329834],[-79.60743241861357,43.58661507168803],[-79.60725276004831,43.58657015722742],[-79.60653410782103,43.58639049384453],[-79.60630952989831,43.58639049384453],[-79.60563579702847,43.58683964999501],[-79.60473748533762,43.585941338897435],[-79.60541121910576,43.58481845020655],[-79.60541121910576,43.58414471617807],[-79.60541121910576,43.58347098306859],[-79.60410118257073,43.58259762572852],[-79.60406375156948,43.58257267180618],[-79.60339001869964,43.583246405208214],[-79.60339001869964,43.58383030785479],[-79.60339001869964,43.58414471617807],[-79.60316544077692,43.58414471617807],[-79.60305315226472,43.584257005164204],[-79.60271628493149,43.58459387216726],[-79.60181797413897,43.584369293940846],[-79.6006950854237,43.583246405208214],[-79.60002135165557,43.583246405208214],[-79.5988984629403,43.58459387216726],[-79.59777557422504,43.58459387216726],[-79.59732641837961,43.58549218320168],[-79.59710183955858,43.58549218320168],[-79.59665268461146,43.58571676114311],[-79.59597895084333,43.58526760507308],[-79.59570254821355,43.58595861527585],[-79.5955297958962,43.58639049384453],[-79.59463148510366,43.58683964999501],[-79.59463148510366,43.587064228114734],[-79.5935085963884,43.58616591711524],[-79.59440690718095,43.584369293940846],[-79.59391283557133,43.58371053294746],[-79.59373317431113,43.58347098306859],[-79.5938080336187,43.583171547470485],[-79.59388289202796,43.58287211038303],[-79.59395775133554,43.58257267180618],[-79.59440690897758,43.58234809319764],[-79.59475241181563,43.582175341603715],[-79.59482963998062,43.58213672743073],[-79.59485606302638,43.58212351570349],[-79.59620352876603,43.58279725022769],[-79.59777557422504,43.581449782749814],[-79.59710183955858,43.58077605006554],[-79.59642810668876,43.58122520515847],[-79.59620352876603,43.58122520515847],[-79.59565456200772,43.580950722105655],[-79.5953052179735,43.58077605006554],[-79.5953725916198,43.58016969168718],[-79.59544705746528,43.57949950301362],[-79.5955297958962,43.578754849076375],[-79.59657524354576,43.57840636768214],[-79.5968772634325,43.57830569377587],[-79.59777557242842,43.57897942807322],[-79.59867388501758,43.57965316068861],[-79.59979677373283,43.57965316068861],[-79.6017217268428,43.57772820885848],[-79.60181797413897,43.57763195974913],[-79.60151173037377,43.577448214690314],[-79.60089924733495,43.57708072484285],[-79.6006950854237,43.57695822729477],[-79.60039565088836,43.57733252244261],[-79.59979677373283,43.578081116170765],[-79.59844930709485,43.578081116170765],[-79.59800015214775,43.57718280518331],[-79.59934761788742,43.575610759945945],[-79.599123040863,43.575610759945945],[-79.59777557422504,43.575386182702374],[-79.59732641837961,43.57471244920046],[-79.59755099630233,43.57426329368369],[-79.59713486522169,43.574025505720556],[-79.59597895084333,43.57336498171144],[-79.5953052179735,43.57403871597062],[-79.5953052179735,43.57461621804903],[-79.5953052179735,43.57516160527204],[-79.59508064005078,43.57516160527204],[-79.59497285569141,43.57523346235725],[-79.59373317431113,43.57605991582515],[-79.59418232925823,43.57695822729477],[-79.59440690718095,43.57695822729477],[-79.59395775133554,43.57785653772794],[-79.59305943964466,43.578081116170765],[-79.59216112885211,43.577407382885035],[-79.59193655092939,43.577407382885035],[-79.59013992934432,43.578754849076375],[-79.5899153514216,43.578754849076375],[-79.58980709634503,43.57868267927062],[-79.58951111313701,43.57848535786001],[-79.58879246180803,43.57920400493087],[-79.588649473371,43.579775958608174],[-79.5885678838853,43.58010231569865],[-79.58542379476393,43.583021827811486],[-79.58677126230023,43.58369556074194],[-79.58722041814566,43.58459387216726],[-79.5885678838853,43.58549218320168],[-79.58879246180803,43.58639049384453],[-79.58834330596261,43.587064228114734],[-79.58779589418802,43.58724669909079],[-79.58766957309277,43.58728880604731],[-79.58609752943039,43.58616591711524],[-79.58385175110158,43.58639049384453],[-79.58183054979715,43.58549218320168],[-79.58081998642501,43.586727329388346],[-79.57980935028934,43.587962538721634],[-79.57520032723018,43.59177000713365],[-79.57464406076184,43.59222951677583],[-79.57464406076184,43.59245409495462],[-79.5737457499693,43.59200493906022],[-79.57360479441977,43.59144111859285],[-79.57352117204658,43.59110662827568],[-79.57599152829813,43.58886085023664],[-79.57531779363167,43.5877379607001],[-79.57554237155439,43.58683964999501],[-79.57486863868456,43.58661507168803],[-79.57464406076184,43.58549218320168],[-79.5737457499693,43.58526760507308],[-79.57194912838422,43.58369556074194],[-79.57060166084793,43.58392013887891],[-79.57105081579503,43.58526760507308],[-79.57015250500251,43.58616591711524],[-79.56902961628724,43.58549218320168],[-79.56813130459639,43.585941338897435],[-79.56700841588112,43.58549218320168],[-79.56655926093401,43.58639049384453],[-79.56521179429605,43.58639049384453],[-79.56453805962958,43.58728880604731],[-79.55892361605329,43.58369556074194],[-79.55757614941534,43.582348093848324],[-79.55645325980174,43.583246405208214],[-79.5555549490092,43.583021827811486],[-79.55420748237124,43.58481845020655],[-79.55263543691224,43.58459387216726],[-79.55286001483495,43.58504302805868],[-79.55263543691224,43.58504302805868],[-79.5519617040424,43.585941338897435],[-79.55083881532717,43.58571676114311],[-79.54949134779085,43.58661507168803],[-79.54881761492103,43.58616591711524],[-79.54859303699831,43.58526760507308],[-79.55083881532717,43.583246405208214],[-79.5499405036363,43.58257267180618],[-79.5499405036363,43.581449782749814],[-79.55061423740445,43.581000626729384],[-79.55083881532717,43.581000626729384],[-79.55218628196512,43.581449782749814],[-79.55263543691224,43.58010231569865],[-79.55398290444852,43.579428582903205],[-79.55443206029395,43.57830569377587],[-79.55420748237124,43.57763195974913],[-79.55241085898953,43.576509072258965],[-79.55241085898953,43.575386182702374],[-79.55308459275767,43.57493702700422],[-79.55375832562748,43.57516160527204],[-79.55443206029395,43.574487871210025],[-79.5555549490092,43.575386182702374],[-79.5573515705943,43.5735895599845],[-79.55443206029395,43.571343781871775],[-79.55441268183664,43.57128564581782],[-79.55453534499206,43.57120269556081],[-79.55464942743988,43.57109900334842],[-79.55469653689002,43.57101507981666],[-79.55471470351999,43.57100133846211],[-79.55472710027091,43.57100181227949],[-79.554731277437,43.57100754104428],[-79.5547791792012,43.57098801755239],[-79.55477002447014,43.57095678398749],[-79.55475160810852,43.57091678542327],[-79.55495775529653,43.57042449683117],[-79.5549803164849,43.57032624182699],[-79.55500067141091,43.57031485185634],[-79.55502881023887,43.57031235126936],[-79.55507030791343,43.57031495924751],[-79.55509441150912,43.57030550947537],[-79.55511089828954,43.570192403678114],[-79.55513054085154,43.570185088697556],[-79.5551593093985,43.570191726136166],[-79.5551943966952,43.57022273294888],[-79.55523689778792,43.570326701330906],[-79.55528363264057,43.5703250989249],[-79.55527925425189,43.57031140427453],[-79.55527764896246,43.57026520392541],[-79.55529044366706,43.57013717128966],[-79.55530237598897,43.57011917182425],[-79.55555171327755,43.56946741702867],[-79.55743064569549,43.56835714619575],[-79.55810329968868,43.568692372138514],[-79.55816606946914,43.56872852812614],[-79.55834869786473,43.568777245925716],[-79.55845601689677,43.5687728831296],[-79.558511001877,43.56876569619845],[-79.55859426312742,43.568729926851496],[-79.5586629159747,43.56869463262061],[-79.55869272746571,43.56868976474099],[-79.55884777848038,43.5686196832422],[-79.55906557502101,43.56842692989885],[-79.5590761419037,43.56836223214593],[-79.55906397691814,43.568303132519155],[-79.55903306858416,43.5682670654464],[-79.55899696888613,43.568196475770655],[-79.55896807457502,43.56814918292619],[-79.55891902925546,43.568104440841054],[-79.55883549491719,43.56804013977863],[-79.55874604607108,43.56799767244016],[-79.55853855141014,43.56791013740177],[-79.55847043845034,43.567870935446386],[-79.55836672256089,43.567843720764735],[-79.5583141666252,43.56783506142687],[-79.55959734892313,43.56707680413122],[-79.56027108179295,43.56730138176964],[-79.56072023763838,43.5681996930626],[-79.56177068261587,43.5684097819192],[-79.56184312725198,43.5684242710706],[-79.56178517154308,43.568322850191855],[-79.56139396691493,43.567638246006425],[-79.5612642609677,43.56741126004073],[-79.56134999977169,43.567358253089715],[-79.56142793221585,43.567289844777136],[-79.56147025723875,43.56722630373425],[-79.56154790761194,43.567125447763544],[-79.5617070899786,43.56688276163939],[-79.56182946477479,43.566755288742215],[-79.56204080242854,43.5664593688254],[-79.56206851365843,43.56636269229012],[-79.56211507693287,43.56629454450823],[-79.562189974868,43.566266689280354],[-79.56223699358827,43.56624076460769],[-79.56229546043855,43.56617797294614],[-79.56229211331579,43.56615146763205],[-79.56231890556914,43.566116233075014],[-79.56235893270158,43.56609782559482],[-79.56249242055617,43.566077614461506],[-79.56253088821325,43.56605183355671],[-79.562607232436,43.56596570554544],[-79.56266677187472,43.56589228239425],[-79.56272822652161,43.56584904156953],[-79.56280646349467,43.56580986691255],[-79.56331511565966,43.56552043775593],[-79.56346743399925,43.56541241437957],[-79.56351159607694,43.56537274279512],[-79.56355255925389,43.56531098387318],[-79.56358311904152,43.5650713640462],[-79.56356019403547,43.564922416928084],[-79.56354551197047,43.564859938934895],[-79.56354245320695,43.56479110208649],[-79.56352972048609,43.56473330208944],[-79.56351034113048,43.56468425295723],[-79.56347965288374,43.564632558458776],[-79.56342959426453,43.56458103510723],[-79.56340037206833,43.56455625727717],[-79.56363974883705,43.56415729284302],[-79.56521179429605,43.56415729284302],[-79.56539297460739,43.5637949338549],[-79.56590841803596,43.563665698872285],[-79.56595867158956,43.563628351251616],[-79.56597525538803,43.56361033161517],[-79.56602975797293,43.563595688337685],[-79.56615583742138,43.56345901540645],[-79.56632852326341,43.56329295066665],[-79.56637178612748,43.56328684558069],[-79.56643990268053,43.56332188195681],[-79.56656644925292,43.563247173898255],[-79.56666514984813,43.56316531459995],[-79.56688695197661,43.56288796907812],[-79.56691257372516,43.56284177345004],[-79.56700841588112,43.562809826139976],[-79.56700841588112,43.56263181488949],[-79.56701512270304,43.562616148098485],[-79.56704785461704,43.56239549704499],[-79.56706179377531,43.56232864470597],[-79.56813130459639,43.56168693698122],[-79.56970335005539,43.56191151518539],[-79.5703770829252,43.561462359241816],[-79.5695349087531,43.560479827647676],[-79.56925419420996,43.56015232527304],[-79.56902961628724,43.55989031506108],[-79.56925419420996,43.55951602152341],[-79.56964081743014,43.55887164867736],[-79.5697628661379,43.558752547363014],[-79.57060166084793,43.558542847964375],[-79.57105081579503,43.55899200419064],[-79.57127539371776,43.55899200419064],[-79.57239828333135,43.55786911483348],[-79.57419490491642,43.55809369229585],[-79.57554237155439,43.55674622603329],[-79.57717929513984,43.557360071699996],[-79.57733899493611,43.55741995869965],[-79.57753148952845,43.55722746442079],[-79.57751593340268,43.55721579725257],[-79.57688983909067,43.55674622603329],[-79.57681497978312,43.55644678904471],[-79.57666526116797,43.555847913858635],[-79.57728792750883,43.554727122751885],[-79.5774376173779,43.55468444616382],[-79.57775276614251,43.55457864744295],[-79.57791651284911,43.55449914414991],[-79.57805021450275,43.55442698824532],[-79.57857863948547,43.55405974659349],[-79.57864250880385,43.55399399501463],[-79.5786918119399,43.55395355941163],[-79.57873397526608,43.55394250878824],[-79.57877868262115,43.55394020869066],[-79.57882256442446,43.55394683229444],[-79.5788623157741,43.55396187960395],[-79.57890038547752,43.55398942151557],[-79.57891845059788,43.5540129660803],[-79.57892537750705,43.554049875007195],[-79.5789176466057,43.554080457844194],[-79.5788982807248,43.554108180037105],[-79.57893490144569,43.55415744285416],[-79.57900278892834,43.55419357761825],[-79.57908898946638,43.554187099872216],[-79.57927374776749,43.554154071820236],[-79.5793563038404,43.55413406435863],[-79.57942888322381,43.55411041762936],[-79.57951154619623,43.55405888983649],[-79.57969567298171,43.55392516593294],[-79.57974118792221,43.553856223492865],[-79.57979198136333,43.5538121543777],[-79.5798511839338,43.55377841519085],[-79.58028575293565,43.55337755908086],[-79.58033813280156,43.5533292422371],[-79.58048308405748,43.55337755908086],[-79.58043667798823,43.553238341492076],[-79.58048308405748,43.5531955355947],[-79.58074357123536,43.55295525429791],[-79.5809850599433,43.55243348397047],[-79.58098099865991,43.55237022478763],[-79.58073303938697,43.55222929260785],[-79.58082454807001,43.55213778342333],[-79.58117944099774,43.55234248812315],[-79.58123080307243,43.552360208391576],[-79.58127373445816,43.55236920524424],[-79.58131028960203,43.552365211055914],[-79.58141094223636,43.552340546041854],[-79.58145410628575,43.552337282329454],[-79.5816492571964,43.55232799835907],[-79.5816874912915,43.55233393983984],[-79.58173534185174,43.552349887302654],[-79.5818058982291,43.55237340255971],[-79.5818374946726,43.55237329057922],[-79.58186993912571,43.55235748960873],[-79.58207458612723,43.55214890469123],[-79.58219243521104,43.55202273137096],[-79.58230859905537,43.55190999034209],[-79.58222706257027,43.551862421034805],[-79.58241683526732,43.55169396229795],[-79.58240058654046,43.55168463916507],[-79.58224214258897,43.551593728777775],[-79.58058551535608,43.55064320033305],[-79.58048308405748,43.550233470086155],[-79.58093223900461,43.54955973585303],[-79.58152175301991,43.549363231193546],[-79.58159309362652,43.5493394510738],[-79.5816996508872,43.54939032335618],[-79.58190112234418,43.54947076183007],[-79.58210857298769,43.54953721760379],[-79.58214973199738,43.549547946099345],[-79.58241640587262,43.549725728412206],[-79.58250428356529,43.54978431368239],[-79.58256553249798,43.549661817261764],[-79.58257773251788,43.54963741678157],[-79.58260984818759,43.54964282529404],[-79.58386972818704,43.549854988086786],[-79.5838827097412,43.54990220414205],[-79.58394704079363,43.549897677861026],[-79.58397548684543,43.54990283829018],[-79.58404519521315,43.549934686318544],[-79.58462696485242,43.55026285102741],[-79.5846382315227,43.55025114084207],[-79.58467707377729,43.55025029640132],[-79.58473652607941,43.55028371007419],[-79.58473733186821,43.550312756340155],[-79.58471859660465,43.550330026663914],[-79.58424874357507,43.550763141275226],[-79.58502981973147,43.5512223850988],[-79.58504201076819,43.55122955263783],[-79.58510857682906,43.55125232872616],[-79.58523177448207,43.55127899294348],[-79.58533417523793,43.55128129770009],[-79.58548221041023,43.551263803032725],[-79.58553269662752,43.55124955325099],[-79.58558096400604,43.55122621008681],[-79.5856662015501,43.551174310024415],[-79.58567907620477,43.55116248477816],[-79.5857162359148,43.551128352819156],[-79.58575534496902,43.55106485397712],[-79.58578406860022,43.55098324311054],[-79.58578769869227,43.550949749744525],[-79.58577642573378,43.550879162564485],[-79.5857631028198,43.550847274018],[-79.58574281975899,43.550824840888424],[-79.58572710552974,43.55078175852672],[-79.58572894797439,43.55075991914571],[-79.58574226100689,43.55072424067411],[-79.58552821762751,43.550601408910325],[-79.58519153265227,43.550408196855905],[-79.58518551932977,43.55039236476984],[-79.58519117602111,43.550376450644755],[-79.58521532183765,43.550361993612604],[-79.58523787673779,43.55036099421846],[-79.58558558943145,43.550556786610734],[-79.58579457799073,43.55067446461355],[-79.5858305168903,43.550658230237524],[-79.58586035712742,43.55065164077887],[-79.5859010579963,43.550651125133015],[-79.58593825992716,43.55065541436873],[-79.5859701600012,43.550663894528014],[-79.5859966081998,43.5506778605827],[-79.58624860539994,43.55082111027956],[-79.58631772896442,43.550832978563164],[-79.58636175449818,43.550847018800184],[-79.58638292150123,43.55084953842504],[-79.58674555790668,43.55052324873505],[-79.58669902876825,43.55048669313238],[-79.58667721857145,43.5504564685134],[-79.58649459107419,43.55035848564136],[-79.58610236146832,43.55015485563553],[-79.58563938414393,43.54991449580599],[-79.58554663668411,43.54990272890937],[-79.58549395228933,43.54992448721652],[-79.58542802493062,43.54995988554798],[-79.58541825665021,43.54995650060668],[-79.58528373752968,43.54990455127126],[-79.58519234293267,43.54985564437198],[-79.58503038746673,43.54973469180205],[-79.585001574004,43.54974500682809],[-79.58494795086973,43.549781001000774],[-79.58475561438088,43.54967774524824],[-79.58426410207151,43.54935878495514],[-79.58422096676817,43.54934062106836],[-79.58412119897442,43.54930848299438],[-79.58405722904472,43.54930716845884],[-79.5839482310614,43.54929640020441],[-79.58388660214132,43.5492845433377],[-79.58384074853596,43.5492655388805],[-79.58376680550998,43.54921262209054],[-79.58370359196176,43.54923884056713],[-79.5836133750561,43.549212742541],[-79.58361095319809,43.54921204197511],[-79.58353568246213,43.54916722332169],[-79.58352599323347,43.54914430776442],[-79.58362717317885,43.549110580939335],[-79.58385175110158,43.549110580939335],[-79.58359823934187,43.548730317020876],[-79.58362115805971,43.54866322554521],[-79.58362176621915,43.54865061654548],[-79.58362273639968,43.548630513499916],[-79.58363853686721,43.548515312814445],[-79.58368866645331,43.54830198961525],[-79.58371076231437,43.54825183326866],[-79.58380341365445,43.548182601763415],[-79.58375182071273,43.54799459528635],[-79.5836346803997,43.547766594471426],[-79.58357453280152,43.54769450473136],[-79.58342798434101,43.54768164615767],[-79.58322250549956,43.54765893383008],[-79.58312320752468,43.54765349714229],[-79.5831089970752,43.54765271907733],[-79.58298486158104,43.547637426029894],[-79.58302829871829,43.547463678299124],[-79.58310891622682,43.547141208548716],[-79.58317801733344,43.546864803044215],[-79.58350468878817,43.54670146695098],[-79.58362717317885,43.546640224754675],[-79.58385175110158,43.546640224754675],[-79.5837349737079,43.54644559685271],[-79.58317801733344,43.5455173357321],[-79.5834489537147,43.54483999816698],[-79.58358330395197,43.54467777327947],[-79.58363653721737,43.54439444728002],[-79.58385175110158,43.54439444728002],[-79.58410213672408,43.54433185098106],[-79.58412553334567,43.5443515628253],[-79.58429506789766,43.54430942714697],[-79.58449237745992,43.54423429050786],[-79.58475006189411,43.54416986890284],[-79.58587295060937,43.54461902482055],[-79.58677126230023,43.542597824836534],[-79.58699584022294,43.542597824836534],[-79.58834330686092,43.54192409120923],[-79.58824874749915,43.541782252928044],[-79.5881187289382,43.541587225804754],[-79.58792505395958,43.54129671265396],[-79.58801672074611,43.54114518738519],[-79.58806632122453,43.54103773240937],[-79.58808753943154,43.54097291668498],[-79.5881187289382,43.54089133773633],[-79.58814704742922,43.540817268018664],[-79.58833573675803,43.54066984785961],[-79.5885464896085,43.540574603556834],[-79.58861124197082,43.54052161206601],[-79.58875999040546,43.54044284299208],[-79.58879765856196,43.54044170538368],[-79.58886178120524,43.540473083702274],[-79.58900145755382,43.540520322734764],[-79.58910444131632,43.54050889587244],[-79.58916604238861,43.54052290074606],[-79.58920953432309,43.54052307200567],[-79.58932097482565,43.540485878044684],[-79.58936433919938,43.54045660759628],[-79.58940422978789,43.54041550456956],[-79.58964942494468,43.54007117535068],[-79.5897148312805,43.53999409160134],[-79.58988342080484,43.53973187783275],[-79.5899514690859,43.53963455345946],[-79.590014474225,43.539530750910195],[-79.59007926341822,43.53947248517587],[-79.59015391341835,43.5394433255888],[-79.5904463069585,43.53939233160461],[-79.59063085415552,43.539365725294374],[-79.59096033823542,43.53932574612967],[-79.5911155365738,43.53929694788249],[-79.5912797647774,43.539280276097834],[-79.59135871950437,43.53928717741759],[-79.59144568091544,43.53930023834862],[-79.59151218948413,43.53931520531119],[-79.59160122780015,43.539348292287634],[-79.59165704102706,43.53936289261838],[-79.59181980677339,43.53941205418055],[-79.5919059111917,43.53945594563111],[-79.59193766843362,43.53948544448128],[-79.59201670939883,43.53955368770417],[-79.59212050523833,43.53960487104739],[-79.5921759447661,43.53961524966964],[-79.59228793593593,43.53960488407115],[-79.59233314904249,43.5396113633844],[-79.59265757111578,43.539827680229955],[-79.59270203323078,43.53984007227713],[-79.5928001238699,43.53984482918156],[-79.59292300082437,43.53982074380809],[-79.59312064006835,43.539757222634826],[-79.59348556627948,43.53968797030344],[-79.59360361029769,43.53965924385975],[-79.59597895084333,43.540352047187305],[-79.59620352876603,43.540352047187305],[-79.59575437381892,43.538780001898076],[-79.59600774274651,43.53858997603395],[-79.59665268461146,43.538106269237595],[-79.59642810668876,43.53765711298723],[-79.59667861448214,43.53728135288682],[-79.5968791328266,43.53721056215113],[-79.59694874058303,43.53716890272873],[-79.59702423769446,43.53709575511618],[-79.59704121675162,43.537046432117755],[-79.59705687528536,43.536960319952705],[-79.59705678186056,43.536947476672196],[-79.59800015214775,43.53675880217118],[-79.5988984629403,43.53586049099697],[-79.60002135165557,43.53653422400417],[-79.60017107296564,43.53653422400417],[-79.60024592957828,43.53653422400417],[-79.60072716965239,43.53557174699862],[-79.6009196633464,43.535186756974596],[-79.6022671299844,43.535186756974596],[-79.60249170790712,43.535186756974596],[-79.6022671299844,43.534288445826185],[-79.60204255206166,43.534288445826185],[-79.60249170790712,43.5333901349726],[-79.60473748533762,43.532940980063536],[-79.60630952989831,43.53091977869897],[-79.60720784069083,43.53069520223266],[-79.60877988614986,43.52912315723167],[-79.60922904109695,43.528898579286086],[-79.61080108565766,43.5273265350039],[-79.61080108565766,43.526203645803804],[-79.61214855319393,43.52530533502576],[-79.61080108565766,43.52418244597925],[-79.61080108565766,43.52305955687502],[-79.61147481942578,43.52261040124347],[-79.6116993973485,43.52261040124347],[-79.61237313021833,43.52283497915152],[-79.61214855319393,43.52171208971904],[-79.6130468639865,43.52081377914954],[-79.61394517477902,43.52148751219066],[-79.61506806439259,43.52148751219066],[-79.61619095310785,43.522385823150735],[-79.6164155337255,43.521712086462124],[-79.61664010895328,43.52103835592882],[-79.61641553103057,43.52103835592882],[-79.61574179726242,43.52081377914954],[-79.61529264231531,43.51969088987929],[-79.61641553103057,43.51834342305011],[-79.61596637518514,43.51834342305011],[-79.61484348557157,43.5167713779491],[-79.61362077965521,43.51659670613163],[-79.6132714419092,43.51654680092196],[-79.61262699591425,43.516136702803124],[-79.61080108565766,43.5149747559182],[-79.61055008648579,43.5143472611609],[-79.61035192981223,43.513851866777],[-79.60900446407257,43.51362728930794],[-79.60765699743457,43.51340271100316],[-79.60698326276813,43.51250439985032],[-79.60720784069083,43.51115693410948],[-79.60743241861357,43.51115693410948],[-79.60765699743457,43.5104831997299],[-79.60877988614986,43.51025862210377],[-79.60967819694238,43.51138151099899],[-79.61214855319393,43.51138151099899],[-79.61349601893359,43.51205524512301],[-79.61372059685631,43.51205524512301],[-79.61955962015195,43.50711453294743],[-79.62090708678991,43.50531791075977],[-79.62068250886719,43.50531791075977],[-79.61394517477902,43.50015262222258],[-79.61214855319393,43.5015000879732],[-79.61237313021833,43.50217382227716],[-79.61259770814105,43.50217382227716],[-79.61416975270173,43.50352128918],[-79.6132714419092,43.50464417831359],[-79.61214855319393,43.504419599812145],[-79.61057650773495,43.502847554926845],[-79.61035192981223,43.502847554926845],[-79.6099027748651,43.50307213276073],[-79.6101273518895,43.503745865810664],[-79.60922904109695,43.50464417831359],[-79.60675868574373,43.503296711062255],[-79.60653410782103,43.50262297690918],[-79.60630952989831,43.50262297690918],[-79.60675868574373,43.50172466625826],[-79.60608495197559,43.50105093280638],[-79.60698326276813,43.49947888817009],[-79.60608495197559,43.49858057700361],[-79.60673467736945,43.49641482889357],[-79.60684248688163,43.4963138492227],[-79.60765699743457,43.49611022113285],[-79.60945361901967,43.49745768782292],[-79.60967819694238,43.49745768782292],[-79.60922904109695,43.496783954978255],[-79.60945361901967,43.49611022113285],[-79.60967819694238,43.49611022113285],[-79.61035192981223,43.4956610662731],[-79.61057650773495,43.4956610662731],[-79.61214855319393,43.496783954978255],[-79.6132714419092,43.49543648824207],[-79.6130468639865,43.49453817688927],[-79.61349601893359,43.4938644427512],[-79.61372059685631,43.4938644427512],[-79.61596637518514,43.49319071022024],[-79.61507490416517,43.490739163271904],[-79.61516394787108,43.490528588631996],[-79.61551722023803,43.489822043007564],[-79.61574179726242,43.489822043007564],[-79.61641553103057,43.48959746476929],[-79.61821215261564,43.49094493210084],[-79.61911046430652,43.490271198934174],[-79.61955962015195,43.48847457604226],[-79.61978419807467,43.48847457604226],[-79.62113166381431,43.488249999311186],[-79.62427575293567,43.48510590909832],[-79.62517406462653,43.48488133222657],[-79.62607237631741,43.48600422127187],[-79.62472490878112,43.48780084269241],[-79.62494948670384,43.48780084269241],[-79.62607237631741,43.48869915389349],[-79.62607237631741,43.489822043007564],[-79.62494948670384,43.490271198934174],[-79.62360202006586,43.48914830969797],[-79.62292828719603,43.48914830969797],[-79.62270370927331,43.48914830969797],[-79.62180539758246,43.490271198934174],[-79.62158081965975,43.490271198934174],[-79.6220299764035,43.491394088149185],[-79.62113166381431,43.492741553847864],[-79.62629695424012,43.49633479926492],[-79.62674610918722,43.49700853321118],[-79.62652153126452,43.497682266156666],[-79.62517406462653,43.498131420969976],[-79.62360202006586,43.496783954978255],[-79.62292828719603,43.496783954978255],[-79.62270370927331,43.496783954978255],[-79.62158081965975,43.49521191002749],[-79.6186613093594,43.49319071022024],[-79.61843673143669,43.49319071022024],[-79.61843673143669,43.49363986585877],[-79.6186613093594,43.49363986585877],[-79.61933504222922,43.49453817688927],[-79.61911046430652,43.49521191002749],[-79.61776299677022,43.4956610662731],[-79.61753841974584,43.4956610662731],[-79.61664010895328,43.49498733228106],[-79.61641553103057,43.49498733228106],[-79.61551722023803,43.49633479926492],[-79.61574179726242,43.49633479926492],[-79.61641553103057,43.497682266156666],[-79.61664010895328,43.497682266156666],[-79.61843673143669,43.49880515507071],[-79.6186613093594,43.50015262222258],[-79.61955962015195,43.49970346615407],[-79.61978419807467,43.49970346615407],[-79.62045793094448,43.49992804395436],[-79.62135624173703,43.50082635527315],[-79.62113166381431,43.50172466625826],[-79.62225455342788,43.5015000879732],[-79.62270370927331,43.501949243708026],[-79.62292828719603,43.501949243708026],[-79.62315286511874,43.502847554926845],[-79.6224791313506,43.50352128918],[-79.6224791313506,43.504195021778365],[-79.6240511759113,43.505542489177124],[-79.62674610918722,43.505093332810084],[-79.62697068710995,43.505093332810084],[-79.6278689979025,43.505991644156815],[-79.62876730869503,43.505767066107346],[-79.6296656212842,43.50621622202227],[-79.63011477623132,43.50688995516635],[-79.63146224286929,43.505991644156815],[-79.63348344327541,43.50666537785283],[-79.63483090991339,43.505093332810084],[-79.62899188661775,43.50105093280638],[-79.62831815374793,43.50015262222258],[-79.62876730869503,43.49925431000235],[-79.62899188661775,43.49925431000235],[-79.6296656212842,43.49902973295422],[-79.63460633199068,43.50217382227716],[-79.63572922070593,43.5015000879732],[-79.63617837655134,43.50037719900382],[-79.63775042111203,43.50037719900382],[-79.6388733098273,43.49880515507071],[-79.63909788775003,43.49880515507071],[-79.63999619944087,43.49880515507071],[-79.64089451023342,43.497682266156666],[-79.64111908815613,43.497682266156666],[-79.64246655479411,43.497682266156666],[-79.6426911327168,43.49700853321118],[-79.64358944440768,43.496783954978255],[-79.64381402233039,43.49611022113285],[-79.64291570974122,43.49543648824207],[-79.64326969357386,43.49472852139083],[-79.64538576954872,43.496282575003924],[-79.6454063571384,43.49629757219027],[-79.64567984653169,43.4964986223621],[-79.64807913795943,43.49824604020835],[-79.649809408181,43.499506173469435],[-79.64886481708334,43.4998840103584],[-79.64875473303684,43.49992804395436],[-79.64605979886258,43.49790684430677],[-79.64538606599277,43.49790684430677],[-79.64381402233039,43.49947888817009],[-79.64403859935479,43.50037719900382],[-79.64336486558665,43.50172466625826],[-79.64314028766394,43.50172466625826],[-79.64246655479411,43.50217382227716],[-79.6426911327168,43.50307213276073],[-79.64134366607885,43.504419599812145],[-79.64134366607885,43.50531791075977],[-79.6406699323107,43.505542489177124],[-79.6406699323107,43.50666537785283],[-79.63999619944087,43.50711453294743],[-79.63932246567272,43.50688995516635],[-79.63909788775003,43.50756368926068],[-79.6388733098273,43.50756368926068],[-79.6388733098273,43.508012844186254],[-79.63909788775003,43.508012844186254],[-79.63963687422553,43.50814759053338],[-79.63999619944087,43.508237421698716],[-79.64022077736358,43.508237421698716],[-79.6403555246562,43.50810267490059],[-79.64111908815613,43.50733911119609],[-79.64179282102594,43.50778826714125],[-79.64228408989192,43.507591759912586],[-79.64291570974122,43.50733911119609],[-79.64381402233039,43.508237421698716],[-79.64336486558665,43.50980946695059],[-79.64314028766394,43.50980946695059],[-79.64246655479411,43.51025862210377],[-79.64291570974122,43.51093235573276],[-79.6426911327168,43.511606089007344],[-79.64314028766394,43.51227982192728],[-79.64336486558665,43.51227982192728],[-79.64291570974122,43.51340271100316],[-79.64381402233039,43.51407644471325],[-79.64471233312292,43.51407644471325],[-79.64514485396593,43.515157748858215],[-79.64516148807006,43.5151993342359],[-79.64381402233039,43.516322223058964],[-79.6434646800928,43.51789426683323],[-79.64336486558665,43.51834342305011],[-79.64403859935479,43.51789426683323],[-79.6442631772775,43.51789426683323],[-79.6446674155621,43.51802901326763],[-79.64493691104565,43.51811884470818],[-79.64498681784957,43.518268565432784],[-79.64516148807006,43.518792579180634],[-79.64538606599277,43.518792579180634],[-79.64516148807006,43.51969088987929],[-79.64538606599277,43.51969088987929],[-79.6455181695435,43.51988904549238],[-79.64583522183818,43.52036462308306],[-79.64561064391549,43.52081377914954],[-79.64695811055346,43.52148751219066],[-79.64707975681596,43.52185245163394],[-79.64713777271196,43.52202649854794],[-79.64718268757785,43.52216124487339],[-79.64713777181365,43.52222861857465],[-79.64740726639887,43.52216124487339],[-79.64853015511413,43.52305955687502],[-79.64992706053377,43.5213134324553],[-79.65002366176616,43.52119267926872],[-79.65032677759753,43.52081377914954],[-79.65062538208956,43.52063461726307],[-79.65069489372624,43.52059290991241],[-79.65144966721111,43.52014004509874],[-79.65234797800365,43.52103835592882],[-79.65212340008095,43.521936667714236],[-79.65189882215823,43.521936667714236],[-79.65144966721111,43.522385823150735],[-79.65149503662454,43.52256730327824],[-79.65167424423551,43.52328413376245],[-79.65189882215823,43.52305955687502],[-79.65212340008095,43.52305955687502],[-79.65234797710532,43.52328413376245],[-79.65257255412973,43.52350871176795],[-79.65279713295077,43.52373329024019],[-79.65302170997516,43.523733290891535],[-79.6532462887962,43.52373329024019],[-79.65392002166602,43.52373329024019],[-79.65435514313177,43.52525621146499],[-79.65436917840977,43.52530533502576],[-79.65439724896575,43.525291299912865],[-79.65571664504773,43.52463160097958],[-79.65639037791757,43.52530533502576],[-79.65751326663283,43.52530533502576],[-79.65930988911622,43.52687737922688],[-79.65975904496166,43.52687737922688],[-79.66020819990878,43.52552991202042],[-79.65998362288437,43.52552991202042],[-79.65818700040099,43.52485617917971],[-79.65751326663283,43.52395786787637],[-79.65773784455553,43.52328413376245],[-79.65841157832368,43.52283497915152],[-79.65953446703894,43.52328413376245],[-79.66065735575421,43.52283497915152],[-79.66200482329049,43.52373329024019],[-79.6622294012132,43.52373329024019],[-79.66307156819882,43.52310166506438],[-79.66312771200573,43.52305955687502],[-79.663202570415,43.52313441571322],[-79.6640260227983,43.52395786787637],[-79.66380144487557,43.52485617917971],[-79.66412810285561,43.52493784365403],[-79.66469975566812,43.52508075719509],[-79.66514891241188,43.52575449013293],[-79.66469975566812,43.52710195688212],[-79.66514891241188,43.52755111228949],[-79.66537349033457,43.52755111228949],[-79.6660472232044,43.5273265350039],[-79.66672095697255,43.528000268260215],[-79.66984554995732,43.52706289251095],[-79.67121251183359,43.52665280073553],[-79.6714370897563,43.52665280073553],[-79.67188624739836,43.52620364645508],[-79.673233713138,43.52485617917971],[-79.67345829016242,43.52485617917971],[-79.67368286808514,43.52350871176795],[-79.67458117887767,43.52261040124347],[-79.67570406759293,43.52305955687502],[-79.67570406759293,43.524897015990085],[-79.67570406759293,43.52508075719509],[-79.67660237928379,43.52575449013293],[-79.67692484931796,43.52567387281255],[-79.67722190870768,43.52559960788953],[-79.67750069097464,43.52552991202042],[-79.67952191024538,43.52350871176795],[-79.67985875062915,43.52317186789532],[-79.68025177973563,43.52277883247313],[-79.68064478009602,43.522385823150735],[-79.68102479261402,43.52229081963789],[-79.68122422759026,43.52243667844346],[-79.681335460582,43.522518029626404],[-79.68167230545734,43.522762298120306],[-79.68185899693296,43.522584653852476],[-79.68199291508057,43.52246112836376],[-79.6822168237584,43.52261040124347],[-79.68244140168109,43.52373329024019],[-79.68131851296585,43.52485617917971],[-79.68154309088857,43.52575449013293],[-79.6801956242506,43.52687737922688],[-79.68064478009602,43.52777569004161],[-79.6822168237584,43.52777569004161],[-79.68266597960381,43.528898579286086],[-79.68244140168109,43.528898579286086],[-79.68064478009602,43.53069520223266],[-79.68131851296585,43.53181809118106],[-79.6804202021733,43.532940980063536],[-79.68064478009602,43.532940980063536],[-79.68109393504312,43.53271640200584],[-79.68154309088857,43.533165557284946],[-79.68176766881128,43.533165557284946],[-79.68199224583569,43.533839291095155],[-79.68154309088857,43.53451302389101],[-79.68176766881128,43.53451302389101],[-79.68446260208722,43.53473760177059],[-79.68468718000993,43.53473760177059],[-79.68558549080248,43.53563591274053],[-79.68536091287976,43.53653422400417],[-79.68468718000993,43.536983380152996],[-79.68446260208722,43.536983380152996],[-79.68176766881128,43.53653422400417],[-79.68154309088857,43.53653422400417],[-79.68176766881128,43.536983380152996],[-79.68154309088857,43.536983380152996],[-79.68131851296585,43.53765711298723],[-79.6822168237584,43.53743253490985],[-79.68311513455093,43.53833084675928],[-79.68266597960381,43.54012746872845],[-79.6840134471401,43.54214866883628],[-79.68311513455093,43.54506817999627],[-79.68356429129467,43.54529275828251],[-79.68384501841422,43.54501203252668],[-79.68468718000993,43.543496135914125],[-79.68603464664791,43.543496135914125],[-79.68670838041606,43.542597824836534],[-79.6878312691313,43.54304698009504],[-79.68850500289946,43.54214866883628],[-79.68940331369198,43.54192409120923],[-79.68805584705402,43.53945373614711],[-79.68625922457063,43.538106269237595],[-79.68603464664791,43.53743253490985],[-79.68648380159502,43.53675880217118],[-79.68738211418419,43.53653422400417],[-79.68872957992386,43.53743253490985],[-79.68990861154774,43.53911687321959],[-79.68998721233847,43.539229158249384],[-79.69030162538284,43.53967831320834],[-79.69097535825269,43.539229158249384],[-79.69187366904522,43.53945373614711],[-79.69209824786626,43.539229158900575],[-79.69294041395355,43.53838699133461],[-79.69299655776047,43.53833084675928],[-79.69355312067286,43.538516367142776],[-79.69367029242694,43.5385554240957],[-79.69434402529676,43.53945373614711],[-79.69367029242694,43.54057662480961],[-79.6952423360893,43.53945373614711],[-79.69569149193474,43.53833084675928],[-79.69681438065001,43.538106269237595],[-79.69703895947103,43.53788169153063],[-79.69838642790563,43.536534225306646],[-79.69995846977136,43.53743253490985],[-79.70016001309358,43.53735191822016],[-79.70026471982479,43.537310035529735],[-79.70108135938496,43.536983380152996],[-79.70175509225476,43.53788169087941],[-79.70265340394563,43.538106269237595],[-79.70395033495898,43.53789011357607],[-79.70400086968527,43.53788169087941],[-79.70467460345344,43.538106269237595],[-79.70534833722157,43.53833084675928],[-79.70647122593682,43.53765711298723],[-79.70736953672939,43.5385554240957],[-79.70661062021442,43.53969380167735],[-79.70656694771856,43.53975931033598],[-79.70647122593682,43.53990289073547],[-79.70804327139584,43.54125035786685],[-79.70736953672939,43.54214866883628],[-79.7075941146521,43.54282240190736],[-79.70750892921032,43.54299277507895],[-79.7070240150267,43.5439626035102],[-79.70692038178225,43.54416986890284],[-79.71163651456601,43.54057662480961],[-79.71253482625686,43.54080120224662],[-79.71298398210229,43.54169951274563],[-79.71231025821562,43.5423732410687],[-79.71141193664329,43.54327155809732],[-79.71222939726363,43.543972241687115],[-79.71298398210229,43.54461902482055],[-79.71309459256155,43.54459891391905],[-79.71509106144957,43.54423591965335],[-79.71545433835384,43.54416986890284],[-79.71565849218025,43.543353253636226],[-79.71567891627656,43.54327155809732],[-79.71573508164306,43.543234114488676],[-79.7163526491464,43.54282240190736],[-79.71725095993892,43.54304698009504],[-79.71770011578435,43.5437207141966],[-79.72039504906031,43.54304698009504],[-79.72174251569827,43.54416986890284],[-79.72241624856811,43.543496135914125],[-79.72219167244202,43.54304698009504],[-79.72264082738914,43.54237324692909],[-79.72376371610439,43.54237324692909],[-79.72421287194982,43.54192409120923],[-79.72533576066509,43.54237324692909],[-79.72541061907432,43.54312183952211],[-79.72600949443321,43.5437207141966],[-79.72690780522578,43.542597824836534],[-79.72803069394101,43.542597824836534],[-79.72847984978644,43.5437207141966],[-79.72758153899392,43.54484360282672],[-79.72780611601831,43.546191068921004],[-79.72870442770916,43.54529275828251],[-79.72982731732276,43.5455173357321],[-79.73022033025954,43.54529275828251],[-79.73139936098512,43.54461902482055],[-79.73154374001422,43.54466715135399],[-79.73207309385492,43.54484360282672],[-79.73229767177764,43.5455173357321],[-79.73364513931395,43.54506817999627],[-79.7342065854682,43.54534890353726],[-79.73454345010649,43.5455173357321],[-79.73476802802921,43.54506818194964],[-79.7349926059519,43.54461902482055],[-79.73521718387462,43.544562880188295],[-79.73589091674447,43.54439444728002],[-79.73566633882174,43.5439452909913],[-79.73656464961428,43.54304698009504],[-79.73858585091871,43.54416986890284],[-79.73993331665838,43.5439452909913],[-79.74083162834923,43.54282240190736],[-79.7417299400401,43.54282240190736],[-79.74038247340214,43.54125035786685],[-79.74083162834923,43.540352047187305],[-79.74168574652137,43.54013851732656],[-79.7417299400401,43.54012746872845],[-79.74219783743729,43.54046987013914],[-79.74403220892556,43.54181222012891],[-79.7601453189229,43.55360213700721],[-79.76081905179274,43.55494960326575],[-79.76036989684562,43.555847913858635],[-79.7583486964395,43.55741995869965],[-79.75924700813037,43.55786911483348],[-79.75969616307748,43.558767426170554],[-79.7583486964395,43.56011489280162],[-79.75700122980152,43.56011489280162],[-79.75677665187882,43.56056404772438],[-79.75722580682593,43.56123778196717],[-79.75610291811067,43.56213609320334],[-79.75643978993547,43.56247296419364],[-79.75655207395609,43.562585248029734],[-79.75661623612528,43.56255316714103],[-79.75745038474865,43.56213609320334],[-79.75812411941509,43.562360671035115],[-79.75924700813037,43.563932715199385],[-79.7585732743622,43.56477488388079],[-79.7583486964395,43.565055604158275],[-79.75812411941509,43.56640307074852],[-79.75745038474865,43.566852226306395],[-79.75700122980152,43.56662764894611],[-79.75677665187882,43.56707680413122],[-79.75812411941509,43.5681996930626],[-79.75767496267135,43.56932258188882],[-79.76059447387001,43.571343781871775],[-79.76059447387001,43.571568359871925],[-79.76059447387001,43.57246667130842],[-79.75995282253393,43.57278749757217],[-79.75969616307748,43.57291582720862],[-79.75646563716116,43.57056637770388],[-79.75475545237101,43.56932258188882],[-79.75425015092202,43.56949101607579],[-79.75408171770455,43.5695471602662],[-79.75418740090446,43.56967926530059],[-79.75468059126682,43.570295753799584],[-79.75498002939543,43.57067004870431],[-79.75453087444829,43.571568359871925],[-79.75340798483474,43.57179293768554],[-79.75206051819676,43.57111920368502],[-79.75138678532694,43.57022089297743],[-79.75138678532694,43.5684242710706],[-79.74981473986793,43.5684242710706],[-79.74981473986793,43.56887342717809],[-79.7489164290754,43.56932258188882],[-79.75026389571335,43.570445471259596],[-79.75003931779062,43.571343781871775],[-79.74994307139279,43.57140794663524],[-79.7493655849208,43.57179293768554],[-79.74869185115267,43.571343781871775],[-79.74667065074655,43.57179293768554],[-79.74470559145243,43.57022089297743],[-79.74464945123876,43.57022089297743],[-79.7443260595331,43.57005919721529],[-79.74413983158816,43.57017770732864],[-79.74397571836892,43.57067004870431],[-79.74622149579943,43.572242092752965],[-79.74622149579943,43.57269124967722],[-79.74622149579943,43.57336498171144],[-79.74568250752728,43.57372430758765],[-79.74554776203128,43.57381413807089],[-79.74397571836892,43.57314040520418],[-79.74375114044621,43.57314040520418],[-79.74307740577973,43.57336498171144],[-79.74307740577973,43.57471244920046],[-79.7417299400401,43.57628449381005],[-79.7419545170645,43.57628449381005],[-79.74240367290993,43.576509072258965],[-79.74352656162517,43.57605991582515],[-79.74442487331605,43.57718280518331],[-79.74622149579943,43.577407382885035],[-79.74667065074655,43.578081116170765],[-79.74644607282384,43.57853027184493],[-79.74674551005413,43.57882971100428],[-79.74734438361638,43.579428582903205],[-79.74711980659197,43.58010231569865],[-79.74601958776123,43.580542403782474],[-79.74599691787671,43.58055147191328],[-79.7458846994331,43.580439254105116],[-79.74532318680353,43.57987774284238],[-79.74487402916148,43.579428582903205],[-79.74464945034043,43.579428583553934],[-79.74451153648644,43.5793891789012],[-79.74307740577973,43.57897942677168],[-79.74189838313902,43.57989645001231],[-79.74105620627195,43.58055147191328],[-79.74015789458109,43.57965316068861],[-79.74060705132484,43.57830569377587],[-79.74038247340214,43.578155975682414],[-79.73993331665838,43.57785653772794],[-79.73996539909044,43.57798486827627],[-79.7399741486813,43.57801986746928],[-79.7401060689757,43.57854754969946],[-79.74015789458109,43.578754849076375],[-79.740068063951,43.578889595533774],[-79.73970873873566,43.579428582903205],[-79.73948416171126,43.579428582903205],[-79.73889464679763,43.57962508777914],[-79.73881042794312,43.57965316068861],[-79.73875428233954,43.580046183300496],[-79.73858585091871,43.58122520515847],[-79.7417299400401,43.583246405208214],[-79.74285282875533,43.58459387216726],[-79.74577233995402,43.584369293940846],[-79.74554776203128,43.58392013887891],[-79.74644607282384,43.583021827811486],[-79.74779354036012,43.583246405208214],[-79.74801811828284,43.58392013887891],[-79.7495901619452,43.58347098306859],[-79.75071305066047,43.58392013887891],[-79.75071305066047,43.58347098306859],[-79.75183594027403,43.58279725022769],[-79.75093762858319,43.581449782749814],[-79.75183594027403,43.58055147191328],[-79.75453087444829,43.58122520515847],[-79.75632749603339,43.579877738287074],[-79.75677665187882,43.579877738287074],[-79.75745038474865,43.579877738287074],[-79.75830378067529,43.58073113450212],[-79.7583486964395,43.58077605006554],[-79.7585732743622,43.583021827811486],[-79.75879785228493,43.583021827811486],[-79.7593089586473,43.582789508603945],[-79.76126820763815,43.581898939323835],[-79.76261567427613,43.58257267180618],[-79.76306483012156,43.581898939323835],[-79.76373856299139,43.58167436080496],[-79.76396314091411,43.58167436080496],[-79.76643349716564,43.58347098306859],[-79.7673318079582,43.582348093848324],[-79.76845469667346,43.583021827811486],[-79.76980216420974,43.583021827811486],[-79.77002674213246,43.583021827811486],[-79.7701315449834,43.582812222005934],[-79.77047589707958,43.58212351570349],[-79.77182336371754,43.58212351570349],[-79.7713742069738,43.58122520450773],[-79.7711496308477,43.58077605006554],[-79.77204794164027,43.579877738287074],[-79.77218004608932,43.57995700115173],[-79.77317083125382,43.58055147191328],[-79.7742937199691,43.58010231569865],[-79.77496745283891,43.58032689422483],[-79.77519203076162,43.58032689422483],[-79.77564118570874,43.581000626729384],[-79.77541660868435,43.581449782749814],[-79.77676407532232,43.582348093848324],[-79.77698865324504,43.581898939323835],[-79.77721323116774,43.581898939323835],[-79.77676407532232,43.581000626729384],[-79.77721323116774,43.58010231569865],[-79.77788696403758,43.579877738287074],[-79.77811154196029,43.579877738287074],[-79.77900985275284,43.58032689422483],[-79.78035732028911,43.57897942677168],[-79.78103105405728,43.57920400493087],[-79.78125563108166,43.57920400493087],[-79.7817047869271,43.58010231569865],[-79.78058189821184,43.58122520515847],[-79.78099022203432,43.58224601380545],[-79.78103105405728,43.582348093848324],[-79.78091876554507,43.58246038293201],[-79.7801327423664,43.583246405208214],[-79.77945900859827,43.583021827811486],[-79.77923443067554,43.58392013887891],[-79.78080647613456,43.58504302805868],[-79.78080647613456,43.5857916228735],[-79.78080647613456,43.585941338897435],[-79.78103105405728,43.58616591711524],[-79.78136791959385,43.58650278254568],[-79.78148020900437,43.58661507168803],[-79.78144277890142,43.58672736127157],[-79.78133048949091,43.5870642300668],[-79.78125563108166,43.58728880604731],[-79.78118077267241,43.58728880604731],[-79.78103105405728,43.58728880604731],[-79.7807316177253,43.58748842995596],[-79.78035732028911,43.5877379607001],[-79.78080647613456,43.58841169485368],[-79.78058189821184,43.589310006171836],[-79.78125563108166,43.58886085023664],[-79.78215394277251,43.589310006171836],[-79.78237851979692,43.589310006171836],[-79.78260309771963,43.58998373899516],[-79.7819293648498,43.59110662827568],[-79.78462429812575,43.59357698368778],[-79.78439972020304,43.59447529468304],[-79.78417514317863,43.59447529468304],[-79.78305225356507,43.59582276205656],[-79.78327683058947,43.59582276205656],[-79.78442013441787,43.596639409188924],[-79.78484887604847,43.596945651039206],[-79.78484887604847,43.59806853988578],[-79.78417514317863,43.598517694761505],[-79.78404039408939,43.598517694761505],[-79.7817047869271,43.598517694761505],[-79.78080647613456,43.59761938425949],[-79.78103105405728,43.59672107270705],[-79.78035732028911,43.596945651039206],[-79.7801327423664,43.596945651039206],[-79.77968358741929,43.59649649483787],[-79.77609034155417,43.5973948058396],[-79.77519203076162,43.59627191678109],[-79.77496745283891,43.59627191678109],[-79.77406914204637,43.59627191678109],[-79.77339540917654,43.595373605931215],[-79.7729462533311,43.59627191678109],[-79.77070047500227,43.5973948058396],[-79.77070047500227,43.59806853988578],[-79.77070047500227,43.59874227289367],[-79.77137420787211,43.59896685083822],[-79.77204794164027,43.598293117092204],[-79.77491754783162,43.59867573152909],[-79.77541660868435,43.59874227289367],[-79.77586576452977,43.59851769541207],[-79.7763149203752,43.598293117092204],[-79.77698865324504,43.598517694761505],[-79.77721323116774,43.598517694761505],[-79.77766238701317,43.59806853988578],[-79.7801327423664,43.59806853988578],[-79.78035732028911,43.59806853988578],[-79.78103105405728,43.59896685083822],[-79.78125563108166,43.59896685083822],[-79.78103105405728,43.59964058419613],[-79.78040722709305,43.5998745200016],[-79.7799298830123,43.60005352382549],[-79.77956108146904,43.60019182395771],[-79.77923443067554,43.6003143178163],[-79.77900985275284,43.6003143178163],[-79.77406914204637,43.60076347284124],[-79.77384456412366,43.60076347284124],[-79.77339540917654,43.60166178389059],[-79.77227251956297,43.60166178389059],[-79.77182336371754,43.60211093991486],[-79.77047589707958,43.60211093991486],[-79.76980216420974,43.60143720689782],[-79.76823011875074,43.60098805104785],[-79.76508602962936,43.60256009583839],[-79.75632749603339,43.603233829290666],[-79.75610291900898,43.60368298528731],[-79.75589331240879,43.604102197821064],[-79.75587834108626,43.6041321398819],[-79.7569666743075,43.60444309279963],[-79.75745038474865,43.60458129567643],[-79.7583486964395,43.605479606961964],[-79.7585732743622,43.60503045071933],[-79.75812411941509,43.60435671787311],[-79.75851890382964,43.603961936337996],[-79.75873369011576,43.603747150062986],[-79.75924700813037,43.603233829290666],[-79.7601453189229,43.60345840673243],[-79.76024444352292,43.603607094609714],[-79.76037398238353,43.60380140255037],[-79.7604923929144,43.60397901890104],[-79.76059447387001,43.6041321398819],[-79.76089391289693,43.60398242162268],[-79.76144055032374,43.603709104600476],[-79.76189587220527,43.603481443437886],[-79.76284025219884,43.603009251010576],[-79.76531060755208,43.603009251010576],[-79.76547076009925,43.60320944270307],[-79.76558366036416,43.603350568501504],[-79.76620891924294,43.6041321398819],[-79.76575976429582,43.60480587394234],[-79.76525446913503,43.60503045071933],[-79.76373856299139,43.60570418512657],[-79.76140295493079,43.60570418512657],[-79.76126820763815,43.60570418512657],[-79.76130783861355,43.60586271103555],[-79.76149278466256,43.60660249590548],[-79.76126820763815,43.606827074431166],[-79.76089391289693,43.607201369243484],[-79.76059447387001,43.607500806928854],[-79.76034948083417,43.60741914243079],[-79.75945431234848,43.60712075222619],[-79.75924700813037,43.607051650817475],[-79.75919086432341,43.607276228967194],[-79.75912880960192,43.60752444960969],[-79.75902243020765,43.60794996293858],[-79.7593592939476,43.60806225044126],[-79.75969616307748,43.6081745396857],[-79.75992074100017,43.6081745396857],[-79.76036989684562,43.6090728519484],[-79.75992074100017,43.6097465853088],[-79.75969616307748,43.6097465853088],[-79.75879785228493,43.60997116315299],[-79.7583486964395,43.61131863016974],[-79.75722580682593,43.61221694100286],[-79.75587834108626,43.61266609626576],[-79.75475545237101,43.61154320669692],[-79.75453087444829,43.61221694100286],[-79.75363256275743,43.61244151872846],[-79.75247758801686,43.61147904113127],[-79.75228509611948,43.61131863016974],[-79.75183594027403,43.61131863016974],[-79.75161136324964,43.61131863016974],[-79.7495901619452,43.61244151872846],[-79.7495901619452,43.61245556411727],[-79.7495901619452,43.61266609626576],[-79.7493655849208,43.61266609626576],[-79.7493655849208,43.61258188791752],[-79.7493655849208,43.61244151872846],[-79.74869185115267,43.61221694100286],[-79.74846727322996,43.61131863016974],[-79.74622149579943,43.61154320669692],[-79.74487402916148,43.6095220072765],[-79.74655553972774,43.60814623225777],[-79.74697991105447,43.607799016374315],[-79.74734438361638,43.607500806928854],[-79.7475689624374,43.607500806928854],[-79.74711980659197,43.606827073780714],[-79.74734438451469,43.60592876245281]],[[-79.73993331665838,43.59649649483787],[-79.74128078419466,43.59514902823784],[-79.74150536211737,43.59514902823784],[-79.74262825083264,43.59559818408764],[-79.74330198370245,43.59492445100745],[-79.74352656162517,43.59492445100745],[-79.74420029539333,43.59492445100745],[-79.74442487331605,43.59492445100745],[-79.74424521115753,43.59465495735486],[-79.74397571836892,43.59425071689013],[-79.74352656162517,43.59447529468304],[-79.74240367290993,43.593801562043126],[-79.74136847413943,43.59248405712595],[-79.74136769530008,43.592483065587345],[-79.74128078419466,43.59245409495462],[-79.7398237689061,43.59640885744956],[-79.73993331665838,43.59649649483787]],[[-79.75071305066047,43.59245409495462],[-79.75048847363607,43.590432895009144],[-79.7489164290754,43.590432895009144],[-79.74801811828284,43.58953458418378],[-79.74846727322996,43.58863627231348],[-79.74869185115267,43.58863627231348],[-79.7493655849208,43.58841169485368],[-79.7489164290754,43.5877379607001],[-79.7491410069981,43.587064228114734],[-79.74981473986793,43.58661507168803],[-79.75048847363607,43.58683964999501],[-79.75071305066047,43.58683964999501],[-79.75183594027403,43.58818711720664],[-79.75206051819676,43.58953458418378],[-79.75340798483474,43.58953458418378],[-79.75363256275743,43.58953458418378],[-79.75453087444829,43.58841169485368],[-79.75408171770455,43.587064228114734],[-79.75542918524086,43.58571676114311],[-79.75542918524086,43.58526760507308],[-79.75475545237101,43.58571676114311],[-79.75453087444829,43.58571676114311],[-79.75385713978184,43.58549218320168],[-79.75368870656438,43.58498688399956],[-79.75363256275743,43.58481845020655],[-79.75340798483474,43.58481845020655],[-79.75363256275743,43.58414471617807],[-79.75340798483474,43.58414471617807],[-79.75206051819676,43.58504302805868],[-79.75071305066047,43.58459387216726],[-79.75071305066047,43.58504302805868],[-79.74981473986793,43.58571676114311],[-79.7489164290754,43.58571676114311],[-79.7491410069981,43.58639049384453],[-79.74869185115267,43.587064228114734],[-79.74801811828284,43.58728880604731],[-79.74711980659197,43.58616591711524],[-79.74689522866927,43.58616591711524],[-79.74622149579943,43.58616591711524],[-79.74598243254276,43.58631804949404],[-79.74375114044621,43.5877379607001],[-79.74330198370245,43.587513383142],[-79.74330198370245,43.58841169485368],[-79.74352656162517,43.58841169485368],[-79.74442487331605,43.5877379607001],[-79.74532318410859,43.58818711720664],[-79.74554776203128,43.58818711720664],[-79.74577233995402,43.58886085023664],[-79.74509860708417,43.58953458418378],[-79.74532318410859,43.58998373899516],[-79.74554776203128,43.58998373899516],[-79.74644607282384,43.58953458418378],[-79.74667065074655,43.58953458418378],[-79.74869185115267,43.59110662827568],[-79.75003931779062,43.591555783717425],[-79.75048847363607,43.59245409495462],[-79.75071305066047,43.59245409495462]],[[-79.73409429515937,43.57022089297743],[-79.73521718387462,43.56909800397583],[-79.7369857340054,43.56949101607579],[-79.73723838428074,43.5695471602662],[-79.73768753922786,43.56864884889217],[-79.73858585091871,43.5684242710706],[-79.73874917990872,43.568383439004464],[-79.73865495202531,43.568320620287],[-79.7381366950733,43.56797511486809],[-79.73791211715059,43.56707680413122],[-79.73521718387462,43.566852226306395],[-79.73281986335064,43.56851191470883],[-79.73277559167846,43.56854256440523],[-79.73409429515937,43.57022089297743]],[[-79.72992173025911,43.56787785041566],[-79.72847984978644,43.56707680413122],[-79.72758153899392,43.5681996930626],[-79.72735695837625,43.56812483288964],[-79.72780611601831,43.56887342717809],[-79.72992173025911,43.56787785041566]],[[-79.7233145611573,43.5681996930626],[-79.72308998323457,43.56730138176964],[-79.72353913818168,43.56662764894611],[-79.72443744987253,43.56640307074852],[-79.72533576066509,43.566852226306395],[-79.72556033768947,43.566852226306395],[-79.72572075074807,43.566050163343206],[-79.72533576066509,43.566178493015435],[-79.72466202689694,43.565729336990145],[-79.72447487907716,43.56460645082603],[-79.72429561038075,43.56445279055682],[-79.72353913818168,43.564831025958036],[-79.72264082738914,43.56460644822238],[-79.72196709362099,43.5652801821722],[-79.72196709362099,43.566178493015435],[-79.72163022628776,43.56640307139939],[-79.72174251569827,43.56662764894611],[-79.72061962698302,43.567750537788974],[-79.72196709362099,43.5684242710706],[-79.7233145611573,43.5681996930626]],[[-79.74246783687572,43.568552600891955],[-79.74255679434336,43.568730514589504],[-79.74262825083264,43.56864884889217],[-79.74246783687572,43.568552600891955]],[[-79.72881671622136,43.562697539467784],[-79.72892900473357,43.562360671035115],[-79.7301641621981,43.56135009544538],[-79.7305513342889,43.561033317742606],[-79.73139936098512,43.56033946970511],[-79.72915358265628,43.55899200419064],[-79.72847984978644,43.559665737134395],[-79.72735696107121,43.559665737134395],[-79.72690780522578,43.56056404772438],[-79.72584481617366,43.56056404772438],[-79.72551786444451,43.56117708116352],[-79.72488660481966,43.562360671035115],[-79.72578491561218,43.56213609320334],[-79.72713238314849,43.563034404063984],[-79.72870442770916,43.563034404063984],[-79.72881671622136,43.562697539467784]],[[-79.68917873576927,43.548886003203926],[-79.69030162538284,43.547987691707895],[-79.69142450421664,43.54843684522283],[-79.69243124166398,43.548839539009805],[-79.69254740281337,43.548886003203926],[-79.69282302570547,43.548671631760605],[-79.69456860321948,43.547313957764324],[-79.69400715886185,43.54712681064232],[-79.69389487034965,43.54708938114819],[-79.69375196096438,43.54721187628579],[-79.69232282489065,43.54843684717615],[-79.69097535825269,43.54776311369529],[-79.69022676427866,43.54783797312578],[-79.68995455049306,43.54786519424029],[-79.68872957992386,43.547987691707895],[-79.6878312691313,43.546864803044215],[-79.68793764852558,43.5465456676919],[-79.68828042497674,43.5455173357321],[-79.68917873576927,43.54484360282672],[-79.68693295833876,43.54529275828251],[-79.68527925242718,43.546211484664724],[-79.68501345261271,43.5465215823909],[-79.68491175793264,43.546640224754675],[-79.68645171916296,43.54760270152607],[-79.68670838041606,43.54753853614817],[-79.68850500289946,43.548886003203926],[-79.68872957992386,43.548886003203926],[-79.68917873576927,43.548886003203926]],[[-79.72308998323457,43.54529275828251],[-79.7237387609058,43.54594154246092],[-79.72443744987253,43.54506817999627],[-79.72376371610439,43.54484360282672],[-79.72368885679681,43.54469388490003],[-79.72308998323457,43.54529275828251]],[[-79.59328401756738,43.55113178131586],[-79.59261028469754,43.551805514252564],[-79.59238570677483,43.551805514252564],[-79.59126281805959,43.551805514252564],[-79.59058908429144,43.551805514252564],[-79.58969077260056,43.551805514252564],[-79.5899153514216,43.55247924812127],[-79.59013992934432,43.55247924812127],[-79.59328401756738,43.55292840332175],[-79.59373317431113,43.55360213700721],[-79.59328401756738,43.55450044815581],[-79.58946619467787,43.55450044815581],[-79.58879246180803,43.555174181192854],[-79.58766957309277,43.55450044815581],[-79.58742771877053,43.55474230332643],[-79.58722041814566,43.55494960326575],[-79.58766957309277,43.556072491692966],[-79.58689104276189,43.55714298318704],[-79.58587295060937,43.558542847964375],[-79.58497463981685,43.558767426170554],[-79.58407632812597,43.55831827022313],[-79.58340259525613,43.55899200419064],[-79.58227970564256,43.558767426170554],[-79.58183054979715,43.55921658072271],[-79.58160597277273,43.55921658072271],[-79.58055794067012,43.55876742551957],[-79.5811568169273,43.559665737134395],[-79.58003392821206,43.56101320385546],[-79.58093223900461,43.56123778196717],[-79.58138139485003,43.56213609320334],[-79.58017214839157,43.56325898180176],[-79.57917428809586,43.564185563683466],[-79.57835375433893,43.56494747580221],[-79.57823730572865,43.565055604158275],[-79.57868645977744,43.56528018152128],[-79.5790457858911,43.56545984411071],[-79.5791356174195,43.5655047599998],[-79.57924791042329,43.56539246988882],[-79.57952352612887,43.565116858234525],[-79.58093224349616,43.56370813932223],[-79.58183054979715,43.562809826139976],[-79.58272886238632,43.562360671035115],[-79.58340259525613,43.562585248029734],[-79.58385175110158,43.56370813671853],[-79.58284115808503,43.56460644822238],[-79.58183056596681,43.565504745679846],[-79.58183054979715,43.56550476065072],[-79.58227970564256,43.56640307074852],[-79.58250428356529,43.56640307074852],[-79.58359036021851,43.56705471615745],[-79.58362717317885,43.56707680413122],[-79.5836403829051,43.56699754774436],[-79.58385175110158,43.565729336990145],[-79.58452548397139,43.5652801821722],[-79.58519921684123,43.5655047599998],[-79.58609752943039,43.56460644822238],[-79.58699584022294,43.564831025958036],[-79.58744499517007,43.5655047599998],[-79.58677126230023,43.56640307074852],[-79.58699584022294,43.56730138176964],[-79.58654668437751,43.56797511486809],[-79.58632210555649,43.56797511486809],[-79.58632210555649,43.56887342717809],[-79.58564837268665,43.56932258188882],[-79.58545186711657,43.56926643748904],[-79.58407632812597,43.56887342717809],[-79.58317801733344,43.56977173780617],[-79.58317801733344,43.57029575314872],[-79.58317801733344,43.570894627264224],[-79.58407632812597,43.571568359871925],[-79.58475006189411,43.571568359871925],[-79.58542379476393,43.570894627264224],[-79.58566878869811,43.57101712478091],[-79.5859852409182,43.571175350262735],[-79.58632210555649,43.571343781871775],[-79.58633707687902,43.57140366929017],[-79.58654668437751,43.572242092752965],[-79.58632210555649,43.572242092752965],[-79.58609752943039,43.57291582720862],[-79.58699584022294,43.57336498171144],[-79.58722041814566,43.57493702700422],[-79.58766957309277,43.57516160527204],[-79.5885678838853,43.574487871210025],[-79.58969077260056,43.57516160527204],[-79.58973568836477,43.5750717741956],[-79.59013992934432,43.57426329368369],[-79.59148739598231,43.57426329368369],[-79.5925518187456,43.573317146884705],[-79.5935085963884,43.57246667130842],[-79.59373317431113,43.57246667130842],[-79.59413360104395,43.57273362324114],[-79.59418232925823,43.57269124902638],[-79.59485606302638,43.57067004870431],[-79.59597895084333,43.57022089297743],[-79.59620352876603,43.5695471602662],[-79.59620352876603,43.56707680413122],[-79.5953052179735,43.56707680413122],[-79.59304071965245,43.56460644822238],[-79.59283486172195,43.564381870951266],[-79.59261028469754,43.56370813671853],[-79.59305943964466,43.563034404063984],[-79.59328401756738,43.563034404063984],[-79.59378931721974,43.56286597069943],[-79.59395775133554,43.562809826139976],[-79.59436784573745,43.56315157405827],[-79.5953052179735,43.563932715199385],[-79.59543995628296,43.563932715199385],[-79.59582922953324,43.563932715199385],[-79.59665268461146,43.563932715199385],[-79.59710183955858,43.5652801821722],[-79.59732641837961,43.5652801821722],[-79.59822472917216,43.565055604158275],[-79.59844930709485,43.565055604158275],[-79.599123040863,43.5655047599998],[-79.59934761788742,43.5655047599998],[-79.60024592957828,43.564831025958036],[-79.60058666775207,43.56525695054137],[-79.60114424126913,43.565953915096],[-79.60117794965184,43.565953915096],[-79.60136881919185,43.565953915096],[-79.60518664118304,43.56213609320334],[-79.6072781554214,43.55919261635883],[-79.6091108946708,43.55661320661995],[-79.60984003472905,43.555586979284556],[-79.61036291261487,43.5548510450333],[-79.61031551660217,43.554791797389434],[-79.6099027748651,43.554275870321966],[-79.60922904109695,43.554725025803734],[-79.60906060698119,43.554725025803734],[-79.60630952989831,43.554725025803734],[-79.60608495197559,43.554725025803734],[-79.60541121910576,43.55405129230224],[-79.60518664118304,43.55405129230224],[-79.60473748533762,43.554275870321966],[-79.6042883303905,43.553826714096616],[-79.60406375156948,43.553826714096616],[-79.60181797413897,43.554275870321966],[-79.5988984629403,43.552703824837835],[-79.59869980500679,43.552306511756434],[-79.59847010219538,43.55184710431534],[-79.59844930709485,43.551805514252564],[-79.59779070904094,43.55173233687076],[-79.5970225776078,43.55164698853755],[-79.59700551590561,43.551645092658845],[-79.59642810668876,43.55158093614172],[-79.596379285948,43.551727399910604],[-79.59620352876603,43.55225466991685],[-79.59597895084333,43.55225466991685],[-79.5953052179735,43.55247924812127],[-79.59418232925823,43.55135635914722],[-79.59395775133554,43.55135635914722],[-79.59328401756738,43.55113178131586]],[[-79.62182492785504,43.57691917049648],[-79.62225455342788,43.57695822729477],[-79.6221422649157,43.576284495762444],[-79.62182492785504,43.57691917049648]]],[[[-79.74734438451469,43.60592876245281],[-79.74553048742837,43.60774266263301],[-79.74532318410859,43.60794996293858],[-79.74487402916148,43.60800610704133],[-79.74352656162517,43.6081745396857],[-79.7434517086058,43.6081745396857],[-79.74330198370245,43.6081745396857],[-79.74245360486668,43.60847396992471],[-79.74131043129398,43.60887744423183],[-79.73948416171126,43.6095220072765],[-79.73877765650323,43.609875264144556],[-79.73589091674447,43.61131863016974],[-79.73113382797028,43.61307429812695],[-79.73109520490463,43.61308855214423],[-79.73091048882435,43.61315672306022],[-79.72358795802411,43.615859098616276],[-79.7191031818502,43.61751414275716],[-79.7170263820162,43.61828054113948],[-79.71704922437725,43.618349068407085],[-79.71710124222209,43.61850512223442],[-79.71725095993892,43.61895427475422],[-79.71682987644613,43.61979644383782],[-79.71680180499182,43.619852585986315],[-79.71687666160445,43.619852585986315],[-79.7170263820162,43.619852585986315],[-79.71811718560447,43.62039798800496],[-79.7183738486542,43.620526318894115],[-79.71859842747523,43.62045145940462],[-79.71972131619047,43.62007716316045],[-79.71994589411318,43.62007716316045],[-79.72061962698302,43.620526318894115],[-79.72151793777554,43.61962800797333],[-79.72148696296625,43.619535085286095],[-79.72129335985285,43.61895427475422],[-79.72174251569827,43.61828054113948],[-79.72196709362099,43.61828054113948],[-79.72241624856811,43.618055963107714],[-79.7233145611573,43.61850511898274],[-79.72387601988795,43.6196280391888],[-79.7239882940271,43.619852585986315],[-79.72405348476728,43.61988155968454],[-79.72600949443321,43.620750896803294],[-79.72645865027864,43.62142463004968],[-79.72623407235594,43.622098364200035],[-79.72600949443321,43.622098364200035],[-79.72645865027864,43.62322125306266],[-79.72556033768947,43.623894985937234],[-79.72623407235594,43.62479329682967],[-79.72735696107121,43.624344141760865],[-79.72847984978644,43.62524245309439],[-79.72862956840159,43.62509273601292],[-79.73005189434713,43.623670408067525],[-79.73027647226985,43.623670408067525],[-79.73139936098512,43.623670408067525],[-79.73184851683055,43.62456871906449],[-79.73174708445855,43.62469913426232],[-79.7312936723953,43.62528209823423],[-79.73058527174204,43.62619289728591],[-79.73027647226985,43.62658991995957],[-79.73027647226985,43.627712808157185],[-79.73207309385492,43.62928485280567],[-79.73184851683055,43.63130605312131],[-79.73274682762307,43.63197978705968],[-79.73274682762307,43.63287809806516],[-79.73707730557052,43.630807006713255],[-79.73791211715059,43.630407742025454],[-79.7417299400401,43.627039075154805],[-79.74227790787184,43.62594314106439],[-79.74240367290993,43.62569160795391],[-79.74307740577973,43.62546703094364],[-79.7436163940519,43.62582635531795],[-79.74375114044621,43.6259161860759],[-79.74397571836892,43.62681449667626],[-79.74386342985672,43.627039075154805],[-79.74330198370245,43.62816196406514],[-79.73993331665838,43.63130605312131],[-79.73409429515937,43.63467472010388],[-79.73252224970037,43.63489929782054],[-79.73274682762307,43.63534845268637],[-79.73229767177764,43.636022186817314],[-79.73207309385492,43.636022186817314],[-79.7311747830624,43.63624676469936],[-79.73095020603799,43.63624676469936],[-79.73095020603799,43.63669591989587],[-79.7311747830624,43.63669591989587],[-79.73207309385492,43.637369653872156],[-79.73229767177764,43.637369653872156],[-79.73268266186065,43.638717119966046],[-79.73274682762307,43.63894169817788],[-79.73382813961204,43.639320161183406],[-79.7337949881848,43.6393503041464],[-79.7330661212144,43.639761765846046],[-79.73293859727498,43.63983376293498],[-79.73273565976746,43.63994833126887],[-79.73261278820291,43.64001769587203],[-79.73256464209695,43.64004486622105],[-79.73251244638567,43.64007431581259],[-79.73249578263714,43.640083714974985],[-79.73191861237216,43.640409338030494],[-79.73189936417056,43.64042019725939],[-79.72971865351272,43.639245970657534],[-79.72915358265628,43.63894169817788],[-79.72892900473357,43.63894169817788],[-79.72847984978644,43.63894169817788],[-79.72892900473357,43.639840009131994],[-79.72915358265628,43.639840009131994],[-79.72892900473357,43.640513742960096],[-79.72780611601831,43.64096289811551],[-79.72690780522578,43.640064587047355],[-79.72623407235594,43.640513742960096],[-79.72600949443321,43.640513742960096],[-79.72533576066509,43.64028916477335],[-79.72511118274237,43.63961543167744],[-79.72488660481966,43.63961543167744],[-79.72511118274237,43.639166276200385],[-79.72488660481966,43.639166276200385],[-79.7239882940271,43.63826796492505],[-79.72376371610439,43.63826796492505],[-79.72353913818168,43.638492542865265],[-79.72376371610439,43.63961543167744],[-79.72353913818168,43.63984001108228],[-79.72286540531186,43.640513742960096],[-79.72174251569827,43.639840009131994],[-79.72013964455029,43.64024072718687],[-79.71994589411318,43.64028916477335],[-79.71981304585908,43.64017845933403],[-79.7185984265769,43.639166276200385],[-79.71747553786163,43.63961543167744],[-79.716185008243,43.63853999108156],[-79.71612807122368,43.638492542865265],[-79.71396251963623,43.640513742960096],[-79.71275940417958,43.64163663170359],[-79.71259900639232,43.64163663170359],[-79.71253482625686,43.64163663170359],[-79.71163651456601,43.642310364887315],[-79.71073820377346,43.642085786915416],[-79.71028904882635,43.64141205381358],[-79.71037887945644,43.64114256365808],[-79.71051362585074,43.64073832095753],[-79.71073820377346,43.64073832095753],[-79.71168873543009,43.639934035511814],[-79.71336577148794,43.63851499859774],[-79.71365771587044,43.63826796557518],[-79.71388229289485,43.637369653872156],[-79.71365771497213,43.637369653872156],[-79.71275940417958,43.636920497860494],[-79.71163651456601,43.637818809126955],[-79.71096278169617,43.637594231269134],[-79.71051362585074,43.63647134174207],[-79.71073820377346,43.63647134174207],[-79.71118735961889,43.63557303113591],[-79.71098773509814,43.63552312495857],[-79.71058848336169,43.63542331182937],[-79.71028904882635,43.63534845268637],[-79.70908341898522,43.63434376323947],[-79.70894158218837,43.63422556475348],[-79.70871700426567,43.63332725308387],[-79.70849242634294,43.63332725308387],[-79.70804327139584,43.63310267599414],[-79.70781869257482,43.6322043637942],[-79.70826784842022,43.63130605312131],[-79.7075809031292,43.630883322111096],[-79.70534833722157,43.629509431157544],[-79.7045623131446,43.62872341235807],[-79.70377629176257,43.627937385880486],[-79.70197967017748,43.62861111986792],[-79.7022042481002,43.62928485280567],[-79.70175509225476,43.62973400932045],[-79.70153051523037,43.631755208835735],[-79.70130593730765,43.631755208835735],[-79.69995846977136,43.63310267599414],[-79.69950931392593,43.63287809806516],[-79.69928473690155,43.63287809806516],[-79.69883558105612,43.6322043637942],[-79.69906015897882,43.62973400932045],[-79.69928473690155,43.62928485280567],[-79.69950931392593,43.62928485280567],[-79.69906015897882,43.627712808157185],[-79.69950931392593,43.627039075154805],[-79.70130593730765,43.62636534175363],[-79.70002485976244,43.625244403229104],[-79.69992960690129,43.625161057186176],[-79.6996986410586,43.62495896045071],[-79.69948120923397,43.62479329682967],[-79.69928473690155,43.62479329682967],[-79.69875277704817,43.624881957352855],[-79.69836281928164,43.62494695005998],[-79.69793727026357,43.625017875056386],[-79.6960176172138,43.6258177628432],[-79.69494292580849,43.626265564134144],[-79.68592828162669,43.630021645989935],[-79.68625922457063,43.630407742025454],[-79.68603464664791,43.631755208835735],[-79.6855242436664,43.63206145136474],[-79.68491175793264,43.63242894229031],[-79.68423802416451,43.63242894229031],[-79.68311513455093,43.63153063107301],[-79.68300284603873,43.63119376350565],[-79.68289055842484,43.63085689795131],[-79.68326485406439,43.63029545398251],[-79.68311513365262,43.63007087401615],[-79.68289055842484,43.62995858599401],[-79.68154309088857,43.63153063107301],[-79.67893579904838,43.63255493674834],[-79.67525491264583,43.63400098711973],[-79.67435660185326,43.63355183128489],[-79.67435660185326,43.6334469318299],[-79.67435660185326,43.633285433864806],[-79.67435660185326,43.633279636257164],[-79.67435660185326,43.63242894229031],[-79.6788481567143,43.630407742025454],[-79.67705153512921,43.62973400932045],[-79.67660237928379,43.63063232008284],[-79.67570406759293,43.63085689795131],[-79.67435660185326,43.6322043637942],[-79.67255997936986,43.63265351994715],[-79.671661667679,43.63153063107301],[-79.67278083108079,43.63075583388558],[-79.67385129770932,43.630014740109594],[-79.67458117887767,43.629509431157544],[-79.67458117887767,43.629284855406546],[-79.67458117887767,43.62906027491515],[-79.67390744600783,43.62883569683575],[-79.67278455729257,43.63018316377912],[-79.66986504609392,43.63130605312131],[-79.6696404681712,43.63124990866479],[-79.66896673440306,43.63108147498059],[-79.66874215737866,43.630407742025454],[-79.66694553399695,43.62995858599401],[-79.66593494726861,43.630183161178266],[-79.66492433359083,43.630407742025454],[-79.66290313408304,43.631755208835735],[-79.6622294012132,43.63153063107301],[-79.66178024536777,43.63085689795131],[-79.66200482329049,43.62995858599401],[-79.66469975566812,43.62838654206096],[-79.66492433359083,43.627712808157185],[-79.664250600721,43.62681449667626],[-79.66537349033457,43.6259161860759],[-79.66497717698742,43.62578408220312],[-79.66480340687886,43.62572615868892],[-79.6640260227983,43.62546703094364],[-79.66357686695285,43.62479329682967],[-79.66380144487557,43.624344141760865],[-79.66327872688986,43.62399566292044],[-79.66312771200573,43.623894985937234],[-79.65975904496166,43.62479329682967],[-79.65998362288437,43.62569160795391],[-79.65908531209182,43.62658991995957],[-79.65796242337657,43.6259161860759],[-79.65594122207214,43.62681449667626],[-79.65571664504773,43.626702208422785],[-79.65571664504773,43.627039075154805],[-79.6532462887962,43.62861111986792],[-79.65436917840977,43.629509431157544],[-79.65436917840977,43.63085689795131],[-79.65369544374332,43.63130605312131],[-79.65302171087347,43.63108147498059],[-79.65302171087347,43.63153063107301],[-79.65254891586135,43.631814308586605],[-79.65242723995442,43.63188731388972],[-79.65238703136231,43.63191143917657],[-79.65189882215823,43.6322043637942],[-79.65153949963783,43.632114533331126],[-79.65100051136568,43.63197978705968],[-79.65132489840467,43.63232913507493],[-79.65219702151005,43.63326835637503],[-79.65392002166602,43.63512387599818],[-79.65414459958875,43.63512387599818],[-79.65477341849098,43.635438286767524],[-79.65594122207214,43.636022186817314],[-79.65609705731606,43.6362559395112],[-79.65639037791757,43.63669591989587],[-79.65636542271896,43.636795739362974],[-79.65625644988849,43.63723163296664],[-79.65616579999487,43.637594231269134],[-79.65549206712502,43.63804338679558],[-79.65436917840977,43.637594231269134],[-79.65382377347153,43.63813963810451],[-79.65347086671892,43.638492542865265],[-79.65234797800365,43.63804338679558],[-79.65234797800365,43.638717119966046],[-79.65234797800365,43.639166276200385],[-79.65189882215823,43.63961543167744],[-79.65189882215823,43.639790107148634],[-79.65189882215823,43.63988084798459],[-79.65189882215823,43.63991488023225],[-79.65189882215823,43.639926948091585],[-79.65189882215823,43.640064587047355],[-79.65347086312566,43.64118747833453],[-79.65394013584356,43.641522677669464],[-79.65394484750722,43.641526043162145],[-79.6541258840881,43.641655354128396],[-79.65425676323511,43.641748838098316],[-79.65504291038128,43.642310364887315],[-79.6552674892023,43.642310364887315],[-79.65531240496651,43.64249002835056],[-79.65534234850988,43.64260980391089],[-79.65542296601843,43.642932274086384],[-79.65549206712502,43.64320867618058],[-79.65522785822694,43.64342004453606],[-79.65436917840977,43.64410698704282],[-79.6534662942941,43.64343965504361],[-79.6528190401656,43.642961258112656],[-79.65273185956559,43.642896821193354],[-79.6525460978463,43.642759520912826],[-79.65234797800365,43.64261308548317],[-79.65228402693857,43.64256581730359],[-79.65214662153102,43.64246425741939],[-79.65212920319767,43.642451383326026],[-79.65160647892374,43.64206502207453],[-79.65007473188838,43.64093284827457],[-79.64979671768099,43.64072735452061],[-79.64978208502333,43.640716538903554],[-79.64920388888228,43.64028916477335],[-79.64920388888228,43.640343414849866],[-79.64920388888228,43.64103775936528],[-79.64920388888228,43.64107158617912],[-79.64920388888228,43.64156178875235],[-79.64920388888228,43.642085786915416],[-79.64856828949627,43.643145119718696],[-79.64853015511413,43.64320867618058],[-79.64799116953692,43.64334342262617],[-79.6476318443216,43.64343325385531],[-79.64695811055346,43.64253494331983],[-79.64673353263072,43.64253494331983],[-79.64675392528599,43.64249415827725],[-79.64682335876924,43.64235529169226],[-79.64718268757785,43.64163663170359],[-79.64605979886258,43.64141205381358],[-79.64403859935479,43.639840009131994],[-79.6442631772775,43.64073832095753],[-79.64381402233039,43.64141205381358],[-79.64246655479411,43.64141205381358],[-79.6406699323107,43.64343325385531],[-79.63932246567272,43.64410698704282],[-79.63819957695746,43.64320867618058],[-79.63842712740546,43.64295584627997],[-79.64022077736358,43.64096289811551],[-79.6388733098273,43.63939085403352],[-79.6386936476688,43.63939085403352],[-79.6386487319046,43.63939085403352],[-79.63867368530653,43.639340948426565],[-79.63909788775003,43.638492542865265],[-79.63999619944087,43.63826796492505],[-79.63932246567272,43.637594231269134],[-79.63782528401288,43.638717119966046],[-79.63752584318932,43.63894169817788],[-79.6372852249489,43.63889357481038],[-79.6371515484481,43.638866839517306],[-79.63640295357575,43.638717119966046],[-79.6365312851006,43.639487107734666],[-79.63655146575347,43.639608193394935],[-79.63662753239679,43.640064587047355],[-79.63617837655134,43.64073832095753],[-79.63533290646045,43.64094968760297],[-79.6352800648605,43.64096289811551],[-79.63491257395923,43.64188162717196],[-79.63483090991339,43.642085786915416],[-79.63460633199068,43.642085786915416],[-79.63393259912084,43.642310364887315],[-79.63280971040558,43.64186120875414],[-79.63123766494657,43.64320867618058],[-79.6296656212842,43.642310364887315],[-79.6296247901596,43.6421878714026],[-79.6294410433615,43.64163663170359],[-79.6296656212842,43.64163663170359],[-79.6301896355389,43.6409379469452],[-79.63033935415405,43.64073832095753],[-79.63029852213111,43.640687281404695],[-79.6297052522596,43.63994569510292],[-79.6294410433615,43.63961543167744],[-79.62674610918722,43.637818809126955],[-79.62600234365785,43.63845632606333],[-79.62517406462653,43.639166276200385],[-79.6245003308584,43.63894169817788],[-79.624275753834,43.63894169817788],[-79.62382659798858,43.63804338679558],[-79.62270370927331,43.638492542865265],[-79.62068250886719,43.637145076286004],[-79.6188858863838,43.638492542865265],[-79.61798757469295,43.63804338679558],[-79.61776299766855,43.637145076936136],[-79.61900179780154,43.63569981023305],[-79.61911046430652,43.63557303113591],[-79.61805363590062,43.634846472525524],[-79.61551722023803,43.63310267599414],[-79.61548176014051,43.63305539643146],[-79.61529264231531,43.63310267599414],[-79.6132714419092,43.631755208835735],[-79.60922904109695,43.63489929782054],[-79.60855530822714,43.63445014219819],[-79.60833073030442,43.63355183128489],[-79.60967818795922,43.632204380699065],[-79.61035192981223,43.63153063107301],[-79.6101273518895,43.63153063107301],[-79.60877988614986,43.63018316377912],[-79.60720784069083,43.63153063107301],[-79.60473748533762,43.62995858599401],[-79.60451290831323,43.63063232008284],[-79.60653410782103,43.6322043637942],[-79.60563579702847,43.63332725308387],[-79.60496206326032,43.63332725308387],[-79.60383917364676,43.63242894229031],[-79.60361459572404,43.63242894229031],[-79.60316544077692,43.63287809806516],[-79.6022671299844,43.63242894229031],[-79.60181797413897,43.63422556475348],[-79.60159339621624,43.63422556475348],[-79.59979677373283,43.63467472010388],[-79.59957219581011,43.63467472010388],[-79.59822472917216,43.63332725308387],[-79.59800015214775,43.6322043637942],[-79.59620352876603,43.63332725308387],[-79.59485606302638,43.63310267599414],[-79.59418232925823,43.63400098711973],[-79.59485606302638,43.63512387599818],[-79.59395775133554,43.636022186817314],[-79.59283486172195,43.63579760874611],[-79.59081366221415,43.63445014219819],[-79.5881187289382,43.63669591989587],[-79.58744499517007,43.63647134174207],[-79.58699584022294,43.63557303113591],[-79.58879246180803,43.63355183128489],[-79.58924161765346,43.63355183128489],[-79.58924161765346,43.63310267599414],[-79.5885678838853,43.63287809806516],[-79.58834330686092,43.63287809806516],[-79.58766957309277,43.631755208835735],[-79.5885678838853,43.63085689795131],[-79.58969077260056,43.63108147498059],[-79.59081366221415,43.630407742025454],[-79.59103824013687,43.62928485280567],[-79.5917119730067,43.62883569683575],[-79.59081366221415,43.627039075154805],[-79.59103824013687,43.62614076400917],[-79.59013992934432,43.6259161860759],[-79.58969077260056,43.627039075154805],[-79.58766957309277,43.62883569683575],[-79.58519921684123,43.62748823089532],[-79.58385175110158,43.62748823089532],[-79.58303371016956,43.628117501966145],[-79.58288685628186,43.62807483187095],[-79.58253207474522,43.62798059381512],[-79.58238342512527,43.62799285393899],[-79.58216037972844,43.62801123859313],[-79.58192136857406,43.62797519298753],[-79.58153855510899,43.62791745495033],[-79.5813435317591,43.627862627302],[-79.5811592908876,43.62781082904341],[-79.5809636836328,43.62774942092467],[-79.58081645065604,43.627693118389814],[-79.58071603427865,43.6276459405599],[-79.58058176578808,43.62757471890529],[-79.58050668908821,43.62750976870374],[-79.5804801402783,43.62749264600685],[-79.58048308405748,43.62748823089532],[-79.58160597277273,43.627039075154805],[-79.58205512771985,43.6259161860759],[-79.58227970564256,43.6259161860759],[-79.58362717317885,43.625017875056386],[-79.58317801733344,43.623670408067525],[-79.58385175110158,43.62254751914047],[-79.58452548397139,43.62232294078915],[-79.58452548397139,43.62164920785489],[-79.5843009060487,43.62164920785489],[-79.58407632812597,43.62164920785489],[-79.58385175110158,43.62164920785489],[-79.58272886238632,43.62254751914047],[-79.58227970564256,43.622098364200035],[-79.58205512771985,43.622098364200035],[-79.58183054979715,43.62120005205593],[-79.58295343941073,43.62007716316045],[-79.58295343941073,43.61872969728791],[-79.58362717317885,43.618055963107714],[-79.58452548397139,43.61558560793112],[-79.58722041814566,43.61311525207658],[-79.58699584022294,43.61266609626576],[-79.58609752943039,43.61311525207658],[-79.58475006189411,43.612890674265316],[-79.58385175110158,43.61356440713431],[-79.58272886238632,43.611992363089094],[-79.58160597277273,43.61221694100286],[-79.58093223900461,43.61176778498707],[-79.5807076619802,43.6110940521536],[-79.58183054979715,43.60929742905604],[-79.58082382133296,43.60808935588228],[-79.5807076619802,43.60794996293858],[-79.5811568169273,43.606827073780714],[-79.58138139485003,43.606827073780714],[-79.58163805520478,43.60669874357606],[-79.58183054979715,43.60660249590548],[-79.58272886238632,43.607276228967194],[-79.58407632812597,43.607276228967194],[-79.58542379476393,43.606377917842266],[-79.58564837268665,43.60570418512657],[-79.58729527924987,43.60515521595593],[-79.58766957309277,43.60503045071933],[-79.5885678838853,43.606153340241505],[-79.58834330686092,43.606153340241505],[-79.58824705956475,43.60634583556506],[-79.5881187289382,43.60660249590548],[-79.5881187289382,43.60794996293858],[-79.58744499517007,43.6081745396857],[-79.58699584022294,43.6090728519484],[-79.58722041814566,43.6090728519484],[-79.58834330686092,43.60884827400223],[-79.58946619467787,43.61019574080907],[-79.5899153514216,43.60884827400223],[-79.59216112885211,43.60794996293858],[-79.59305943964466,43.6081745396857],[-79.59328401756738,43.60884827400223],[-79.59418232925823,43.60884827400223],[-79.59642810668876,43.60592876180233],[-79.59665268461146,43.60592876180233],[-79.59800015214775,43.606377917842266],[-79.59867388501758,43.607500806928854],[-79.60002135165557,43.60794996293858],[-79.60047050660268,43.607276228967194],[-79.59979677373283,43.606827073780714],[-79.59957219581011,43.606827073780714],[-79.59957219581011,43.60655758009975],[-79.59957219581011,43.606377917842266],[-79.59957219581011,43.60581647617115],[-79.59957219581011,43.60570418512657],[-79.599123040863,43.60525502925985],[-79.59957219581011,43.60435671787311],[-79.59979677373283,43.60435671787311],[-79.60047050660268,43.6041321398819],[-79.60094212212682,43.60444655273777],[-79.60249170790712,43.605479606961964],[-79.60294086285421,43.60458129567643],[-79.60451290831323,43.60458129567643],[-79.60541121910576,43.60345840673243],[-79.60553955871546,43.603426321597155],[-79.60610222747682,43.60328565522882],[-79.60630952989831,43.603233829290666],[-79.60710215569429,43.604224612814775],[-79.6072078433858,43.604356719174106],[-79.60593664910535,43.60600928479814],[-79.60496206326032,43.607276228967194],[-79.60563579702847,43.60794996293858],[-79.60586037405288,43.60794996293858],[-79.60653410782103,43.60794996293858],[-79.6078815753573,43.6095220072765],[-79.60945361901967,43.60862369586795],[-79.61080108565766,43.60862369586795],[-79.61102566358036,43.60862369586795],[-79.61214855319393,43.61019574080907],[-79.61259770814105,43.60997116315299],[-79.6132714419092,43.61042031827703],[-79.61372059685631,43.60997116315299],[-79.61394517477902,43.60997116315299],[-79.61484348557157,43.60997116315299],[-79.61506806439259,43.60997116315299],[-79.61798757469295,43.607276228967194],[-79.61821215261564,43.607276228967194],[-79.6188858863838,43.60772538470248],[-79.61911046430652,43.60772538470248],[-79.61911046430652,43.608174541637005],[-79.61911046430652,43.60884827400223],[-79.61821215441228,43.60952200857735],[-79.61731384182312,43.61019574080907],[-79.61737373160479,43.61025563120782],[-79.61742613123363,43.61030803062351],[-79.61843673143669,43.61131863016974],[-79.61731384182312,43.61333982969953],[-79.61798757469295,43.61333982969953],[-79.61821215261564,43.61333982969953],[-79.61911046430652,43.61423814091045],[-79.61955962015195,43.61536103023998],[-79.61933504222922,43.61603476274836],[-79.61776299677022,43.61648391876319],[-79.6195494090021,43.617913052156794],[-79.62000877509905,43.61760680777958],[-79.62068250886719,43.6178313861882],[-79.62113166381431,43.61850511898274],[-79.62096322969853,43.6190104241924],[-79.62090708678991,43.61917885203207],[-79.62146852665596,43.61951571865226],[-79.62231068825167,43.62002101601912],[-79.62315286511874,43.620526318894115],[-79.62697068710995,43.61603476274836],[-79.62809357582522,43.61603476274836],[-79.62815962804974,43.61590265927419],[-79.62822832221951,43.615765271951574],[-79.62831815464624,43.61558560793112],[-79.62854273167065,43.61513645171012],[-79.6294410433615,43.614911874292716],[-79.63018569373143,43.61555014996025],[-79.63101308702386,43.61625934117518],[-79.63121141527566,43.616341006677374],[-79.63343283668387,43.61725571320752],[-79.6337400928504,43.617382229832856],[-79.63483090991339,43.6178313861882],[-79.63505090013994,43.61807887911256],[-79.63662753239679,43.619852585986315],[-79.6367558675149,43.619852585986315],[-79.6368521103195,43.619852585986315],[-79.63765062187723,43.61920380768475],[-79.64008605073222,43.617225015471114],[-79.64016895804642,43.61715765169768],[-79.6404453552863,43.61693307402451],[-79.6404453552863,43.61648391876319],[-79.63932246567272,43.61648391876319],[-79.63842415488018,43.61558560793112],[-79.63909788775003,43.61468729603653],[-79.6388733098273,43.61356440713431],[-79.63932246567272,43.612890674265316],[-79.63977162061984,43.612890674265316],[-79.6404453552863,43.612890674265316],[-79.64059181750854,43.61323242413291],[-79.64091539965705,43.61398745050249],[-79.64094074382615,43.614046587234085],[-79.64111908815613,43.61446271889283],[-79.64220542801574,43.61500588894585],[-79.64223938972336,43.61497419238912],[-79.64463577330453,43.61273755411636],[-79.64471233312292,43.61266609626576],[-79.64457758583032,43.61262118043517],[-79.64403859935479,43.61244151872846],[-79.64224197687139,43.6137889850312],[-79.64134366607885,43.61356440713431],[-79.64130911597469,43.613495307925334],[-79.64089451023342,43.61266609626576],[-79.64116899496004,43.612391614807656],[-79.64246655479411,43.6110940521536],[-79.64246655479411,43.6095220072765],[-79.64358944440768,43.60884827400223],[-79.64336486558665,43.60794996293858],[-79.6436792759361,43.60669232936774],[-79.64381402233039,43.606153340241505],[-79.64403859935479,43.606153340241505],[-79.64358944440768,43.605479606961964],[-79.64381402233039,43.60458129567643],[-79.64403859935479,43.60458129567643],[-79.64493691104565,43.60345840673243],[-79.6462843767853,43.60368298528731],[-79.646558858817,43.60340850381467],[-79.64673353263072,43.603233829290666],[-79.64561064391549,43.60278467319313],[-79.64538030689347,43.60257737265055],[-79.64460467362939,43.60187930781967],[-79.64455727671837,43.60183665097773],[-79.64336486558665,43.60076347284124],[-79.64313610690459,43.600717721302395],[-79.64297651041458,43.60068580189094],[-79.64224197597306,43.600538895097394],[-79.64156824400155,43.599359866404235],[-79.64144347699175,43.59914152278841],[-79.64134366607885,43.59896685083822],[-79.64156824400155,43.5987422741948],[-79.64185407265362,43.59845644603448],[-79.64212969105412,43.59818082696738],[-79.64224197687139,43.59806853988578],[-79.64336486738327,43.59806853988578],[-79.64366430641019,43.59806853988578],[-79.6442631772775,43.59806853988578],[-79.64471233312292,43.598517694761505],[-79.64493691104565,43.598517694761505],[-79.6450038058899,43.59891906887913],[-79.64516148807006,43.599865162040416],[-79.64561064391549,43.59874227289367],[-79.646508971776,43.597843970298435],[-79.64871734425641,43.595635608168976],[-79.64987762534538,43.594475296634805],[-79.6501021996748,43.59425071689013],[-79.65043918378902,43.59413838929413],[-79.65077593344296,43.59402613890978],[-79.65167424423551,43.59492445100745],[-79.65163167037926,43.59509474777991],[-79.65162694703749,43.595113640843344],[-79.65162127417646,43.59513633072806],[-79.65144966721111,43.59582276205656],[-79.65122508928839,43.59600991145861],[-79.6501021996748,43.596945651039206],[-79.65015925527177,43.596974179075566],[-79.65020743102215,43.596998266978076],[-79.65055135462194,43.59717022918379],[-79.65436917840977,43.59357698368778],[-79.65425302265028,43.59344147050955],[-79.65415184270488,43.59332342842463],[-79.65413853326564,43.59330790103993],[-79.6538608469433,43.59298393561533],[-79.6531442213153,43.59214786928333],[-79.65302171087347,43.59200493906022],[-79.65274729801206,43.59183032511887],[-79.65274720638389,43.591830256803455],[-79.65210138147502,43.591419280287425],[-79.65203357214578,43.59137612870953],[-79.65191654142721,43.591301654542285],[-79.65055135462194,43.590432895009144],[-79.65032677759753,43.589759160707146],[-79.65068610191454,43.58931000812378],[-79.65122508928839,43.58863627231348],[-79.65176407935718,43.58863627231348],[-79.65234797800365,43.58863627231348],[-79.65279713295077,43.589759160707146],[-79.65312764021178,43.590013401148816],[-79.65321660396764,43.590081835700595],[-79.65393961302406,43.5906380011587],[-79.65474348662572,43.591256364261994],[-79.65525163663249,43.59164724539019],[-79.6553358375207,43.591712014419144],[-79.65561209642003,43.5919245183361],[-79.65567241649474,43.5919709174232],[-79.65571664504773,43.59200493906022],[-79.65573025272765,43.59199813486445],[-79.65661495584027,43.591555783717425],[-79.65796242337657,43.59200493906022],[-79.65818700040099,43.591555783717425],[-79.65773784455553,43.59088205027379],[-79.65751326663283,43.59088205027379],[-79.65796242337657,43.58998373899516],[-79.65818700040099,43.58998373899516],[-79.65953446703894,43.58998373899516],[-79.66054869014752,43.588766672394975],[-79.66065735575421,43.58863627231348],[-79.66099422308741,43.58855205570157],[-79.66155566744506,43.58841169485368],[-79.6618925356766,43.5883274772769],[-79.66194867858523,43.5883134418702],[-79.66212958580871,43.588268215058065],[-79.66245397823761,43.58818711720664],[-79.66255605829491,43.58808503795551],[-79.66312771200573,43.587513383142],[-79.66335228992845,43.587513383142],[-79.66357686695285,43.58773796135079],[-79.664250600721,43.58841169485368],[-79.66447517864373,43.58841169485368],[-79.66475590037338,43.58813097282659],[-79.66492433359083,43.587962538721634],[-79.66526119373754,43.588074825791566],[-79.66559806825728,43.58818711720664],[-79.66623272980215,43.58869485618549],[-79.66784383850128,43.58998374289902],[-79.66896673440306,43.59088205027379],[-79.66920628364832,43.590762275734185],[-79.66956560886362,43.590582613803136],[-79.66986504609392,43.590432895009144],[-79.66896673440306,43.58953458418378],[-79.6694158902485,43.58863627231348],[-79.67098793480919,43.58841169485368],[-79.67188624560171,43.58886085023664],[-79.67217498928687,43.588604192287264],[-79.67217349718518,43.58859971641172],[-79.67211082442275,43.58841169485368],[-79.67278455729257,43.5877379607001],[-79.67255997936986,43.587064228114734],[-79.67233540144714,43.587064228114734],[-79.67278455729257,43.58616591711524],[-79.67345829016242,43.585941338897435],[-79.67368286808514,43.585941338897435],[-79.67447193385765,43.586335871686885],[-79.67458117887767,43.58639049384453],[-79.67615322433666,43.58526760507308],[-79.67660237928379,43.58571676114311],[-79.67682695720649,43.58571676114311],[-79.67698737116342,43.5866792475079],[-79.67705153512921,43.587064228114734],[-79.67839900176718,43.58639049384453],[-79.67929731255973,43.58661507168803],[-79.67952189138076,43.58728880604731],[-79.67967161089422,43.58728880604731],[-79.67974646930347,43.58728880604731],[-79.67952189138076,43.587962538721634],[-79.68064478009602,43.58886085023664],[-79.68047304377325,43.589204323565966],[-79.6804202021733,43.589310006171836],[-79.6806565983319,43.58935728565171],[-79.6811347688627,43.589452920022346],[-79.68154309088857,43.58953458418378],[-79.68225228026265,43.58910907138394],[-79.68266597960381,43.58886085023664],[-79.68289055842484,43.58886085023664],[-79.68311513455093,43.587513383142],[-79.68311513455093,43.586900906641766],[-79.68311513455093,43.58683964999501],[-79.68221682016512,43.58616591711524],[-79.68216397676852,43.58612628522834],[-79.68131851296585,43.58549218320168],[-79.68154309088857,43.58459387216726],[-79.68176766881128,43.58459387216726],[-79.6822168237584,43.58414471617807],[-79.68291863616737,43.58463598943854],[-79.68414175710538,43.585492172139915],[-79.68446260208722,43.58571676114311],[-79.68468718000993,43.58571676114311],[-79.68625922457063,43.58571676114311],[-79.68670838041606,43.58616591711524],[-79.68693295833876,43.58616591711524],[-79.68713186959718,43.58696156395398],[-79.68713450166096,43.58697209383644],[-79.68715753626148,43.587064228114734],[-79.6878312691313,43.587064228114734],[-79.68805584705402,43.587064228114734],[-79.68872958351712,43.585548326789514],[-79.68888505763827,43.58519850524323],[-79.68895415784655,43.58504302805868],[-79.68872957992386,43.58504302805868],[-79.68839270899736,43.58483248512675],[-79.68837025291188,43.58481845020655],[-79.68693295833876,43.58392013887891],[-79.68684312142047,43.58392013887891],[-79.68677254258522,43.58392013887891],[-79.68670838041606,43.58392013887891],[-79.68666755018975,43.5837976480876],[-79.68653995258848,43.58341485706471],[-79.68648380159502,43.583246405208214],[-79.68655866090258,43.583171546169055],[-79.68738211418419,43.582348093848324],[-79.68788741383656,43.58255863700981],[-79.69007704656183,43.58347098306859],[-79.69018933687065,43.58335869391778],[-79.69097535825269,43.58257267180618],[-79.69209824696793,43.583246405208214],[-79.69299655776047,43.58257267180618],[-79.69310884537437,43.582647530288554],[-79.69344571270759,43.58287210908157],[-79.69434402529676,43.58347098306859],[-79.69451676593602,43.58343643408458],[-79.6945179930347,43.58343618941626],[-79.69459355662144,43.583421076588266],[-79.69465026906197,43.583409733993605],[-79.69546691401202,43.583246405208214],[-79.69591606985745,43.58369556074194],[-79.69614064688186,43.58369556074194],[-79.69614064688186,43.58459387216726],[-79.69614064688186,43.58481845020655],[-79.69636522390626,43.58481845085727],[-79.6965256396598,43.58513927898551],[-79.69658980272729,43.58526760507308],[-79.69667963066243,43.58526760507308],[-79.69681437885338,43.58526760507308],[-79.69703895857272,43.58526760507308],[-79.69681438065001,43.58459387216726],[-79.69771269234084,43.58369556074194],[-79.69950931392593,43.584369293940846],[-79.70265340394563,43.583021827811486],[-79.70400086968527,43.58347098306859],[-79.704225447608,43.58414471617807],[-79.70400086968527,43.58414471617807],[-79.70377629176257,43.58481845020655],[-79.70130593730765,43.58571676114311],[-79.70175509225476,43.58639049384453],[-79.70130593730765,43.58728880604731],[-79.70108135938496,43.58728880604731],[-79.7004076256168,43.587513383142],[-79.69973389184865,43.587064228114734],[-79.69973389184865,43.587513383142],[-79.70242882602291,43.58953458418378],[-79.7022042481002,43.590432895009144],[-79.70265340394563,43.59110662827568],[-79.70153051523037,43.59245409495462],[-79.70201175260955,43.59301554421726],[-79.70242881703976,43.593502119278625],[-79.70287798097003,43.59402613890978],[-79.70256357331553,43.59465495735486],[-79.70242882602291,43.59492445100745],[-79.70153051523037,43.59514902823784],[-79.70106472438252,43.594857910625606],[-79.69973389184865,43.59402613890978],[-79.69883558105612,43.59514902823784],[-79.69973389184865,43.59559818408764],[-79.69995846977136,43.59649649483787],[-79.69892195766396,43.597325704968995],[-79.69883558105612,43.5973948058396],[-79.69840366298266,43.597066558269546],[-79.69814244547445,43.596868038916114],[-79.6965897389469,43.5956880027545],[-79.69598079886357,43.5952252099871],[-79.694666409991,43.59422626550523],[-79.69415695563042,43.59383907181992],[-79.69333267949203,43.59321260395425],[-79.69322113568319,43.593127827715904],[-79.69254739652516,43.59380156985032],[-79.69209824696793,43.59425071689013],[-79.69194853194605,43.59425071689013],[-79.69191110184312,43.59425071689013],[-79.69187366904522,43.59425071689013],[-79.69097535825269,43.59425071689013],[-79.69075078032998,43.59514902823784],[-79.69052620330557,43.59531746239964],[-79.68933915421779,43.59620774988808],[-79.68895415784655,43.59649649483787],[-79.68906195568064,43.59657734468487],[-79.68909235916145,43.59660014786768],[-79.68909389528058,43.59660129937905],[-79.68940330560714,43.59683336035151],[-79.6900321361875,43.59730498646754],[-79.69164909202082,43.598517694761505],[-79.69209824696793,43.59964058419613],[-79.69232282489065,43.59964058419613],[-79.69251932956243,43.599724800904674],[-79.6934384659982,43.60011871706225],[-79.69389487034965,43.6003143178163],[-79.69442758838113,43.60120218364144],[-79.69456860321948,43.60143720689782],[-79.69479318114219,43.60143720689782],[-79.69658980272729,43.60143720689782],[-79.69681438065001,43.60143720689782],[-79.69703895857272,43.60211093991486],[-79.69708387074365,43.60211093991486],[-79.69724107591837,43.60211093991486],[-79.6972635355971,43.60211093991486],[-79.69725455154595,43.602155859691266],[-79.69720364761204,43.6024103840749],[-79.69707979059564,43.603029671569466],[-79.69703895857272,43.603233829290666],[-79.69723424243402,43.60339005764578],[-79.69739355236143,43.60351750568017],[-79.69816184818629,43.6041321398819],[-79.69843133917827,43.60422197052851],[-79.69849871372288,43.60424442865707],[-79.69883558105612,43.60435671787311],[-79.69896190484633,43.604230395010994],[-79.69950931482427,43.603682985937795],[-79.699958471568,43.6032338305917],[-79.70004486344719,43.603233829290666],[-79.70009887555197,43.603233829290666],[-79.70018304769408,43.603233829290666],[-79.70085678056392,43.60345840673243],[-79.70108135938496,43.6041321398819],[-79.70130593730765,43.6041321398819],[-79.7006322026412,43.60503045071933],[-79.7006322026412,43.60570418512657],[-79.7011562177942,43.60622819931812],[-79.70130593730765,43.606377917842266],[-79.70108135938496,43.607276228967194],[-79.7004076256168,43.60772538470248],[-79.69972141963925,43.6074509021608],[-79.69928473690155,43.607276228967194],[-79.69883558105612,43.607575666279885],[-79.69876768279369,43.6076209319192],[-79.6986110031334,43.60772538470248],[-79.69838642431237,43.60742594748463],[-79.69831808048555,43.60733482266324],[-79.69793727026357,43.606827073780714],[-79.69771269234084,43.606827073780714],[-79.69790732492358,43.60624317567553],[-79.69793727026357,43.606153340241505],[-79.69581354513409,43.60466673423375],[-79.6958096904632,43.60466994632458],[-79.69553107618118,43.60490212839042],[-79.69546691041877,43.604955600559926],[-79.69513004937374,43.60551703595542],[-79.69501775906491,43.60570418512657],[-79.69453865967613,43.60582395919779],[-79.69437612479682,43.605864592848846],[-79.69405034267419,43.606136076164766],[-79.69389487034965,43.60660249590548],[-79.6933173856743,43.606746867353586],[-79.69322113568319,43.606827073780714],[-79.69344571360591,43.607276228967194],[-79.69283322966878,43.60850119941474],[-79.6927719807361,43.60862369586795],[-79.69307141796637,43.608399118846506],[-79.69367029242694,43.60794996293858],[-79.6939539705122,43.608020881967676],[-79.69431707044835,43.60811165645977],[-79.69456860321948,43.6081745396857],[-79.69477821880282,43.60848896393535],[-79.69501775906491,43.60884827400223],[-79.69456860321948,43.60997116315299],[-79.69539205290782,43.610629923547435],[-79.69569149193474,43.61086947394933],[-79.69674832573054,43.61002401421238],[-79.69793727026357,43.6090728519484],[-79.69883558105612,43.6095220072765],[-79.69883558105612,43.610476471131065],[-79.69883558105612,43.61086947394933],[-79.69750538991936,43.61200963979393],[-79.6973617888313,43.61213272487125],[-79.69816184728798,43.61266609691617],[-79.69997028980387,43.612264220696424],[-79.70018304769408,43.61221694100286],[-79.70085678056392,43.61266609626576],[-79.70108135938496,43.61356440713431],[-79.70141822671818,43.61367669651279],[-79.70175509225476,43.6137889850312],[-79.70242882602291,43.61333982969953],[-79.70355171473818,43.61423814091045],[-79.70400086968527,43.61423814091045],[-79.70489918137615,43.612890674265316],[-79.70624664801413,43.612890674265316],[-79.70669580385955,43.6137889850312],[-79.70647122593682,43.6137889850312],[-79.70579749306701,43.61513645171012],[-79.7075941146521,43.61581018478357],[-79.70804327139584,43.61648391876319],[-79.7075941146521,43.617382229832856],[-79.70714495970498,43.61760680842989],[-79.70669580385955,43.6178313861882],[-79.7067519485648,43.61794367670384],[-79.70676185608407,43.617963491928556],[-79.70692038178225,43.61828054113948],[-79.70849242634294,43.61828054113948],[-79.70871700426567,43.61828054113948],[-79.70926861476589,43.619245864966096],[-79.70948698353335,43.61962800797333],[-79.7096153150582,43.619852585986315],[-79.70976503457166,43.61962800797333],[-79.71006447090365,43.61917885203207],[-79.71320856002501,43.61774972986383],[-79.71324067569473,43.61773513161935],[-79.71360446643534,43.617569771313406],[-79.7150051816101,43.61693307402451],[-79.71680136661395,43.616269304671526],[-79.7185198042266,43.6156342598492],[-79.71865145592474,43.61558560793112],[-79.72189062543075,43.61438856076719],[-79.7294397679395,43.611598654759796],[-79.73075074770557,43.61111414801285],[-79.73566633882174,43.60929742905604],[-79.73622340928225,43.60904148528823],[-79.74397571836892,43.605479606961964],[-79.7454517599752,43.605036795503466],[-79.74622149579943,43.60480587394234],[-79.74644607282384,43.60480587394234],[-79.74734438451469,43.60592876245281]],[[-79.6660472232044,43.62007716316045],[-79.66582264528168,43.61962800797333],[-79.66155566744506,43.62030174079635],[-79.66059560017167,43.62008839349286],[-79.65953446703894,43.619852585986315],[-79.65930988911622,43.61917885203207],[-79.65975904496166,43.61850511898274],[-79.66002853864858,43.61837037276765],[-79.66072152241495,43.61802388120654],[-79.6610166800712,43.61787630202942],[-79.66110651159963,43.6178313861882],[-79.66303146920116,43.6178313861882],[-79.66335228992845,43.6178313861882],[-79.66360182035483,43.61733232480926],[-79.66368915636338,43.61715765169768],[-79.66380144487557,43.61693307402451],[-79.66469975566812,43.61648391876319],[-79.66380144487557,43.61581018478357],[-79.66245397823761,43.616708496813196],[-79.66133108862402,43.61625934117518],[-79.66110651159963,43.61558560793112],[-79.66200482329049,43.61423814091045],[-79.66144337713622,43.61395741904165],[-79.66133108862402,43.614013562739785],[-79.66110651159963,43.614013562739785],[-79.66065735485589,43.61356440778472],[-79.66043277783149,43.61333982969953],[-79.65975904496166,43.6137889850312],[-79.65930988911622,43.61356440713431],[-79.65908531209182,43.61356440713431],[-79.6587035289944,43.612228170852156],[-79.6586361562464,43.611992363089094],[-79.65773784455553,43.61176778498707],[-79.65683953376299,43.61221694100286],[-79.65533583931733,43.6111428742115],[-79.6552674892023,43.6110940521536],[-79.6550429112796,43.61131863082018],[-79.65436917840977,43.611992363089094],[-79.65481833335687,43.612890674265316],[-79.65392002166602,43.6137889850312],[-79.65279713115413,43.6137889850312],[-79.65212340008095,43.6137889850312],[-79.65055135462194,43.612890674265316],[-79.65077593344296,43.614911874292716],[-79.64942846590668,43.61558560793112],[-79.64830557719141,43.61693307402451],[-79.64740726639887,43.61648391876319],[-79.64718268757785,43.61558560793112],[-79.6476318443216,43.614911874292716],[-79.64718268757785,43.614911874292716],[-79.64583522183818,43.61603476274836],[-79.6445036113633,43.615654303462854],[-79.64403859935479,43.61603476274836],[-79.64403859935479,43.616708496813196],[-79.64417680066967,43.61677759818327],[-79.64613465817015,43.61775652789576],[-79.6462843767853,43.6178313861882],[-79.6462843767853,43.61805596570907],[-79.6462843767853,43.619403429771786],[-79.64538606599277,43.619852585986315],[-79.64510534066984,43.61968415353065],[-79.64201739894867,43.6178313861882],[-79.64169400544638,43.61812783532285],[-79.6413272358923,43.61846404448977],[-79.63999634047637,43.619684031920514],[-79.63956746409849,43.62007716316045],[-79.63955962180604,43.62008435177002],[-79.63955144713695,43.62009184472728],[-79.63954940706294,43.62009371504001],[-79.63932246567272,43.62030174079635],[-79.63977162061984,43.62164920785489],[-79.63868081254002,43.62274001661784],[-79.6386487319046,43.622772097303226],[-79.63889751133937,43.62296037240263],[-79.63934953460719,43.623302459764076],[-79.63947937620004,43.62340072259379],[-79.64093383129003,43.62450142724523],[-79.6445697570126,43.62725294009277],[-79.64695811055346,43.62906027491515],[-79.64825315869797,43.62884443322854],[-79.64830557719141,43.62883569683575],[-79.64836172189668,43.628695336329194],[-79.64866490240675,43.627937385880486],[-79.64875473303684,43.627712808157185],[-79.64897931095956,43.627712808157185],[-79.65032677759753,43.62658991995957],[-79.65167424423551,43.627039075154805],[-79.65374411087214,43.62583165749982],[-79.65436917840977,43.62546703094364],[-79.6550429112796,43.62569160860419],[-79.6550429112796,43.625017875056386],[-79.65517765587727,43.624972959998374],[-79.65571664504773,43.62479329682967],[-79.65616579999487,43.623670408067525],[-79.6570641107874,43.62322125306266],[-79.65773784455553,43.623445830009146],[-79.65751326663283,43.62299667527728],[-79.65796242337657,43.62232294078915],[-79.65930988911622,43.62232294078915],[-79.65930988911622,43.62187378612175],[-79.66043277783149,43.62120005205593],[-79.66155566744506,43.62142463004968],[-79.6622294012132,43.620526318894115],[-79.66335228992845,43.620526318894115],[-79.6640260227983,43.62142463004968],[-79.66439773757803,43.62136267760591],[-79.66537349033457,43.62120005270624],[-79.6660472232044,43.62007716316045]],[[-79.69703895857272,43.623445830009146],[-79.69704794621713,43.6234638057268],[-79.69707597724727,43.62351986836792],[-79.6972635355971,43.623445830009146],[-79.6970951338207,43.623445830009146],[-79.69703895857272,43.623445830009146]],[[-79.62180539758246,43.627937385880486],[-79.6221647227978,43.627218737463636],[-79.62225455342788,43.627039075154805],[-79.6224791313506,43.627039075154805],[-79.62337744214315,43.62681449667626],[-79.62494948670384,43.627937385880486],[-79.62539864165095,43.62681449667626],[-79.62382659798858,43.62658991995957],[-79.62315286511874,43.62524245309439],[-79.62306039164508,43.62518961150809],[-79.62273916847252,43.62500605650541],[-79.62172373712987,43.624425809287764],[-79.62168978979528,43.62440641041524],[-79.62158081965975,43.624344141760865],[-79.61933505929721,43.62658991995957],[-79.61843673143669,43.62748823089532],[-79.61821215261564,43.62748823089532],[-79.61753841974584,43.627712808157185],[-79.61686468597769,43.62726365279437],[-79.61686468597769,43.62614076400917],[-79.62113166381431,43.622098364200035],[-79.62135624173703,43.622098364200035],[-79.62135624173703,43.62164920785489],[-79.62113166381431,43.62164920785489],[-79.62064167235269,43.621240884066985],[-79.61995995256169,43.62067278278649],[-79.61978419807467,43.620526318894115],[-79.61968313760521,43.620593692550024],[-79.61911046430652,43.62097547517418],[-79.61798757469295,43.620526318894115],[-79.61798757469295,43.619328576688126],[-79.61641553103057,43.61828054113948],[-79.61596637518514,43.61917885203207],[-79.61574179726242,43.61917885203207],[-79.61416975270173,43.61962800797333],[-79.61372059685631,43.622098364200035],[-79.61484348557157,43.622772097303226],[-79.61506806439259,43.622772097303226],[-79.61506806439259,43.624119564268554],[-79.61484348557157,43.624119564268554],[-79.61416975270173,43.62456871906449],[-79.61214855319393,43.623670408067525],[-79.61125024060475,43.62456871906449],[-79.61125024060475,43.625017875056386],[-79.6132714419092,43.62636534175363],[-79.61439433062445,43.62546703094364],[-79.61529264231531,43.6259161860759],[-79.61529264231531,43.62726365279437],[-79.61349601893359,43.62928485280567],[-79.61506806439259,43.62816196406514],[-79.61574179726242,43.62861111986792],[-79.61596637518514,43.62861111986792],[-79.61619095310785,43.629509431157544],[-79.61506806439259,43.63063232008284],[-79.6157417963641,43.631081475630786],[-79.61708926390041,43.63153063107301],[-79.61708926390041,43.63018316377912],[-79.61731384182312,43.63018316377912],[-79.61821215261564,43.62883569683575],[-79.61843673143669,43.62883569683575],[-79.61911046430652,43.62906027491515],[-79.61955962015195,43.62995858599401],[-79.62045793094448,43.62973400932045],[-79.62113166381431,43.63018316377912],[-79.62122151061408,43.63018316377912],[-79.62135624173703,43.63018316377912],[-79.62254132261604,43.62933667970403],[-79.62292828719603,43.62906027491515],[-79.62180539758246,43.627937385880486]],[[-79.67008962311832,43.60997116315299],[-79.66745171669324,43.61221341321935],[-79.6661776496005,43.61329635433749],[-79.66559806825728,43.6137889850312],[-79.66553390339318,43.61372482056087],[-79.66514891241188,43.61423814091045],[-79.66522635347758,43.61439302301773],[-79.66532857546869,43.61459746671054],[-79.66537349033457,43.61468729603653],[-79.66553389890161,43.61475146013036],[-79.66622688536292,43.615028654576385],[-79.66649637904983,43.61513645171012],[-79.66732558963409,43.61451454491227],[-79.66739468984237,43.61446271889283],[-79.66747635388822,43.61456479957581],[-79.66823311354818,43.6155107494443],[-79.66829300063492,43.61558560793112],[-79.66896673440306,43.61536103023998],[-79.6696404681712,43.61581018478357],[-79.67076335688647,43.61513645171012],[-79.67188624560171,43.61536103023998],[-79.67278455729257,43.6137889850312],[-79.67413202393055,43.61311525207658],[-79.6750303347231,43.61176778498707],[-79.67817442384447,43.6095220072765],[-79.6778856801593,43.608944521331495],[-79.67786002068155,43.60889320305758],[-79.67783755651125,43.60884827400223],[-79.67772526799905,43.60862369586795],[-79.67762737588758,43.60855459683632],[-79.67740710987823,43.60839911819604],[-79.67720122948984,43.60839911819604],[-79.67705153512921,43.60839911819604],[-79.67570420862842,43.607276356456545],[-79.67508219356614,43.60675800846049],[-79.67410837757734,43.60607059868878],[-79.67408710097983,43.60606350662477],[-79.67384619797345,43.605983205511826],[-79.67235268862648,43.60731077337313],[-79.671661667679,43.6081745396857],[-79.6714370897563,43.6081745396857],[-79.67053877896375,43.6081745396857],[-79.67008962311832,43.60997116315299]],[[-79.6986110031334,43.61536103023998],[-79.69838643060059,43.61536103284145],[-79.6979372837383,43.61581018283246],[-79.69703895857272,43.616708496813196],[-79.69838642521067,43.616708496813196],[-79.69950931392593,43.6178313861882],[-79.70038120257104,43.61695949845202],[-79.7006322026412,43.616708496813196],[-79.7004076256168,43.616708496813196],[-79.69906015897882,43.61603476274836],[-79.6986110031334,43.61536103023998]],[[-79.66469975566812,43.61176778498707],[-79.66335228992845,43.61154320669692],[-79.66312771200573,43.61154320669692],[-79.66247439335073,43.61235985768651],[-79.66242590588497,43.612420467224204],[-79.66245397733928,43.61244151937882],[-79.66335228992845,43.61311525207658],[-79.66393619306649,43.61286500901254],[-79.66413831310712,43.612778386020764],[-79.66453132334897,43.61260995261047],[-79.66458746625761,43.61232923810051],[-79.66469975566812,43.61176778498707]],[[-79.6786235796899,43.60503045071933],[-79.6788481567143,43.60458129567643],[-79.67738091590287,43.60290444917423],[-79.67727611305193,43.603009251010576],[-79.67637780225938,43.60278467319313],[-79.67562920918367,43.60166178779371],[-79.67570406759293,43.60188636199665],[-79.67547948967021,43.60188636199665],[-79.67465027998426,43.6031301785815],[-79.67480575680038,43.603233829290666],[-79.6749785082194,43.604270342172136],[-79.67592864641395,43.60503045071933],[-79.67750069097464,43.60503045071933],[-79.6786235796899,43.60570418512657],[-79.67907273463702,43.60570418512657],[-79.6786235796899,43.60503045071933]],[[-79.67750069097464,43.60098805104785],[-79.67802042745194,43.60185428122705],[-79.67817442384447,43.60166178389059],[-79.67952189138076,43.60188636199665],[-79.6801956242506,43.603009251010576],[-79.68234093320142,43.602619195018114],[-79.68237535035489,43.60261293714691],[-79.68240932014736,43.60252801347655],[-79.68266597960381,43.60188636199665],[-79.68289055842484,43.60188636199665],[-79.68199224583569,43.60098805104785],[-79.68187633172299,43.601074987008154],[-79.68109393504312,43.60166178389059],[-79.67952189138076,43.60076347284124],[-79.67772526799905,43.60098805104785],[-79.67750069097464,43.60098805104785]],[[-79.68917873576927,43.60256009583839],[-79.68720244573748,43.603877622132096],[-79.68738209531956,43.60420697740565],[-79.68794094354602,43.60495211202984],[-79.68917873576927,43.60406797551684],[-79.68918322644738,43.60406476794727],[-79.68917873576927,43.604057284051294],[-79.68895415784655,43.60368298528731],[-79.68917873576927,43.60256009583839]],[[-79.67705153512921,43.59784396184119],[-79.6769167878366,43.59775413142954],[-79.67699970862552,43.597878512964634],[-79.67705153512921,43.59784396184119]],[[-79.67666654145295,43.597587301214666],[-79.67570406759293,43.596945651039206],[-79.67570406759293,43.5973948058396],[-79.67666654145295,43.597587301214666]],[[-79.67458117887767,43.593801562043126],[-79.67390744600783,43.59290325009935],[-79.6735331503683,43.59297810939799],[-79.67278455729257,43.593127827715904],[-79.67188624560171,43.59222951677583],[-79.67218568283201,43.59163064469212],[-79.671661667679,43.59133120609026],[-79.67114834876611,43.592357847916915],[-79.67098793480919,43.59267867294602],[-79.67148199653737,43.59290325009935],[-79.671661667679,43.59290325009935],[-79.67188624380509,43.59301553901237],[-79.67267226608544,43.593408551811024],[-79.67273963883343,43.593442238224114],[-79.67345849857155,43.593801666789965],[-79.6739333453358,43.59401750610782],[-79.67402461416866,43.59398708277422],[-79.67458117887767,43.593801562043126]]],[[[-79.67255997936986,43.67599703377274],[-79.67278455729257,43.675098723015864],[-79.67098793480919,43.67375125570658],[-79.67076335688647,43.673077523051035],[-79.6714370897563,43.67195463407779],[-79.67053877896375,43.671056323236705],[-79.66649637904983,43.66813681127786],[-79.66471695930412,43.669248948205755],[-79.66469975566812,43.669259700204485],[-79.66461560867883,43.66917555424565],[-79.66368915277012,43.66824910137576],[-79.66335228992845,43.66836138931416],[-79.66020819990878,43.66589103278693],[-79.65998362288437,43.66589103278693],[-79.65953446703894,43.66611561077806],[-79.65886073416911,43.665217300270704],[-79.65751326663283,43.665217300270704],[-79.65751326663283,43.66723849982717],[-79.65683953376299,43.66768765593343],[-79.65534234761157,43.66768765593343],[-79.6547734193893,43.66768765593343],[-79.65459375633246,43.66768765593343],[-79.65456167390042,43.66786411079972],[-79.65414459958875,43.67015801129559],[-79.65392002166602,43.67015801129559],[-79.65347086671892,43.670607166997485],[-79.65234797800365,43.670382588916965],[-79.65279713295077,43.67128090009575],[-79.65236401921968,43.67214713052545],[-79.65234797800365,43.67217921212378],[-79.65077593344296,43.67285294511792],[-79.64897931095956,43.6726283669941],[-79.64830557719141,43.673526677695655],[-79.64810742051785,43.673605940619034],[-79.64718268757785,43.67397583417652],[-79.64673353263072,43.675098723015864],[-79.64471233312292,43.675098723015864],[-79.64344908264454,43.67615143187409],[-79.64336486558665,43.67622161228443],[-79.64296557162938,43.675909677930356],[-79.63617837655134,43.670607166997485],[-79.6352800648605,43.670831744887494],[-79.63415717614524,43.670382588916965],[-79.63348344327541,43.66903512293007],[-79.631686820792,43.66858596716002],[-79.63078850999948,43.66701392213827],[-79.62854273167065,43.6654418781831],[-79.62831815374793,43.6654418781831],[-79.62472490878112,43.66791223370084],[-79.62517406462653,43.668810544815386],[-79.62472490878112,43.669708856131074],[-79.62382659798858,43.669933434133526],[-79.62315286511874,43.669259700204485],[-79.6220299764035,43.669259700204485],[-79.62158081965975,43.66858596716002],[-79.62180539758246,43.66768765593343],[-79.62719526503265,43.66386983269849],[-79.62562321957367,43.6627469443204],[-79.62539864165095,43.66095032212119],[-79.62337744214315,43.65937827729836],[-79.62315286511874,43.65937827729836],[-79.62292828719603,43.657581655028174],[-79.62180539758246,43.657581655028174],[-79.61753841974584,43.66027658874531],[-79.61664010895328,43.66005201100631],[-79.61619095310785,43.6591537000986],[-79.61686468597769,43.658255388099015],[-79.61770614059925,43.65775052460674],[-79.6187556782783,43.6571208079965],[-79.61961578192519,43.65660474525318],[-79.62135624173703,43.65556045530339],[-79.62215270154265,43.65556045530339],[-79.62221561595189,43.65556045530339],[-79.62225461541165,43.65556045530339],[-79.62360202006586,43.65556045530339],[-79.62472490878112,43.65690792219673],[-79.62584779839469,43.65600960974465],[-79.62719526503265,43.65690792219673],[-79.62899188661775,43.65600960974465],[-79.6298901983086,43.65690792219673],[-79.62921646543877,43.658479966059076],[-79.63348344327541,43.66005201100631],[-79.63370802119812,43.66005201100631],[-79.63483090991339,43.6589291220589],[-79.63438175406796,43.65735707695779],[-79.6352800648605,43.65623418830513],[-79.63393259912084,43.65511129880246],[-79.63460633199068,43.65331467690087],[-79.63370802119812,43.65376383319063],[-79.63348344327541,43.65376383319063],[-79.63258513158456,43.652865521151455],[-79.63236055366184,43.652865521151455],[-79.63236055366184,43.65174263170569],[-79.63192461293256,43.651306692586346],[-79.63186439796073,43.65124647714137],[-79.63185813221163,43.65124021068096],[-79.6317189166988,43.65110099447411],[-79.631686820792,43.6510688990104],[-79.63213597573913,43.65017058825986],[-79.63438175406796,43.64927227707344],[-79.63460633199068,43.64927227707344],[-79.63606306880149,43.649363323387966],[-79.63612446954946,43.64936716099184],[-79.636191615922,43.64937135739584],[-79.63719346833082,43.64943397322055],[-79.63750088529578,43.64945318656501],[-79.63819957695746,43.64949685417961],[-79.63827443626504,43.648972842659],[-79.63842415488018,43.6479248098029],[-79.63906174942446,43.647581492989424],[-79.64134366607885,43.64635276523358],[-79.64195393746542,43.6471156075736],[-79.64195452137037,43.64711633755169],[-79.6419758168325,43.64714295671948],[-79.64216497957344,43.64737940794265],[-79.64224197687139,43.64747565404547],[-79.64195830148107,43.64772387319371],[-79.64111077694312,43.6484654590351],[-79.6404453552863,43.64904769912755],[-79.64134366607885,43.64972143174612],[-79.64224197687139,43.64972143174612],[-79.64246655479411,43.650395165907135],[-79.64336486558665,43.65084432128245],[-79.64346467829617,43.65079441543992],[-79.64471233312292,43.65017058825986],[-79.64448775520022,43.64949685417961],[-79.64493691104565,43.64882312099194],[-79.64673353263072,43.64882312099194],[-79.64785642224432,43.64747565404547],[-79.64808101184512,43.64747565404547],[-79.64914774417701,43.64747565404547],[-79.64920388888228,43.64747565404547],[-79.64947338077258,43.64787989431327],[-79.6496530438294,43.64814938804718],[-79.64942846590668,43.64882312099194],[-79.64844852610258,43.64963974724189],[-79.64673353263072,43.6510688990104],[-79.64650895470803,43.651967209974494],[-79.64718268757785,43.652416365942656],[-79.64808100016701,43.65174263170569],[-79.64942846590668,43.65219178805348],[-79.64987762175211,43.650395165907135],[-79.65156195572331,43.650395165907135],[-79.65180899871463,43.650395165907135],[-79.65189882215823,43.650395165907135],[-79.65210298137453,43.6501501772093],[-79.65242723905611,43.649761069188294],[-79.65302171087347,43.64904769912755],[-79.6532462887962,43.64814938804718],[-79.65279713295077,43.64747565404547],[-79.6532462887962,43.646801920937115],[-79.65392002166602,43.64657734285513],[-79.65414459958875,43.64657734285513],[-79.65549206712502,43.64702649882952],[-79.65661495584027,43.64635276523358],[-79.65751326663283,43.64725107718232],[-79.6570641107874,43.64814938804718],[-79.65683953376299,43.64814938804718],[-79.65683953376299,43.64949685417961],[-79.65616579999487,43.64994600977282],[-79.65594122207214,43.64994600977282],[-79.6550429112796,43.64972143174612],[-79.65459375723081,43.65017058890987],[-79.65324629149114,43.65151805649701],[-79.6532462887962,43.65219178805348],[-79.65436917840977,43.65353925514069],[-79.65571664504773,43.65353925514069],[-79.65751326663283,43.654437566201175],[-79.65796242337657,43.655335876822924],[-79.65818700040099,43.655335876822924],[-79.65953446703894,43.65421298807096],[-79.66028305741972,43.65451242495799],[-79.65998362288437,43.65398840975079],[-79.66245398632245,43.651518051947136],[-79.66267855616033,43.6512934771986],[-79.66265213760613,43.65125384921749],[-79.6622294012132,43.650619742714696],[-79.66200482508711,43.65057482794033],[-79.66110651159963,43.650395165907135],[-79.66065735575421,43.64972143174612],[-79.6608819336769,43.64882312099194],[-79.66065735575421,43.64868276101835],[-79.66036860757748,43.64850229446309],[-79.65908531209182,43.64770023201897],[-79.65886073416911,43.64702649882952],[-79.65930988911622,43.64635276523358],[-79.66043277783149,43.64612818807247],[-79.66133108862402,43.646801920937115],[-79.66290313408304,43.645903610071755],[-79.66357686695285,43.64612818807247],[-79.6640260227983,43.64725107718232],[-79.66312771200573,43.64814938804718],[-79.66447517864373,43.64859854331671],[-79.66492433359083,43.64949685417961],[-79.6660472232044,43.64882312099194],[-79.66537349033457,43.6479248098029],[-79.66582264528168,43.64702649882952],[-79.66627179573722,43.646976593064885],[-79.6668736678759,43.646909718300286],[-79.66784384478949,43.646801920937115],[-79.66834912647556,43.647194921622415],[-79.66925868776872,43.64790235823743],[-79.66986504609392,43.648373966101765],[-79.6694158902485,43.64927227707344],[-79.66829300063492,43.64994600977282],[-79.66948607292669,43.65090047343045],[-79.67053877896375,43.65174263170569],[-79.67233540144714,43.6512934771986],[-79.673233713138,43.652416365942656],[-79.67368286808514,43.65226664765987],[-79.67390744600783,43.65219178805348],[-79.67413202393055,43.6512934771986],[-79.67525491264583,43.650395165907135],[-79.67637780225938,43.650395165907135],[-79.67674099112877,43.65061308034668],[-79.67710224592531,43.65082983247279],[-79.67750069097464,43.6510688990104],[-79.6777106892403,43.65096390079018],[-79.67879201650064,43.65042323894772],[-79.67974646930347,43.64994600977282],[-79.68089108916377,43.6512814044727],[-79.680892819319,43.65128342266037],[-79.68109393504312,43.65151805519703],[-79.68101907573556,43.651892353244804],[-79.68090144134909,43.652480530713916],[-79.68089181590082,43.65252865554723],[-79.68086935801873,43.652640944291946],[-79.68081321421178,43.65265965873732],[-79.68077311072255,43.65267302656615],[-79.68023687488842,43.6528517711873],[-79.6801956242506,43.652865521151455],[-79.68047010807891,43.65323150107844],[-79.68053248978718,43.65331467690087],[-79.68072507151612,43.65357145197708],[-79.68086935801873,43.65376383319063],[-79.6804202021733,43.654437566201175],[-79.68064478009602,43.65511129880246],[-79.68131851296585,43.65511129880246],[-79.68244140168109,43.65600960974465],[-79.68266597960381,43.655335876822924],[-79.68296429304168,43.65518672086532],[-79.68300633689194,43.655165698628075],[-79.68320221992951,43.655067757458475],[-79.68323229372858,43.655052720469136],[-79.68356429129467,43.654886721891934],[-79.69030162628117,43.65982743372704],[-79.69389487034965,43.65578503294393],[-79.69479318114219,43.655335876822924],[-79.69591606985745,43.65578503294393],[-79.69636522480457,43.656683344206265],[-79.69614064778017,43.65735707695779],[-79.69546691401202,43.65780623290851],[-79.69479318114219,43.657581655028174],[-79.69344571360591,43.6591537000986],[-79.69306072172628,43.65973118792128],[-79.69299655776047,43.65982743307713],[-79.69344571360591,43.6613994778374],[-79.69259202393016,43.66213121511466],[-79.69187366904522,43.6627469443204],[-79.6927719807361,43.6636452547536],[-79.69337661070269,43.6639043842267],[-79.69520621123849,43.66468849952366],[-79.69467627439111,43.66515885396453],[-79.69395307040028,43.66580074063092],[-79.69374337307026,43.665986603301434],[-79.69355855188707,43.666150417042395],[-79.69299655776047,43.66589103278693],[-79.69254740281337,43.666564766838995],[-79.69276449058324,43.66685421886141],[-79.69272632296344,43.66688804738171],[-79.69244233765437,43.66713973944774],[-79.69215834426043,43.667391434357256],[-79.69187435805304,43.66764313730864],[-79.69159035477765,43.66789482750809],[-79.69122002430178,43.668223045189684],[-79.69069346152662,43.66868970841117],[-79.6903627422632,43.66932953584151],[-79.69031452159706,43.66942282728877],[-79.69029256317826,43.66946534326167],[-79.69036370435887,43.66951886067327],[-79.69040728881984,43.6695516415426],[-79.69075344922469,43.669811928118015],[-79.69068261975947,43.669861578387064],[-79.69050318846799,43.669987329948],[-79.6904591135269,43.67001822425849],[-79.69043199518508,43.670036961228405],[-79.69021100872689,43.670024895519724],[-79.69008410911658,43.67013564991396],[-79.68988702862472,43.67033580068225],[-79.68973224890127,43.670554670697214],[-79.68969593270927,43.67062067313049],[-79.68925991202993,43.67146450606975],[-79.6878312691313,43.671056323236705],[-79.68738211418419,43.67195463407779],[-79.68625922457063,43.67195463407779],[-79.68458928520353,43.67379157770265],[-79.6840134471401,43.67442498989456],[-79.68356429129467,43.67442498989456],[-79.68378886921738,43.67487414484975],[-79.68289055842484,43.67577245571993],[-79.68266597960381,43.67577245571993],[-79.68199224583569,43.67577245571993],[-79.68086935801873,43.67577245571993],[-79.6801956242506,43.67532330099124],[-79.67974646930347,43.67577245571993],[-79.67958313941514,43.67573162372893],[-79.6788481567143,43.67554787877582],[-79.6786235796899,43.67622161228443],[-79.67750069097464,43.67622161228443],[-79.67705153512921,43.676670768085856],[-79.67547948967021,43.67577245571993],[-79.67525491264583,43.676446189955705],[-79.67435660185326,43.676670768085856],[-79.67349735340252,43.67688557904439],[-79.67345829016242,43.676895344725786],[-79.67255997936986,43.67599703377274]],[[-79.66357686695285,43.66589103278693],[-79.6640260227983,43.66499272216797],[-79.66537349033457,43.664768143874916],[-79.66649637904983,43.665666455905104],[-79.66851757855764,43.66386983269849],[-79.66806842271221,43.66297152172669],[-79.66829300063492,43.66207321096012],[-79.66672095697255,43.6627469443204],[-79.66582264528168,43.66184863279289],[-79.66492433359083,43.662522366723884],[-79.6640260227983,43.6613994778374],[-79.66267855616033,43.66095032212119],[-79.66196519680668,43.66193120335318],[-79.66245397823761,43.662297788937074],[-79.66245397823761,43.663420677918104],[-79.66178024536777,43.66386983269849],[-79.66043277783149,43.6636452547536],[-79.66362414798121,43.66598559542941],[-79.66357686695285,43.66589103278693]],[[-79.65987133437218,43.66027658874531],[-79.66020820080709,43.65960285495784],[-79.6608819336769,43.65937827729836],[-79.66035003490897,43.65895276271305],[-79.65904447288237,43.65790831277657],[-79.6586361562464,43.65780623290851],[-79.65796242337657,43.658479966059076],[-79.65818700040099,43.658479966059076],[-79.6586361562464,43.6591537000986],[-79.65841157832368,43.65960285495784],[-79.65930988911622,43.66027658874531],[-79.65964675105958,43.66027658874531],[-79.65987133437218,43.66027658874531]],[[-79.66245397823761,43.65623418830513],[-79.6608819336769,43.65556045530339],[-79.66080909737536,43.655432992787766],[-79.66020819990878,43.65623418830513],[-79.66009590959996,43.65623418830513],[-79.66178024536777,43.65735707695779],[-79.66245397823761,43.65690792219673],[-79.66245397823761,43.65623418830513]]],[[[-79.64381402233039,43.729895705079535],[-79.64358944440768,43.72922197080223],[-79.64336486558665,43.72922197080223],[-79.64358944440768,43.72720077118563],[-79.6442631772775,43.72675161597414],[-79.64538606599277,43.72697619270256],[-79.64561064391549,43.726527037754494],[-79.64538606599277,43.726527037754494],[-79.6426911327168,43.72473041479487],[-79.64246655479411,43.72473041479487],[-79.64134366607885,43.725853303886424],[-79.64022077736358,43.72562872684312],[-79.63999619944087,43.72720077118563],[-79.6388733098273,43.72764992692418],[-79.6368521103195,43.72697619270256],[-79.63662753239679,43.726077882035256],[-79.63707668824222,43.72540414895789],[-79.63640295357575,43.72540414895789],[-79.63550464278322,43.726527037754494],[-79.6352800648605,43.726527037754494],[-79.63460633199068,43.725853303886424],[-79.63280971040558,43.726302459991295],[-79.63123766494657,43.726077882035256],[-79.63078850999948,43.72540414895789],[-79.63123766494657,43.72428125988644],[-79.63056393207675,43.72383210420715],[-79.63033935415405,43.72293379313294],[-79.63011477623132,43.72293379313294],[-79.62764441997977,43.72136174782788],[-79.62741984295538,43.722484637089046],[-79.62719526503265,43.722484637089046],[-79.62674610918722,43.72293379313294],[-79.62629695424012,43.722709214882705],[-79.62607237631741,43.722709214882705],[-79.62494948670384,43.724056682143114],[-79.62391630285452,43.723230135183215],[-79.62382659798858,43.72315837119049],[-79.62384352404516,43.72309913152145],[-79.624275753834,43.72158632593552],[-79.62315286511874,43.72158632593552],[-79.62300310338448,43.72158632593552],[-79.62292828719603,43.72158632593552],[-79.62360202006586,43.7233829490554],[-79.62338186365098,43.72355907521338],[-79.6224794897784,43.722027080097845],[-79.62247252334336,43.72201686861323],[-79.6224269796568,43.721939224527965],[-79.6223168372198,43.72175143237713],[-79.62204997649498,43.72129639006492],[-79.62057265838268,43.71877725429842],[-79.62038336718264,43.718448643803754],[-79.62023708821673,43.718195656163715],[-79.61904717350316,43.71612974015165],[-79.61884158596555,43.7157768378571],[-79.61836942875728,43.71496634464674],[-79.61751324176504,43.7134965801167],[-79.61654222851993,43.71182959566218],[-79.61636831647756,43.711531028469864],[-79.61574147566556,43.710454841558246],[-79.61453816437617,43.70838887426437],[-79.6140561813953,43.70755691360099],[-79.61405543669194,43.70755562589915],[-79.61339821395872,43.706421119288656],[-79.61416975270173,43.706090459108424],[-79.61349601893359,43.70406925772766],[-79.61147481942578,43.70249721430606],[-79.61107946008947,43.70241814281655],[-79.6108317334802,43.70199044929952],[-79.61026106611955,43.70100516883952],[-79.61020232797807,43.7009037474154],[-79.6116993973485,43.70047601386974],[-79.61282228606377,43.70137432521664],[-79.6130468639865,43.70137432521664],[-79.61349601893359,43.70137432521664],[-79.6135572678663,43.70119057891955],[-79.6132714419092,43.701149746693396],[-79.61237313021833,43.70002685769509],[-79.61259770814105,43.699353125242396],[-79.61237313021833,43.699353125242396],[-79.61192397527122,43.69980227996964],[-79.61102566358036,43.699577702052395],[-79.6101273518895,43.69845481413689],[-79.61147481942578,43.69733192467669],[-79.61125024060475,43.69620903627097],[-79.61102566358036,43.69620903627097],[-79.61147481942578,43.695310724176096],[-79.61259770814105,43.69508614697245],[-79.6126449891694,43.69510978767487],[-79.61349601893359,43.69553530183767],[-79.61394518016891,43.69508614957048],[-79.6130468639865,43.693514101833884],[-79.61349601893359,43.69194205705557],[-79.61551722023803,43.691492901908724],[-79.61405746329122,43.69104374794489],[-79.61259770814105,43.69059459126691],[-79.6116993973485,43.693514101833884],[-79.6101273518895,43.696433613166256],[-79.60900446407257,43.69688276897995],[-79.60855530822714,43.696545903571675],[-79.6081061523817,43.69620903627097],[-79.6078815753573,43.695310724176096],[-79.6099027748651,43.69261579093837],[-79.61057650773495,43.69014543512252],[-79.61035192981223,43.69014543512252],[-79.60922904109695,43.69014543512252],[-79.60855530822714,43.68812423469449],[-79.60945361901967,43.68722592426606],[-79.61057650773495,43.68767507888839],[-79.61102566358036,43.687001346018455],[-79.61080108565766,43.687001346018455],[-79.6078815753573,43.687001346018455],[-79.6078815753573,43.68745050232243],[-79.60675868574373,43.68812423469449],[-79.60586037405288,43.687001346018455],[-79.60496206326032,43.68722592426606],[-79.60361459572404,43.686776768229244],[-79.60339001869964,43.686103035013545],[-79.60316544077692,43.686103035013545],[-79.60339001869964,43.68542930072673],[-79.60388166126475,43.68510153963108],[-79.60406375156948,43.68498014617822],[-79.60630952989831,43.68498014617822],[-79.60720784069083,43.68385725711178],[-79.6081061523817,43.68430641292193],[-79.6081061523817,43.68475556796763],[-79.61035192981223,43.68475556796763],[-79.6130468639865,43.68565387901351],[-79.61372059685631,43.68565387901351],[-79.61439433062445,43.68453099021551],[-79.61529264231531,43.68430641292193],[-79.61596637518514,43.68475556796763],[-79.61619095310785,43.68565387901351],[-79.61749878787212,43.68594450959763],[-79.61792340982883,43.68603887044775],[-79.61821215261564,43.686103035013545],[-79.61911046430652,43.68722592426606],[-79.62023335302176,43.68767507888839],[-79.62068250886719,43.68767507888839],[-79.62090708678991,43.68767507888839],[-79.62113166381431,43.686776768229244],[-79.62180539758246,43.68632761272675],[-79.62210741477423,43.68642828513221],[-79.6224791313506,43.68655219024878],[-79.62269050673359,43.68718631740333],[-79.62270370927331,43.68722592426606],[-79.62271617788944,43.68721969014294],[-79.62360202006586,43.686776768229244],[-79.62427575293567,43.68722592426606],[-79.62427575293567,43.688348813284996],[-79.62472490878112,43.688348813284996],[-79.62517406462653,43.68924712378554],[-79.6262476645788,43.69001398368876],[-79.62674610918722,43.690370013290384],[-79.62716317182083,43.690370013290384],[-79.6278689979025,43.690370013290384],[-79.62831815374793,43.69081916905201],[-79.6296656212842,43.68992085676334],[-79.63123766494657,43.68969628016147],[-79.63258513158456,43.68857339103471],[-79.63325886535269,43.68879796794351],[-79.63370802119812,43.68992085676334],[-79.63236055366184,43.691043745996204],[-79.63325886535269,43.69239121273584],[-79.63258513158456,43.69328952374772],[-79.63256107020968,43.69348201995114],[-79.63236055366184,43.69508614697245],[-79.6388733098273,43.699577702052395],[-79.64032846380658,43.70090057943409],[-79.64089818703788,43.70141850513802],[-79.64111908815613,43.70137432521664],[-79.64212968476593,43.702048057037686],[-79.64246655479411,43.70214430577093],[-79.64274103952074,43.70222273014155],[-79.64336486648496,43.70159890354804],[-79.64358944530599,43.701374325866034],[-79.64381402322871,43.701149747342846],[-79.64403859935479,43.70092516927726],[-79.64493691104565,43.70047601386974],[-79.64583522183818,43.70070059101993],[-79.6462843767853,43.701598902898596],[-79.64516148807006,43.703170947146205],[-79.64718268757785,43.703620103145404],[-79.64740726639887,43.70429383570508],[-79.64650895470803,43.70541672531068],[-79.64673353263072,43.70541672531068],[-79.64853015511413,43.70766250311156],[-79.64808100016701,43.708336235694354],[-79.64695811055346,43.70856081392009],[-79.64561064391549,43.70743792476693],[-79.64538606599277,43.70743792476693],[-79.64605979886258,43.70878539195376],[-79.64516148807006,43.709683702816655],[-79.64583522183818,43.709683702816655],[-79.64650895470803,43.709009969795325],[-79.64673353263072,43.709009969795325],[-79.64725754688543,43.7092345480941],[-79.64758505736665,43.70937490999641],[-79.64830557719141,43.709683702816655],[-79.64942846590668,43.71125574803311],[-79.64927298909056,43.71172218174544],[-79.64920388888228,43.7119294811336],[-79.65032677759753,43.71215405888224],[-79.65055135462194,43.71282779227328],[-79.65077593344296,43.71282779227328],[-79.64987762175211,43.713950681092555],[-79.6496530438294,43.713950681092555],[-79.64808100016701,43.7137261029341],[-79.64740726639887,43.71574730398147],[-79.64853015511413,43.71552272606311],[-79.64875473303684,43.71552272606311],[-79.6496530438294,43.71642103723147],[-79.6496530438294,43.7179930823218],[-79.64880463804415,43.71884148836364],[-79.64875473303684,43.71889139281424],[-79.64926804386492,43.71901972104319],[-79.6496530438294,43.719115971092315],[-79.64968512626146,43.71918013662372],[-79.6501021996748,43.7200142822793],[-79.64875473303684,43.72113717082613],[-79.64875473303684,43.722484637089046],[-79.6496530438294,43.721810903850546],[-79.64987762175211,43.721810903850546],[-79.65055135462194,43.72226005975187],[-79.65077593344296,43.72226005975187],[-79.65122508928839,43.724056682143114],[-79.65077593344296,43.725179570879924],[-79.65055135462194,43.725179570879924],[-79.65055135462194,43.726302459991295],[-79.65077593344296,43.726302459991295],[-79.65106845274724,43.72654013725415],[-79.65049613338479,43.72706856098105],[-79.65032088824253,43.72723036433151],[-79.65016648850643,43.72737485231375],[-79.64959207157781,43.72789222663265],[-79.64897931095956,43.72742534882677],[-79.6476318443216,43.72787450417958],[-79.64695811055346,43.728772815816534],[-79.64583522183818,43.728772815816534],[-79.64448775520022,43.73012028170419],[-79.64381402233039,43.729895705079535]],[[-79.63280971040558,43.71148032570903],[-79.63348344327541,43.710582013852196],[-79.63303428742998,43.710582013852196],[-79.63236055366184,43.70945912490209],[-79.63213597573913,43.70945912490209],[-79.63123766494657,43.709009969795325],[-79.6298901983086,43.7092345480941],[-79.62854273167065,43.70811165922463],[-79.62831815374793,43.70698877009903],[-79.62719526503265,43.706090459108424],[-79.62751609114986,43.70528839392668],[-79.62764441997977,43.704967569784486],[-79.62769170010982,43.704955750078916],[-79.62849995479512,43.704753686069175],[-79.62831815374793,43.70384468085721],[-79.62809357582522,43.70384468085721],[-79.62741984295538,43.70384468085721],[-79.62697068710995,43.70429383570508],[-79.6245003308584,43.70429383570508],[-79.62382659798858,43.70541672531068],[-79.62292828719603,43.70564130278582],[-79.6220299764035,43.70474299173346],[-79.6224791313506,43.70384468085721],[-79.62225455342788,43.70384468085721],[-79.62068250886719,43.70429383570508],[-79.62000877509905,43.70384468085721],[-79.61978419807467,43.702946368858804],[-79.61955962015195,43.702946368858804],[-79.6186613093594,43.70227263609252],[-79.61776299677022,43.70249721430606],[-79.61641553103057,43.701598902898596],[-79.61527502814921,43.70143597434324],[-79.61484348557157,43.702946368858804],[-79.61506806439259,43.702946368858804],[-79.61574179726242,43.70429383570508],[-79.61664010895328,43.70721334687962],[-79.61785282740031,43.7070786009122],[-79.6186613093594,43.70698877009903],[-79.61955962015195,43.70788708126413],[-79.61933504222922,43.708336235694354],[-79.62090708678991,43.70766250311156],[-79.62113166381431,43.70766250311156],[-79.6220299764035,43.70856081392009],[-79.62180539758246,43.7092345480941],[-79.62382659798858,43.70990828118843],[-79.62517406462653,43.70990828118843],[-79.62539864165095,43.70990828118843],[-79.62629695424012,43.70878539195376],[-79.62719526503265,43.709009969795325],[-79.6278689979025,43.70990828118843],[-79.62899188661775,43.7092345480941],[-79.6298901983086,43.710357436706204],[-79.63078850999948,43.710357436706204],[-79.63159698477203,43.71080659210469],[-79.63194348923162,43.71099909440811],[-79.63280971040558,43.71148032570903]],[[-79.63415717614524,43.70137432521664],[-79.63213597573913,43.70272179167835],[-79.631686820792,43.70406925772766],[-79.63033935415405,43.70406925772766],[-79.63011477623132,43.704967569784486],[-79.62963353795384,43.70528839587484],[-79.63033935415405,43.70564130278582],[-79.63303428742998,43.70519214699417],[-79.63415717614524,43.706090459108424],[-79.63438175406796,43.706090459108424],[-79.63483090991339,43.70586588071843],[-79.63572922070593,43.70631503600763],[-79.63617837655134,43.70721334687962],[-79.6368521103195,43.70721334687962],[-79.63730126616491,43.70519214699417],[-79.63842415488018,43.70474299173346],[-79.6386487319046,43.70474299173346],[-79.63879164578144,43.70417133943921],[-79.63842415488018,43.703620103145404],[-79.6386487319046,43.70249721430606],[-79.63797499903475,43.70204805768713],[-79.63572922070593,43.703170947146205],[-79.63438175406796,43.70249721430606],[-79.63438175406796,43.70137432521664],[-79.63415717614524,43.70137432521664]]]]}},{"type":"Feature","properties":{"FromBreak":4.0,"SUM_Shape_":0.0,"SUM_Analys":231.78935774,"Shape_Leng":968374.7385,"Shape_Area":306148774.696,"Drive_Time":"4 - 6"},"geometry":{"type":"MultiPolygon","coordinates":[[[[-79.61574179726242,43.48959746476929],[-79.61641553103057,43.48959746476929],[-79.61574179726242,43.489822043007564],[-79.61574179726242,43.48959746476929]]],[[[-79.61529264231531,43.489822043007564],[-79.61551722023803,43.489822043007564],[-79.61516394787108,43.490528588631996],[-79.61525325837661,43.49031738304527],[-79.61527508114982,43.49018818084468],[-79.61526663878278,43.4901577956597],[-79.61524631080621,43.49013418379977],[-79.61519163484645,43.49004587744739],[-79.61516292199502,43.490008857654075],[-79.61515439967792,43.489974571816376],[-79.61515255543665,43.489962129769935],[-79.61529264231531,43.489822043007564]]],[[[-79.62427575293567,43.48510590909832],[-79.62113166381431,43.488249999311186],[-79.61978419807467,43.48847457604226],[-79.61955962015195,43.48847457604226],[-79.61911046430652,43.490271198934174],[-79.61821215261564,43.49094493210084],[-79.6186613093594,43.490271198934174],[-79.6186613093594,43.48847457604226],[-79.61776299677022,43.48757626475991],[-79.61798757469295,43.486902531818295],[-79.61854867140255,43.48667809393279],[-79.61857156317093,43.48667853061111],[-79.6186111689935,43.4866605407665],[-79.6186336672998,43.48665413984269],[-79.61868449128362,43.48662376591502],[-79.61911046430652,43.486453376259675],[-79.62090708678991,43.48780084269241],[-79.62113166381431,43.48780084269241],[-79.62427575293567,43.48510590909832]]],[[[-79.61504234921927,43.49081614899137],[-79.61507490416517,43.490739163271904],[-79.61596637518514,43.49319071022024],[-79.61574179726242,43.49296613212581],[-79.61465986902918,43.491667819123656],[-79.61470418112552,43.491593145437925],[-79.61478823199506,43.491396928943175],[-79.61483008450415,43.49124788711292],[-79.61492233339901,43.4910458751297],[-79.61504234921927,43.49081614899137]]],[[[-79.61057650773495,43.4956610662731],[-79.61080108565766,43.4956610662731],[-79.61214855319393,43.496783954978255],[-79.61057650773495,43.4956610662731]]],[[[-79.60945361901967,43.49745768782292],[-79.60765699743457,43.49611022113285],[-79.60684248688163,43.4963138492227],[-79.60688434478061,43.49627464305873],[-79.60700002802629,43.496194923432505],[-79.60728216639913,43.49600701228241],[-79.60749756982786,43.495894364624526],[-79.60758134671126,43.495861536632155],[-79.60775443140525,43.49582233343278],[-79.6079425188628,43.49573288195747],[-79.60812742987753,43.49563877422519],[-79.60834562616846,43.49552053135184],[-79.6084293231018,43.49549496724974],[-79.60850206508023,43.4954830398515],[-79.60878996434903,43.495406585974244],[-79.6088838859069,43.495369325744136],[-79.60924647021011,43.49525296761325],[-79.60933823670963,43.49521325180891],[-79.60962264782016,43.49518936431539],[-79.60969170670596,43.49517510193413],[-79.6101273518895,43.49543648824207],[-79.61035192981223,43.49543648824207],[-79.61035192981223,43.4956610662731],[-79.60967819694238,43.49611022113285],[-79.60945361901967,43.49611022113285],[-79.60922904109695,43.496783954978255],[-79.60967819694238,43.49745768782292],[-79.60945361901967,43.49745768782292]]],[[[-79.62427575293567,43.48510590909832],[-79.6245003308584,43.48488133222657],[-79.62472490878112,43.4846567538681],[-79.62472490878112,43.48308470870562],[-79.62539864165095,43.48241097585706],[-79.62562321957367,43.48241097585706],[-79.62542446282546,43.481615955982726],[-79.62606949631859,43.4820899716275],[-79.62754829754942,43.48317871672147],[-79.6276209586795,43.48323205515262],[-79.62794142277565,43.483468597911596],[-79.64119587075672,43.49320545857791],[-79.64326969357386,43.49472852139083],[-79.64291570974122,43.49543648824207],[-79.64381402233039,43.49611022113285],[-79.64358944440768,43.496783954978255],[-79.6426911327168,43.49700853321118],[-79.64246655479411,43.497682266156666],[-79.64111908815613,43.497682266156666],[-79.64089451023342,43.497682266156666],[-79.63999619944087,43.49880515507071],[-79.63909788775003,43.49880515507071],[-79.6388733098273,43.49880515507071],[-79.63775042111203,43.50037719900382],[-79.63617837655134,43.50037719900382],[-79.63572922070593,43.5015000879732],[-79.63460633199068,43.50217382227716],[-79.6296656212842,43.49902973295422],[-79.62899188661775,43.49925431000235],[-79.62876730869503,43.49925431000235],[-79.62831815374793,43.50015262222258],[-79.62899188661775,43.50105093280638],[-79.63483090991339,43.505093332810084],[-79.63348344327541,43.50666537785283],[-79.63146224286929,43.505991644156815],[-79.63011477623132,43.50688995516635],[-79.6296656212842,43.50621622202227],[-79.62876730869503,43.505767066107346],[-79.6278689979025,43.505991644156815],[-79.62697068710995,43.505093332810084],[-79.62674610918722,43.505093332810084],[-79.6240511759113,43.505542489177124],[-79.6224791313506,43.504195021778365],[-79.6224791313506,43.50352128918],[-79.62315286511874,43.502847554926845],[-79.62292828719603,43.501949243708026],[-79.62270370927331,43.501949243708026],[-79.62225455342788,43.5015000879732],[-79.62113166381431,43.50172466625826],[-79.62135624173703,43.50082635527315],[-79.62045793094448,43.49992804395436],[-79.61978419807467,43.49970346615407],[-79.61955962015195,43.49970346615407],[-79.6186613093594,43.50015262222258],[-79.61843673143669,43.49880515507071],[-79.61664010895328,43.497682266156666],[-79.61641553103057,43.497682266156666],[-79.61574179726242,43.49633479926492],[-79.61551722023803,43.49633479926492],[-79.61641553103057,43.49498733228106],[-79.61664010895328,43.49498733228106],[-79.61753841974584,43.4956610662731],[-79.61776299677022,43.4956610662731],[-79.61911046430652,43.49521191002749],[-79.61933504222922,43.49453817688927],[-79.6186613093594,43.49363986585877],[-79.61843673143669,43.49363986585877],[-79.61843673143669,43.49319071022024],[-79.6186613093594,43.49319071022024],[-79.62158081965975,43.49521191002749],[-79.62270370927331,43.496783954978255],[-79.62292828719603,43.496783954978255],[-79.62360202006586,43.496783954978255],[-79.62517406462653,43.498131420969976],[-79.62652153126452,43.497682266156666],[-79.62674610918722,43.49700853321118],[-79.62629695424012,43.49633479926492],[-79.62113166381431,43.492741553847864],[-79.6220299764035,43.491394088149185],[-79.62158081965975,43.490271198934174],[-79.62180539758246,43.490271198934174],[-79.62270370927331,43.48914830969797],[-79.62292828719603,43.48914830969797],[-79.62360202006586,43.48914830969797],[-79.62494948670384,43.490271198934174],[-79.62607237631741,43.489822043007564],[-79.62607237631741,43.48869915389349],[-79.62494948670384,43.48780084269241],[-79.62472490878112,43.48780084269241],[-79.62607237631741,43.48600422127187],[-79.62517406462653,43.48488133222657],[-79.62427575293567,43.48510590909832]]],[[[-79.61776299677022,43.508237421698716],[-79.61484348557157,43.50621622202227],[-79.61237313021833,43.50868657812615],[-79.61147481942578,43.508911155737955],[-79.60518664118304,43.504195021778365],[-79.60496206326032,43.503296711062255],[-79.60586037405288,43.50217382227716],[-79.60563579702847,43.50217382227716],[-79.60451290831323,43.5015000879732],[-79.60401960655977,43.5007601409934],[-79.60415399542461,43.50022134001222],[-79.60426389621477,43.49987572962001],[-79.60428140258303,43.49983626707688],[-79.60428248325631,43.49979770764924],[-79.60444830147799,43.499428457283],[-79.60456492705637,43.49921003676927],[-79.60476044537798,43.49888241266244],[-79.60479695470774,43.498776254720184],[-79.60494658438967,43.49846193653085],[-79.60505904448009,43.49825963524306],[-79.60514289592365,43.498155769308696],[-79.60519904062892,43.498090934219086],[-79.60538030448357,43.497872985865776],[-79.60556030530694,43.49768860400597],[-79.60573975456472,43.49746937046534],[-79.60578447449619,43.497410001922304],[-79.60595404138753,43.49722036117808],[-79.60623366537592,43.49687659015493],[-79.60637239939177,43.496651454921306],[-79.6064031406391,43.4966175214881],[-79.60644406249357,43.49656177398944],[-79.6062495619632,43.49643411913962],[-79.60620885570441,43.49640723908391],[-79.60630978232489,43.49634787079992],[-79.60654441059901,43.49650280010721],[-79.60668207921293,43.496464094535426],[-79.60673467736945,43.49641482889357],[-79.60608495197559,43.49858057700361],[-79.60698326276813,43.49947888817009],[-79.60608495197559,43.50105093280638],[-79.60675868574373,43.50172466625826],[-79.60630952989831,43.50262297690918],[-79.60653410782103,43.50262297690918],[-79.60675868574373,43.503296711062255],[-79.60922904109695,43.50464417831359],[-79.6101273518895,43.503745865810664],[-79.6099027748651,43.50307213276073],[-79.61035192981223,43.502847554926845],[-79.61057650773495,43.502847554926845],[-79.61214855319393,43.504419599812145],[-79.6132714419092,43.50464417831359],[-79.61416975270173,43.50352128918],[-79.61259770814105,43.50217382227716],[-79.61237313021833,43.50217382227716],[-79.61214855319393,43.5015000879732],[-79.61394517477902,43.50015262222258],[-79.62068250886719,43.50531791075977],[-79.62090708678991,43.50531791075977],[-79.61955962015195,43.50711453294743],[-79.61372059685631,43.51205524512301],[-79.61776299677022,43.508237421698716]]],[[[-79.61035192981223,43.513851866777],[-79.6081061523817,43.513851866777],[-79.6078815753573,43.5149747559182],[-79.60720784069083,43.51542391171773],[-79.60675868574373,43.5151993342359],[-79.60383917364676,43.51609764501161],[-79.60316544077692,43.516995956094746],[-79.6022671299844,43.51654680092196],[-79.60200406464163,43.51556032616129],[-79.60198171635402,43.51541329245642],[-79.60195088797008,43.5153506660725],[-79.60194564360545,43.51534124807084],[-79.60190788741406,43.51519966191563],[-79.60189758553437,43.51511462928303],[-79.60191452955728,43.51497102895407],[-79.60192451522995,43.5149086718131],[-79.60196590780163,43.51486172085634],[-79.60198592316448,43.514827278448756],[-79.6019834330345,43.51481636267046],[-79.6019472623696,43.51447834584984],[-79.60192856753021,43.51435448389774],[-79.60187682007827,43.51386138077651],[-79.6018280164055,43.51366955391776],[-79.60176166055044,43.51329731084734],[-79.60169607544985,43.5128282770097],[-79.60163757266697,43.51261880873584],[-79.6015709068931,43.512183134704216],[-79.60154467249355,43.51183436597565],[-79.60154222188945,43.511758872900636],[-79.60151297723539,43.511736556827756],[-79.60153861515357,43.511480179387426],[-79.60154349839547,43.51146859261939],[-79.60154128674324,43.511453463691225],[-79.60159339621624,43.51093235573276],[-79.60131936603715,43.5106583250965],[-79.60120884900267,43.51036184437986],[-79.6012057183739,43.510257266323606],[-79.60119601477221,43.51022433538469],[-79.60136881919185,43.50936031106097],[-79.60204255206166,43.50868657812615],[-79.60199035994366,43.50806028195037],[-79.60209482951963,43.50771262957742],[-79.60214708901128,43.50732484256316],[-79.60214461774595,43.50729014827045],[-79.60214736838735,43.507276009281675],[-79.60218729850172,43.50703594111343],[-79.60217791829353,43.506944600496624],[-79.60219640562207,43.50685592519541],[-79.60217906095056,43.50671466575338],[-79.60215578739819,43.50668690678247],[-79.60212397805395,43.50658101080112],[-79.60212550518995,43.506538855247435],[-79.6021421518705,43.50650946537952],[-79.60216789399327,43.50649284382224],[-79.60233233869087,43.50634303524209],[-79.6024669817789,43.506182493338265],[-79.602646896364,43.5060124240443],[-79.60275431061747,43.505889038593075],[-79.60286033338058,43.50567810955983],[-79.60293528880787,43.505372661762244],[-79.60361459572404,43.505542489177124],[-79.60406375156948,43.50621622202227],[-79.60383917364676,43.50688995516635],[-79.60496206326032,43.50733911119609],[-79.60608495197559,43.50868657812615],[-79.60698326276813,43.508237421698716],[-79.6078815753573,43.50846199967871],[-79.60833073030442,43.510034044945],[-79.60855530822714,43.510034044945],[-79.60877988614986,43.51025862210377],[-79.60765699743457,43.5104831997299],[-79.60743241861357,43.51115693410948],[-79.60720784069083,43.51115693410948],[-79.60698326276813,43.51250439985032],[-79.60765699743457,43.51340271100316],[-79.60900446407257,43.51362728930794],[-79.61035192981223,43.513851866777]]],[[[-79.61035192981223,43.513851866777],[-79.61055008648579,43.5143472611609],[-79.61080108565766,43.5149747559182],[-79.61262699591425,43.516136702803124],[-79.6132714419092,43.51654680092196],[-79.6130468639865,43.51654680092196],[-79.61147481942578,43.51654680092196],[-79.6109133768648,43.516995956094746],[-79.61035192981223,43.5174451118328],[-79.6099027748651,43.51722053405599],[-79.60967819694238,43.51722053405599],[-79.60922904109695,43.51654680092196],[-79.60922904109695,43.5149747559182],[-79.6101273518895,43.51430102311665],[-79.6101273518895,43.51407644471325],[-79.61035192981223,43.513851866777]]],[[[-79.6496530438294,43.5437207141966],[-79.6496530438294,43.543496135914125],[-79.64920388888228,43.54214866883628],[-79.65055135462194,43.54080120224662],[-79.65212340008095,43.54080120224662],[-79.65257255592635,43.541474936050086],[-79.65212340008095,43.54237324692909],[-79.65189882215823,43.54237324692909],[-79.65279713295077,43.54327155809732],[-79.65122508928839,43.54237324692909],[-79.6496530438294,43.5437207141966]]],[[[-79.6496530438294,43.5437207141966],[-79.64942846590668,43.54461902482055],[-79.64942846590668,43.5439452909913],[-79.6496530438294,43.5437207141966]]],[[[-79.65616579999487,43.546191068921004],[-79.65683953376299,43.545966492028036],[-79.65661495584027,43.546191068921004],[-79.65616579999487,43.546191068921004]]],[[[-79.65616579999487,43.546191068921004],[-79.65616579999487,43.546415646930605],[-79.65481833335687,43.547987691707895],[-79.65257255592635,43.547987691707895],[-79.65257255592635,43.54776311369529],[-79.65144966721111,43.54843684717615],[-79.65234797800365,43.54753853614817],[-79.6550429112796,43.545741914298425],[-79.6552674892023,43.545741914298425],[-79.65616579999487,43.546191068921004]]],[[[-79.58241640587262,43.549725728412206],[-79.58214973199738,43.549547946099345],[-79.58230958271061,43.5495896138963],[-79.58243690991898,43.549716940812054],[-79.58250428356529,43.54978431368239],[-79.58241640587262,43.549725728412206]]],[[[-79.57930848382289,43.54986335246712],[-79.57996147099955,43.54926085629174],[-79.57998293354832,43.549253811573244],[-79.58000170115123,43.54925318067374],[-79.58098780878807,43.54939832970612],[-79.58106902457462,43.54943285134032],[-79.58115635968484,43.549353446082975],[-79.58102349346441,43.549279850333114],[-79.58100572658473,43.54927753378046],[-79.58099456142406,43.54926587744365],[-79.58098848701611,43.54922867976126],[-79.58099802892106,43.54920885231684],[-79.58105663590851,43.54912954442705],[-79.58102969094156,43.549104538873706],[-79.58098898378445,43.5490772916244],[-79.58096484695109,43.549053838887666],[-79.58074060948988,43.54883595933034],[-79.58099464137412,43.54894483019228],[-79.58110430680568,43.549038770169055],[-79.58127591197442,43.54916376997199],[-79.58149358903913,43.54929194484586],[-79.58159309362652,43.5493394510738],[-79.58152175301991,43.549363231193546],[-79.58093223900461,43.54955973585303],[-79.58048308405748,43.550233470086155],[-79.58058551535608,43.55064320033305],[-79.57931157941738,43.54991223982781],[-79.57929945485597,43.54988725608467],[-79.57930848382289,43.54986335246712]]],[[[-79.5669386958353,43.56279467558816],[-79.56700841588112,43.56263181488949],[-79.56700841588112,43.562809826139976],[-79.56691257372516,43.56284177345004],[-79.5669386958353,43.56279467558816]]],[[[-79.56072023763838,43.5681996930626],[-79.56027108179295,43.56730138176964],[-79.55959734892313,43.56707680413122],[-79.5583141666252,43.56783506142687],[-79.55824561618587,43.567823767315765],[-79.55812875614718,43.567810815404584],[-79.55789119487368,43.56775136310892],[-79.55779443374115,43.567729367807985],[-79.55772081770195,43.567697630721796],[-79.55752473972993,43.56757183362575],[-79.55734424932471,43.567472496751236],[-79.55732655071701,43.56747935709186],[-79.55730898955152,43.56747898022875],[-79.55729671946305,43.56748420619359],[-79.55696322171045,43.56779443203674],[-79.5569431183127,43.56779249110432],[-79.55693482057443,43.5677810707139],[-79.55730165660385,43.56744681472735],[-79.55729619394859,43.567439006692105],[-79.55726428758634,43.567423350914616],[-79.5572092136729,43.56738740307829],[-79.55718722111811,43.567356668178725],[-79.55724510316514,43.567295150166736],[-79.5578476274807,43.566740641672965],[-79.55804071945272,43.566551597632035],[-79.55806204905083,43.5665172589427],[-79.55805540241603,43.566482613661385],[-79.55801256086181,43.56645277849104],[-79.55787685596509,43.566391300562486],[-79.55782214317442,43.566391096180524],[-79.55776493845713,43.5663797249927],[-79.55770866349614,43.56634912106039],[-79.55768065761885,43.566320311640254],[-79.55757850030642,43.566261177465066],[-79.5574334915583,43.56595575259412],[-79.55782474379717,43.56584237566354],[-79.55779215920685,43.56578290970879],[-79.5576597906531,43.5658232228145],[-79.55764667794492,43.56580045678971],[-79.55777920460214,43.56575926820184],[-79.55726452384326,43.5648199838386],[-79.55785600876231,43.56427122036955],[-79.55803620092685,43.5640979449946],[-79.55805248917956,43.563987802913836],[-79.55807891761522,43.563844342371084],[-79.55807949792688,43.56379676165502],[-79.55806671849368,43.56375841233987],[-79.5580354993426,43.563731676184055],[-79.55797614585515,43.56367134241239],[-79.55795362958256,43.56363421741244],[-79.55769877124824,43.56349609625114],[-79.5576465189431,43.563491511105596],[-79.55760172265484,43.56348355870233],[-79.55869903813058,43.56348355870233],[-79.55950786504273,43.56283649826219],[-79.55964608432392,43.56297566373344],[-79.55998116131478,43.563575135929355],[-79.55999593321131,43.56364988654241],[-79.55999355447246,43.5636921538569],[-79.55995643159333,43.56375143375783],[-79.55993651863842,43.563765247717335],[-79.56007858809893,43.563846713692435],[-79.56005790259286,43.56386596285586],[-79.55990310041153,43.56377753720465],[-79.55978120262075,43.56388399868893],[-79.55993937078946,43.56397357501764],[-79.5599193428502,43.5639911799069],[-79.55981391746676,43.563943672210364],[-79.55978791842583,43.56396555563282],[-79.55965789806824,43.56408883598154],[-79.55962165194482,43.56414808294604],[-79.55960206956993,43.564210374863045],[-79.55959747648389,43.564267756819696],[-79.5596163725459,43.56436878876701],[-79.55964650922705,43.56441585285229],[-79.55980701121887,43.56449533590105],[-79.55996353457228,43.56453431418479],[-79.56004644458143,43.56453735397171],[-79.56028404538081,43.56449946467641],[-79.56056786809484,43.56439890877037],[-79.56085681749418,43.56437587012288],[-79.56094578394497,43.5643876940781],[-79.56102126129346,43.56440956627363],[-79.56107743025322,43.564431954640156],[-79.56118821947722,43.56444343294637],[-79.56130552777523,43.56433593097849],[-79.56133057100871,43.56435020240077],[-79.56120462720588,43.56446567419265],[-79.56135919852018,43.56455225868924],[-79.56148137568704,43.564438991075164],[-79.56150641442895,43.56445326247297],[-79.56145304821287,43.564541905840805],[-79.56148643589704,43.5646538863991],[-79.56150395933328,43.564700357277],[-79.56150896654266,43.56474849967055],[-79.56154319415162,43.564781560319574],[-79.56158051376178,43.56480546452902],[-79.56164595513194,43.564830426465484],[-79.56167333847674,43.56487043362798],[-79.56167193530827,43.564925133191295],[-79.56193531416305,43.56510728071907],[-79.56197171479667,43.56517906778593],[-79.56199636905964,43.56533239293698],[-79.56197820961619,43.565393370095585],[-79.56193877447352,43.565473461104325],[-79.56188125354923,43.56553709577411],[-79.5617182919702,43.565706500632054],[-79.56160031263066,43.56584209056763],[-79.56146917027728,43.566027695517185],[-79.5614532152995,43.56607154155193],[-79.56138874590651,43.56612785751298],[-79.56127847501045,43.5661288058754],[-79.56097159972961,43.56632071259385],[-79.56069542706855,43.56651454926026],[-79.56061723950285,43.56658797165305],[-79.5605588732639,43.56668984847566],[-79.56052354791366,43.56679495746353],[-79.56049008746595,43.56704514480812],[-79.56050840321629,43.56712759309691],[-79.56051545499128,43.56718985199204],[-79.56054452357554,43.56724828555025],[-79.56060429657623,43.56730864958563],[-79.56074218437908,43.56738658361136],[-79.56085107815782,43.5674235624528],[-79.56099085421941,43.567439981069356],[-79.56110066697468,43.56744263603575],[-79.56112824345728,43.56743895266852],[-79.56124460762592,43.567423410796174],[-79.5612642609677,43.56741126004073],[-79.56139396691493,43.567638246006425],[-79.56178517154308,43.568322850191855],[-79.56184312725198,43.5684242710706],[-79.56177068261587,43.5684097819192],[-79.56072023763838,43.5681996930626]]],[[[-79.55618024202396,43.56799126256801],[-79.55650946918571,43.56788152008748],[-79.55663644155955,43.56795087020391],[-79.55670433263546,43.56798315129296],[-79.55672292955846,43.56797744371959],[-79.5567803310068,43.56793186968066],[-79.55680964572947,43.56792268834869],[-79.55685018220667,43.56792334964414],[-79.5568914544041,43.5679390567113],[-79.55696038393246,43.56798675977559],[-79.55695373819599,43.56799491400823],[-79.5569435764535,43.56799551477107],[-79.55692948368332,43.56799080239535],[-79.55685829668863,43.56794926317853],[-79.55681458197196,43.56794116231196],[-79.55677743483832,43.5679608801031],[-79.55673944059339,43.568005524011944],[-79.5567438189821,43.568013266234765],[-79.5568501256128,43.56807447825072],[-79.55702593938864,43.56815685548654],[-79.55709312259211,43.56816984832869],[-79.55714953948691,43.5681941866312],[-79.55739961608894,43.568341682014655],[-79.55743064569549,43.56835714619575],[-79.55555171327755,43.56946741702867],[-79.55589530809395,43.56856926783477],[-79.55582982719795,43.568483788440446],[-79.55593654795202,43.56819994625427],[-79.55618024202396,43.56799126256801]]],[[[-79.55465663731836,43.56999631515961],[-79.55465663731836,43.56977173780617],[-79.55472004041111,43.56966078275833],[-79.55472425081483,43.56974248938965],[-79.55474952222042,43.56982902659901],[-79.55475165482089,43.56988051161708],[-79.55473756474566,43.56994046687818],[-79.55473324025589,43.56995105115561],[-79.55465663731836,43.56999631515961]]],[[[-79.55465663731836,43.56999631515961],[-79.55420748237124,43.57067004870431],[-79.55420748237124,43.570445471259596],[-79.55443206029395,43.56999631515961],[-79.55465663731836,43.56999631515961]]],[[[-79.5555549490092,43.575386182702374],[-79.55443206029395,43.574487871210025],[-79.55488121524108,43.574487871210025],[-79.55510579316378,43.574487871210025],[-79.55533037108651,43.57471244920046],[-79.5555549490092,43.57471244920046],[-79.5555549490092,43.57493702700422],[-79.5573515705943,43.5735895599845],[-79.5555549490092,43.575386182702374]]],[[[-79.5499405036363,43.58257267180618],[-79.54971592571357,43.582348093848324],[-79.54949134779085,43.58212351570349],[-79.54791930412848,43.581000626729384],[-79.54747014828305,43.57965316068861],[-79.54589810282407,43.57830569377587],[-79.54522436995423,43.57695822729477],[-79.54567352579966,43.575610759945945],[-79.5463472586695,43.575386182702374],[-79.54702099243762,43.57583533830434],[-79.54747014828305,43.57718280518331],[-79.54904219284374,43.57830569377587],[-79.54949134779085,43.579877738287074],[-79.55038965858341,43.58055147191328],[-79.55398290444852,43.578081116170765],[-79.55398290444852,43.57785653772794],[-79.55420748237124,43.57763195974913],[-79.55443206029395,43.57830569377587],[-79.55398290444852,43.579428582903205],[-79.55263543691224,43.58010231569865],[-79.55218628196512,43.581449782749814],[-79.55083881532717,43.581000626729384],[-79.55061423740445,43.581000626729384],[-79.5499405036363,43.581449782749814],[-79.5499405036363,43.58257267180618]]],[[[-79.5499405036363,43.58257267180618],[-79.55083881532717,43.583246405208214],[-79.54859303699831,43.58526760507308],[-79.54859303699831,43.58504302805868],[-79.54904219284374,43.584369293940846],[-79.54859303699831,43.58347098306859],[-79.54949134779085,43.58257267180618],[-79.54971592571357,43.58257267180618],[-79.5499405036363,43.58257267180618]]],[[[-79.54458330342139,43.58505530474546],[-79.54459334658627,43.58494141653267],[-79.5449997920315,43.58504302805868],[-79.54528930108127,43.58547729537845],[-79.54458330342139,43.58505530474546]]],[[[-79.57671507095384,43.62622728386952],[-79.57662558617514,43.626159958143],[-79.57681597152317,43.62626380520626],[-79.57671507095384,43.62622728386952]]],[[[-79.57239828333135,43.62614076400917],[-79.57370159687477,43.625966989128116],[-79.57368112965933,43.62597381809333],[-79.5734004905747,43.62604084361149],[-79.5730203433094,43.626084054860165],[-79.5724703039626,43.62617135705483],[-79.57212121774488,43.62629707331888],[-79.57204711931035,43.62633064638034],[-79.57217370540863,43.62614076400917],[-79.57239828333135,43.62614076400917]]],[[[-79.57941881849935,43.62684215612678],[-79.57958477326494,43.62681449667626],[-79.57977843746379,43.6269436065154],[-79.57968915211106,43.62690346893633],[-79.57941881849935,43.62684215612678]]],[[[-79.57997409592257,43.627105795172135],[-79.57986710567391,43.62700271880046],[-79.58025850613477,43.62726365279437],[-79.58025850613477,43.62734518760766],[-79.58021782323219,43.6273163007369],[-79.58010267717907,43.62723536865699],[-79.57997409592257,43.627105795172135]]],[[[-79.58048308405748,43.62748823089532],[-79.5804801402783,43.62749264600685],[-79.58047329511584,43.62748823089532],[-79.58048308405748,43.62748823089532]]],[[[-79.73268266186065,43.638717119966046],[-79.73229767177764,43.637369653872156],[-79.73207309385492,43.637369653872156],[-79.7311747830624,43.63669591989587],[-79.73095020603799,43.63669591989587],[-79.73095020603799,43.63624676469936],[-79.7311747830624,43.63624676469936],[-79.73207309385492,43.636022186817314],[-79.73229767177764,43.636022186817314],[-79.73274682762307,43.63534845268637],[-79.73252224970037,43.63489929782054],[-79.73409429515937,43.63467472010388],[-79.73993331665838,43.63130605312131],[-79.73589091674447,43.63400098711973],[-79.73611549466717,43.63489929782054],[-79.73566633882174,43.63557303113591],[-79.73589091674447,43.63557303113591],[-79.73634007258988,43.63534845268637],[-79.73722393218446,43.63623231267745],[-79.73709388847065,43.63635057028007],[-79.73701655160954,43.636420899294556],[-79.73605537491677,43.6372949460339],[-79.7353039925721,43.63797819240832],[-79.73495265966787,43.63829766373354],[-79.73382813961204,43.639320161183406],[-79.73274682762307,43.63894169817788],[-79.73268266186065,43.638717119966046]]],[[[-79.71994589411318,43.645679031881464],[-79.71972131619047,43.644556143287176],[-79.71680180499182,43.64320867618058],[-79.71620291885314,43.64260979936041],[-79.71478060009412,43.64118747768447],[-79.71433144784196,43.64073832095753],[-79.71430649264336,43.64073832095753],[-79.71410687081756,43.64073832095753],[-79.71410687081756,43.640513742960096],[-79.71388229289485,43.64073832095753],[-79.71365771497213,43.64096289811551],[-79.71343313794772,43.64118747573416],[-79.71320856002501,43.64141205381358],[-79.71275940417958,43.64163663170359],[-79.71396251963623,43.640513742960096],[-79.71612807122368,43.638492542865265],[-79.716185008243,43.63853999108156],[-79.71747553786163,43.63961543167744],[-79.7185984265769,43.639166276200385],[-79.71981304585908,43.64017845933403],[-79.71994589411318,43.64028916477335],[-79.72013964455029,43.64024072718687],[-79.72174251569827,43.639840009131994],[-79.72286540531186,43.640513742960096],[-79.72353913818168,43.63984001108228],[-79.72376371610439,43.63961543167744],[-79.72353913818168,43.638492542865265],[-79.72376371610439,43.63826796492505],[-79.7239882940271,43.63826796492505],[-79.72488660481966,43.639166276200385],[-79.72511118274237,43.639166276200385],[-79.72488660481966,43.63961543167744],[-79.72511118274237,43.63961543167744],[-79.72533576066509,43.64028916477335],[-79.72600949443321,43.640513742960096],[-79.72623407235594,43.640513742960096],[-79.72690780522578,43.640064587047355],[-79.72780611601831,43.64096289811551],[-79.72892900473357,43.640513742960096],[-79.72915358265628,43.639840009131994],[-79.72892900473357,43.639840009131994],[-79.72847984978644,43.63894169817788],[-79.72892900473357,43.63894169817788],[-79.72915358265628,43.63894169817788],[-79.72971865351272,43.639245970657534],[-79.73189936417056,43.64042019725939],[-79.73189307686188,43.64042374419105],[-79.73128195297411,43.64076851456647],[-79.73000464565816,43.64148909554192],[-79.72829907012373,43.642451322218896],[-79.72818650582875,43.642514822858296],[-79.72685048821907,43.64326850964374],[-79.72643918827801,43.643500530329504],[-79.72638992376953,43.64352831471386],[-79.72619143382097,43.64364014703982],[-79.7237379802698,43.64502453303598],[-79.72264082738914,43.64478072112507],[-79.72203983290449,43.645982711858665],[-79.72178200833312,43.64612818807247],[-79.72061962698302,43.64612818807247],[-79.71994589411318,43.645679031881464]]],[[[-79.71298398210229,43.64994600977282],[-79.71320856002501,43.64994600977282],[-79.71395579574633,43.65050644075913],[-79.71379398760409,43.65058245229405],[-79.71346799976726,43.6507355878511],[-79.71324589041495,43.650840564371],[-79.71314892895813,43.65088638697455],[-79.71265233577749,43.65112002854032],[-79.71257180450722,43.651157967308485],[-79.71204787649081,43.651404671088905],[-79.71186109338703,43.65084432128245],[-79.71231024923249,43.65017058825986],[-79.71298398210229,43.64994600977282]]],[[[-79.69259202393016,43.66213121511466],[-79.69344571360591,43.6613994778374],[-79.69278988146475,43.662273921498866],[-79.6927719807361,43.662297788937074],[-79.69344571360591,43.66282181481334],[-79.69550475644168,43.6644232994027],[-79.6954291272779,43.66449050882715],[-79.69530537805932,43.664600481933554],[-79.69520621123849,43.66468849952366],[-79.69337661070269,43.6639043842267],[-79.6927719807361,43.6636452547536],[-79.69187366904522,43.6627469443204],[-79.69259202393016,43.66213121511466]]],[[[-79.69254740281337,43.666564766838995],[-79.69299655776047,43.66589103278693],[-79.69355855188707,43.666150417042395],[-79.69276449058324,43.66685421886141],[-79.69254740281337,43.666564766838995]]],[[[-79.60271628493149,43.66791223370084],[-79.60144891927078,43.666433640628114],[-79.60140517311308,43.666382603414455],[-79.60136881919185,43.666340189228585],[-79.60114424126913,43.665666455905104],[-79.60159339621624,43.66499272216797],[-79.60383917364676,43.664543566691215],[-79.60479295091652,43.66412214372137],[-79.60574742527893,43.663700409766335],[-79.61168251800433,43.66107792629538],[-79.61349601893359,43.66027658874531],[-79.61454723646223,43.659607637497125],[-79.61596637518514,43.65870454382907],[-79.61619095310785,43.65870454382907],[-79.61641553103057,43.658479966059076],[-79.61686468597769,43.658255388099015],[-79.61619095310785,43.6591537000986],[-79.61664010895328,43.66005201100631],[-79.61753841974584,43.66027658874531],[-79.61708926390041,43.66050116629416],[-79.60563579702847,43.665666455905104],[-79.60608495197559,43.66678934490869],[-79.60518664118304,43.66768765593343],[-79.60361459572404,43.66701392213827],[-79.60361459572404,43.6674630779755],[-79.60271628493149,43.66791223370084]]],[[[-79.62158081965975,43.66858596716002],[-79.62135624173703,43.66858596716002],[-79.62135624173703,43.66701392213827],[-79.6224791313506,43.666564766838995],[-79.62270370927331,43.666564766838995],[-79.62292828719603,43.666564766838995],[-79.62719526503265,43.66386983269849],[-79.62180539758246,43.66768765593343],[-79.62158081965975,43.66858596716002]]],[[[-79.62158081965975,43.66858596716002],[-79.6220299764035,43.669259700204485],[-79.62180539758246,43.669259700204485],[-79.62158081965975,43.66903512293007],[-79.62158081965975,43.668810544815386],[-79.62158081965975,43.66858596716002]]],[[[-79.6220299764035,43.669259700204485],[-79.62315286511874,43.669259700204485],[-79.62382659798858,43.669933434133526],[-79.62472490878112,43.669708856131074],[-79.62517406462653,43.668810544815386],[-79.62472490878112,43.66791223370084],[-79.62494948670384,43.66813681127786],[-79.62517406462653,43.66836138931416],[-79.62876730869503,43.669933434133526],[-79.63123766494657,43.67173005584123],[-79.631686820792,43.67240378867962],[-79.63146224286929,43.673526677695655],[-79.63078850999948,43.67397583417652],[-79.63011477623132,43.67375125570658],[-79.63011477623132,43.67464956714269],[-79.62899188661775,43.675098723015864],[-79.62809357582522,43.674200411806005],[-79.62764441997977,43.67442498989456],[-79.62697068710995,43.67397583417652],[-79.62652153126452,43.6726283669941],[-79.62629695424012,43.6726283669941],[-79.62674610918722,43.671056323236705],[-79.62517406462653,43.670382588916965],[-79.62360202006586,43.670607166997485],[-79.62270370927331,43.669708856131074],[-79.6224791313506,43.669708856131074],[-79.62225455342788,43.669484277938146],[-79.6220299764035,43.669484277938146],[-79.6220299764035,43.669259700204485]]],[[[-79.65234797800365,43.67217921212378],[-79.65100051136568,43.67285294511792],[-79.65189882215823,43.673526677695655],[-79.65144966721111,43.67442498989456],[-79.64987762175211,43.675098723015864],[-79.64673353263072,43.67532330099124],[-79.64650895470803,43.67532330099124],[-79.64471233312292,43.675098723015864],[-79.64673353263072,43.675098723015864],[-79.64718268757785,43.67397583417652],[-79.64810742051785,43.673605940619034],[-79.64830557719141,43.673526677695655],[-79.64897931095956,43.6726283669941],[-79.65077593344296,43.67285294511792],[-79.65234797800365,43.67217921212378]]],[[[-79.64240737827475,43.67563058122688],[-79.63617837655134,43.670607166997485],[-79.64296557162938,43.675909677930356],[-79.64336486558665,43.67622161228443],[-79.64314028766394,43.67622161228443],[-79.64240737827475,43.67563058122688]]],[[[-79.68333971337195,43.676670768085856],[-79.68311513455093,43.67577245571993],[-79.68289055842484,43.67577245571993],[-79.68378886921738,43.67487414484975],[-79.68356429129467,43.67442498989456],[-79.6840134471401,43.67442498989456],[-79.68458928520353,43.67379157770265],[-79.68625922457063,43.67195463407779],[-79.68738211418419,43.67195463407779],[-79.6878312691313,43.671056323236705],[-79.68925991202993,43.67146450606975],[-79.68920449675669,43.671571750401505],[-79.68872957992386,43.67173005584123],[-79.68880615411531,43.6723426529003],[-79.68773013769494,43.67442498989456],[-79.6876066912086,43.67442498989456],[-79.68762670657144,43.67462514844898],[-79.68694812459569,43.67593831923612],[-79.68616421784785,43.67745521882869],[-79.68491175793264,43.677569078698255],[-79.68333971337195,43.676670768085856]]],[[[-79.67435660185326,43.676670768085856],[-79.67525491264583,43.676446189955705],[-79.67547948967021,43.67577245571993],[-79.67705153512921,43.676670768085856],[-79.67750069097464,43.67622161228443],[-79.6786235796899,43.67622161228443],[-79.6788481567143,43.67554787877582],[-79.67958313941514,43.67573162372893],[-79.67974646930347,43.67577245571993],[-79.6801956242506,43.67532330099124],[-79.68086935801873,43.67577245571993],[-79.68199224583569,43.67577245571993],[-79.68086935801873,43.67622161228443],[-79.67974646930347,43.67599703377274],[-79.67965663777507,43.67617669716914],[-79.67929731435636,43.676895344725786],[-79.67915335214556,43.677183266913204],[-79.67907273463702,43.67734450068168],[-79.6822168237584,43.679590278755306],[-79.68311513455093,43.67891654473873],[-79.68333971337195,43.67891654473873],[-79.68350012643056,43.67894862726599],[-79.68446260208722,43.67914112271864],[-79.68487087919732,43.679957677725525],[-79.68454179666436,43.68059437968898],[-79.6840134471401,43.68138690111149],[-79.68413216130153,43.68138690111149],[-79.68390509235051,43.68182620139878],[-79.68384733067776,43.68193794551563],[-79.68380469932933,43.68201756048141],[-79.68365759930325,43.682300938515745],[-79.6836221625619,43.682369446048],[-79.68362072166418,43.68237222457265],[-79.68329094922507,43.68300977467338],[-79.68328561413061,43.68302008895036],[-79.68266597960381,43.68250979029239],[-79.68131851296585,43.68340810118685],[-79.68109393504312,43.68340810118685],[-79.6801956242506,43.68453099021551],[-79.67997104632788,43.68453099021551],[-79.6788481567143,43.68385725776138],[-79.67794984592176,43.68430641357153],[-79.67750069097464,43.68453099021551],[-79.67660237928379,43.68430641292193],[-79.67615322433666,43.68340810118685],[-79.67682695720649,43.68138690111149],[-79.67705153512921,43.68138690111149],[-79.67794984592176,43.68116232309203],[-79.67817442384447,43.68116232309203],[-79.6788481567143,43.68161147893988],[-79.67907273463702,43.68161147893988],[-79.67929731255973,43.68116232309203],[-79.6804202021733,43.68093774618097],[-79.67615305635171,43.67773740803294],[-79.6750303347231,43.676895344725786],[-79.67480575680038,43.676895344725786],[-79.67435660185326,43.676670768085856]]],[[[-79.66469975566812,43.669259700204485],[-79.66471695930412,43.669248948205755],[-79.66461560867883,43.66917555424565],[-79.66469975566812,43.669259700204485],[-79.66465245128356,43.669259700204485],[-79.66447517864373,43.669259700204485],[-79.6640260227983,43.66903512293007],[-79.66380144487557,43.668810544815386],[-79.66357686695285,43.66858596716002],[-79.66335228992845,43.66836138931416],[-79.66312771200573,43.66836138931416],[-79.66065735575421,43.666564766838995],[-79.6586361562464,43.66813681127786],[-79.65825718218086,43.66817891943938],[-79.65661495584027,43.66836138931416],[-79.65617960530413,43.66874553132268],[-79.65587259437768,43.669016428533446],[-79.6546545237682,43.67009120523003],[-79.65358699013905,43.67103313828631],[-79.65279713295077,43.67173005584123],[-79.65279713295077,43.67195463407779],[-79.65234797800365,43.67217921212378],[-79.65236401921968,43.67214713052545],[-79.65279713295077,43.67128090009575],[-79.65234797800365,43.670382588916965],[-79.65347086671892,43.670607166997485],[-79.65392002166602,43.67015801129559],[-79.65414459958875,43.67015801129559],[-79.65456167390042,43.66786411079972],[-79.65369544374332,43.66858596716002],[-79.6532462887962,43.669708856131074],[-79.65212340008095,43.669933434133526],[-79.6501021996748,43.67195463407779],[-79.64920388888228,43.67217921212378],[-79.64853015511413,43.67173005584123],[-79.64830557719141,43.671056323236705],[-79.64875473303684,43.67015801194537],[-79.64897931095956,43.67015801194537],[-79.65122508928839,43.66836138931416],[-79.65032677759753,43.66768765593343],[-79.65032677759753,43.666564766838995],[-79.6532462887962,43.664094411103015],[-79.65347086671892,43.663420677918104],[-79.65234797800365,43.66319610024243],[-79.65212340008095,43.66386983269849],[-79.65032677759753,43.664768143874916],[-79.64920388888228,43.66431898931719],[-79.64920388888228,43.66319610024243],[-79.65100051136568,43.66207321096012],[-79.64942846590668,43.66005201100631],[-79.65100051136568,43.6589291220589],[-79.64881519684201,43.65753846902766],[-79.64858385819845,43.65739125203463],[-79.64853015511413,43.65735707695779],[-79.64740726639887,43.65600960974465],[-79.64830557719141,43.652640944291946],[-79.64897931095956,43.65219178805348],[-79.6495856710814,43.65239390825653],[-79.6496530438294,43.65219178805348],[-79.65163461595507,43.65054048648719],[-79.65156195572331,43.650395165907135],[-79.64987762175211,43.650395165907135],[-79.64942846590668,43.65219178805348],[-79.64808100016701,43.65174263170569],[-79.64718268757785,43.652416365942656],[-79.64650895470803,43.651967209974494],[-79.64673353263072,43.6510688990104],[-79.64844852610258,43.64963974724189],[-79.64830557719141,43.64972143174612],[-79.64740726639887,43.64927227707344],[-79.64718268757785,43.648373966101765],[-79.64808101184512,43.64747565404547],[-79.64785642224432,43.64747565404547],[-79.64673353263072,43.64882312099194],[-79.64493691104565,43.64882312099194],[-79.64448775520022,43.64949685417961],[-79.64471233312292,43.65017058825986],[-79.64346467829617,43.65079441543992],[-79.64336486558665,43.65084432128245],[-79.64246655479411,43.650395165907135],[-79.64224197687139,43.64972143174612],[-79.64134366607885,43.64972143174612],[-79.6404453552863,43.64904769912755],[-79.64111077694312,43.6484654590351],[-79.64195830148107,43.64772387319371],[-79.64224197687139,43.64747565404547],[-79.64216497957344,43.64737940794265],[-79.6419758168325,43.64714295671948],[-79.63977162061984,43.64797902243365],[-79.63977162061984,43.64814938804718],[-79.63962715714912,43.648033818079014],[-79.63932246567272,43.64814938804718],[-79.63909788775003,43.64814938804718],[-79.63954704269713,43.64927227707344],[-79.63880914496318,43.6500101765334],[-79.6386487319046,43.65017058825986],[-79.63750088529578,43.64945318656501],[-79.63719346833082,43.64943397322055],[-79.636191615922,43.64937135739584],[-79.63612446954946,43.64936716099184],[-79.63574719329982,43.649532799126646],[-79.63185813221163,43.65124021068096],[-79.63186439796073,43.65124647714137],[-79.63192461293256,43.651306692586346],[-79.63236055366184,43.65174263170569],[-79.63236055366184,43.652865521151455],[-79.63258513158456,43.652865521151455],[-79.63348344327541,43.65376383319063],[-79.63370802119812,43.65376383319063],[-79.63460633199068,43.65331467690087],[-79.63393259912084,43.65511129880246],[-79.6352800648605,43.65623418830513],[-79.63438175406796,43.65735707695779],[-79.63483090991339,43.6589291220589],[-79.63370802119812,43.66005201100631],[-79.63348344327541,43.66005201100631],[-79.62921646543877,43.658479966059076],[-79.6298901983086,43.65690792219673],[-79.62899188661775,43.65600960974465],[-79.62719526503265,43.65690792219673],[-79.62584779839469,43.65600960974465],[-79.62472490878112,43.65690792219673],[-79.62360202006586,43.65556045530339],[-79.62225461541165,43.65556045530339],[-79.62221561595189,43.65556045530339],[-79.62215270154265,43.65556045530339],[-79.62135624173703,43.65556045530339],[-79.62113166381431,43.65556045530339],[-79.62068250886719,43.65466214414151],[-79.62127180818516,43.653876412754165],[-79.621341892947,43.653782965855726],[-79.62135624173703,43.65376383319063],[-79.62177716622801,43.65357121604333],[-79.62686673316693,43.65124215672212],[-79.62697068710995,43.6510688990104],[-79.63097233225605,43.64935392307734],[-79.63129378899058,43.64921615525324],[-79.63129530804171,43.649215503950956],[-79.63243455597663,43.64869413745808],[-79.63447953658493,43.64775825980852],[-79.63460633199068,43.64770023201897],[-79.63454216712655,43.64750773842884],[-79.63445661337553,43.64725107718232],[-79.63438175406796,43.64725107718232],[-79.63427810285721,43.64704377391724],[-79.63303428742998,43.64725107718232],[-79.63236055366184,43.64657734285513],[-79.63134996334024,43.64720896474245],[-79.63078850999948,43.64770023201897],[-79.63011477623132,43.6479248098029],[-79.6298901983086,43.6479248098029],[-79.62899188661775,43.64702649882952],[-79.62924141884075,43.646652203609165],[-79.62921646543877,43.64657734285513],[-79.62955332828044,43.646184340079394],[-79.6298901983086,43.645679031881464],[-79.6296656212842,43.645679031881464],[-79.62809357582522,43.64500529877347],[-79.62764441997977,43.645454454151675],[-79.62764441997977,43.64567903643177],[-79.62764441997977,43.64657734285513],[-79.62697068710995,43.64702649882952],[-79.62674610918722,43.64702649882952],[-79.62652153126452,43.646801920937115],[-79.62526389615495,43.648269164024086],[-79.62517406462653,43.648373966101765],[-79.62360202006586,43.64904769912755],[-79.62292828719603,43.64882312099194],[-79.6224791313506,43.64972143174612],[-79.62113166381431,43.64972143174612],[-79.62081461331626,43.650197009126664],[-79.62068250886719,43.650395165907135],[-79.62060084482134,43.65041558207435],[-79.61978419807467,43.650619742714696],[-79.61911046430652,43.64972143174612],[-79.6188858863838,43.64972143174612],[-79.61933504222922,43.64904769912755],[-79.61911046430652,43.648373966101765],[-79.61768813746265,43.64780503638934],[-79.61768525836216,43.647803884558236],[-79.61759456175614,43.64776760641736],[-79.61708926120546,43.64756548494561],[-79.61686468597769,43.64747565404547],[-79.61664010895328,43.64747565404547],[-79.61574179726242,43.64657734285513],[-79.61551722023803,43.64657734285513],[-79.61551722023803,43.645679031881464],[-79.61532472025578,43.64561486569426],[-79.61282228606377,43.64478072112507],[-79.611845863164,43.645561860007575],[-79.61174150587745,43.64580535802935],[-79.61192397527122,43.64635276523358],[-79.61214855319393,43.64635276523358],[-79.6116993973485,43.64725107718232],[-79.61147481942578,43.64725107718232],[-79.6101273518895,43.64747565404547],[-79.60967819694238,43.64702649882952],[-79.60945361901967,43.64702649882952],[-79.60922904199528,43.647251077832344],[-79.60765699743457,43.64882312099194],[-79.60743241861357,43.64882312099194],[-79.60653410782103,43.64882312099194],[-79.60631415891696,43.64882312099194],[-79.60653801728914,43.64862153932923],[-79.60750097893435,43.64775443510218],[-79.60862371763096,43.64674341705253],[-79.60883986396642,43.64654877659346],[-79.60875739682672,43.646479912904994],[-79.60853896517717,43.646297529281824],[-79.6084044496499,43.646185132472155],[-79.6083449766865,43.64614866744344],[-79.60823590324472,43.646013376058754],[-79.60820315695766,43.645964748726136],[-79.6081514732861,43.64588799940425],[-79.60812501790097,43.64584360437273],[-79.60826055032116,43.645735177157825],[-79.60833073030442,43.645454454151675],[-79.60855531002376,43.645304734765325],[-79.60889666623846,43.64473580718476],[-79.60864513975555,43.64410699094319],[-79.6084654749021,43.64388240993652],[-79.60833073030442,43.64388240993652],[-79.60698325737825,43.64343325385531],[-79.60614109398591,43.64315253179328],[-79.60563579702847,43.6429840983164],[-79.60527647091483,43.642534943969906],[-79.60493277009725,43.6421053165986],[-79.60473748533762,43.64186120875414],[-79.60481769141775,43.641299769429445],[-79.60494164724888,43.640432079089464],[-79.60496206326032,43.64028916477335],[-79.60507435267084,43.64023302025801],[-79.60566788125715,43.63993625626267],[-79.60586037405288,43.63961543167744],[-79.6059194733171,43.63960361209605],[-79.60608495197559,43.63894169817788],[-79.60675868484542,43.63849254351535],[-79.60614109488422,43.63787495459799],[-79.6042883303905,43.638492542865265],[-79.60204255206166,43.64096289811551],[-79.60181797413897,43.64096289811551],[-79.60002135165557,43.640064587047355],[-79.59844155553228,43.64098615188697],[-79.59822451447481,43.64111276094119],[-79.59772569526889,43.641403740504],[-79.59463148510366,43.64320867618058],[-79.59395775133554,43.642759520912826],[-79.59373317431113,43.642759520912826],[-79.59283486172195,43.64388240993652],[-79.59261028469754,43.64388240993652],[-79.59103824013687,43.6429840983164],[-79.59103824013687,43.64186120875414],[-79.58879246180803,43.64096289811551],[-79.5885678838853,43.64096289811551],[-79.58834330596261,43.64028916477335],[-79.58901703973075,43.63939085403352],[-79.58677126230023,43.638717119966046],[-79.58680126333577,43.63913714471827],[-79.58677175727195,43.639098747830054],[-79.58673893372979,43.63905130200539],[-79.58667695446674,43.63898457639545],[-79.58662848856055,43.638949651015196],[-79.58661746623201,43.63893942668137],[-79.58657053374999,43.638870149899056],[-79.58652631957004,43.63879070328739],[-79.58649690243941,43.63874372140194],[-79.5864499052787,43.63868378981571],[-79.58640460413724,43.638623630628764],[-79.58635488957277,43.63856055105351],[-79.58634632413654,43.63854919349833],[-79.58628656371226,43.6384699434482],[-79.58621798003529,43.63840722387763],[-79.58613695918316,43.638312808286855],[-79.58605841857957,43.63823042629146],[-79.58598789633818,43.6381554627252],[-79.58593290866301,43.63808376723257],[-79.58590979501075,43.63805516897666],[-79.58587369710938,43.6380133257426],[-79.58586425222248,43.63800138882387],[-79.58581519702145,43.637941124933825],[-79.58579475495884,43.637920174025076],[-79.58572758163683,43.63783909889354],[-79.58562138639722,43.63774116847668],[-79.58560706455664,43.637754893294485],[-79.58548812671471,43.63762456948613],[-79.58542030211413,43.63757484249762],[-79.58540071255273,43.63752691502446],[-79.58532353559171,43.63744564822413],[-79.58533814938475,43.63718949074833],[-79.58547738825379,43.636656627507634],[-79.58561268711198,43.636243448971946],[-79.58594034222199,43.63551064271895],[-79.58552907911186,43.63489118255794],[-79.58550977251979,43.63463652516453],[-79.58556253237306,43.63420929438518],[-79.58579334460383,43.63380678129972],[-79.58537288723679,43.63319853405878],[-79.58511013450777,43.63207127635323],[-79.5851255406149,43.63136762600697],[-79.58522116268362,43.63110808369794],[-79.58552994868107,43.63063795084365],[-79.58573024603996,43.630182050622636],[-79.5858869400733,43.62994519945584],[-79.5859404428333,43.62986730025168],[-79.5860045250524,43.62977412030128],[-79.58601974251333,43.62965418781022],[-79.58599173753433,43.62952072214865],[-79.58592772628214,43.629364384159366],[-79.58582297194023,43.629212675320865],[-79.58574957329331,43.62908661468602],[-79.58552842513835,43.62890034130057],[-79.58533685670906,43.62878626687889],[-79.58517432542303,43.62872078805393],[-79.58492889580594,43.62864730684117],[-79.58473758429481,43.628591709991746],[-79.58456486701176,43.62854155093088],[-79.58438925984846,43.62849731409099],[-79.58421324035842,43.62845393941947],[-79.58403762331365,43.62840970901742],[-79.58380158558285,43.62835236803667],[-79.58365257304351,43.628311816552554],[-79.58341787020923,43.62823023103211],[-79.58337972774227,43.62821532062126],[-79.58323795742076,43.62817684848003],[-79.58303371016956,43.628117501966145],[-79.58385175110158,43.62748823089532],[-79.58519921684123,43.62748823089532],[-79.58766957309277,43.62883569683575],[-79.58969077260056,43.627039075154805],[-79.59013992934432,43.6259161860759],[-79.59103824013687,43.62614076400917],[-79.59081366221415,43.627039075154805],[-79.5917119730067,43.62883569683575],[-79.59103824013687,43.62928485280567],[-79.59081366221415,43.630407742025454],[-79.58969077260056,43.63108147498059],[-79.5885678838853,43.63085689795131],[-79.58766957309277,43.631755208835735],[-79.58834330686092,43.63287809806516],[-79.5885678838853,43.63287809806516],[-79.58924161765346,43.63310267599414],[-79.58924161765346,43.63355183128489],[-79.58879246180803,43.63355183128489],[-79.58699584022294,43.63557303113591],[-79.58744499517007,43.63647134174207],[-79.5881187289382,43.63669591989587],[-79.59081366221415,43.63445014219819],[-79.59283486172195,43.63579760874611],[-79.59395775133554,43.636022186817314],[-79.59485606302638,43.63512387599818],[-79.59418232925823,43.63400098711973],[-79.59485606302638,43.63310267599414],[-79.59620352876603,43.63332725308387],[-79.59800015214775,43.6322043637942],[-79.59822472917216,43.63332725308387],[-79.59957219581011,43.63467472010388],[-79.59979677373283,43.63467472010388],[-79.60159339621624,43.63422556475348],[-79.60181797413897,43.63422556475348],[-79.6022671299844,43.63242894229031],[-79.60316544077692,43.63287809806516],[-79.60361459572404,43.63242894229031],[-79.60383917364676,43.63242894229031],[-79.60496206326032,43.63332725308387],[-79.60563579702847,43.63332725308387],[-79.60653410782103,43.6322043637942],[-79.60451290831323,43.63063232008284],[-79.60473748533762,43.62995858599401],[-79.60720784069083,43.63153063107301],[-79.60877988614986,43.63018316377912],[-79.6101273518895,43.63153063107301],[-79.61035192981223,43.63153063107301],[-79.60967818795922,43.632204380699065],[-79.61125024060475,43.63108147498059],[-79.61080108565766,43.62973400932045],[-79.6081061523817,43.627712808157185],[-79.60720784069083,43.62748823089532],[-79.60653410782103,43.62816196406514],[-79.60630952989831,43.62816196406514],[-79.60563579702847,43.627937385880486],[-79.60518664118304,43.627039075154805],[-79.60586037405288,43.6259161860759],[-79.60563579702847,43.6259161860759],[-79.60541121910576,43.6259161860759],[-79.60473748533762,43.62479329682967],[-79.60451290831323,43.62479329682967],[-79.60541121910576,43.623670408067525],[-79.60563579702847,43.623670408067525],[-79.60743241861357,43.62456871906449],[-79.60698326276813,43.623670408067525],[-79.60675868574373,43.623670408067525],[-79.60720784069083,43.622772097303226],[-79.6081061523817,43.62254751914047],[-79.60900446407257,43.62322125306266],[-79.6099027748651,43.62232294078915],[-79.60877988614986,43.62030174079635],[-79.60855530822714,43.62030174079635],[-79.60900446407257,43.619403429771786],[-79.6099027748651,43.61917885203207],[-79.60967819694238,43.61850511898274],[-79.60945361901967,43.61850511898274],[-79.60855530822714,43.61828054113948],[-79.60698326276813,43.61962800797333],[-79.60608495197559,43.619403429771786],[-79.60586037405288,43.61872969728791],[-79.60563579702847,43.61872969728791],[-79.60608495197559,43.6178313861882],[-79.60833073030442,43.61603476274836],[-79.6081061523817,43.61513645171012],[-79.60855530822714,43.61446271889283],[-79.61057650773495,43.614013562739785],[-79.60855530822714,43.61221694100286],[-79.60855530822714,43.611992363089094],[-79.60855530822714,43.61086947394933],[-79.60945361901967,43.61042031827703],[-79.61071686141324,43.61154320669692],[-79.61147481942578,43.61221694100286],[-79.6116993973485,43.61221694100286],[-79.61155903558536,43.611655495296425],[-79.61147481942578,43.61131863016974],[-79.6116993973485,43.61131863016974],[-79.61192397527122,43.61064489620724],[-79.61282228606377,43.61042031827703],[-79.61394517477902,43.61086947394933],[-79.61439433062445,43.61019574080907],[-79.61461890764885,43.61019574080907],[-79.61529264231531,43.60997116315299],[-79.61641553103057,43.61131863016974],[-79.6165153437401,43.61121881847208],[-79.61742613123363,43.61030803062351],[-79.61737373160479,43.61025563120782],[-79.61731384182312,43.61019574080907],[-79.61821215441228,43.60952200857735],[-79.61911046430652,43.60884827400223],[-79.61911046430652,43.608174541637005],[-79.61911046430652,43.60772538470248],[-79.6188858863838,43.60772538470248],[-79.61821215261564,43.607276228967194],[-79.61798757469295,43.607276228967194],[-79.61506806439259,43.60997116315299],[-79.61484348557157,43.60997116315299],[-79.61394517477902,43.60997116315299],[-79.61372059685631,43.60997116315299],[-79.6132714419092,43.61042031827703],[-79.61259770814105,43.60997116315299],[-79.61214855319393,43.61019574080907],[-79.61102566358036,43.60862369586795],[-79.61080108565766,43.60862369586795],[-79.60945361901967,43.60862369586795],[-79.6078815753573,43.6095220072765],[-79.60653410782103,43.60794996293858],[-79.60586037405288,43.60794996293858],[-79.60563579702847,43.60794996293858],[-79.60496206326032,43.607276228967194],[-79.60593664910535,43.60600928479814],[-79.6072078433858,43.604356719174106],[-79.60710215569429,43.604224612814775],[-79.60630952989831,43.60390756170279],[-79.60610222747682,43.60328565522882],[-79.60553955871546,43.603426321597155],[-79.60541121910576,43.60345840673243],[-79.60451290831323,43.60458129567643],[-79.60294086285421,43.60458129567643],[-79.60249170790712,43.605479606961964],[-79.60094212212682,43.60444655273777],[-79.60047050660268,43.6041321398819],[-79.59979677373283,43.60435671787311],[-79.59957219581011,43.60435671787311],[-79.599123040863,43.60525502925985],[-79.59957219581011,43.60570418512657],[-79.59957219581011,43.60581647617115],[-79.59957219581011,43.606377917842266],[-79.59957219581011,43.60655758009975],[-79.59957219581011,43.606827073780714],[-79.59979677373283,43.606827073780714],[-79.60047050660268,43.607276228967194],[-79.60002135165557,43.60794996293858],[-79.59867388501758,43.607500806928854],[-79.59800015214775,43.606377917842266],[-79.59665268461146,43.60592876180233],[-79.59642810668876,43.60592876180233],[-79.59418232925823,43.60884827400223],[-79.59328401756738,43.60884827400223],[-79.59305943964466,43.6081745396857],[-79.59216112885211,43.60794996293858],[-79.5899153514216,43.60884827400223],[-79.58946619467787,43.61019574080907],[-79.58834330686092,43.60884827400223],[-79.58722041814566,43.6090728519484],[-79.58699584022294,43.6090728519484],[-79.58744499517007,43.6081745396857],[-79.5881187289382,43.60794996293858],[-79.5881187289382,43.60660249590548],[-79.58824705956475,43.60634583556506],[-79.58834330686092,43.606153340241505],[-79.5885678838853,43.606153340241505],[-79.58766957309277,43.60503045071933],[-79.58729527924987,43.60515521595593],[-79.58564837268665,43.60570418512657],[-79.58542379476393,43.606377917842266],[-79.58407632812597,43.607276228967194],[-79.58272886238632,43.607276228967194],[-79.58183054979715,43.60660249590548],[-79.58163805520478,43.60669874357606],[-79.58138139485003,43.606827073780714],[-79.5811568169273,43.606827073780714],[-79.5807076619802,43.60794996293858],[-79.58082382133296,43.60808935588228],[-79.58183054979715,43.60929742905604],[-79.5807076619802,43.6110940521536],[-79.58093223900461,43.61176778498707],[-79.58160597277273,43.61221694100286],[-79.58272886238632,43.611992363089094],[-79.58385175110158,43.61356440713431],[-79.58475006189411,43.612890674265316],[-79.58609752943039,43.61311525207658],[-79.58699584022294,43.61266609626576],[-79.58722041814566,43.61311525207658],[-79.58452548397139,43.61558560793112],[-79.58362717317885,43.618055963107714],[-79.58295343941073,43.61872969728791],[-79.58295343941073,43.62007716316045],[-79.58183054979715,43.62120005205593],[-79.58205512771985,43.622098364200035],[-79.58227970564256,43.622098364200035],[-79.58272886238632,43.62254751914047],[-79.58385175110158,43.62164920785489],[-79.58407632812597,43.62164920785489],[-79.5843009060487,43.62164920785489],[-79.58452548397139,43.62164920785489],[-79.58452548397139,43.62232294078915],[-79.58385175110158,43.62254751914047],[-79.58317801733344,43.623670408067525],[-79.58362717317885,43.625017875056386],[-79.58227970564256,43.6259161860759],[-79.58205512771985,43.6259161860759],[-79.58160597277273,43.627039075154805],[-79.58048308405748,43.62748823089532],[-79.5807076619802,43.62726365279437],[-79.5807076619802,43.62614076400917],[-79.58250428356529,43.624344141760865],[-79.58272886238632,43.624344141760865],[-79.58093223900461,43.622772097303226],[-79.58138139485003,43.62120005205593],[-79.58093223900461,43.62142463004968],[-79.58003392821206,43.620526318894115],[-79.58025850613477,43.61962800797333],[-79.58138139485003,43.61895427475422],[-79.58093223900461,43.618055963107714],[-79.5811568169273,43.61715765169768],[-79.58003392821206,43.61760680777958],[-79.5791356174195,43.61715765169768],[-79.57936019534222,43.61760680777958],[-79.57846188365137,43.61850511898274],[-79.57688983909067,43.6178313861882],[-79.57397032789201,43.61962800797333],[-79.57284743917675,43.61872969728791],[-79.5737457499693,43.616708496813196],[-79.57464406076184,43.61625934117518],[-79.57464406076184,43.61536103023998],[-79.57554237155439,43.614911874292716],[-79.57352117204658,43.61244151872846],[-79.5737457499693,43.61244151872846],[-79.57441948283915,43.6110940521536],[-79.57464406076184,43.6110940521536],[-79.57531779363167,43.61086947394933],[-79.57621610622085,43.61131863016974],[-79.57621610622085,43.61086947394933],[-79.57733899493611,43.61019574080907],[-79.57688983909067,43.60929742905604],[-79.5775635719605,43.60862369586795],[-79.57733899493611,43.60794996293858],[-79.57778814988323,43.606827073780714],[-79.5775635719605,43.606827073780714],[-79.57666526116797,43.607500806928854],[-79.57644068324527,43.607500806928854],[-79.57464406076184,43.607051650817475],[-79.57455424091154,43.607051650817475],[-79.57441948283915,43.607051650817475],[-79.5736708951533,43.607706671220974],[-79.57262286125405,43.60862369586795],[-79.57239828333135,43.60862369586795],[-79.57149997164048,43.6081745396857],[-79.57149997164048,43.60732436919455],[-79.57149997164048,43.606377917842266],[-79.57127539371776,43.606377917842266],[-79.57082623877065,43.606153340241505],[-79.57060166084793,43.605479606961964],[-79.57217370540863,43.60345840673243],[-79.57149997164048,43.60278467319313],[-79.57127539371776,43.60278467319313],[-79.57172454956319,43.60166178389059],[-79.57161760782355,43.60157623112812],[-79.57127539371776,43.60166178389059],[-79.5703770829252,43.60076347284124],[-79.56947877213267,43.601212629066744],[-79.56858046134012,43.6003143178163],[-79.56902961628724,43.59919142924559],[-79.56737741685039,43.59919142924559],[-79.56723299380384,43.59919142924559],[-79.56372204978842,43.60241782003814],[-79.56152569856316,43.604436075349675],[-79.56049097949304,43.60538686796198],[-79.5604025987438,43.60534341547201],[-79.56027247328332,43.60530967912994],[-79.5601633387561,43.60528255682485],[-79.56005536215726,43.605211213057274],[-79.559958057544,43.60514691129111],[-79.55981701485787,43.60505371318987],[-79.55963113905253,43.604930884876154],[-79.55945316033689,43.60481327643485],[-79.55900615595655,43.6044912222846],[-79.55916813927027,43.60438398825622],[-79.55914917852957,43.60437164460896],[-79.55900860296738,43.604280111207295],[-79.55903026494214,43.60425395246222],[-79.55902749633444,43.604231061111605],[-79.55902182886331,43.60421700469528],[-79.55902707322792,43.60416189588783],[-79.55901320144332,43.60409892260233],[-79.55901241092587,43.604073444842136],[-79.55900757170143,43.60403339086964],[-79.55898629690056,43.60398861300128],[-79.55895562123023,43.60396461050977],[-79.55894206385598,43.60395058070133],[-79.5587532469664,43.60384716930754],[-79.56139395883011,43.60199867578003],[-79.56251686012178,43.601212629066744],[-79.56338702849311,43.60012491794599],[-79.56341517091434,43.600089739696976],[-79.56229228219907,43.598517694761505],[-79.56319059388993,43.59761938425949],[-79.56408890468246,43.59761938425949],[-79.56386432675977,43.59717022918379],[-79.5629660159672,43.59761938425949],[-79.56184312725198,43.59717022918379],[-79.5611693925855,43.596047339837895],[-79.56139397140653,43.59514902823784],[-79.56027108179295,43.59425071689013],[-79.5609448155611,43.59245409495462],[-79.55937277100043,43.59133120609026],[-79.55510579316378,43.59245409495462],[-79.55488121524108,43.59245409495462],[-79.55398290444852,43.593127827715904],[-79.55375832562748,43.593127827715904],[-79.55263543691224,43.59290325009935],[-79.5519617040424,43.59200493906022],[-79.55241085988783,43.59110662827568],[-79.55375832562748,43.59110662827568],[-79.55533037108651,43.59020831709585],[-79.55690241474888,43.58998373899516],[-79.55712699267158,43.58998373899516],[-79.55577952603362,43.58886085023664],[-79.55443206029395,43.58886085023664],[-79.55353374770476,43.5877379607001],[-79.55218628196512,43.58863627231348],[-79.55106339324986,43.58818711720664],[-79.54949134779085,43.590432895009144],[-79.54933304038329,43.59048566433724],[-79.54932840327977,43.590464856295306],[-79.54931835652165,43.59043473371236],[-79.549299327509,43.590410116165536],[-79.54928754071415,43.59039772866107],[-79.5492693938471,43.59039858620257],[-79.5492461849734,43.59038478876192],[-79.54920796974291,43.59037052350882],[-79.54917002041373,43.59035935919732],[-79.54914070658937,43.59035367131197],[-79.54911352806046,43.590352829385175],[-79.54908948016029,43.59036243216471],[-79.54907567664765,43.59037104076665],[-79.54905896079684,43.59035942230933],[-79.5490546803245,43.5903542432236],[-79.54904891853027,43.59034842520997],[-79.54904274710428,43.59034383755424],[-79.5490331737583,43.59034074116291],[-79.54902313149174,43.59034029677642],[-79.5490094887775,43.59034202162061],[-79.54899721779073,43.59034438018717],[-79.5489840619634,43.59034993599369],[-79.54896312313244,43.59035818804734],[-79.54895141269438,43.59036175224707],[-79.54894233881171,43.59036300928132],[-79.54892888204874,43.59036303660818],[-79.5489155249988,43.59036316998912],[-79.54890232245906,43.59036408283538],[-79.54888691814857,43.590364492087204],[-79.54886825385192,43.59036442442077],[-79.54884141398784,43.59036419864913],[-79.54883522369722,43.59036409845074],[-79.54882298415149,43.59036390390975],[-79.5488149918404,43.590362433465934],[-79.54879885091138,43.590356195790996],[-79.54878321483554,43.59035038233201],[-79.54876918584576,43.59034632169403],[-79.54875310690046,43.59034283687135],[-79.54874598146364,43.590341590246915],[-79.5487375094522,43.59033989403084],[-79.5487268949588,43.59033688872877],[-79.54872017286553,43.59033453796959],[-79.54871438861342,43.59033235052076],[-79.54870825491666,43.5903285846211],[-79.54870249402074,43.590324052918845],[-79.54869563448524,43.59032100857766],[-79.54868683009713,43.59031952837326],[-79.548676848916,43.59031925380343],[-79.54866672310612,43.59031998642333],[-79.5486541960995,43.5903210411096],[-79.54864800221561,43.590321063231364],[-79.54863753594422,43.59032029612761],[-79.54863001974024,43.59031840341783],[-79.54862226907596,43.590315773533675],[-79.54861527928476,43.59031327898236],[-79.54835971217969,43.59012077790577],[-79.54833052411946,43.59011599504021],[-79.54830644208334,43.59010907351543],[-79.54829891150631,43.590104482588224],[-79.54827903448401,43.5900939116127],[-79.54826652993526,43.590076958488915],[-79.54825382865546,43.59005833190878],[-79.5482514571031,43.59005535587158],[-79.54824423464822,43.590046263797284],[-79.54823403158322,43.59002916621742],[-79.5482284054346,43.59002107027287],[-79.54822362819392,43.59001038802281],[-79.54820975281605,43.59000161150341],[-79.54820051633828,43.58999706741433],[-79.54818816989301,43.589991090609296],[-79.54817602467038,43.5899867911611],[-79.54816639473053,43.589984025278056],[-79.54815404199707,43.58997804782107],[-79.54811846332193,43.58996255926247],[-79.54810024548796,43.58995611138833],[-79.54807741390671,43.58994995825488],[-79.54807698810527,43.58994991336051],[-79.54805854748909,43.58994777339465],[-79.548035707823,43.58993923239909],[-79.54801478606005,43.589931957554526],[-79.54799887599805,43.589925362631675],[-79.54798172176937,43.58991800255112],[-79.5479614396069,43.58990407682349],[-79.5479443258024,43.589887418387946],[-79.5479029116712,43.58986215973265],[-79.54788820265671,43.58985364995583],[-79.54787821698403,43.58985020609524],[-79.54785474220901,43.58984831597326],[-79.54784991915427,43.589846932703246],[-79.54783692502367,43.58984521890581],[-79.54781850866203,43.58983709365757],[-79.54780992795445,43.58983340840687],[-79.54779592052422,43.589823314956874],[-79.54777980744296,43.58981504265993],[-79.54776224358253,43.58980432719033],[-79.54774783640201,43.589790879660484],[-79.54772863491281,43.589778613699195],[-79.5477204710235,43.589766419306464],[-79.5477016099958,43.589764238343385],[-79.54768128740912,43.58975961160441],[-79.54767144636519,43.589755164443204],[-79.54765639060103,43.589745976027984],[-79.54764449421171,43.589734054899786],[-79.54763782062749,43.58972687502471],[-79.54762130240603,43.58971524798465],[-79.54759495392042,43.589699174427615],[-79.54758354262137,43.589690925536864],[-79.5475683970257,43.589681422849786],[-79.5475434597934,43.58967709019652],[-79.54752714548952,43.58966714441705],[-79.54751816323498,43.589660104423],[-79.54751419627469,43.58965613157568],[-79.54751107912067,43.58964957305881],[-79.54750565419467,43.58964315443025],[-79.54749205190464,43.589636416333406],[-79.54747679581617,43.589625547279425],[-79.54745796622949,43.589614067266],[-79.547438447635,43.5896032307403],[-79.54741049026671,43.58958666070952],[-79.54739603367887,43.589582504374846],[-79.54737822637497,43.589579407944356],[-79.54736818590507,43.58957329055802],[-79.54734790913245,43.589559368654534],[-79.54733641788334,43.58955080157788],[-79.5473303847979,43.58953935473321],[-79.54732224875637,43.58952973230302],[-79.54731095513661,43.58952284324319],[-79.54729577630326,43.58951343357222],[-79.54728877573226,43.5895124192119],[-79.54727642749036,43.589506441708096],[-79.54726930205352,43.589505206127384],[-79.54725549854086,43.589496786740234],[-79.54724736699092,43.58948715714601],[-79.54723983641388,43.589482566171434],[-79.54721530432181,43.58948158499366],[-79.54720421192467,43.58947637980649],[-79.54719647563344,43.58947010820601],[-79.5471874978705,43.58946307209281],[-79.54718187172186,43.58945497607212],[-79.54717498883016,43.58944611879133],[-79.54717207020379,43.589441237624165],[-79.54716604340655,43.589429783601545],[-79.54715551065985,43.58942152426348],[-79.54713929517067,43.58941035522141],[-79.54712172053044,43.58939964033044],[-79.54711273288602,43.58939260746223],[-79.54709999208035,43.589383275198195],[-79.54709310918864,43.5893744146536],[-79.54707951228849,43.589367672622814],[-79.54706174630712,43.58935528034923],[-79.54704457680711,43.589347920199046],[-79.54702174522585,43.58934176309955],[-79.54700559711029,43.58933804593664],[-79.54699304225589,43.58933513492885],[-79.5469756814147,43.58932609349644],[-79.54696503368363,43.589314937449686],[-79.54695604693754,43.5893079078248],[-79.54694269348084,43.589293544718956],[-79.54693245088995,43.58928573951619],[-79.54692160732617,43.58927290933792],[-79.54691367340558,43.58926496424265],[-79.54690197374732,43.58925471649308],[-79.54689404431831,43.58924677529929],[-79.54688463626233,43.58922926302759],[-79.54673612049135,43.58909259556173],[-79.54660543538047,43.58900533843386],[-79.5465942297956,43.588997841603586],[-79.5464261460228,43.58884632826418],[-79.54628986979756,43.58867740491499],[-79.54624798225419,43.58863861272849],[-79.54723419050234,43.587705882797785],[-79.54790991314051,43.5869746880796],[-79.54800871434703,43.58688120871596],[-79.54734197396337,43.58669719387339],[-79.54647360042598,43.586181223157965],[-79.54836845907562,43.58549218320168],[-79.54836845907562,43.58526760507308],[-79.54859303699831,43.58526760507308],[-79.54881761492103,43.58616591711524],[-79.54949134779085,43.58661507168803],[-79.55083881532717,43.58571676114311],[-79.5519617040424,43.585941338897435],[-79.55263543691224,43.58504302805868],[-79.55286001483495,43.58504302805868],[-79.55263543691224,43.58459387216726],[-79.55420748237124,43.58481845020655],[-79.5555549490092,43.583021827811486],[-79.55645325980174,43.583246405208214],[-79.55757614941534,43.582348093848324],[-79.55892361605329,43.58369556074194],[-79.56453805962958,43.58728880604731],[-79.56521179429605,43.58639049384453],[-79.56655926093401,43.58639049384453],[-79.56700841588112,43.58549218320168],[-79.56813130459639,43.585941338897435],[-79.56902961628724,43.58549218320168],[-79.57015250500251,43.58616591711524],[-79.57105081579503,43.58526760507308],[-79.57060166084793,43.58392013887891],[-79.57194912838422,43.58369556074194],[-79.5737457499693,43.58526760507308],[-79.57464406076184,43.58549218320168],[-79.57486863868456,43.58661507168803],[-79.57554237155439,43.58683964999501],[-79.57531779363167,43.5877379607001],[-79.57599152829813,43.58886085023664],[-79.57352117204658,43.59110662827568],[-79.57360479441977,43.59144111859285],[-79.5737457499693,43.59200493906022],[-79.57464406076184,43.59245409495462],[-79.57464406076184,43.59222951677583],[-79.57520032723018,43.59177000713365],[-79.57980935028934,43.587962538721634],[-79.58081998642501,43.586727329388346],[-79.58025850613477,43.58728880604731],[-79.5791356174195,43.58639049384453],[-79.57936019534222,43.58549218320168],[-79.57958477326494,43.58549218320168],[-79.58183054979715,43.58347098306859],[-79.58160597277273,43.58167436080496],[-79.58138139485003,43.58167436080496],[-79.58048308405748,43.58077605006554],[-79.5807076619802,43.58010231569865],[-79.58138139485003,43.57965316068861],[-79.58160597277273,43.57965316068861],[-79.58160597277273,43.57853027184493],[-79.58227970564256,43.578081116170765],[-79.58250428356529,43.578081116170765],[-79.58407632812597,43.57920400493087],[-79.58609752943039,43.57920400493087],[-79.58497463981685,43.57830569377587],[-79.58475006189411,43.577407382885035],[-79.58407632812597,43.57718280518331],[-79.58407632812597,43.57605991582515],[-79.58295343941073,43.57516160527204],[-79.58317801733344,43.57426329368369],[-79.58272886238632,43.57336498171144],[-79.58340259525613,43.571568359871925],[-79.58362717317885,43.571568359871925],[-79.58407632812597,43.571568359871925],[-79.58317801733344,43.570894627264224],[-79.58317801733344,43.57029575314872],[-79.58317801733344,43.56977173780617],[-79.58407632812597,43.56887342717809],[-79.58545186711657,43.56926643748904],[-79.58587295060937,43.5684242710706],[-79.58519921684123,43.56797511486809],[-79.58407632812597,43.56864884889217],[-79.58317801733344,43.56752595987252],[-79.58359036021851,43.56705471615745],[-79.58250428356529,43.56640307074852],[-79.58227970564256,43.56640307074852],[-79.58183054979715,43.56550476065072],[-79.58160597277273,43.565729336990145],[-79.58048308405748,43.5652801821722],[-79.58025850613477,43.56460644822238],[-79.58093224349616,43.56370813932223],[-79.57952352612887,43.565116858234525],[-79.57924791042329,43.56539246988882],[-79.5791356174195,43.5655047599998],[-79.5790457858911,43.56545984411071],[-79.57868645977744,43.56528018152128],[-79.57823730572865,43.565055604158275],[-79.57835375433893,43.56494747580221],[-79.57917428809586,43.564185563683466],[-79.58017214839157,43.56325898180176],[-79.58003392821206,43.56325898180176],[-79.57915603253265,43.56413688187637],[-79.57846188365137,43.564831025958036],[-79.57823730572865,43.564831025958036],[-79.57688983909067,43.564831025958036],[-79.576856974226,43.56502821636369],[-79.57666526116797,43.566178493015435],[-79.5748173071526,43.567821120176795],[-79.57464406076184,43.56797511486809],[-79.57194912838422,43.566852226306395],[-79.57172454956319,43.567750537788974],[-79.57105081579503,43.5681996930626],[-79.56970335005539,43.567750537788974],[-79.56858046134012,43.56887342717809],[-79.56768214875096,43.56864884889217],[-79.56723299380384,43.56730138176964],[-79.56835588341742,43.56640307074852],[-79.56835588341742,43.5652801821722],[-79.56902961628724,43.564831025958036],[-79.5699279270798,43.5652801821722],[-79.56858046134012,43.56370813671853],[-79.56902961628724,43.562809826139976],[-79.56970335005539,43.562585248029734],[-79.56970335005539,43.56191151518539],[-79.56813130459639,43.56168693698122],[-79.56706179377531,43.56232864470597],[-79.56707107067724,43.562284150212214],[-79.56706496572657,43.56220226747324],[-79.56702379683543,43.562156568640376],[-79.56703133370065,43.56210923329909],[-79.56705515702198,43.56205506625558],[-79.56713462828024,43.561974304133756],[-79.56721879054089,43.56185968421259],[-79.567316433819,43.56169238672396],[-79.5674248604738,43.56146703697686],[-79.56754003976458,43.56132142749499],[-79.56780984516692,43.56089179262102],[-79.56788097017785,43.5607998051171],[-79.56798850121231,43.560634542190634],[-79.56823353018078,43.56027240612517],[-79.5682416186116,43.56023549645283],[-79.56820983801346,43.56017512142382],[-79.56823165809172,43.560148635601344],[-79.56825118746599,43.56014040870039],[-79.56832918548717,43.56016760668237],[-79.56844301281345,43.56006234226735],[-79.56857334488646,43.55998147722527],[-79.56864060803998,43.55988947791598],[-79.56873130823928,43.559773656895715],[-79.56887101153731,43.55961518794464],[-79.56888726385743,43.55958807694346],[-79.56899771351823,43.55947478372165],[-79.56915099575012,43.55934963735319],[-79.56925419420996,43.55924893224082],[-79.56964081743014,43.55887164867736],[-79.5697628661379,43.558752547363014],[-79.56980565558983,43.55871079085787],[-79.57028978015433,43.55827030561802],[-79.57034266217848,43.55816505806882],[-79.57037372502269,43.558138193790256],[-79.57055553684968,43.55801823627833],[-79.57078978154314,43.55782022611525],[-79.57095879237735,43.55766211007221],[-79.57142937214397,43.55726732169509],[-79.57195613344682,43.55693728118636],[-79.57228572712118,43.55677434085597],[-79.57244620216352,43.55671987150806],[-79.57257391834243,43.55667012253349],[-79.57262502439725,43.55663664599908],[-79.57268336458506,43.556622334340354],[-79.57273641459417,43.55664538050996],[-79.57293516685078,43.55660970747565],[-79.57337604292424,43.55646345477987],[-79.57371974284352,43.55637847771035],[-79.5739319698294,43.55630009196679],[-79.5741354418345,43.55619518731254],[-79.5742940259232,43.55611669782011],[-79.57447373928566,43.556001274475946],[-79.57465610806814,43.55584745945237],[-79.57470975276195,43.555833575321095],[-79.57476000182399,43.555822743131564],[-79.57482743565741,43.555824550341136],[-79.57495545995846,43.55581403454186],[-79.5754145547642,43.55556386500462],[-79.57580700176237,43.55541621919926],[-79.5762355286956,43.55507835826347],[-79.57669657643876,43.55469948222173],[-79.57671929483232,43.55470379851233],[-79.5769344736822,43.554783661551326],[-79.57711349713854,43.55477575357031],[-79.57711805878355,43.554775551753025],[-79.57728792750883,43.554727122751885],[-79.5774376173779,43.55468444616382],[-79.57775276614251,43.55457864744295],[-79.57791651284911,43.55449914414991],[-79.57805021450275,43.55442698824532],[-79.57857863948547,43.55405974659349],[-79.57864250880385,43.55399399501463],[-79.5786918119399,43.55395355941163],[-79.57873397526608,43.55394250878824],[-79.57877868262115,43.55394020869066],[-79.57882256442446,43.55394683229444],[-79.5788623157741,43.55396187960395],[-79.57890038547752,43.55398942151557],[-79.57891845059788,43.5540129660803],[-79.57892537750705,43.554049875007195],[-79.5789176466057,43.554080457844194],[-79.5788982807248,43.554108180037105],[-79.57893490144569,43.55415744285416],[-79.57900278892834,43.55419357761825],[-79.57908898946638,43.554187099872216],[-79.57927374776749,43.554154071820236],[-79.5793563038404,43.55413406435863],[-79.57942888322381,43.55411041762936],[-79.57951154619623,43.55405888983649],[-79.57969567298171,43.55392516593294],[-79.57974118792221,43.553856223492865],[-79.57979198136333,43.5538121543777],[-79.5798511839338,43.55377841519085],[-79.58028575293565,43.55337755908086],[-79.58048308405748,43.55337755908086],[-79.58048308405748,43.5531955355947],[-79.58074357123536,43.55295525429791],[-79.5809850599433,43.55243348397047],[-79.58098099865991,43.55237022478763],[-79.58073303938697,43.55222929260785],[-79.58061866229174,43.55216428448601],[-79.58073547831297,43.55208640694107],[-79.58082454807001,43.55213778342333],[-79.58117944099774,43.55234248812315],[-79.58123080307243,43.552360208391576],[-79.58127373445816,43.55236920524424],[-79.58131028960203,43.552365211055914],[-79.58141094223636,43.552340546041854],[-79.58145410628575,43.552337282329454],[-79.5816492571964,43.55232799835907],[-79.5816874912915,43.55233393983984],[-79.58173534185174,43.552349887302654],[-79.5818058982291,43.55237340255971],[-79.5818374946726,43.55237329057922],[-79.58186993912571,43.55235748960873],[-79.58207458612723,43.55214890469123],[-79.58219243521104,43.55202273137096],[-79.58230859905537,43.55190999034209],[-79.58222706257027,43.551862421034805],[-79.58241683526732,43.55169396229795],[-79.58240058654046,43.55168463916507],[-79.58224214258897,43.551593728777775],[-79.58272886238632,43.550458046707305],[-79.58452548397139,43.550233470086155],[-79.58471859660465,43.550330026663914],[-79.58424874357507,43.550763141275226],[-79.58502981973147,43.5512223850988],[-79.58504201076819,43.55122955263783],[-79.58510857682906,43.55125232872616],[-79.58523177448207,43.55127899294348],[-79.58533417523793,43.55128129770009],[-79.58548221041023,43.551263803032725],[-79.58553269662752,43.55124955325099],[-79.58558096400604,43.55122621008681],[-79.5856662015501,43.551174310024415],[-79.58567907620477,43.55116248477816],[-79.5857162359148,43.551128352819156],[-79.58575534496902,43.55106485397712],[-79.58578406860022,43.55098324311054],[-79.58578769869227,43.550949749744525],[-79.58577642573378,43.550879162564485],[-79.5857631028198,43.550847274018],[-79.58574281975899,43.550824840888424],[-79.58572710552974,43.55078175852672],[-79.58572894797439,43.55075991914571],[-79.58574226100689,43.55072424067411],[-79.58552821762751,43.550601408910325],[-79.58558558943145,43.550556786610734],[-79.58579457799073,43.55067446461355],[-79.5858305168903,43.550658230237524],[-79.58586035712742,43.55065164077887],[-79.5859010579963,43.550651125133015],[-79.58593825992716,43.55065541436873],[-79.5859701600012,43.550663894528014],[-79.5859966081998,43.5506778605827],[-79.58624860539994,43.55082111027956],[-79.58631772896442,43.550832978563164],[-79.58636175449818,43.550847018800184],[-79.58638292150123,43.55084953842504],[-79.58674555790668,43.55052324873505],[-79.58669902876825,43.55048669313238],[-79.58667721857145,43.5504564685134],[-79.58649459107419,43.55035848564136],[-79.58610236146832,43.55015485563553],[-79.58744499517007,43.549110580939335],[-79.5881187289382,43.54955973585303],[-79.58834330596261,43.550458046707305],[-79.58728458211147,43.551516772394606],[-79.58722041814566,43.55158093614172],[-79.58766957309277,43.55225466991685],[-79.58722041814566,43.55360213700721],[-79.58742771877053,43.55474230332643],[-79.58766957309277,43.55450044815581],[-79.58879246180803,43.555174181192854],[-79.58946619467787,43.55450044815581],[-79.59328401756738,43.55450044815581],[-79.59373317431113,43.55360213700721],[-79.59328401756738,43.55292840332175],[-79.59013992934432,43.55247924812127],[-79.5899153514216,43.55247924812127],[-79.58969077260056,43.551805514252564],[-79.59058908429144,43.551805514252564],[-79.59126281805959,43.551805514252564],[-79.59238570677483,43.551805514252564],[-79.59261028469754,43.551805514252564],[-79.59066127021273,43.55202207185409],[-79.59058908429144,43.55203009217756],[-79.590663943599,43.55203009217756],[-79.59081366221415,43.55203009217756],[-79.59081366221415,43.55225466991685],[-79.5909633808293,43.552404388595825],[-79.59103824013687,43.55247924812127],[-79.59126281805959,43.55225466991685],[-79.59148739598231,43.55203009217756],[-79.59158364327847,43.552094257331326],[-79.5915996844945,43.55210495151697],[-79.59216112885211,43.55247924812127],[-79.59238570677483,43.55247924812127],[-79.59305943964466,43.552703824837835],[-79.5955297958962,43.552703824837835],[-79.59755099630233,43.55360213700721],[-79.59867388501758,43.55337755908086],[-79.60009621006482,43.5545966958217],[-79.60024592957828,43.554725025803734],[-79.60057032021052,43.55479988570176],[-79.60134073875437,43.554977675308265],[-79.60316544077692,43.555398758934096],[-79.60401519583174,43.55515597218533],[-79.60473748533762,43.55494960326575],[-79.60481915028178,43.555031268004186],[-79.60563579702847,43.555847913858635],[-79.60563579702847,43.55688097225782],[-79.60630952989831,43.55674622603329],[-79.60720784069083,43.557195380679175],[-79.6081061523817,43.55629706999238],[-79.60877988614986,43.55652164810584],[-79.60877988614986,43.55674622603329],[-79.6089563422211,43.55652164875687],[-79.60986067711593,43.555370693597865],[-79.60922904109695,43.55494960326575],[-79.60900446407257,43.55494960326575],[-79.60630952989831,43.554725025803734],[-79.60906060698119,43.554725025803734],[-79.60922904109695,43.554725025803734],[-79.6099027748651,43.554275870321966],[-79.61031551660217,43.554791797389434],[-79.61063265872839,43.554388159668996],[-79.61125024060475,43.55360213700721],[-79.610492193659,43.55466908458988],[-79.61036291261487,43.5548510450333],[-79.610386481713,43.554880506403315],[-79.61044176223895,43.55494960782287],[-79.61080108565766,43.555398758934096],[-79.61192397527122,43.55494960326575],[-79.61210363832805,43.55369196885484],[-79.61214855319393,43.55337755908086],[-79.61364392295185,43.55344876702896],[-79.61374945074323,43.55345379238922],[-79.61390999944743,43.55346143752451],[-79.61387031636976,43.553302707181594],[-79.61386609967782,43.55328583940105],[-79.61372059685631,43.552703824837835],[-79.61349601893359,43.552703824837835],[-79.61282228606377,43.55225466991685],[-79.61177425755439,43.553152983572886],[-79.6115871088363,43.55331339529344],[-79.61125024060475,43.55360213700721],[-79.61125024060475,43.55337755908086],[-79.6111660244452,43.55332141544509],[-79.6106513661442,43.552978309031474],[-79.61057650773495,43.55292840332175],[-79.61021718611286,43.552905945576114],[-79.60698326276813,43.552703824837835],[-79.60608495197559,43.55158093614172],[-79.60698326276813,43.55068262509593],[-79.60945361901967,43.55090720329878],[-79.6101273518895,43.550233470086155],[-79.61080108565766,43.55068262509593],[-79.61147481942578,43.550233470086155],[-79.61237313021833,43.55068262509593],[-79.61282230762333,43.55034574482881],[-79.61357087554622,43.54978431954208],[-79.61380557388891,43.549608294665],[-79.6138703181664,43.54955973585303],[-79.6140661023893,43.54941289635107],[-79.61282228606377,43.54933515783794],[-79.6132714419092,43.548661425282866],[-79.6130468639865,43.547987691707895],[-79.6101273518895,43.54708938114819],[-79.6101273518895,43.546415646930605],[-79.6101273518895,43.545966492028036],[-79.60945361901967,43.545741914298425],[-79.6116993973485,43.543496135914125],[-79.61282228606377,43.54304698009504],[-79.6130468639865,43.54237324692909],[-79.61214855319393,43.541474936050086],[-79.61080108565766,43.54169951274563],[-79.61012735727941,43.54237324953379],[-79.6081061523817,43.54439444728002],[-79.60687096976434,43.54377685896203],[-79.60541121910576,43.54304698009504],[-79.60518664118304,43.54304698009504],[-79.60383917364676,43.54416986890284],[-79.60383917364676,43.54545608907715],[-79.60383917364676,43.5455173357321],[-79.60181797413897,43.546191068921004],[-79.60136881919185,43.546864803044215],[-79.60127898946006,43.546864803044215],[-79.60114424126913,43.546864803044215],[-79.60024592957828,43.54708938114819],[-79.60002135165557,43.54708938114819],[-79.59957219581011,43.54776311369529],[-79.59979677373283,43.54843684717615],[-79.60114424126913,43.549110580939335],[-79.60204255206166,43.548886003203926],[-79.60294086285421,43.54776311369529],[-79.60383917364676,43.547987691707895],[-79.6022671299844,43.54978431368239],[-79.60204255206166,43.54978431368239],[-79.59697710848138,43.548386954634196],[-79.59571856966664,43.548039767705866],[-79.5955297958962,43.547987691707895],[-79.59575437381892,43.547313957764324],[-79.5968772634325,43.54753853614817],[-79.59844930709485,43.546864803044215],[-79.599123040863,43.545741914298425],[-79.59934761788742,43.545741914298425],[-79.59934761788742,43.54539163491933],[-79.59934761788742,43.54506817999627],[-79.60098409590849,43.54362425186527],[-79.60316544077692,43.54169951274563],[-79.60339001869964,43.541025780149376],[-79.60451290831323,43.54057662480961],[-79.60451290831323,43.53765711298723],[-79.60586037405288,43.53675880217118],[-79.60653410782103,43.53563591274053],[-79.60586037405288,43.534288445826185],[-79.60694513557254,43.53333928500654],[-79.60675868574373,43.5333901349726],[-79.60586037405288,43.534288445826185],[-79.60608495197559,43.53630964630319],[-79.60451290831323,43.53765711298723],[-79.60361459572404,43.53945373614711],[-79.60294086285421,43.53967831320834],[-79.60114424126913,43.538780001898076],[-79.59979677373283,43.53990289073547],[-79.60047050660268,43.54080120224662],[-79.60002135165557,43.54169951274563],[-79.59800015214775,43.54169951274563],[-79.59743870868844,43.54203638012735],[-79.5968772634325,43.54237324692909],[-79.5968772634325,43.542597824836534],[-79.59597895084333,43.54214866883628],[-79.59575437381892,43.54125035786685],[-79.59635901636194,43.54070618606271],[-79.59800015214775,43.539229158249384],[-79.59800015214775,43.53788169087941],[-79.59867388501758,43.53743253490985],[-79.59979677373283,43.53765711298723],[-79.60017107296564,43.53653422400417],[-79.60002135165557,43.53653422400417],[-79.5988984629403,43.53586049099697],[-79.59957219581011,43.53586049099697],[-79.59979677373283,43.535186756974596],[-79.59905673261862,43.534446718272285],[-79.59907648028353,43.53437482360683],[-79.59909804074864,43.534351498003815],[-79.59909901003084,43.53434944398013],[-79.59919273306107,43.53415075495319],[-79.59908467112228,43.53409373571646],[-79.59906104273537,43.53406165463855],[-79.59899859814502,43.53399960573081],[-79.59904766951573,43.53394420795977],[-79.59910573481906,43.533853707153774],[-79.59908549936897,43.533846940672056],[-79.59914489687387,43.53374357882468],[-79.5989923377858,43.533718424916394],[-79.5989354205294,43.533935954036615],[-79.59886636883014,43.53392604138206],[-79.59891613819183,43.53372471795318],[-79.59896277333148,43.533659428722615],[-79.59898077556979,43.533655486697114],[-79.59913719022705,43.53368502876263],[-79.599174221478,43.533552181180596],[-79.59923210262671,43.53339664947011],[-79.5993174955793,43.53322553279995],[-79.59938902932369,43.53306426461876],[-79.59947654948688,43.532941000903854],[-79.59947702020408,43.53293948346974],[-79.59979677373283,43.53249182376307],[-79.59968215948238,43.53203336985735],[-79.59969148938491,43.53197231465411],[-79.59972948991806,43.531851689611464],[-79.59990810643758,43.53157443573398],[-79.60015096058474,43.53115500273423],[-79.60022312853972,43.53098979788833],[-79.60027820963968,43.53085380453971],[-79.60036085734076,43.530719202676764],[-79.60040252120365,43.5306293300794],[-79.60052038286388,43.53028460109651],[-79.60063729590316,43.530018660101796],[-79.60069462458796,43.52994691711875],[-79.60159339621624,43.5293477349924],[-79.60179872054748,43.52883442786869],[-79.60204255206166,43.52822484629396],[-79.60246925361825,43.52822484629396],[-79.60316544077692,43.52822484629396],[-79.60316544077692,43.52755111228949],[-79.60204255206166,43.526428224013344],[-79.6022671299844,43.52552991202042],[-79.60240187817531,43.52552991202042],[-79.60249170790712,43.52530533502576],[-79.60316544077692,43.52508075719509],[-79.60406375156948,43.52552991202042],[-79.60413658607439,43.52566344359183],[-79.6042883303905,43.52575449013293],[-79.60541121910576,43.528000268260215],[-79.60563579702847,43.528000268260215],[-79.6065341060244,43.52811255705596],[-79.60765699743457,43.52822484629396],[-79.60653410782103,43.52710195688212],[-79.60659480428983,43.52695021617738],[-79.60653410782103,43.52687737922688],[-79.60668382733448,43.52672765967421],[-79.60688345095691,43.526228600282124],[-79.60692337568142,43.526128788168805],[-79.60689343123971,43.52597906806076],[-79.60675868574373,43.52597906806076],[-79.60586037405288,43.52597906806076],[-79.60541121910576,43.52485617917971],[-79.60451290831323,43.52395786787637],[-79.6042883303905,43.52395786787637],[-79.60451290831323,43.52305955687502],[-79.60541121910576,43.522385823150735],[-79.60563579702847,43.522385823150735],[-79.60630952989831,43.52283497915152],[-79.60653410782103,43.52350871176795],[-79.60765699743457,43.52283497915152],[-79.60563579702847,43.521936667714236],[-79.60518664118304,43.52103835592882],[-79.60451290831323,43.52148751219066],[-79.6042883303905,43.52148751219066],[-79.60339001869964,43.52126293382634],[-79.60316544077692,43.520589200882895],[-79.60294086285421,43.520589200882895],[-79.60316544077692,43.519915466929895],[-79.60391843829248,43.51941347066712],[-79.60451290831323,43.5190171563178],[-79.60541121910576,43.5190171563178],[-79.60563579702847,43.5190171563178],[-79.60586037405288,43.51834342305011],[-79.60675868574373,43.51789426683323],[-79.6078815753573,43.518792579180634],[-79.6081061523817,43.519915466929895],[-79.60855530822714,43.52014004509874],[-79.60877988614986,43.52014004509874],[-79.61035192981223,43.51834342305011],[-79.61214855319393,43.51834342305011],[-79.61218063562599,43.51831134076021],[-79.61282228606377,43.51766969007669],[-79.61394517657564,43.51789426813604],[-79.61461890764885,43.51722053405599],[-79.61461890764885,43.516995956094746],[-79.61439433062445,43.516995956094746],[-79.6142595806369,43.516995956094746],[-79.61416975270173,43.516995956094746],[-79.6132714419092,43.51654680092196],[-79.61362077965521,43.51659670613163],[-79.61484348557157,43.5167713779491],[-79.61596637518514,43.51834342305011],[-79.61641553103057,43.51834342305011],[-79.61529264231531,43.51969088987929],[-79.61574179726242,43.52081377914954],[-79.61641553103057,43.52103835592882],[-79.61664010895328,43.52103835592882],[-79.6164155337255,43.521712086462124],[-79.61664010895328,43.52126293382634],[-79.61955962015195,43.519466311992836],[-79.61933504222922,43.5185680012076],[-79.61978419807467,43.51789426683323],[-79.62225455342788,43.5167713779491],[-79.62315286511874,43.516995956094746],[-79.62360202006586,43.51766969007669],[-79.62337744214315,43.51834342305011],[-79.62040913086499,43.521682793873445],[-79.62158081965975,43.52148751219066],[-79.62180539758246,43.52148751219066],[-79.6220299764035,43.52081377914954],[-79.62270370927331,43.52103835592882],[-79.62292828719603,43.52103835592882],[-79.62360202006586,43.52014004509874],[-79.62382659798858,43.52014004509874],[-79.62427575293567,43.52103835592882],[-79.62562321957367,43.52126293382634],[-79.62607237631741,43.522385823150735],[-79.62809357582522,43.52261040124347],[-79.62876730869503,43.52328413376245],[-79.6278689979025,43.5244070232461],[-79.62764441997977,43.5244070232461],[-79.6278689979025,43.52530533502576],[-79.62854273167065,43.52575449013293],[-79.6303593237028,43.52463659356934],[-79.63146224286929,43.52395786787637],[-79.63393259912084,43.52597906806076],[-79.63415717614524,43.52597906806076],[-79.63438175496627,43.52597906806076],[-79.6352800648605,43.52597906806076],[-79.63555454958714,43.52543010005365],[-79.63572922070593,43.52508075719509],[-79.63393259912084,43.52261040124347],[-79.63415717614524,43.52261040124347],[-79.63550464278322,43.52103835592882],[-79.63662753239679,43.52148751219066],[-79.63730126616491,43.52103835592882],[-79.63797499903475,43.52171208971904],[-79.63819957695746,43.52171208971904],[-79.63707668824222,43.52081377914954],[-79.63775042111203,43.51969088987929],[-79.63640295357575,43.5185680012076],[-79.63707668824222,43.5174451118328],[-79.63438175406796,43.51564848901528],[-79.63438175406796,43.51430102311665],[-79.63505548783608,43.513851866777],[-79.63617837655134,43.51452560003288],[-79.63730126616491,43.513851866777],[-79.63819957695746,43.51407644471325],[-79.6386487319046,43.51475017806773],[-79.63819957695746,43.51609764501161],[-79.64111908815613,43.51789426683323],[-79.64156824400155,43.51722053405599],[-79.6404453552863,43.5167713779491],[-79.6404453552863,43.51542391171773],[-79.64111908815613,43.5149747559182],[-79.64224197687139,43.51542391171773],[-79.64201739894867,43.51430102311665],[-79.64291570974122,43.51340271100316],[-79.64336486558665,43.51227982192728],[-79.64314028766394,43.51227982192728],[-79.6426911327168,43.511606089007344],[-79.64291570974122,43.51093235573276],[-79.64246655479411,43.51025862210377],[-79.64314028766394,43.50980946695059],[-79.64336486558665,43.50980946695059],[-79.64381402233039,43.508237421698716],[-79.64291570974122,43.50733911119609],[-79.64228408989192,43.507591759912586],[-79.64179282102594,43.50778826714125],[-79.64111908815613,43.50733911119609],[-79.6403555246562,43.50810267490059],[-79.64022077736358,43.508237421698716],[-79.63999619944087,43.508237421698716],[-79.63963687422553,43.50814759053338],[-79.63909788775003,43.508012844186254],[-79.6388733098273,43.508012844186254],[-79.6388733098273,43.50756368926068],[-79.63909788775003,43.50756368926068],[-79.63932246567272,43.50688995516635],[-79.63999619944087,43.50711453294743],[-79.6406699323107,43.50666537785283],[-79.6406699323107,43.505542489177124],[-79.64134366607885,43.50531791075977],[-79.64134366607885,43.504419599812145],[-79.6426911327168,43.50307213276073],[-79.64246655479411,43.50217382227716],[-79.64314028766394,43.50172466625826],[-79.64336486558665,43.50172466625826],[-79.64403859935479,43.50037719900382],[-79.64381402233039,43.49947888817009],[-79.64538606599277,43.49790684430677],[-79.64605979886258,43.49790684430677],[-79.64875473303684,43.49992804395436],[-79.64886481708334,43.4998840103584],[-79.649809408181,43.499506173469435],[-79.65100021492164,43.50037340793201],[-79.65113341621365,43.5004703975233],[-79.65136254500159,43.50063724784841],[-79.65468386005041,43.50305556173195],[-79.65601567893447,43.504025221196564],[-79.65732155537141,43.50497594701056],[-79.65747157851543,43.50508517071851],[-79.65779128084021,43.50531791401757],[-79.65827653728198,43.50567118810556],[-79.66031256977175,43.50715344735077],[-79.66072029801121,43.50745027806468],[-79.66181984490213,43.508250714781774],[-79.66203293876224,43.508405838973964],[-79.66215825554102,43.508497064666074],[-79.6630291443612,43.50912966168525],[-79.66303750318491,43.50913573316577],[-79.66358952691016,43.50953670948253],[-79.6637044097569,43.50962026127184],[-79.66370585424787,43.50961894196194],[-79.66379461228952,43.50968393601914],[-79.66461230377689,43.51028366982745],[-79.66581877533945,43.51116854308816],[-79.66589620832032,43.51122533512573],[-79.66858454975869,43.513191710505396],[-79.66892715912323,43.513442287805965],[-79.66829300063492,43.51407644471325],[-79.66739468984237,43.51407644471325],[-79.66635817953157,43.51316950245538],[-79.66611138447526,43.51295355579523],[-79.66559806825728,43.51250439985032],[-79.66447517864373,43.51250439985032],[-79.66537349033457,43.51358237579852],[-79.66559806825728,43.513851866777],[-79.66537349033457,43.51403153023518],[-79.66447517864373,43.51475017806773],[-79.6645148096191,43.51514649373352],[-79.66469975566812,43.516995956094746],[-79.66380144487557,43.51766969007669],[-79.66380144487557,43.51778197921085],[-79.66380144487557,43.5190171563178],[-79.66380144487557,43.52014004509874],[-79.66312771200573,43.52081377914954],[-79.66312771200573,43.520888640123],[-79.66312771200573,43.52126293382634],[-79.66312771200573,43.52171208971904],[-79.66492433359083,43.52216124487339],[-79.66582264528168,43.52328413376245],[-79.6660472232044,43.52171208971904],[-79.66761926776509,43.52036462308306],[-79.66874215737866,43.52081377914954],[-79.66851757855764,43.519915466929895],[-79.6694158902485,43.5190171563178],[-79.67008962311832,43.51924173392184],[-79.67098793480919,43.518792579180634],[-79.671661667679,43.51924173392184],[-79.671661667679,43.52014004509874],[-79.6730091352153,43.52014004509874],[-79.67278455729257,43.519466311992836],[-79.67390744600783,43.51834342305011],[-79.67305559338683,43.517646460938245],[-79.6714370897563,43.516322223058964],[-79.67165779953339,43.5154393829638],[-79.67201450885462,43.51570026266192],[-79.67233529454762,43.515934940205184],[-79.67275373968843,43.51624105569651],[-79.67393609238394,43.517105948888286],[-79.67623888678385,43.51879041062993],[-79.68020162948825,43.52168878787952],[-79.68102479261402,43.52229081963789],[-79.68064478009602,43.522385823150735],[-79.68025177973563,43.52277883247313],[-79.67985875062915,43.52317186789532],[-79.67952191024538,43.52350871176795],[-79.67750069097464,43.52552991202042],[-79.67722190870768,43.52559960788953],[-79.67692484931796,43.52567387281255],[-79.67660237928379,43.52575449013293],[-79.67570406759293,43.52508075719509],[-79.67570406759293,43.524897015990085],[-79.67570406759293,43.52305955687502],[-79.67458117887767,43.52261040124347],[-79.67368286808514,43.52350871176795],[-79.67345829016242,43.52485617917971],[-79.673233713138,43.52485617917971],[-79.67188624739836,43.52620364645508],[-79.6714370897563,43.52665280073553],[-79.67121251183359,43.52665280073553],[-79.66984554995732,43.52706289251095],[-79.66672095697255,43.528000268260215],[-79.6660472232044,43.5273265350039],[-79.66537349033457,43.52755111228949],[-79.66514891241188,43.52755111228949],[-79.66469975566812,43.52710195688212],[-79.66514891241188,43.52575449013293],[-79.66469975566812,43.52508075719509],[-79.66412810285561,43.52493784365403],[-79.66380144487557,43.52485617917971],[-79.6640260227983,43.52395786787637],[-79.663202570415,43.52313441571322],[-79.66312771200573,43.52305955687502],[-79.66307156819882,43.52310166506438],[-79.6622294012132,43.52373329024019],[-79.66200482329049,43.52373329024019],[-79.66065735575421,43.52283497915152],[-79.65953446703894,43.52328413376245],[-79.65841157832368,43.52283497915152],[-79.65773784455553,43.52328413376245],[-79.65751326663283,43.52395786787637],[-79.65818700040099,43.52485617917971],[-79.65998362288437,43.52552991202042],[-79.66020819990878,43.52552991202042],[-79.65975904496166,43.52687737922688],[-79.65930988911622,43.52687737922688],[-79.65751326663283,43.52530533502576],[-79.65639037791757,43.52530533502576],[-79.65571664504773,43.52463160097958],[-79.65439724896575,43.525291299912865],[-79.65549206712502,43.526203645803804],[-79.65459375633246,43.52777569004161],[-79.65639037791757,43.528898579286086],[-79.65661495584027,43.52979688995917],[-79.65616579999487,43.53047062427888],[-79.65594122207214,43.53047062427888],[-79.65549206712502,43.53069520223266],[-79.65414459958875,43.53002146781649],[-79.65392002166602,43.53002146781649],[-79.65369544374332,43.5293477349924],[-79.65354572602648,43.529322781804446],[-79.6533844901111,43.529295909229134],[-79.65234797800365,43.52912315723167],[-79.65212340008095,43.53024604614018],[-79.65189882215823,43.53024604614018],[-79.65122508928839,43.53069520223266],[-79.64942846590668,43.52844942414286],[-79.64963262781794,43.52763277702339],[-79.6496530438294,43.52755111228949],[-79.64942846590668,43.5273265350039],[-79.64935360749743,43.52725167680838],[-79.64875473303684,43.528000268260215],[-79.64808100016701,43.528000268260215],[-79.64735834864007,43.52772232712538],[-79.6470053861919,43.5275865732585],[-79.64591431849897,43.52716693145872],[-79.64449071694571,43.528450608871665],[-79.64486732844206,43.528601254864284],[-79.64561064211884,43.52889858123999],[-79.64617208108659,43.52912315658042],[-79.64785642224432,43.52979688995917],[-79.6496530438294,43.53114435693412],[-79.6476318443216,43.533165557284946],[-79.64785642224432,43.534288445826185],[-79.64808100016701,43.534288445826185],[-79.64853015511413,43.53473760177059],[-79.64853015511413,43.53563591274053],[-79.64887664699731,43.53578991024244],[-79.65055135462194,43.53653422400417],[-79.64987762175211,43.53653422400417],[-79.64942846590668,43.53653422400417],[-79.6476318443216,43.53900458016638],[-79.64673353263072,43.539229158249384],[-79.64524936666103,43.540527806065086],[-79.64493691104565,43.54080120224662],[-79.64516148807006,43.541474936050086],[-79.64437546758633,43.54226095733614],[-79.6442631772775,43.54237324692909],[-79.64413841116601,43.54233997603274],[-79.64089451023342,43.541474936050086],[-79.64111908815613,43.54192409120923],[-79.64022077736358,43.54282240190736],[-79.63797499903475,43.54237324692909],[-79.63730126616491,43.54327155809732],[-79.63595379862865,43.54327155809732],[-79.63393259912084,43.54461902482055],[-79.63325886535269,43.54439444728002],[-79.63320272064743,43.5443102313005],[-79.63280971040558,43.54529275828251],[-79.63246810984911,43.54548254098784],[-79.63225214676999,43.54560252345343],[-79.62854273167065,43.547663321594875],[-79.62813206683849,43.54789146539086],[-79.62810717991188,43.547953681659415],[-79.62809357582522,43.547987691707895],[-79.62773702011589,43.548146161938284],[-79.62741991392228,43.54828709910831],[-79.62674610918722,43.548661425282866],[-79.62649187428374,43.54869956088355],[-79.62607237631741,43.548886003203926],[-79.62225455342788,43.54933515783794],[-79.62225455342788,43.550196041218996],[-79.62327884754913,43.55104961974007],[-79.62337744214315,43.55113178131586],[-79.62322196622533,43.55139091025973],[-79.62282620713873,43.55205050854787],[-79.62270370927331,43.55225466991685],[-79.6225112155793,43.55228675238273],[-79.62135624173703,43.55247924812127],[-79.62023335302176,43.551169213508295],[-79.62000877509905,43.55090720329878],[-79.61877360505812,43.552495285390314],[-79.61843673143669,43.55292840332175],[-79.61798757559124,43.55315298161979],[-79.61804371939819,43.55304069322642],[-79.6179875782862,43.55305673360121],[-79.61729342760829,43.553255062801945],[-79.6164155382171,43.55350588840394],[-79.61619095580281,43.55357005459054],[-79.61686468597769,43.55360213700721],[-79.61574179726242,43.553826714096616],[-79.61529264231531,43.55397643277636],[-79.61520281168522,43.554006376337455],[-79.61511989179459,43.554034016534494],[-79.61508210056891,43.55407936606532],[-79.61508848040404,43.554092124968456],[-79.61529264231531,43.55450044815581],[-79.61506806529091,43.554725026454754],[-79.61439433062445,43.555398758934096],[-79.6130468639865,43.55562333714033],[-79.61278485596083,43.55544866585312],[-79.61275812569122,43.55543084558528],[-79.61147481942578,43.557195380679175],[-79.6116993973485,43.557195380679175],[-79.61282228606377,43.55697080312376],[-79.61574179726242,43.55899200419064],[-79.61708926390041,43.55921658072271],[-79.61843673143669,43.557644537185084],[-79.6186613093594,43.557644537185084],[-79.62113166381431,43.55652164810584],[-79.62158081965975,43.555398758934096],[-79.62180539758246,43.555398758934096],[-79.624275753834,43.554725025803734],[-79.6245003308584,43.55360213700721],[-79.62517406462653,43.55315298096872],[-79.62607237631741,43.55315298096872],[-79.62672739638155,43.55380800208381],[-79.62674610918722,43.553826714096616],[-79.62697068710995,43.553826714096616],[-79.62719526503265,43.55315298096872],[-79.62831815374793,43.55315298096872],[-79.62899188751607,43.55247924877234],[-79.6294410433615,43.55203009217756],[-79.63078850999948,43.55247924812127],[-79.63219060498649,43.55067655584306],[-79.63236055366184,43.550458046707305],[-79.6328636084243,43.55060177741514],[-79.63393259912084,43.55090720329878],[-79.63415717614524,43.55090720329878],[-79.63415717614524,43.55203009217756],[-79.63393259912084,43.55203009217756],[-79.63213597573913,43.553826714096616],[-79.63191139781641,43.553826714096616],[-79.63348344327541,43.55494960326575],[-79.63348344327541,43.55629706999238],[-79.63213597573913,43.55674622603329],[-79.63056393207675,43.555174181192854],[-79.63011477623132,43.555847913858635],[-79.63056393207675,43.55652164810584],[-79.63223373669655,43.55714782465789],[-79.63236055366184,43.557195380679175],[-79.63303428742998,43.558542847964375],[-79.63438175406796,43.559441159021624],[-79.63460633199068,43.56033946970511],[-79.63415717614524,43.56101320385546],[-79.63474107838498,43.561791740941715],[-79.63483090991339,43.56191151518539],[-79.6349431993239,43.56191151518539],[-79.63505548783608,43.56191151518539],[-79.63438175406796,43.56348355870233],[-79.6348463986655,43.5630963579962],[-79.63572922070593,43.562360671035115],[-79.63662753239679,43.562809826139976],[-79.6368521103195,43.56370813671853],[-79.63640295357575,43.56460644822238],[-79.63558630682905,43.565014772412226],[-79.63550464278322,43.565055604158275],[-79.63505548783608,43.56640307074852],[-79.63595379773032,43.56685222695731],[-79.63640295357575,43.56707680413122],[-79.63650660658313,43.56733593740848],[-79.63653128330398,43.56739763046738],[-79.6368521103195,43.5681996930626],[-79.63595379862865,43.56909800397583],[-79.63563674094405,43.56889984472867],[-79.63535492596469,43.56872371101735],[-79.63550464278322,43.56887342717809],[-79.6354827310768,43.56893916186931],[-79.63505548783608,43.57022089297743],[-79.63348344327541,43.57111920368502],[-79.6352800648605,43.57336498171144],[-79.63617837655134,43.57336498171144],[-79.63662753239679,43.57246667130842],[-79.6386487319046,43.571568359871925],[-79.6386487319046,43.57129887294],[-79.6386487319046,43.57111920368502],[-79.63682965064075,43.56970436515278],[-79.63662753239679,43.5695471602662],[-79.6368521103195,43.56864884889217],[-79.6375076325419,43.56821183324498],[-79.63752584318932,43.5681996930626],[-79.63767115017811,43.56825253264835],[-79.63923608726827,43.5688216008933],[-79.63999619944087,43.56909800397583],[-79.64089451023342,43.570445471259596],[-79.6426911327168,43.57111920368502],[-79.6442631772775,43.57291582720862],[-79.64448775520022,43.57291582720862],[-79.64583522183818,43.57381413807089],[-79.64617208288323,43.57336499407708],[-79.64695811055346,43.57179293768554],[-79.64673353263072,43.57179293768554],[-79.64605979886258,43.571343781871775],[-79.64572294500408,43.570782360868705],[-79.64538606599277,43.57022089297743],[-79.6462843767853,43.56932258188882],[-79.64695811055346,43.56932258188882],[-79.64718268757785,43.56932258188882],[-79.64785642224432,43.57022089297743],[-79.64808100016701,43.57022089297743],[-79.64839195290094,43.57032454439607],[-79.64875473303684,43.570445471259596],[-79.64942846590668,43.56999631515961],[-79.64942846590668,43.56909800397583],[-79.65032677759753,43.56864884889217],[-79.65100051136568,43.56707680413122],[-79.65161980183773,43.56681139447641],[-79.6517574210443,43.56675241504518],[-79.65257255592635,43.56640307074852],[-79.65268484443857,43.565953915746874],[-79.65279713295077,43.5655047599998],[-79.65122508928839,43.564381870951266],[-79.65115673468178,43.564450225936376],[-79.6501021996748,43.5655047599998],[-79.64987762175211,43.5655047599998],[-79.64897931095956,43.564831025958036],[-79.64875473303684,43.564831025958036],[-79.6476318443216,43.5655047599998],[-79.64691727853054,43.56536184722953],[-79.64650895470803,43.5652801821722],[-79.64605979886258,43.564381870951266],[-79.64641070237212,43.56410114948696],[-79.64643409540045,43.5640824348064],[-79.64718268757785,43.56348355870233],[-79.6476318443216,43.562360669733245],[-79.6462843767853,43.5607886262085],[-79.64588511876065,43.56053909183165],[-79.64556572276138,43.56033946970511],[-79.64538606599277,43.56033946970511],[-79.6442631772775,43.56033946970511],[-79.64381402233039,43.55921658072271],[-79.64201740074529,43.55921658202465],[-79.64089451023342,43.56011489280162],[-79.64111908815613,43.56101320385546],[-79.6406699323107,43.56168693698122],[-79.63909788775003,43.56168693698122],[-79.63842415488018,43.562360671035115],[-79.63752584318932,43.56191151518539],[-79.63730126616491,43.56101320385546],[-79.63797499903475,43.56033946970511],[-79.63797499903475,43.55921658072271],[-79.64022077736358,43.558542847964375],[-79.63932246567272,43.55741995869965],[-79.63977162061984,43.55629706999238],[-79.6388733098273,43.55562333714033],[-79.63909788775003,43.55494960326575],[-79.63977162061984,43.55450044815581],[-79.64089451023342,43.554725025803734],[-79.64134366607885,43.555398758934096],[-79.64201739894867,43.555398758934096],[-79.64201739894867,43.55494960326575],[-79.64134366607885,43.554725025803734],[-79.64134366607885,43.55360213700721],[-79.64101340405789,43.55340398082279],[-79.64022077736358,43.55292840332175],[-79.63741355467712,43.552366959123695],[-79.6370125233781,43.55228675238273],[-79.6368521103195,43.55225466991685],[-79.63640295357575,43.55158093614172],[-79.63662753239679,43.55090720329878],[-79.63730126616491,43.550458046707305],[-79.63836800388673,43.550458046707305],[-79.63909788775003,43.550458046707305],[-79.63957511055818,43.55068262509593],[-79.64241989001003,43.55202134592984],[-79.64263586925885,43.5521229824071],[-79.64291570974122,43.55225466991685],[-79.64339941479247,43.55152911711605],[-79.64381402233039,43.55090720329878],[-79.64448775520022,43.55068262509593],[-79.64523634737762,43.55143121802134],[-79.64538606599277,43.55158093614172],[-79.64538606599277,43.55203009217756],[-79.64538606599277,43.55247924812127],[-79.64830557719141,43.549110580939335],[-79.64718268757785,43.547987691707895],[-79.64740726639887,43.547313957764324],[-79.64920388888228,43.545966492028036],[-79.64920388888228,43.545741914298425],[-79.64942846590668,43.5455173357321],[-79.64987762175211,43.54529275828251],[-79.64942846590668,43.546415646930605],[-79.6501021996748,43.547313957764324],[-79.64987762175211,43.547313957764324],[-79.64897931095956,43.54776311369529],[-79.64875473303684,43.54843684717615],[-79.64897931095956,43.54843684717615],[-79.64920388888228,43.549110580939335],[-79.64867547557766,43.549956049411335],[-79.64808100016701,43.55090720329878],[-79.64830557719141,43.551805514252564],[-79.64920388888228,43.55225466991685],[-79.64920388888228,43.55203009217756],[-79.64987762175211,43.55158093614172],[-79.6501021996748,43.55158093614172],[-79.65042745179142,43.55082203088708],[-79.65144966721111,43.54843684717615],[-79.65122508928839,43.54955973585303],[-79.65144966721111,43.55090720329878],[-79.65279713295077,43.551805514252564],[-79.65414459958875,43.55203009217756],[-79.65481833335687,43.55315298096872],[-79.65594122207214,43.55315298096872],[-79.65751326663283,43.554275870321966],[-79.65841157562873,43.554483173167846],[-79.66043277783149,43.55494960326575],[-79.66065735575421,43.55562333714033],[-79.65975904496166,43.55652164810584],[-79.65897302088469,43.55652164810584],[-79.65818700040099,43.55652164810584],[-79.65745712552082,43.55624092907654],[-79.6552674892023,43.555398758934096],[-79.65571664504773,43.55652164810584],[-79.6586361562464,43.55741995869965],[-79.65886073416911,43.55809369229585],[-79.65841157832368,43.558767426170554],[-79.65683953376299,43.55899200419064],[-79.65549206712502,43.55831827022313],[-79.65414459958875,43.558542847964375],[-79.65347086671892,43.557644537185084],[-79.6501021996748,43.558542847964375],[-79.64942846590668,43.55809369229585],[-79.64920388888228,43.557195380679175],[-79.65032677759753,43.556072491692966],[-79.64830557719141,43.554725025803734],[-79.64695811055346,43.556072491692966],[-79.64808100016701,43.55697080312376],[-79.64830557719141,43.55786911483348],[-79.64718268757785,43.558898442323155],[-79.64697172182663,43.5590918283099],[-79.64718268757785,43.55924653665241],[-79.64897931095956,43.56056404772438],[-79.6501021996748,43.559665737134395],[-79.65144966721111,43.55989031506108],[-79.65212340008095,43.56056404772438],[-79.65369544374332,43.55989031506108],[-79.65436917840977,43.56011489280162],[-79.65481833335687,43.5607886262085],[-79.65459375633246,43.56168693698122],[-79.65302171087347,43.562585248029734],[-79.65459375633246,43.56348355870233],[-79.65459375633246,43.56460644822238],[-79.65481843306988,43.56483112619892],[-79.6550429112796,43.565055604158275],[-79.6550990353236,43.565055604158275],[-79.6552674892023,43.565055604158275],[-79.6570641107874,43.565055604158275],[-79.65728868871011,43.565055604158275],[-79.65762555604334,43.565392471841605],[-79.65773784455553,43.5655047599998],[-79.65796242337657,43.5655047599998],[-79.65818700040099,43.56550476065072],[-79.65728868871011,43.56640307074852],[-79.65773784455553,43.56730138176964],[-79.65930988911622,43.56752595987252],[-79.66057808751522,43.568230517353214],[-79.66133108862402,43.56864884889217],[-79.66113685938487,43.56894019349889],[-79.6608819336769,43.56932258188882],[-79.65953446703894,43.5684242710706],[-79.6586361562464,43.56932258188882],[-79.65886073416911,43.57022089297743],[-79.65975904496166,43.57067004870431],[-79.6586361562464,43.572017515963424],[-79.65908531209182,43.57314040520418],[-79.65898549938228,43.57329012405346],[-79.6586361562464,43.57381413807089],[-79.65892489903324,43.574102882418615],[-79.65940970002913,43.574587683970535],[-79.65975904496166,43.57493702700422],[-79.65941354122529,43.57536890979794],[-79.65886073416911,43.57605991582515],[-79.65925649415405,43.576512217520126],[-79.66043277783149,43.57785653772794],[-79.65824315678432,43.57931628946643],[-79.65773784455553,43.57965316068861],[-79.65773784455553,43.58010231569865],[-79.65773784455553,43.58077605006554],[-79.6586361562464,43.58122520515847],[-79.65909628411471,43.58096227600355],[-79.66020819990878,43.58032689422483],[-79.66178024536777,43.58032689422483],[-79.66245397823761,43.57897942677168],[-79.66447517864373,43.579877738287074],[-79.66489903793074,43.57979296669345],[-79.66525256452093,43.579722261677475],[-79.66537349033457,43.57965316068861],[-79.66598860184392,43.57906735895521],[-79.6660472232044,43.57897942677168],[-79.66601268926995,43.57887582669164],[-79.66582264528168,43.57830569377587],[-79.6640260227983,43.57718280518331],[-79.66469975566812,43.57673364921947],[-79.66694553399695,43.578081116170765],[-79.66699951376238,43.578063122984155],[-79.6670665244893,43.57804078588911],[-79.66732155530015,43.57779790165835],[-79.66784036381776,43.57730379897275],[-79.66784384478949,43.577295096742],[-79.66806842271221,43.57673364921947],[-79.66784384478949,43.576553987718064],[-79.66694553399695,43.57583533830434],[-79.66717011191967,43.57516160527204],[-79.66784384478949,43.575610759945945],[-79.66954987037987,43.575421202279024],[-79.66985234211919,43.575387594289126],[-79.66990344368244,43.575338924789406],[-79.67008962311832,43.57516160527204],[-79.6727500700705,43.571836172290745],[-79.67278362124806,43.5717942335071],[-79.67278463364939,43.57179296827499],[-79.6740422894202,43.57022089297743],[-79.67448659795635,43.56966549500332],[-79.67458117887767,43.569547265706134],[-79.67637780225938,43.56730138176964],[-79.67997104632788,43.56370813671853],[-79.68184586266517,43.562419214079306],[-79.68293020018001,43.56167372727666],[-79.68311513455093,43.561546583152655],[-79.68311513455093,43.56153146873636],[-79.68311513455093,43.561462359241816],[-79.68359846230976,43.56115805051256],[-79.68423802416451,43.559665737134395],[-79.68581006872519,43.559665737134395],[-79.68601736845173,43.55954481336647],[-79.68796635958036,43.55840790430207],[-79.68847082020625,43.55809027395998],[-79.68625922457063,43.55786911483348],[-79.68513633585536,43.55831827022313],[-79.68423802416451,43.55741995869965],[-79.68446260208722,43.55652164810584],[-79.68513633585536,43.556072491692966],[-79.68805584705402,43.555847913858635],[-79.68872957992386,43.555398758934096],[-79.6878312691313,43.55292840332175],[-79.68693295833876,43.55360213700721],[-79.68513633585536,43.55360213700721],[-79.68446260208722,43.554275870321966],[-79.68359637552335,43.55384275621534],[-79.68356429129467,43.553826714096616],[-79.68289057010294,43.5539951447369],[-79.6825911301777,43.55421972231486],[-79.68243241852825,43.55433875446538],[-79.6822168237584,43.55450044815581],[-79.6822168237584,43.55562333714033],[-79.68154309088857,43.556072491692966],[-79.6804202021733,43.55562333714033],[-79.6801956242506,43.55405129230224],[-79.68093540934494,43.55294161559467],[-79.68088484587255,43.552587665133],[-79.68068969406359,43.55247924812127],[-79.68064478009602,43.55247924812127],[-79.67952189138076,43.55337755908086],[-79.6788481567143,43.55292840332175],[-79.6786235796899,43.55292840332175],[-79.67952189138076,43.554275870321966],[-79.67907273463702,43.555847913858635],[-79.67839900176718,43.55629706999238],[-79.67820650627654,43.55616874010309],[-79.67839900176718,43.55674622603329],[-79.67794984592176,43.55741995869965],[-79.67817442384447,43.55741995869965],[-79.6788481567143,43.55831827022313],[-79.67907273463702,43.55831827022313],[-79.67907273463702,43.56011489280162],[-79.67817442384447,43.56101320385546],[-79.67794984592176,43.56101320385546],[-79.67637780225938,43.56033946970511],[-79.67615322433666,43.559665737134395],[-79.67592864641395,43.559665737134395],[-79.67615322433666,43.55921658072271],[-79.67592864641395,43.55921658072271],[-79.67570406759293,43.55921658072271],[-79.67551691887485,43.559778026853344],[-79.67547948967021,43.55989031506108],[-79.6746560471684,43.560596134229],[-79.67331800565437,43.56174302920944],[-79.67233554877086,43.56258512174757],[-79.67233540504041,43.56258525519006],[-79.67236092797427,43.562636300506824],[-79.67278455729257,43.56348355870233],[-79.6730091352153,43.56348355870233],[-79.67233540144714,43.56460644822238],[-79.67278455729257,43.565055604158275],[-79.6730091352153,43.565055604158275],[-79.67368286808514,43.56460644822238],[-79.67458117887767,43.5655047599998],[-79.67435660185326,43.56640307074852],[-79.67345829016242,43.56707680413122],[-79.673233713138,43.56707680413122],[-79.67345829016242,43.56730138176964],[-79.67121251183359,43.56662764894611],[-79.67076335688647,43.56662764894611],[-79.66806842271221,43.56662764894611],[-79.66877424340397,43.56592183600118],[-79.67008962311832,43.56460644822238],[-79.6691913123258,43.56348355870233],[-79.66829300063492,43.56370813671853],[-79.66492433359083,43.56662764894611],[-79.66490829417144,43.566616956036],[-79.66357686695285,43.565729336990145],[-79.66248136337904,43.56616753901455],[-79.66245397823761,43.566178493015435],[-79.6623791234216,43.566103638792214],[-79.66200482329049,43.565729336990145],[-79.66182202690996,43.565755450645305],[-79.66043277783149,43.565953915096],[-79.66065735575421,43.565729336990145],[-79.66110651159963,43.565055604158275],[-79.66245397823761,43.56460644822238],[-79.66178024536777,43.564381870951266],[-79.66178024536777,43.56337127393683],[-79.66178024536777,43.56325898180176],[-79.66155566295349,43.56318412134698],[-79.66110651159963,43.563034404063984],[-79.66098558398933,43.562792550930475],[-79.66043277783149,43.56168693698122],[-79.66020819990878,43.56168693698122],[-79.66065735575421,43.56033946970511],[-79.66043277783149,43.56033946970511],[-79.65886073416911,43.559665737134395],[-79.6586361562464,43.55899200419064],[-79.65908531209182,43.55831827022313],[-79.66043277783149,43.55809369229585],[-79.66110651159963,43.55741995869965],[-79.66267855616033,43.558542847964375],[-79.66290313408304,43.558542847964375],[-79.66357686695285,43.55809369229585],[-79.66380144487557,43.55809369229585],[-79.66649637904983,43.55809369229585],[-79.66717011191967,43.55809369229585],[-79.66784384478949,43.558542847964375],[-79.66806842271221,43.559441159021624],[-79.66874215737866,43.55899200419064],[-79.66896673440306,43.55899200419064],[-79.6696404681712,43.55921658072271],[-79.67044001458815,43.561415339066734],[-79.67053877896375,43.56168693698122],[-79.67076335688647,43.56168693698122],[-79.67188624560171,43.56011489280162],[-79.67246373656528,43.559665737134395],[-79.67251787353587,43.55962363103973],[-79.67380638553837,43.55862145147336],[-79.67383774931821,43.55852735978139],[-79.67188624560171,43.55809369229585],[-79.6714370897563,43.55741995869965],[-79.67158680837143,43.55697080312376],[-79.671661667679,43.55674622603329],[-79.67174954626998,43.556726697268054],[-79.67347615495845,43.556343006330074],[-79.67359303835335,43.55517417923982],[-79.67361681675891,43.554936392735065],[-79.67363795321924,43.554725025803734],[-79.67368286808514,43.554275870321966],[-79.67345829016242,43.554275870321966],[-79.67278455729257,43.55405129230224],[-79.67211082442275,43.552703824837835],[-79.6714370897563,43.55315298096872],[-79.67076335688647,43.55292840332175],[-79.67031420104104,43.55158093614172],[-79.66920628364832,43.552134896008006],[-79.66896673440306,43.55225466991685],[-79.66773816158957,43.55143562178805],[-79.66771551506126,43.551420524367224],[-79.66761926776509,43.55135635914722],[-79.66745083903922,43.55155286186584],[-79.66721503756534,43.55182796524663],[-79.66627180112711,43.55292840332175],[-79.66492433359083,43.55315298096872],[-79.66447517864373,43.552703824837835],[-79.664250600721,43.552703824837835],[-79.6640260227983,43.55158093614172],[-79.66492433359083,43.55090720329878],[-79.66469975566812,43.55000889197712],[-79.66537349033457,43.549110580939335],[-79.66514891241188,43.549110580939335],[-79.66492433359083,43.548661425282866],[-79.66245397823761,43.548886003203926],[-79.6622294012132,43.548886003203926],[-79.66155566744506,43.54821226888376],[-79.66155566744506,43.55068262509593],[-79.66065735575421,43.55158093614172],[-79.65998362288437,43.55135635914722],[-79.65908531209182,43.54933515783794],[-79.65796242337657,43.54843684717615],[-79.65841157832368,43.54753853614817],[-79.65818700040099,43.54753853614817],[-79.65773784455553,43.546415646930605],[-79.65841157832368,43.54529275828251],[-79.65886073416911,43.54529275828251],[-79.6586361562464,43.54439444728002],[-79.65841157832368,43.54439444728002],[-79.65728868871011,43.54461902482055],[-79.6586361562464,43.5439452909913],[-79.65908531209182,43.5439452909913],[-79.65930988911622,43.5439452909913],[-79.65953446703894,43.54506817999627],[-79.66020819990878,43.5455173357321],[-79.66178024536777,43.546191068921004],[-79.66312771200573,43.545966492028036],[-79.664250600721,43.54680866180581],[-79.66492433359083,43.547313957764324],[-79.66497159575457,43.54729820364913],[-79.66559806825728,43.54708938114819],[-79.6660472232044,43.545966492028036],[-79.66481424325613,43.54488763878085],[-79.664250600721,43.54439444728002],[-79.6660472232044,43.54416986890284],[-79.66649637904983,43.54327155809732],[-79.66627180112711,43.54327155809732],[-79.66582264528168,43.54237324692909],[-79.66708028128956,43.54190163392146],[-79.66761926776509,43.54169951274563],[-79.66874215737866,43.54012746872845],[-79.66885444589087,43.54057662806551],[-79.6691913123258,43.54192409120923],[-79.6694158902485,43.54192409120923],[-79.67233540144714,43.54237324692909],[-79.67255997936986,43.54237324692909],[-79.67323371134138,43.5437207148477],[-79.673368458634,43.543990209245095],[-79.67345829016242,43.54416986890284],[-79.67330857244559,43.54416986890284],[-79.673233713138,43.54416986890284],[-79.6730091352153,43.54439444728002],[-79.67255997936986,43.54484360282672],[-79.67233540144714,43.54484360282672],[-79.67053877896375,43.5439452909913],[-79.67031420104104,43.5439452909913],[-79.6694158902485,43.5439452909913],[-79.6691913123258,43.5439452909913],[-79.66851757855764,43.54484360282672],[-79.66829300063492,43.54484360282672],[-79.66874215737866,43.545741914298425],[-79.67525491264583,43.54776311369529],[-79.67547948967021,43.54776311369529],[-79.67681986141407,43.54699718896121],[-79.6769898855479,43.54690003193109],[-79.67660237928379,43.546415646930605],[-79.67639507147241,43.54651930089235],[-79.67570406759293,43.546864803044215],[-79.67458117887767,43.546640224754675],[-79.67413202393055,43.545741914298425],[-79.67458117887767,43.54506817999627],[-79.67547948967021,43.54484360282672],[-79.67525491264583,43.5437207141966],[-79.67637780225938,43.542597824836534],[-79.67480575680038,43.54192409120923],[-79.67345829016242,43.54214866883628],[-79.67188624560171,43.540352047187305],[-79.67278455729257,43.53945373614711],[-79.67413202393055,43.53945373614711],[-79.67660237928379,43.54080120224662],[-79.67817442384447,43.53945373614711],[-79.6788481567143,43.53967831320834],[-79.67907273463702,43.540352047187305],[-79.67974646930347,43.540352047187305],[-79.68064478009602,43.53788169087941],[-79.67772526799905,43.53765711298723],[-79.67727611305193,43.536983380152996],[-79.67750069097464,43.53630964630319],[-79.67682695720649,43.536085069068264],[-79.67660237928379,43.535411334950126],[-79.67592864641395,43.535411334950126],[-79.67525491264583,43.536085069068264],[-79.67435660185326,43.53563591274053],[-79.67413202393055,43.53473760177059],[-79.67525491264583,43.5333901349726],[-79.67368286808514,43.53226724598656],[-79.67345829016242,43.53159351284958],[-79.67390744600783,43.53091977869897],[-79.67480575680038,43.53069520223266],[-79.67727611305193,43.53181809118106],[-79.67750069097464,43.53114435693412],[-79.67907273463702,43.53069520223266],[-79.67997104632788,43.53159351284958],[-79.67907273463702,43.532940980063536],[-79.6804202021733,43.532940980063536],[-79.68131851296585,43.53181809118106],[-79.68064478009602,43.53069520223266],[-79.68244140168109,43.528898579286086],[-79.68266597960381,43.528898579286086],[-79.6822168237584,43.52777569004161],[-79.68064478009602,43.52777569004161],[-79.6801956242506,43.52687737922688],[-79.68154309088857,43.52575449013293],[-79.68131851296585,43.52485617917971],[-79.68244140168109,43.52373329024019],[-79.6822168237584,43.52261040124347],[-79.68199291508057,43.52246112836376],[-79.68249120607709,43.522001504551405],[-79.68326470314743,43.521288024533874],[-79.6841634864538,43.52045895022516],[-79.68477682109551,43.5198870919432],[-79.6852926193586,43.519414370257856],[-79.68557826744929,43.519148795633264],[-79.68634106468626,43.518439613795785],[-79.6868633829217,43.51795509460948],[-79.68733442621902,43.5175181269368],[-79.68855030673586,43.51639017980319],[-79.68895415784655,43.516995956094746],[-79.68872957992386,43.51766969007669],[-79.68940331369198,43.51789426683323],[-79.6896278907164,43.5185680012076],[-79.68872957992386,43.519466311992836],[-79.6876066912086,43.51924173392184],[-79.68693295833876,43.51969088987929],[-79.68715753626148,43.52081377914954],[-79.68603464664791,43.522385823150735],[-79.6860958955806,43.522569570701634],[-79.68625922457063,43.52305955687502],[-79.68657627506869,43.522953873306285],[-79.68679821284279,43.52287989424203],[-79.68693295833876,43.52283497915152],[-79.68767901277548,43.52152938502544],[-79.6878312691313,43.52126293382634],[-79.68875603261401,43.52086660752381],[-79.68940331369198,43.520589200882895],[-79.68946226383588,43.52043200269903],[-79.69007704656183,43.518792579180634],[-79.69075078032998,43.5185680012076],[-79.6914245140981,43.5190171563178],[-79.69164909202082,43.520589200882895],[-79.6911999361754,43.52103835592882],[-79.6911999361754,43.522385823150735],[-79.6911999361754,43.52283497915152],[-79.69187366904522,43.52418244597925],[-79.69007704656183,43.52575449013293],[-79.6911999361754,43.52710195688212],[-79.69254740281337,43.52755111228949],[-79.6927719807361,43.52822484629396],[-79.69187366904522,43.528898579286086],[-79.69209824696793,43.5293477349924],[-79.69378258183745,43.52917930191311],[-79.69389487034965,43.52912315723167],[-79.69395345577755,43.529162214406924],[-79.69434402529676,43.52912315723167],[-79.69479318114219,43.52979688995917],[-79.69471151619804,43.53000105310322],[-79.69479318114219,43.53024604614018],[-79.69434402529676,43.53091977869897],[-79.69636522480457,43.53249182376307],[-79.69703895857272,43.53249182376307],[-79.69748811441814,43.53181809118106],[-79.69614064688186,43.53069520223266],[-79.69703895857272,43.52957231321955],[-79.70197967017748,43.53069520223266],[-79.7022042481002,43.5293477349924],[-79.70332713681546,43.52867400115563],[-79.704225447608,43.52957231321955],[-79.70409711608316,43.52995730912653],[-79.70400086968527,43.53024604614018],[-79.704490855757,43.53061353578354],[-79.70489918137615,43.53091977869897],[-79.70871700426567,43.52755111228949],[-79.70939073713548,43.528000268260215],[-79.7096153150582,43.528898579286086],[-79.70826784842022,43.53024604614018],[-79.70827889410498,43.530264456105556],[-79.70894158218837,43.53136893498436],[-79.70852049510232,43.53195846084293],[-79.70829994163208,43.5322672355663],[-79.70781869257482,43.532940980063536],[-79.70849242634294,43.53361471312639],[-79.71186109338703,43.533165557284946],[-79.71028904882635,43.53159351284958],[-79.71118735961889,43.53047062427888],[-79.71253482625686,43.53091977869897],[-79.71343313794772,43.53204266802505],[-79.71489289219959,43.53204266802505],[-79.71537947994459,43.53204266802505],[-79.71545433835384,43.53204266802505],[-79.71544364391039,43.53194642146683],[-79.71537012039764,43.531284717743645],[-79.71522976043113,43.53002146781649],[-79.71612807122368,43.52912315723167],[-79.7170263820162,43.52957231321955],[-79.71747553786163,43.53069520223266],[-79.71814927073147,43.53069520223266],[-79.71882300539794,43.52979688995917],[-79.71994589411318,43.53024604614018],[-79.72017047113759,43.53091977869897],[-79.71972131619047,43.53181809118106],[-79.71882300539794,43.53226724598656],[-79.71904758242232,43.532940980063536],[-79.71941828929232,43.532940980063536],[-79.71949673826775,43.532940980063536],[-79.71972131619047,43.532940980063536],[-79.7233145620556,43.528898579286086],[-79.72328112316747,43.52876482952485],[-79.72296952813812,43.52751845326898],[-79.72286540531186,43.52710195688212],[-79.72106878282845,43.52597906806076],[-79.71725095993892,43.52485617917971],[-79.71638474774811,43.52443912313796],[-79.71495653783747,43.52375147421799],[-79.71404082488124,43.52331057651085],[-79.71118735961889,43.521936667714236],[-79.71051362585074,43.52103835592882],[-79.71096278169617,43.52014004509874],[-79.71186109338703,43.519915466929895],[-79.71347444338281,43.52075442379295],[-79.71564970935172,43.52188556317338],[-79.715693841785,43.52191814642685],[-79.71581914508904,43.522010673338826],[-79.7160133222259,43.52212368914655],[-79.71604757678432,43.52209245174774],[-79.71694572138853,43.52255948030867],[-79.71796572964756,43.52331319368834],[-79.71881226693702,43.52393871474238],[-79.71902273412326,43.52409422655075],[-79.72007791412061,43.5248738847308],[-79.72061102291923,43.52526777995345],[-79.7216514103588,43.52603645841364],[-79.72325530468788,43.527221432724126],[-79.72427050875677,43.527971449624005],[-79.72475385538023,43.5283285354386],[-79.72547346521162,43.52886016152008],[-79.72564912268058,43.52898993096391],[-79.72580384670849,43.52910422978516],[-79.72556033768947,43.5293477349924],[-79.72613347541716,43.5293477349924],[-79.72680440105172,43.52984336687648],[-79.72753471520804,43.530382683028066],[-79.72762182663777,43.5303992960518],[-79.7277454249394,43.53040922035787],[-79.72788704254731,43.53042878435298],[-79.72796494265212,43.53044297783564],[-79.7281008990771,43.53046350702572],[-79.72829495314478,43.53049478502861],[-79.72843334041093,43.53052238650937],[-79.72857200166325,43.53055886108489],[-79.72877524908954,43.53060897288486],[-79.7290001180664,43.5306731907997],[-79.72913260609607,43.530716178768515],[-79.72919273033804,43.53073568730499],[-79.72942527991059,43.53081446124445],[-79.73003185203484,43.53102542942491],[-79.73049288450665,43.53118577238149],[-79.73063799476436,43.531240129990955],[-79.73074792430064,43.531286542622176],[-79.7309652465308,43.53137589908078],[-79.73109739320067,43.53143114420747],[-79.73138653843274,43.53155202278567],[-79.73189869133242,43.53177086877665],[-79.73261335414153,43.53208884102316],[-79.7334817034244,43.53249459228674],[-79.73391784268136,43.532702720949956],[-79.73395473918504,43.532720415731475],[-79.73417317532616,43.53282517368125],[-79.73455385619074,43.53301527306957],[-79.73476286091969,43.533124530043914],[-79.73491143508114,43.53320610256833],[-79.73511361800384,43.533312337372664],[-79.7352942242917,43.533148681264144],[-79.7359971892392,43.53352047558759],[-79.73601193328797,43.53352827369054],[-79.73598916997865,43.53354453286882],[-79.73589091674447,43.533839291095155],[-79.73566634151669,43.53392912113677],[-79.73476802802921,43.535186756974596],[-79.73656464961428,43.53653422400417],[-79.73723838428074,43.53653422400417],[-79.73791211715059,43.53563591274053],[-79.73881042794312,43.53586049099697],[-79.74015789458109,43.538106269237595],[-79.73993331665838,43.53900458016638],[-79.74128078419466,43.53990289073547],[-79.74132159735298,43.53990289073547],[-79.74150536211737,43.53990289073547],[-79.7417299400401,43.54012746872845],[-79.74168574652137,43.54013851732656],[-79.74083162834923,43.540352047187305],[-79.74038247340214,43.54125035786685],[-79.7417299400401,43.54282240190736],[-79.74083162834923,43.54282240190736],[-79.73993331665838,43.5439452909913],[-79.73858585091871,43.54416986890284],[-79.73656464961428,43.54304698009504],[-79.73566633882174,43.5439452909913],[-79.73589091674447,43.54439444728002],[-79.73521718387462,43.544562880188295],[-79.73521718387462,43.54484360282672],[-79.73476802802921,43.54506818194964],[-79.73454345010649,43.5455173357321],[-79.7342065854682,43.54534890353726],[-79.73342056139124,43.545741914298425],[-79.73386971723667,43.546415646930605],[-79.73364513931395,43.54708938114819],[-79.73431887218376,43.54776311369529],[-79.73409429515937,43.548661425282866],[-79.73162393890783,43.550233470086155],[-79.73274682762307,43.55113178131586],[-79.73386971723667,43.55113178131586],[-79.73461830402417,43.55225466991685],[-79.73493645675508,43.552731896624444],[-79.73521718387462,43.55315298096872],[-79.7349926059519,43.553826714096616],[-79.73431887218376,43.55405129230224],[-79.73454345010649,43.55494960326575],[-79.73409429515937,43.555398758934096],[-79.7349926059519,43.557195380679175],[-79.73476802802921,43.55786911483348],[-79.73589091674447,43.558767426170554],[-79.73723838428074,43.55831827022313],[-79.73740008013357,43.55833623675969],[-79.73746296220345,43.55831827022313],[-79.73751717014095,43.55834924669265],[-79.73925958378854,43.558542847964375],[-79.74015789458109,43.559441159021624],[-79.74008303527353,43.55959087807346],[-79.74015789458109,43.559665737134395],[-79.74240367290993,43.558767426170554],[-79.74442487331605,43.559441159021624],[-79.74532318321026,43.56033947035608],[-79.74554776203128,43.56056404772438],[-79.74577233995402,43.56056404772438],[-79.74616535378911,43.56033946970511],[-79.74637697171723,43.56021854533651],[-79.74734438361638,43.559665737134395],[-79.74801811828284,43.56011489280162],[-79.74833894350172,43.56107737246341],[-79.74842235746574,43.56132761349826],[-79.74846727322996,43.561462359241816],[-79.7486522219739,43.56125099176733],[-79.75003931779062,43.559665737134395],[-79.75138678532694,43.55899200419064],[-79.7527342519649,43.56011489280162],[-79.75610291811067,43.55697080312376],[-79.75722580682593,43.55786911483348],[-79.75700122980152,43.558767426170554],[-79.75677665187882,43.558767426170554],[-79.75475545237101,43.56101320385546],[-79.75498002939543,43.56101320385546],[-79.75520460731813,43.56191151518539],[-79.75643978993547,43.56247296419364],[-79.75610291811067,43.56213609320334],[-79.75722580682593,43.56123778196717],[-79.75677665187882,43.56056404772438],[-79.75700122980152,43.56011489280162],[-79.7583486964395,43.56011489280162],[-79.75969616307748,43.558767426170554],[-79.75924700813037,43.55786911483348],[-79.7583486964395,43.55741995869965],[-79.76036989684562,43.555847913858635],[-79.76081905179274,43.55494960326575],[-79.7601453189229,43.55360213700721],[-79.7601453189229,43.553527278225445],[-79.7601453189229,43.55337755908086],[-79.76118503082937,43.552129905043486],[-79.76126820763815,43.55203009217756],[-79.76090073829646,43.551703466423184],[-79.75596252760143,43.547313957764324],[-79.75584289266685,43.54720761219811],[-79.75520460731813,43.546640224754675],[-79.74734438361638,43.54125035786685],[-79.74689522866927,43.54057662480961],[-79.74718832738691,43.53999042674281],[-79.74761840301571,43.540306225641224],[-79.74894141212175,43.54127827349791],[-79.75047034832859,43.54237763963677],[-79.75117767908834,43.54289209016592],[-79.75176198646828,43.54331705376949],[-79.75245658899878,43.5438277339858],[-79.7542198812902,43.54512408258956],[-79.75520992803956,43.54583288560183],[-79.75563283062081,43.54615241344444],[-79.75586108265303,43.54632924668067],[-79.75596248088905,43.54640780231185],[-79.75625936241235,43.54664529560928],[-79.75654087915103,43.54687385085256],[-79.75683080861235,43.54711675235518],[-79.75734955784115,43.54756504444197],[-79.75781963994113,43.54797642643081],[-79.75823168458555,43.54837093645581],[-79.75859009531591,43.54868221131075],[-79.75908232088763,43.5491213466226],[-79.75941902293086,43.54944344508064],[-79.75975501171173,43.54974863593543],[-79.7601118054746,43.55007307881496],[-79.76085416873381,43.55072232848977],[-79.7610026674368,43.55084647516019],[-79.76129667614784,43.551092269604354],[-79.76195190911271,43.551623196297676],[-79.76261478045241,43.5521184354592],[-79.76313755682864,43.552497410411135],[-79.76358529243763,43.55281159951551],[-79.76375766386927,43.55292972819499],[-79.76375831694449,43.55293020150353],[-79.76475137215172,43.55357130588258],[-79.76484730773251,43.55363324024898],[-79.76544549318524,43.553993955301685],[-79.76608146716873,43.55436994196059],[-79.76712968522264,43.55497026277994],[-79.76860814689029,43.55581627662786],[-79.76968428817646,43.556481621077005],[-79.76995843603487,43.556661501300695],[-79.77029963684103,43.55689086095735],[-79.77066668577119,43.557143752015506],[-79.77207961444054,43.55817201841937],[-79.7730161233956,43.55886210532193],[-79.77341781854962,43.55915035500121],[-79.77404906200482,43.5596140044791],[-79.77524760234174,43.56049430764023],[-79.77835303875307,43.562759068684414],[-79.77936556404578,43.56349747361731],[-79.78093177045542,43.56463956492817],[-79.78159304998047,43.565131195864765],[-79.78200490777532,43.5654246299782],[-79.78267778724563,43.565917730104935],[-79.78382976610472,43.56676535807142],[-79.78440765592025,43.56719228631793],[-79.78469743626124,43.56740907045712],[-79.78551254060058,43.56805221946137],[-79.78581550192173,43.568290960462164],[-79.78612653370739,43.56855366507188],[-79.78638536439189,43.5687722771676],[-79.78689949178855,43.56920491752236],[-79.78687007555627,43.56932258188882],[-79.78619634268642,43.56977173780617],[-79.78597176476373,43.56977173780617],[-79.7850734539712,43.56932258188882],[-79.78453446659734,43.568603933394805],[-79.78439972020304,43.5684242710706],[-79.77711796932344,43.56309906262494],[-79.7693530083643,43.55741995869965],[-79.76351398596698,43.55450044815581],[-79.76328940804429,43.55450044815581],[-79.76328940804429,43.555888796086336],[-79.76328940804429,43.556072491692966],[-79.76351398596698,43.556072491692966],[-79.76394406339242,43.556364953056914],[-79.76912843044158,43.55989031506108],[-79.77035917717807,43.56085499854764],[-79.77098793319826,43.561347824272374],[-79.7734676229456,43.563291391685915],[-79.77743780909046,43.56640307074852],[-79.77698865324504,43.56730138176964],[-79.77676407532232,43.56730138176964],[-79.77609034155417,43.56752595987252],[-79.77084534720646,43.563592239069415],[-79.76980216420974,43.562809826139976],[-79.76972194106159,43.562809826139976],[-79.7696738281933,43.562809826139976],[-79.76957758628703,43.562809826139976],[-79.76867927459615,43.56370813671853],[-79.76845469667346,43.56370813671853],[-79.7690321822471,43.564574368409964],[-79.7693530083643,43.565055604158275],[-79.76845469667346,43.566178493015435],[-79.76778096380362,43.565953915096],[-79.7675563858809,43.565953915096],[-79.76710722913715,43.56550476065072],[-79.76620891924294,43.56460644822238],[-79.76508602962936,43.565055604158275],[-79.76441229675953,43.564381870951266],[-79.76373856299139,43.564381870951266],[-79.76328940804429,43.565055604158275],[-79.76261567427613,43.5652801821722],[-79.76239109725172,43.5652801821722],[-79.76323324267777,43.56584161801142],[-79.76357013516382,43.56606621392388],[-79.76508602962936,43.56707680413122],[-79.7655351863731,43.56797511486809],[-79.76575976429582,43.56797511486809],[-79.76665807508836,43.5681996930626],[-79.76710723003548,43.56887342717809],[-79.76688265301108,43.56977173780617],[-79.7675563858809,43.56999631515961],[-79.76845469667346,43.56932258188882],[-79.76912843044158,43.56999631515961],[-79.7693530083643,43.56999631515961],[-79.77047589707958,43.56999631515961],[-79.77137420787211,43.56932258188882],[-79.77227251956297,43.57022089297743],[-79.77208002407231,43.57079837959847],[-79.7727216754084,43.57111920368502],[-79.77384456412366,43.572242092752965],[-79.77406914204637,43.57314040520418],[-79.77541660868435,43.57246667130842],[-79.7763149203752,43.57291582720862],[-79.77653949829792,43.57381413807089],[-79.77496745283891,43.57493702700422],[-79.77496745283891,43.57605991582515],[-79.77743780909046,43.575610759945945],[-79.77878527572842,43.57673364921947],[-79.77945900859827,43.57583533830434],[-79.77968358741929,43.57583533830434],[-79.78035732028911,43.57628449381005],[-79.78058189821184,43.575386182702374],[-79.77945900859827,43.57426329368369],[-79.77878527572842,43.574487871210025],[-79.77811154196029,43.57403871597062],[-79.77788696403758,43.57336498171144],[-79.77833611988301,43.57269124902638],[-79.77811154196029,43.57269124902638],[-79.77743780909046,43.57179293768554],[-79.77766238701317,43.570894627264224],[-79.77833611988301,43.570445471259596],[-79.77856069780573,43.570445471259596],[-79.77990816534201,43.57179293768554],[-79.78148020900437,43.571568359871925],[-79.77923443067554,43.56977173780617],[-79.77900985275284,43.56909800397583],[-79.77945900859827,43.5684242710706],[-79.77968358741929,43.5684242710706],[-79.78080647613456,43.5684242710706],[-79.78642092060916,43.57291582720862],[-79.78664549763354,43.57291582720862],[-79.7870946543773,43.57291582720862],[-79.78915120438816,43.571038151070724],[-79.78933913104729,43.57117941674986],[-79.78969322357608,43.5714389957775],[-79.78993566629485,43.57161704673748],[-79.7905111414389,43.57201646681395],[-79.7910866246678,43.572415884241366],[-79.79328843405672,43.57383576864446],[-79.7942313623728,43.574456055032094],[-79.7954420739835,43.575273510118734],[-79.79570906945561,43.575460901737664],[-79.79742978519582,43.5767199885657],[-79.79742523163564,43.57673364921947],[-79.796077765896,43.57718280518331],[-79.79584766782584,43.57703554686039],[-79.79046332142138,43.5735895599845],[-79.78945272481158,43.5735895599845],[-79.78934043180782,43.5735895599845],[-79.7892562129533,43.57370185238648],[-79.78866669893799,43.574487871210025],[-79.78889127596238,43.574487871210025],[-79.79428114341259,43.57830569377587],[-79.79438739344944,43.57843319559032],[-79.79540403212785,43.57965316068861],[-79.79517945510344,43.58032689422483],[-79.79405656638819,43.58077605006554],[-79.79338277422956,43.58027071518219],[-79.79058309559484,43.57817094861486],[-79.79046332142138,43.578081116170765],[-79.79029488461066,43.57841798844663],[-79.79023874260034,43.57853027184493],[-79.79113705429121,43.57897942677168],[-79.79113705429121,43.579877738287074],[-79.79225994300646,43.581000626729384],[-79.79136163221393,43.58212351570349],[-79.78956500973054,43.581000626729384],[-79.78889127596238,43.58122520515847],[-79.78866669893799,43.58122520515847],[-79.7873192323,43.58077605006554],[-79.78687007555627,43.58010231569865],[-79.7870946543773,43.579428582903205],[-79.78687007555627,43.579428582903205],[-79.78462429812575,43.58077605006554],[-79.78799296516983,43.58369556074194],[-79.79001416467764,43.58212351570349],[-79.79068789934409,43.582348093848324],[-79.79091247636849,43.582348093848324],[-79.79136163221393,43.583021827811486],[-79.79068789934409,43.58392013887891],[-79.79068789934409,43.58616591711524],[-79.7891158538851,43.587513383142],[-79.79001416467764,43.58886085023664],[-79.78978958675492,43.58953458418378],[-79.78844212101527,43.590432895009144],[-79.7873192323,43.590432895009144],[-79.78866669893799,43.59178036115723],[-79.78889127596238,43.59178036115723],[-79.79046332142138,43.591555783717425],[-79.79136163221393,43.59245409495462],[-79.79091247636849,43.593127827715904],[-79.79136163221393,43.593801562043126],[-79.79113705429121,43.59447529468304],[-79.79046332142138,43.594699872939],[-79.78934043180782,43.59627191678109],[-79.78956500973054,43.59717022918379],[-79.7889811074908,43.598338033213544],[-79.78889127596238,43.598517694761505],[-79.78934043180782,43.598517694761505],[-79.78956500973054,43.59919142924559],[-79.78978958675492,43.59919142924559],[-79.7927090988519,43.59896685083822],[-79.79652692084309,43.59784396184119],[-79.79703223127525,43.59759131062037],[-79.7994464518047,43.596384203311985],[-79.80056932165535,43.59582276205656],[-79.8007938959848,43.595626261909565],[-79.80236594413874,43.59425071689013],[-79.80247554309497,43.594278116768606],[-79.80326425493128,43.59447529468304],[-79.80329921197225,43.5945219045478],[-79.80326835035066,43.59454954242],[-79.80312058646957,43.594680426742315],[-79.80244079266653,43.595247791832485],[-79.8017244140752,43.59579086216803],[-79.80097309012105,43.59630839320685],[-79.8001885437727,43.59679920092113],[-79.79937256986415,43.59726215723573],[-79.79852703868781,43.597696203682474],[-79.79765388970637,43.598100343585784],[-79.79662677038355,43.59852365185374],[-79.79639630041089,43.59861138829834],[-79.79617713393945,43.59869245974297],[-79.79524108402352,43.599013706382806],[-79.79428494508286,43.599302026725226],[-79.79331090990513,43.599556760946086],[-79.79232121170212,43.59977732333811],[-79.79169813842441,43.599892787049924],[-79.79131811871987,43.59996320946183],[-79.79130966108148,43.59996462242396],[-79.79110780065398,43.599997513466306],[-79.79090551173009,43.600028995433306],[-79.79070281946265,43.60005906767659],[-79.78808105576323,43.60032230438798],[-79.78792641977023,43.60033783321543],[-79.78938284037405,43.601407541917965],[-79.78992978682132,43.60180925649254],[-79.78983710943008,43.60186864849082],[-79.78964429952907,43.60199221943776],[-79.78912645580208,43.602324916943196],[-79.78806128114887,43.603009251010576],[-79.78743539075447,43.60341135819891],[-79.7865787860456,43.60396126828289],[-79.7864797449889,43.60402484927122],[-79.78611333655755,43.60385385702624],[-79.78574718684101,43.60368298528731],[-79.7855226089183,43.60368298528731],[-79.7853985012719,43.603688895032526],[-79.78080647613456,43.60390756170279],[-79.77900985275284,43.60570418512657],[-79.77676407532232,43.60503045071933],[-79.77743780909046,43.606153340241505],[-79.77653949829792,43.607051650817475],[-79.7763149203752,43.607051650817475],[-79.77564118570874,43.606827073780714],[-79.77541660868435,43.6081745396857],[-79.77721323116774,43.60884827400223],[-79.77770454225451,43.60953611448771],[-79.77649736910773,43.6098994346897],[-79.77624737335404,43.60997467805949],[-79.77581166977998,43.61010581696653],[-79.77522737228152,43.610281644249824],[-79.77204794164027,43.60794996293858],[-79.7711496308477,43.60839911819604],[-79.76912843044158,43.60772538470248],[-79.76823011875074,43.6081745396857],[-79.7673318079582,43.60794996293858],[-79.76710723003548,43.60794996293858],[-79.76620891924294,43.60884827400223],[-79.76441229675953,43.6095220072765],[-79.76373856299139,43.60862369586795],[-79.76351398596698,43.60862369586795],[-79.76418771883682,43.607500806928854],[-79.76373856299139,43.607500806928854],[-79.76351398596698,43.60772538470248],[-79.76261567427613,43.607276228967194],[-79.76171736258527,43.60592876180233],[-79.76194194140632,43.60592876180233],[-79.76138049704868,43.60574161463079],[-79.76126820763815,43.60570418512657],[-79.76140295493079,43.60570418512657],[-79.76373856299139,43.60570418512657],[-79.76525446913503,43.60503045071933],[-79.76575976429582,43.60480587394234],[-79.76620891924294,43.6041321398819],[-79.76558366036416,43.603350568501504],[-79.76547076009925,43.60320944270307],[-79.76189587220527,43.603481443437886],[-79.76144055032374,43.603709104600476],[-79.76089391289693,43.60398242162268],[-79.76059447387001,43.6041321398819],[-79.7604923929144,43.60397901890104],[-79.76037398238353,43.60380140255037],[-79.76024444352292,43.603607094609714],[-79.75924700813037,43.60368298528731],[-79.75873369011576,43.603747150062986],[-79.75851890382964,43.603961936337996],[-79.75812411941509,43.60435671787311],[-79.7585732743622,43.60503045071933],[-79.7583486964395,43.605479606961964],[-79.75745038474865,43.60458129567643],[-79.7569666743075,43.60444309279963],[-79.75587834108626,43.6041321398819],[-79.75589331240879,43.604102197821064],[-79.75527552571654,43.60417942072695],[-79.75385713978184,43.60435671787311],[-79.75363256275743,43.60435671787311],[-79.75081016572919,43.605109358476305],[-79.75071305335541,43.605255033162756],[-79.75038278953782,43.6053541080099],[-79.75038502185132,43.60535596772293],[-79.75161136324964,43.606377917842266],[-79.75077100547101,43.607848543592674],[-79.75089271012402,43.60794996293858],[-79.75093762858319,43.60794996293858],[-79.75206051819676,43.60884827400223],[-79.75340798483474,43.60884827400223],[-79.75385713978184,43.6095220072765],[-79.75363256275743,43.61064489620724],[-79.7527342519649,43.61154320669692],[-79.75247758801686,43.61147904113127],[-79.75363256275743,43.61244151872846],[-79.75453087444829,43.61221694100286],[-79.75475545237101,43.61154320669692],[-79.75587834108626,43.61266609626576],[-79.75722580682593,43.61221694100286],[-79.7583486964395,43.61131863016974],[-79.75879785228493,43.60997116315299],[-79.75969616307748,43.6097465853088],[-79.75992074100017,43.6097465853088],[-79.76036989684562,43.6090728519484],[-79.75992074100017,43.6081745396857],[-79.75969616307748,43.6081745396857],[-79.7593592939476,43.60806225044126],[-79.75902243020765,43.60794996293858],[-79.75912880960192,43.60752444960969],[-79.75919086432341,43.607276228967194],[-79.75924700813037,43.607051650817475],[-79.75945431234848,43.60712075222619],[-79.76034948083417,43.60741914243079],[-79.76059447387001,43.607500806928854],[-79.76006720232411,43.607676564423656],[-79.75992074100017,43.60772538470248],[-79.7601929493959,43.607827463161904],[-79.76171736258527,43.60839911819604],[-79.76216651932901,43.61019574080907],[-79.76396314091411,43.61086947394933],[-79.76441229675953,43.61154320669692],[-79.76351398596698,43.61266609626576],[-79.76328940804429,43.61266609626576],[-79.76078360067837,43.612039644910425],[-79.76059447387001,43.611992363089094],[-79.76051280802754,43.61240069830252],[-79.76036989684562,43.61311525207658],[-79.7601453189229,43.61311525207658],[-79.75947158515477,43.61356440713431],[-79.75978038642356,43.61418201368151],[-79.76005077123925,43.61472278118161],[-79.7601453189229,43.614911874292716],[-79.76026507333341,43.614911874292716],[-79.76036989684562,43.614911874292716],[-79.76049566457866,43.615037643369014],[-79.7604522498993,43.61507703183787],[-79.759978300552,43.61550702739427],[-79.75993838301406,43.61554323851508],[-79.75995198620241,43.615553088316],[-79.75992589014339,43.61557504988674],[-79.75977104574125,43.615715913193085],[-79.75959637102919,43.61587653550028],[-79.75940937322807,43.61604669817689],[-79.75893355179176,43.616479781845996],[-79.75460631586418,43.62041820626575],[-79.75381327863977,43.621139813587476],[-79.75363256275743,43.62120005205593],[-79.7529588289893,43.620750896803294],[-79.7527342519649,43.618055963107714],[-79.75183594027403,43.619403429771786],[-79.75056333384195,43.619403429771786],[-79.74981473986793,43.620526318894115],[-79.7495901619452,43.620526318894115],[-79.74846727322996,43.62120005205593],[-79.7489164290754,43.62164920785489],[-79.7495901619452,43.62120005205593],[-79.74981473986793,43.62120005205593],[-79.75026389571335,43.62142463004968],[-79.75093762588823,43.62277209795345],[-79.75127315113842,43.6234431436979],[-79.75122403395363,43.62348811192136],[-79.75016242471379,43.62446003626548],[-79.74981473986793,43.624344141760865],[-79.7495901619452,43.624344141760865],[-79.7495901619452,43.62498394816818],[-79.74948814656659,43.62507734362881],[-79.74930699589967,43.62524095229048],[-79.74660184518568,43.627702680096945],[-79.74651498528422,43.627781721967125],[-79.74577233995402,43.627039075154805],[-79.74554776203128,43.627039075154805],[-79.74464945123876,43.627039075154805],[-79.74442487331605,43.627039075154805],[-79.74397571836892,43.627712808157185],[-79.74375114044621,43.627712808157185],[-79.74352656162517,43.627937385880486],[-79.74330198370245,43.62816196406514],[-79.74386342985672,43.627039075154805],[-79.74397571836892,43.62681449667626],[-79.74375114044621,43.6259161860759],[-79.7436163940519,43.62582635531795],[-79.74285282875533,43.62658991995957],[-79.74227790787184,43.62594314106439],[-79.7417299400401,43.627039075154805],[-79.73791211715059,43.630407742025454],[-79.73707730557052,43.630807006713255],[-79.73274682762307,43.63287809806516],[-79.73274682762307,43.63197978705968],[-79.73184851683055,43.63130605312131],[-79.73207309385492,43.62928485280567],[-79.73027647226985,43.627712808157185],[-79.73027647226985,43.62658991995957],[-79.73058527174204,43.62619289728591],[-79.7312936723953,43.62528209823423],[-79.73174708445855,43.62469913426232],[-79.73184851683055,43.62456871906449],[-79.73139936098512,43.623670408067525],[-79.73027647226985,43.623670408067525],[-79.73005189434713,43.623670408067525],[-79.72862956840159,43.62509273601292],[-79.72847984978644,43.62524245309439],[-79.72735696107121,43.624344141760865],[-79.72623407235594,43.62479329682967],[-79.72556033768947,43.623894985937234],[-79.72645865027864,43.62322125306266],[-79.72600949443321,43.622098364200035],[-79.72623407235594,43.622098364200035],[-79.72645865027864,43.62142463004968],[-79.72600949443321,43.620750896803294],[-79.72405348476728,43.61988155968454],[-79.7239882940271,43.619852585986315],[-79.72387601988795,43.6196280391888],[-79.7233145611573,43.61850511898274],[-79.72241624856811,43.618055963107714],[-79.72196709362099,43.61828054113948],[-79.72174251569827,43.61828054113948],[-79.72129335985285,43.61895427475422],[-79.72148696296625,43.619535085286095],[-79.72151793777554,43.61962800797333],[-79.72061962698302,43.620526318894115],[-79.71994589411318,43.62007716316045],[-79.71972131619047,43.62007716316045],[-79.71859842747523,43.62045145940462],[-79.7183738486542,43.620526318894115],[-79.71811718560447,43.62039798800496],[-79.7170263820162,43.619852585986315],[-79.71687666160445,43.619852585986315],[-79.71680180499182,43.619852585986315],[-79.71682987644613,43.61979644383782],[-79.71725095993892,43.61895427475422],[-79.71710124222209,43.61850512223442],[-79.71704922437725,43.618349068407085],[-79.71425052310958,43.61938858935758],[-79.71118735961889,43.620526318894115],[-79.71111249761638,43.6207509065579],[-79.71096278169617,43.62120005205593],[-79.71073820377346,43.62120005205593],[-79.71186109338703,43.62254751914047],[-79.71208567130977,43.62254751914047],[-79.71298398210229,43.62187378612175],[-79.71388229289485,43.62232294078915],[-79.71410687081756,43.62322125306266],[-79.71388229289485,43.62322125306266],[-79.71365771497213,43.624119564268554],[-79.7163526491464,43.62614076400917],[-79.7163526491464,43.62726365279437],[-79.71522976043113,43.627712808157185],[-79.71298398210229,43.62569160795391],[-79.71275940417958,43.62569160795391],[-79.71208567130977,43.62569160795391],[-79.71028904882635,43.62636534175363],[-79.70939073713548,43.627937385880486],[-79.70939073713548,43.62861111986792],[-79.71028904882635,43.62928485280567],[-79.71006447090365,43.630407742025454],[-79.71141193664329,43.62928485280567],[-79.71253482625686,43.62973400932045],[-79.71253482625686,43.6322043637942],[-79.71365771497213,43.63310267599414],[-79.71455602666299,43.63332725308387],[-79.71545433835384,43.63242894229031],[-79.7163526491464,43.63287809806516],[-79.7165772270691,43.633776409296836],[-79.71590349330096,43.63489929782054],[-79.71612807122368,43.63489929782054],[-79.7170263820162,43.636022186817314],[-79.71725095993892,43.636022186817314],[-79.71675189998452,43.636646015301245],[-79.7163526491464,43.637145076286004],[-79.71545433835384,43.636920497860494],[-79.71522976132944,43.636695922496415],[-79.71433144874028,43.63579760874611],[-79.71298398210229,43.63669591989587],[-79.71275940417958,43.63669591989587],[-79.71208567130977,43.63624676469936],[-79.71186109338703,43.63534845268637],[-79.71098773509814,43.63552312495857],[-79.71118735961889,43.63557303113591],[-79.71073820377346,43.63647134174207],[-79.71051362585074,43.63647134174207],[-79.71096278169617,43.637594231269134],[-79.71163651456601,43.637818809126955],[-79.71275940417958,43.636920497860494],[-79.71365771497213,43.637369653872156],[-79.71388229289485,43.637369653872156],[-79.71365771587044,43.63826796557518],[-79.71336577148794,43.63851499859774],[-79.71168873543009,43.639934035511814],[-79.71073820377346,43.64073832095753],[-79.71051362585074,43.64073832095753],[-79.71037887945644,43.64114256365808],[-79.71028904882635,43.64141205381358],[-79.71073820377346,43.642085786915416],[-79.71163651456601,43.642310364887315],[-79.71253482625686,43.64163663170359],[-79.71253482625686,43.641692787908966],[-79.71253482625686,43.64186120875414],[-79.71231024923249,43.642085786915416],[-79.71365771497213,43.64343325385531],[-79.71320856002501,43.64433156525973],[-79.71275940417958,43.64433156525973],[-79.71298398210229,43.6452298762323],[-79.71231024923249,43.645903610071755],[-79.71298398210229,43.64702649882952],[-79.71253482625686,43.64814938804718],[-79.71163651456601,43.648049575742256],[-79.71051362585074,43.6479248098029],[-79.70939073713548,43.64702649882952],[-79.7096153150582,43.6479248098029],[-79.70871700426567,43.64882312099194],[-79.70736953672939,43.64859854331671],[-79.70602207188804,43.64770023331903],[-79.70534833722157,43.64859854331671],[-79.70781869257482,43.64949685417961],[-79.70804327139584,43.64949685417961],[-79.70871700426567,43.650395165907135],[-79.70849242634294,43.6510688990104],[-79.70781869257482,43.65151805519703],[-79.70624664801413,43.65084432128245],[-79.70512375929887,43.6510688990104],[-79.70467460435175,43.652640944291946],[-79.70332713681546,43.652640944291946],[-79.70197967017748,43.65376383319063],[-79.70265340394563,43.654886721891934],[-79.70287798097003,43.654886721891934],[-79.70265340394563,43.65578503294393],[-79.70197967017748,43.65623418830513],[-79.70175509225476,43.65623418830513],[-79.70018304769408,43.65578503294393],[-79.69906015897882,43.6571324986974],[-79.69995846977136,43.656683344206265],[-79.7006322026412,43.65690792219673],[-79.70085678056392,43.65690792219673],[-79.70222192604669,43.65846808974854],[-79.70075835036161,43.659766122015945],[-79.70059916260506,43.65990708972637],[-79.69790348462573,43.662297788937074],[-79.69636522480457,43.662297788937074],[-79.69591606985745,43.661174899749476],[-79.69681438065001,43.66005201100631],[-79.69569149193474,43.65982743307713],[-79.6952423360893,43.6591537000986],[-79.69546691401202,43.658479966059076],[-79.69479318114219,43.658255388099015],[-79.69456860321948,43.658255388099015],[-79.69344571360591,43.6591537000986],[-79.69479318114219,43.657581655028174],[-79.69546691401202,43.65780623290851],[-79.69614064778017,43.65735707695779],[-79.69636522480457,43.656683344206265],[-79.69591606985745,43.65578503294393],[-79.69479318114219,43.655335876822924],[-79.69389487034965,43.65578503294393],[-79.69030162628117,43.65982743372704],[-79.68356429129467,43.654886721891934],[-79.68323229372858,43.655052720469136],[-79.68320221992951,43.655067757458475],[-79.68446260208722,43.65600960974465],[-79.6847354087609,43.65646428907868],[-79.68479956733681,43.65657122030134],[-79.68513633585536,43.6571324986974],[-79.68423802416451,43.658030811248686],[-79.6840134471401,43.658030811248686],[-79.68278806873576,43.65731601211713],[-79.68251625290384,43.6571574535398],[-79.68235502866654,43.65706340537421],[-79.6822402868553,43.656996472299255],[-79.68131851296585,43.65645876602575],[-79.67748294026462,43.65332059346747],[-79.67637780225938,43.652416365942656],[-79.6750303347231,43.65353925514069],[-79.67435660185326,43.65331467690087],[-79.67368286808514,43.652416365942656],[-79.67368286808514,43.65226664765987],[-79.673233713138,43.652416365942656],[-79.67233540144714,43.6512934771986],[-79.67053877896375,43.65174263170569],[-79.66948607292669,43.65090047343045],[-79.6696404681712,43.65151805519703],[-79.66874215737866,43.652416365942656],[-79.66896673440306,43.652416365942656],[-79.671661667679,43.654886721891934],[-79.67188624560171,43.654886721891934],[-79.6714370897563,43.65600960974465],[-79.6702393372419,43.65600960974465],[-79.67008962311832,43.65600960974465],[-79.67008962311832,43.65645876602575],[-79.6691913123258,43.65690792219673],[-79.66896673440306,43.65780623290851],[-79.6691913123258,43.65780623290851],[-79.6696404681712,43.65780623290851],[-79.66986504609392,43.65780623290851],[-79.67076335688647,43.65870454382907],[-79.67008962311832,43.65960285495784],[-79.67031420104104,43.66072574430277],[-79.6694158902485,43.6613994778374],[-79.6694158902485,43.66207321096012],[-79.6696404681712,43.662522366723884],[-79.67031420104104,43.662297788937074],[-79.67255997936986,43.66027658874531],[-79.67368286808514,43.66072574430277],[-79.67390744600783,43.6613994778374],[-79.67278455729257,43.66319610024243],[-79.67211082442275,43.6636452547536],[-79.67188624560171,43.6636452547536],[-79.671661667679,43.663420677918104],[-79.67076335688647,43.664543566691215],[-79.67233540144714,43.665217300270704],[-79.67413202393055,43.66768765593343],[-79.67390744600783,43.66768765593343],[-79.67368286808514,43.66836138931416],[-79.6730091352153,43.66858596716002],[-79.67278455729257,43.66858596716002],[-79.67053877896375,43.666564766838995],[-79.66986504609392,43.666564766838995],[-79.66986504609392,43.66701392213827],[-79.67008962311832,43.66701392213827],[-79.67076335688647,43.66768765593343],[-79.67098793480919,43.66768765593343],[-79.67121251183359,43.669484277938146],[-79.67211082442275,43.67015801194537],[-79.673233713138,43.67015801194537],[-79.67413202393055,43.671505478063814],[-79.67458117887767,43.67128090009575],[-79.67547948967021,43.67217921212378],[-79.6750303347231,43.67330210079357],[-79.67480575680038,43.67330210079357],[-79.67368286808514,43.673526677695655],[-79.67525491264583,43.67532330099124],[-79.67349735340252,43.67688557904439],[-79.67435660185326,43.676670768085856],[-79.67413202393055,43.676895344725786],[-79.67353316563965,43.67734449223561],[-79.67269472486585,43.677973322337365],[-79.67233540144714,43.67824281225255],[-79.67211082442275,43.67891654473873],[-79.67271717556143,43.67891654473873],[-79.6730091352153,43.67891654473873],[-79.67323963213741,43.67922387608957],[-79.67368286808514,43.6798148568121],[-79.67543735239518,43.68051665140623],[-79.67592864641395,43.68071316777955],[-79.67603006980279,43.68086530397435],[-79.67619814010088,43.68111740842675],[-79.67637780225938,43.68138690111149],[-79.67630870115278,43.681559654910934],[-79.67592864641395,43.68250979029239],[-79.67458117887767,43.68250979029239],[-79.6730091352153,43.68138690111149],[-79.6728672948252,43.68148146207756],[-79.67233540144714,43.681836057226946],[-79.67155802275647,43.68168058104028],[-79.67121251183359,43.68161147893988],[-79.67050671180304,43.68238145600394],[-79.66874215737866,43.68430641292193],[-79.66761926776509,43.68453099021551],[-79.66717011191967,43.68520472419764],[-79.6666710492703,43.68532948932855],[-79.66627180112711,43.68542930072673],[-79.66583585500794,43.684848040953526],[-79.66580536888213,43.68480739313353],[-79.66563952910091,43.684586272200264],[-79.66559806825728,43.68453099021551],[-79.66556063995098,43.68453099021551],[-79.66537349033457,43.68453099021551],[-79.66492433359083,43.68453099021551],[-79.66312771200573,43.68655219024878],[-79.66200482329049,43.68722592426606],[-79.66196936498959,43.68721410496045],[-79.66133108862402,43.687001346018455],[-79.66090104713122,43.685926242061996],[-79.6608819336769,43.685878457109105],[-79.66200482329049,43.68498014617822],[-79.66133108862402,43.68385725711178],[-79.66178024536777,43.68318352423709],[-79.66267855616033,43.68295894579693],[-79.66267855616033,43.6829181193459],[-79.66267855616033,43.68276645089968],[-79.66267855616033,43.681836057226946],[-79.66380144487557,43.68093774618097],[-79.66380144487557,43.6798148568121],[-79.66380144487557,43.67846739015541],[-79.66447517864373,43.67801823415883],[-79.66492433359083,43.67824281225255],[-79.66514891241188,43.67801823415883],[-79.66559806825728,43.677569078698255],[-79.66717011191967,43.677569078698255],[-79.66784384478949,43.67824281225255],[-79.6679561342,43.67815859572835],[-79.66874215737866,43.677569078698255],[-79.66986504609392,43.677793655874275],[-79.671661667679,43.67622161228443],[-79.66874215737866,43.67442498989456],[-79.66851757855764,43.673526677695655],[-79.66902287910833,43.67285294511792],[-79.66908562732924,43.67276928111128],[-79.6691913123258,43.6726283669941],[-79.66509456882874,43.669609717094914],[-79.66492433359083,43.669484277938146],[-79.66469975566812,43.669484277938146],[-79.66469975566812,43.669297150569925],[-79.66469975566812,43.669259700204485]],[[-79.664250600721,43.66813681127786],[-79.66469975566812,43.6674630779755],[-79.66380144487557,43.66611561077806],[-79.66362414798121,43.66598559542941],[-79.6640260227983,43.66678934490869],[-79.66335228992845,43.66701392213827],[-79.66312771200573,43.66768765593343],[-79.66368915277012,43.66824910137576],[-79.6640260227983,43.66813681127786],[-79.664250600721,43.66813681127786]],[[-79.6608819336769,43.663420677918104],[-79.66196519680668,43.66193120335318],[-79.66155566744506,43.66162405508529],[-79.66267855616033,43.66050116629416],[-79.66255605919324,43.66013367614938],[-79.66245397823761,43.65982743307713],[-79.66133108862402,43.65937827729836],[-79.66121289009557,43.659472837201974],[-79.66020819990878,43.66027658874531],[-79.65998362288437,43.66027658874531],[-79.65987133437218,43.66027658874531],[-79.65978966763137,43.660439922208816],[-79.65975904496166,43.66050116629416],[-79.65930988911622,43.66027658874531],[-79.6586361562464,43.66072574430277],[-79.65851862067463,43.66190110876323],[-79.65841157832368,43.66297152172669],[-79.65908531209182,43.663420677918104],[-79.6608819336769,43.663420677918104]],[[-79.65953446703894,43.658030811248686],[-79.65998362288437,43.657581655028174],[-79.66020819990878,43.657581655028174],[-79.66043277783149,43.65690792219673],[-79.65998362288437,43.65623418830513],[-79.66009590959996,43.65623418830513],[-79.65975904496166,43.65600960974465],[-79.6586361562464,43.65645876602575],[-79.6586361562464,43.657581655028174],[-79.65904447288237,43.65790831277657],[-79.65953446703894,43.658030811248686]],[[-79.6608819336769,43.655335876822924],[-79.66065735575421,43.65466214414151],[-79.66028305741972,43.65451242495799],[-79.66080909737536,43.655432992787766],[-79.6608819336769,43.655335876822924]],[[-79.6777106892403,43.65096390079018],[-79.67957767675989,43.65235914471419],[-79.68023687488842,43.6528517711873],[-79.68077311072255,43.65267302656615],[-79.68081321421178,43.65265965873732],[-79.68086935801873,43.652640944291946],[-79.68089181590082,43.65252865554723],[-79.68090144134909,43.652480530713916],[-79.68101907573556,43.651892353244804],[-79.68109393504312,43.65151805519703],[-79.680892819319,43.65128342266037],[-79.68089108916377,43.6512814044727],[-79.67974646930347,43.64994600977282],[-79.67879201650064,43.65042323894772],[-79.6777106892403,43.65096390079018]],[[-79.67907273463702,43.64994600977282],[-79.67929731255973,43.64972143174612],[-79.6801956242506,43.64972143174612],[-79.6822168237584,43.64814938804718],[-79.68176766881128,43.64702649882952],[-79.6788481567143,43.64478072112507],[-79.6786235796899,43.64388240993652],[-79.67952189138076,43.6429840983164],[-79.68042020396993,43.64343325645562],[-79.6808693571204,43.643657832640706],[-79.68131851296585,43.64388240993652],[-79.68154309088857,43.64388240993652],[-79.68199224583569,43.64478072112507],[-79.68274084070801,43.64508016018652],[-79.68423802416451,43.645679031881464],[-79.68536091287976,43.64500529877347],[-79.68536091287976,43.64410698704282],[-79.68693295833876,43.642310364887315],[-79.68805584705402,43.642310364887315],[-79.68828042497674,43.6429840983164],[-79.68850500289946,43.6429840983164],[-79.68805584705402,43.64433156525973],[-79.68872957992386,43.6452298762323],[-79.68648380159502,43.646801920937115],[-79.68625922457063,43.64770023201897],[-79.6863340901664,43.64770023201897],[-79.68648380159502,43.64770023201897],[-79.68693295833876,43.64814938804718],[-79.68796227044919,43.64691422818904],[-79.68917873576927,43.645454454151675],[-79.69007704656183,43.645903610071755],[-79.69030162538284,43.64657734285513],[-79.69030162538284,43.64702649882952],[-79.69052620330557,43.64702649882952],[-79.69049522669962,43.647103939623584],[-79.69007704656183,43.64814938804718],[-79.69030162538284,43.64814938804718],[-79.69052620330557,43.64814938804718],[-79.69097535825269,43.64747565404547],[-79.69086306884218,43.64725107653227],[-79.69052620330557,43.64657734285513],[-79.69097535825269,43.645454454151675],[-79.69210346887468,43.64557979985906],[-79.69296230320208,43.64567522589394],[-79.69299655776047,43.645679031881464],[-79.69367029242694,43.64500529877347],[-79.69456860321948,43.6452298762323],[-79.69501775906491,43.645903610071755],[-79.69482526087931,43.646481104413446],[-79.69479318114219,43.64657734285513],[-79.69468090251146,43.64657734285513],[-79.69456860321948,43.64657734285513],[-79.69449373852201,43.646702118093685],[-79.69389487034965,43.64770023201897],[-79.69232282489065,43.64859854331671],[-79.69164909202082,43.650395165907135],[-79.69209824696793,43.650395165907135],[-79.6927719807361,43.64927227707344],[-79.69389487034965,43.64904769912755],[-79.69636522480457,43.64612818807247],[-79.69781023321103,43.64509604018341],[-79.69793727026357,43.64500529877347],[-79.6986110031334,43.6452298762323],[-79.69883558105612,43.6452298762323],[-79.69928473690155,43.645903610071755],[-79.69917164080391,43.64604902147349],[-79.69771269234084,43.6479248098029],[-79.69748811441814,43.6479248098029],[-79.69793727026357,43.64859854331671],[-79.69771269234084,43.64927227707344],[-79.69838642521067,43.650395165907135],[-79.69906015897882,43.650619742714696],[-79.69950931392593,43.650619742714696],[-79.69973389184865,43.650619742714696],[-79.7004076256168,43.64927227707344],[-79.70130593730765,43.64882312099194],[-79.70130593730765,43.648373966101765],[-79.7004076256168,43.64859854331671],[-79.69973389184865,43.64770023201897],[-79.69950931392593,43.64770023201897],[-79.7006322026412,43.645679031881464],[-79.70085678056392,43.645679031881464],[-79.70265340394563,43.645454454151675],[-79.70332713681546,43.645903610071755],[-79.70351428463523,43.64665220295914],[-79.70355171473818,43.64657734285513],[-79.70391104264846,43.64657734285513],[-79.70400086968527,43.64652120096609],[-79.70400086968527,43.64559737373182],[-79.70400086968527,43.645454454151675],[-79.70287798007172,43.64478072242516],[-79.70175509225476,43.64410698704282],[-79.70153051523037,43.64343325385531],[-79.70242882602291,43.64253494331983],[-79.70197967017748,43.64186120875414],[-79.7006322026412,43.64118747573416],[-79.69958416784362,43.639840009131994],[-79.69906015897882,43.639166276200385],[-79.69873349650722,43.639296941873056],[-79.69793727026357,43.63961543167744],[-79.69703895857272,43.639166276200385],[-79.69614064778017,43.639840009131994],[-79.69456860321948,43.639166276200385],[-79.69411944737406,43.638492542865265],[-79.69232282489065,43.640064587047355],[-79.6911999361754,43.639166276200385],[-79.69232282489065,43.637145076286004],[-79.69218807580141,43.63698337891603],[-79.69209824696793,43.636920497860494],[-79.69187366904522,43.637369653872156],[-79.68895415784655,43.638492542865265],[-79.68738211418419,43.637818809126955],[-79.68693295833876,43.636920497860494],[-79.68581006872519,43.63669591989587],[-79.68513633585536,43.63579760874611],[-79.68423802416451,43.636022186817314],[-79.68356429129467,43.63534845268637],[-79.68333971337195,43.63534845268637],[-79.6822168237584,43.63557303113591],[-79.68154309088857,43.63512387599818],[-79.6814506174149,43.634846456271596],[-79.68131851296585,43.63445014219819],[-79.68199224583569,43.63355183128489],[-79.68333971337195,43.63310267599414],[-79.68356429129467,43.63310267599414],[-79.68513633585536,43.633776409296836],[-79.68625922457063,43.63287809806516],[-79.68597519883734,43.63245206022521],[-79.68585734795691,43.632275283478386],[-79.68581006872519,43.6322043637942],[-79.68558549080248,43.6322043637942],[-79.68491175793264,43.63242894229031],[-79.6855242436664,43.63206145136474],[-79.68423802416451,43.63242894229031],[-79.68300284603873,43.63119376350565],[-79.68289055842484,43.63108147498059],[-79.67895223192986,43.63262066886832],[-79.67907273463702,43.63310267599414],[-79.67772526799905,43.63467472010388],[-79.67281687418493,43.636124944753966],[-79.67368286808514,43.63647134174207],[-79.67390744600783,43.637145076286004],[-79.673233713138,43.63826796492505],[-79.67413202393055,43.638717119966046],[-79.67435660185326,43.63961543167744],[-79.67345829016242,43.640513742960096],[-79.67188624560171,43.63939085403352],[-79.67008962311832,43.63939085403352],[-79.6696404681712,43.638717119966046],[-79.66986504609392,43.63804338679558],[-79.6689381006034,43.63727093538096],[-79.66784384478949,43.637594231269134],[-79.66695972109024,43.63795592306085],[-79.66682974115682,43.63807146170813],[-79.66584510675706,43.63894668974874],[-79.66559806825728,43.639166276200385],[-79.66559806825728,43.64073832095753],[-79.66627180112711,43.64186120875414],[-79.67414848645646,43.64800515695768],[-79.67750069097464,43.650619742714696],[-79.67772526799905,43.650619742714696],[-79.67817442384447,43.650395165907135],[-79.67839900176718,43.65017058825986],[-79.6786235796899,43.65017058825986],[-79.6788481567143,43.64994600977282],[-79.67907273463702,43.64994600977282]],[[-79.66986504609392,43.648373966101765],[-79.66925868776872,43.64790235823743],[-79.6694158902485,43.648373966101765],[-79.66829300063492,43.64994600977282],[-79.6694158902485,43.64927227707344],[-79.66986504609392,43.648373966101765]],[[-79.66834912647556,43.647194921622415],[-79.66784384478949,43.646801920937115],[-79.6668736678759,43.646909718300286],[-79.66774091312928,43.64715750297069],[-79.66806842271221,43.64702649882952],[-79.66834912647556,43.647194921622415]],[[-79.64807727126028,43.64459668186015],[-79.64828751476601,43.64442147951837],[-79.64733066256304,43.64491216309659],[-79.64752377609459,43.64486388394907],[-79.64785642224432,43.64478072112507],[-79.64807727126028,43.64459668186015]],[[-79.62337744214315,43.62681449667626],[-79.6224791313506,43.627039075154805],[-79.62225455342788,43.627039075154805],[-79.6221647227978,43.627218737463636],[-79.62337744214315,43.62681449667626],[-79.62539864165095,43.62883569683575],[-79.62562321957367,43.62883569683575],[-79.62557830470777,43.62897044365403],[-79.62517406462653,43.63018316377912],[-79.6245003308584,43.63063232008284],[-79.62472490878112,43.63063232008284],[-79.62517406462653,43.63063232008284],[-79.62629695424012,43.629509431157544],[-79.62706693440612,43.629894421222886],[-79.62719526503265,43.62995858599401],[-79.62719526503265,43.63118356060905],[-79.62719526503265,43.63130605312131],[-79.62608735033487,43.63225569663457],[-79.62562321957367,43.63265351994715],[-79.62548286050546,43.63265351994715],[-79.62539864165095,43.63265351994715],[-79.62539864165095,43.63278827120988],[-79.62539864165095,43.633776409296836],[-79.62427575293567,43.63445014219819],[-79.62432066869988,43.634584889432446],[-79.6245003308584,43.63512387599818],[-79.62417210352157,43.635452104432794],[-79.62382659798858,43.63579760874611],[-79.6245003308584,43.637369653872156],[-79.62472490878112,43.637369653872156],[-79.62539864165095,43.637369653872156],[-79.62600234365785,43.63845632606333],[-79.62674610918722,43.637818809126955],[-79.6294410433615,43.63961543167744],[-79.6297052522596,43.63994569510292],[-79.63029852213111,43.640687281404695],[-79.63101308702386,43.63961543167744],[-79.63213597573913,43.63961543167744],[-79.63303428742998,43.638717119966046],[-79.63393259912084,43.63894169817788],[-79.63483090991339,43.640513742960096],[-79.63501057027526,43.640513742960096],[-79.6352800648605,43.640513742960096],[-79.63550464278322,43.640513742960096],[-79.6365312851006,43.639487107734666],[-79.63640295357575,43.638717119966046],[-79.6371515484481,43.638866839517306],[-79.63724512145967,43.63877326524782],[-79.63730126616491,43.638717119966046],[-79.63782528401288,43.638717119966046],[-79.63932246567272,43.637594231269134],[-79.63999619944087,43.63826796492505],[-79.63909788775003,43.638492542865265],[-79.63867368530653,43.639340948426565],[-79.6386936476688,43.63939085403352],[-79.6388733098273,43.63939085403352],[-79.64022077736358,43.64096289811551],[-79.63842712740546,43.64295584627997],[-79.63932246567272,43.64410698704282],[-79.6406699323107,43.64343325385531],[-79.64246655479411,43.64141205381358],[-79.64381402233039,43.64141205381358],[-79.6442631772775,43.64073832095753],[-79.64403859935479,43.639840009131994],[-79.64605979886258,43.64141205381358],[-79.64718268757785,43.64163663170359],[-79.64682335876924,43.64235529169226],[-79.64675392528599,43.64249415827725],[-79.64784400213719,43.64186120875414],[-79.64787362049043,43.64184401083592],[-79.64848343463453,43.64148992115097],[-79.64853015511413,43.64141205381358],[-79.64920388888228,43.64103775936528],[-79.64920388888228,43.640343414849866],[-79.64695811055346,43.638717119966046],[-79.6462843767853,43.637818809126955],[-79.64650895470803,43.637145076286004],[-79.6476318443216,43.63669591989587],[-79.64897931095956,43.637818809126955],[-79.65077593344296,43.637145076286004],[-79.65144966721111,43.637369653872156],[-79.65189882215823,43.638492542865265],[-79.65126054938591,43.639343574867404],[-79.65144966721111,43.63939085403352],[-79.65179040448659,43.639693734963586],[-79.65189882215823,43.639790107148634],[-79.65189882215823,43.63961543167744],[-79.65234797800365,43.639166276200385],[-79.65234797800365,43.638717119966046],[-79.65234797800365,43.63804338679558],[-79.65347086671892,43.638492542865265],[-79.65382377347153,43.63813963810451],[-79.65436917840977,43.637594231269134],[-79.65549206712502,43.63804338679558],[-79.65616579999487,43.637594231269134],[-79.65625644988849,43.63723163296664],[-79.6542057577916,43.63571590140704],[-79.65392002166602,43.63557303113591],[-79.65122508928839,43.63341712659621],[-79.65111274687727,43.63332725308387],[-79.64830557719141,43.63108147498059],[-79.64815977612922,43.63111792574738],[-79.64740726639887,43.63130605312131],[-79.64808100016701,43.6322043637942],[-79.64802484827524,43.6323728216392],[-79.64785642224432,43.63287809806516],[-79.64853015511413,43.63355183128489],[-79.64830557719141,43.63445014219819],[-79.6476318443216,43.63489929782054],[-79.64740726639887,43.63489929782054],[-79.64570519878565,43.633575470225466],[-79.64554154370718,43.63344818146221],[-79.64538606599277,43.63332725308387],[-79.6442631772775,43.63332725308387],[-79.6437434399019,43.63355824847996],[-79.64224197687139,43.63422556475348],[-79.64134366607885,43.63400098711973],[-79.64089451023342,43.63332725308387],[-79.64134366607885,43.6322043637942],[-79.64291570974122,43.63153063107301],[-79.64291570974122,43.63108147498059],[-79.64275238164952,43.6308773181581],[-79.64201736750763,43.62995855738475],[-79.6415981857483,43.62943457765207],[-79.64111908815613,43.62883569683575],[-79.64156824400155,43.62816196406514],[-79.64246655479411,43.627937385880486],[-79.64299736660054,43.62838654206096],[-79.64392633599542,43.62917259842693],[-79.64538606599277,43.630407742025454],[-79.6462843767853,43.62995858599401],[-79.6462843767853,43.62965932515031],[-79.6462843767853,43.629509431157544],[-79.64471233312292,43.62838654206096],[-79.64464793020528,43.62838654206096],[-79.64448775520022,43.62838654206096],[-79.64443169313996,43.62821835654274],[-79.64438155816397,43.6280679517761],[-79.6442631772775,43.627712808157185],[-79.6445697570126,43.62725294009277],[-79.64093383129003,43.62450142724523],[-79.64111908815613,43.62524245309439],[-79.64096231237612,43.625477617162986],[-79.64094376216549,43.62550544239444],[-79.6406699323107,43.6259161860759],[-79.63999619944087,43.62614076400917],[-79.63909788775003,43.62569160795391],[-79.63681126392353,43.623894985937234],[-79.63595379862865,43.62322125306266],[-79.63298653568441,43.62567250730758],[-79.63193427521175,43.62654175483821],[-79.63078850999948,43.62748823089532],[-79.63078850999948,43.627712808157185],[-79.62996763757766,43.62730237261106],[-79.6298901983086,43.62726365279437],[-79.6296656212842,43.6259161860759],[-79.63191139781641,43.624198844948594],[-79.63348344327541,43.62299667527728],[-79.63303428742998,43.62232294078915],[-79.63316261805653,43.621873790023564],[-79.63344889317126,43.62087182447297],[-79.63348344327541,43.620750896803294],[-79.63183653761052,43.61869226741186],[-79.63172587864223,43.61855394152755],[-79.63170873429505,43.61853251041682],[-79.631686820792,43.61850511898274],[-79.63164938529917,43.61850511898274],[-79.63161195878949,43.61850511898274],[-79.63146223658109,43.618505116381414],[-79.6298901983086,43.6178313861882],[-79.6296335361572,43.617574726289064],[-79.62889029344731,43.61683148382552],[-79.62885424405496,43.61687512442271],[-79.62472490878112,43.62187378612175],[-79.62494948670384,43.62187378612175],[-79.62764441997977,43.623894985937234],[-79.6278689979025,43.623894985937234],[-79.62854273167065,43.62524245309439],[-79.62741984295538,43.62614076400917],[-79.62629695424012,43.62524245309439],[-79.62562321957367,43.62524245309439],[-79.62539864165095,43.62524245309439],[-79.62472490878112,43.624119564268554],[-79.6245003308584,43.624119564268554],[-79.62270370927331,43.623445830009146],[-79.62168978979528,43.62440641041524],[-79.62172373712987,43.624425809287764],[-79.62273916847252,43.62500605650541],[-79.62306039164508,43.62518961150809],[-79.62315286511874,43.62524245309439],[-79.62382659798858,43.62658991995957],[-79.62539864165095,43.62681449667626],[-79.62494948670384,43.627937385880486],[-79.62337744214315,43.62681449667626]],[[-79.61972804887783,43.618055963107714],[-79.6195494090021,43.617913052156794],[-79.61933504222922,43.618055963107714],[-79.61843673143669,43.61715765169768],[-79.61731384182312,43.617382229832856],[-79.61686468597769,43.61828054113948],[-79.61798757469295,43.61917885203207],[-79.61798757469295,43.619328576688126],[-79.61843673143669,43.619628013175884],[-79.61911046430652,43.62007716316045],[-79.62023335302176,43.61917885203207],[-79.62000877509905,43.61828054113948],[-79.61972804887783,43.618055963107714]],[[-79.64134366607885,43.61693307402451],[-79.64224197687139,43.617382229832856],[-79.6442631772775,43.61558560793112],[-79.6445036113633,43.615654303462854],[-79.64650895470803,43.614013562739785],[-79.64650895470803,43.61266609626576],[-79.64583522183818,43.61221694100286],[-79.64516148807006,43.61244151872846],[-79.64471233671618,43.61289067621647],[-79.64246655479411,43.61513645171012],[-79.64220542801574,43.61500588894585],[-79.64134366607885,43.61581018478357],[-79.64134366607885,43.61693307402451]],[[-79.66065735485589,43.61356440778472],[-79.66144337713622,43.61395741904165],[-79.6622294012132,43.61356440713431],[-79.6622294012132,43.61266609626576],[-79.66242590588497,43.612420467224204],[-79.66155566744506,43.61176778498707],[-79.66065735575421,43.61221694100286],[-79.66065735485589,43.61356440778472]],[[-79.67817442384447,43.6095220072765],[-79.67800599062701,43.60901670819089],[-79.67799975542063,43.60899800161546],[-79.67786002068155,43.60889320305758],[-79.6778856801593,43.608944521331495],[-79.67817442384447,43.6095220072765],[-79.6750303347231,43.61176778498707],[-79.67413202393055,43.61311525207658],[-79.67278455729257,43.6137889850312],[-79.67188624560171,43.61536103023998],[-79.67076335688647,43.61513645171012],[-79.6696404681712,43.61581018478357],[-79.66896673440306,43.61536103023998],[-79.66829300063492,43.61558560793112],[-79.66823311354818,43.6155107494443],[-79.66747635388822,43.61456479957581],[-79.66739468984237,43.61446271889283],[-79.66732558963409,43.61451454491227],[-79.66649637904983,43.61513645171012],[-79.66622688536292,43.615028654576385],[-79.66553389890161,43.61475146013036],[-79.66537349033457,43.61468729603653],[-79.66532857546869,43.61459746671054],[-79.66522635347758,43.61439302301773],[-79.66514891241188,43.61423814091045],[-79.66520649621822,43.61441089412951],[-79.66524872422308,43.61453757803392],[-79.66537349033457,43.614911874292716],[-79.67053877896375,43.61850511898274],[-79.67053877896375,43.61917885203207],[-79.67065106747594,43.619628009273924],[-79.67076335688647,43.62007716316045],[-79.67020191432547,43.62049824619001],[-79.66986504609392,43.620750896803294],[-79.66986504609392,43.62164920785489],[-79.67008962311832,43.62164920785489],[-79.67053877896375,43.622098364200035],[-79.67076335688647,43.62299667527728],[-79.66986504609392,43.623894985937234],[-79.6696404681712,43.623894985937234],[-79.66829300063492,43.62322125306266],[-79.6691913123258,43.62479329682967],[-79.66851757855764,43.62546703094364],[-79.66865941984605,43.625750711716385],[-79.66874215737866,43.6259161860759],[-79.66829300063492,43.62658991995957],[-79.6681619975204,43.62664606421738],[-79.66672095697255,43.62726365279437],[-79.66678750057554,43.62728028852701],[-79.66761926776509,43.62748823089532],[-79.66784384478949,43.62748823089532],[-79.6691384752174,43.62656349651327],[-79.6694158902485,43.62636534175363],[-79.67031420104104,43.62658991995957],[-79.67076335688647,43.62726365279437],[-79.67031420104104,43.62816196406514],[-79.66896673440306,43.62906027491515],[-79.67008962311832,43.629509431157544],[-79.67053877896375,43.630407742025454],[-79.67008962311832,43.63108147498059],[-79.6696404681712,43.63124990866479],[-79.66986504609392,43.63130605312131],[-79.67278455729257,43.63018316377912],[-79.67390744600783,43.62883569683575],[-79.67458117887767,43.62906027491515],[-79.67458117887767,43.629284855406546],[-79.67480575680038,43.62906027491515],[-79.67458117887767,43.62816196406514],[-79.67390744600783,43.62861111986792],[-79.6730091352153,43.62816196406514],[-79.67278455729257,43.62726365279437],[-79.67308399362454,43.626814499927434],[-79.673233713138,43.62658991995957],[-79.67255997936986,43.6259161860759],[-79.67278455729257,43.625017875056386],[-79.67345829016242,43.62456871906449],[-79.67432452031953,43.62514620778892],[-79.67480575680038,43.62546703094364],[-79.67592864641395,43.625017875056386],[-79.67660237928379,43.6259161860759],[-79.67772526799905,43.62614076400917],[-79.67784776586444,43.62577327234969],[-79.67817442384447,43.62479329682967],[-79.6785443168408,43.62470082365737],[-79.67907273463702,43.62456871906449],[-79.67936147742384,43.62476121462183],[-79.67974646930347,43.625017875056386],[-79.68142021123917,43.62367888640018],[-79.68199224583569,43.62322125306266],[-79.6822168237584,43.62254751914047],[-79.68244140168109,43.62254751914047],[-79.68446260208722,43.62254751914047],[-79.68378886921738,43.62164920785489],[-79.68446260208722,43.620750896803294],[-79.68446260208722,43.61962800797333],[-79.68513633585536,43.61917885203207],[-79.68581006872519,43.619403429771786],[-79.68603464664791,43.619403429771786],[-79.68693295833876,43.61850511898274],[-79.68670838041606,43.61715765169768],[-79.6876066912086,43.61648391876319],[-79.6876066912086,43.61603476274836],[-79.6866634619569,43.61536103023998],[-79.68648380159502,43.61536103023998],[-79.6852399807779,43.614428166887656],[-79.6843128843704,43.614163282047016],[-79.68423802506283,43.61423814156084],[-79.68356429129467,43.614911874292716],[-79.68333971337195,43.614911874292716],[-79.68266597960381,43.614013562739785],[-79.68244140168109,43.614013562739785],[-79.68266597960381,43.61333982969953],[-79.68244140168109,43.61333982969953],[-79.68199224583569,43.61333982969953],[-79.68136842066808,43.61271600386113],[-79.68131851296585,43.61266609626576],[-79.6804202021733,43.61311525207658],[-79.6801507093847,43.61302542105268],[-79.67974646930347,43.612890674265316],[-79.67894898901167,43.611495088057566],[-79.6788481567143,43.61131863016974],[-79.67817442384447,43.61154320669692],[-79.67750069097464,43.61064489620724],[-79.67727611305193,43.61064489620724],[-79.67817442384447,43.6095220072765]],[[-79.71231024923249,43.61086947394933],[-79.71208567130977,43.61176778498707],[-79.71231024923249,43.61176778498707],[-79.71320856002501,43.61176778498707],[-79.71365771497213,43.61221694100286],[-79.71455602666299,43.611992363089094],[-79.71545433835384,43.612890674265316],[-79.71522976043113,43.6137889850312],[-79.71388229289485,43.61468729603653],[-79.71410687081756,43.61558560793112],[-79.71388229379315,43.61603476274836],[-79.71365771497213,43.61648391876319],[-79.7141507014169,43.616730411786854],[-79.71455602666299,43.61693307402451],[-79.71478060368737,43.61693307402451],[-79.7150051816101,43.61693307402451],[-79.71360446643534,43.617569771313406],[-79.71324067569473,43.61773513161935],[-79.71320856002501,43.61774972986383],[-79.71320856002501,43.6178313861882],[-79.71359118933545,43.61766502851984],[-79.71364542512072,43.61764144835617],[-79.71680136661395,43.616269304671526],[-79.7183738486542,43.61558560793112],[-79.7185198042266,43.6156342598492],[-79.71904758242232,43.61581018478357],[-79.71927216034504,43.61581018478357],[-79.71970043036012,43.61645258978672],[-79.71972131619047,43.61648391876319],[-79.71964634908507,43.61660886445393],[-79.7191031818502,43.61751414275716],[-79.72358795802411,43.615859098616276],[-79.73091048882435,43.61315672306022],[-79.73109520490463,43.61308855214423],[-79.73095084923173,43.612958633377005],[-79.7306258064226,43.61266609626576],[-79.7294397679395,43.611598654759796],[-79.729378160579,43.61154320669692],[-79.7295695475486,43.611313545246524],[-79.73050105019256,43.61019574080907],[-79.72982731732276,43.61019574080907],[-79.72915358265628,43.60929742905604],[-79.72690780522578,43.6097465853088],[-79.72543045118086,43.60858582000271],[-79.72376371610439,43.607276228967194],[-79.72346895101191,43.607423611703005],[-79.7233145611573,43.607500806928854],[-79.72219167244202,43.60660249590548],[-79.72151793777554,43.606827073780714],[-79.72110960766484,43.606500410813986],[-79.72059920917492,43.60609209148202],[-79.72044851948095,43.60597153868157],[-79.72039504906031,43.60592876180233],[-79.72020255446795,43.605992926784516],[-79.71987679300659,43.60610151417202],[-79.71972131619047,43.606153340241505],[-79.71978256512317,43.606337086796266],[-79.71994589411318,43.606827073780714],[-79.71949673826775,43.607500806928854],[-79.71904758242232,43.607500806928854],[-79.71889786470551,43.607500806928854],[-79.71814927073147,43.607500806928854],[-79.71792469280875,43.607500806928854],[-79.71747553786163,43.606377917842266],[-79.71904758242232,43.60390756170279],[-79.71779775546922,43.6029701955015],[-79.71761027976437,43.602829587913014],[-79.71725095993892,43.60256009583839],[-79.71712262661744,43.60256009583839],[-79.71702638021956,43.60256009713939],[-79.71695728180792,43.602611921706405],[-79.71632058917221,43.60308944160521],[-79.71612807122368,43.603233829290666],[-79.71590349330096,43.603233829290666],[-79.71455602666299,43.60503045071933],[-79.71320856002501,43.60503045071933],[-79.71298398210229,43.60503045071933],[-79.71231024923249,43.605479606961964],[-79.71186112752301,43.60592873448258],[-79.71186109518366,43.6059287631033],[-79.71096278439111,43.60682707508166],[-79.71096278169617,43.60794996293858],[-79.71163651456601,43.60772538470248],[-79.71216053061733,43.608249402100896],[-79.71253482625686,43.60862369586795],[-79.71186109338703,43.6097465853088],[-79.71231024923249,43.61086947394933]],[[-79.69057502494462,43.60850652589002],[-79.6911999361754,43.60772538470248],[-79.69181342173407,43.607878756327146],[-79.69299655776047,43.606827073780714],[-79.6933173856743,43.606746867353586],[-79.69405034267419,43.606136076164766],[-79.69411944737406,43.60592876180233],[-79.69437612479682,43.605864592848846],[-79.69456860860936,43.60570418837896],[-79.69546691041877,43.604955600559926],[-79.69569149193474,43.60458129567643],[-79.69581354513409,43.60466673423375],[-79.69591606985745,43.60458129567643],[-79.69614064688186,43.60368298528731],[-79.69569149193474,43.603009251010576],[-79.69501775906491,43.60278467319313],[-79.69299655776047,43.6041321398819],[-79.6914245140981,43.603009251010576],[-79.69075078032998,43.60345840673243],[-79.69052620330557,43.60435671787311],[-79.68940331369198,43.60390756170279],[-79.68918322644738,43.60406476794727],[-79.6896278907164,43.60480587394234],[-79.69164909202082,43.605479606961964],[-79.69007704656183,43.607500806928854],[-79.6898524686391,43.607500806928854],[-79.69007704656183,43.6081745396857],[-79.69057502494462,43.60850652589002]],[[-79.65605351327929,43.60738851707711],[-79.65683953376299,43.60660249590548],[-79.65773784455553,43.607051650817475],[-79.65796242337657,43.607051650817475],[-79.65841157832368,43.60660249590548],[-79.65975904496166,43.606827073780714],[-79.6608819336769,43.605479606961964],[-79.65930988911622,43.60480587394234],[-79.65930988911622,43.60368298528731],[-79.65998362288437,43.603233829290666],[-79.66178024536777,43.60368298528731],[-79.66200482329049,43.60368298528731],[-79.66200482329049,43.603233829290666],[-79.66110651159963,43.603009251010576],[-79.66065735575421,43.60233551829579],[-79.66110651159963,43.601212629066744],[-79.65975904496166,43.600089739696976],[-79.65998362288437,43.59919142924559],[-79.66065735575421,43.59874227289367],[-79.6608819336769,43.59896685083822],[-79.66110651159963,43.59896685083822],[-79.66170538875515,43.59791882019823],[-79.66200482329049,43.5973948058396],[-79.66200482329049,43.596945651039206],[-79.66110651159963,43.59672107270705],[-79.66043277783149,43.59582276205656],[-79.66065735575421,43.59492445100745],[-79.66133108862402,43.59447529468304],[-79.66344853273306,43.59582276205656],[-79.66357686695285,43.59590442863475],[-79.66357686695285,43.59582276205656],[-79.664250600721,43.595373605931215],[-79.66395116259241,43.59462501383035],[-79.66384636063978,43.59436300654196],[-79.66380144487557,43.59425071689013],[-79.6640509735053,43.59385147488106],[-79.66492433359083,43.59245409495462],[-79.66380144487557,43.591555783717425],[-79.66469975566812,43.58998373899516],[-79.66447517864373,43.58998373899516],[-79.66383352730763,43.589470419215964],[-79.66335228992845,43.58908542797257],[-79.66312771200573,43.58908542797257],[-79.66292808568836,43.58873608569478],[-79.66255605829491,43.58808503795551],[-79.66245397823761,43.58818711720664],[-79.66212958580871,43.588268215058065],[-79.66194867858523,43.5883134418702],[-79.6618925356766,43.5883274772769],[-79.66155566744506,43.58841169485368],[-79.66099422308741,43.58855205570157],[-79.66065735575421,43.58863627231348],[-79.66054869014752,43.588766672394975],[-79.65953446703894,43.58998373899516],[-79.65818700040099,43.58998373899516],[-79.65796242337657,43.58998373899516],[-79.65751326663283,43.59088205027379],[-79.65773784455553,43.59088205027379],[-79.65818700040099,43.591555783717425],[-79.65796242337657,43.59200493906022],[-79.65661495584027,43.591555783717425],[-79.65573025272765,43.59199813486445],[-79.65571664504773,43.59200493906022],[-79.65567241649474,43.5919709174232],[-79.65561209642003,43.5919245183361],[-79.6553358375207,43.591712014419144],[-79.65525163663249,43.59164724539019],[-79.65474348662572,43.591256364261994],[-79.65393961302406,43.5906380011587],[-79.65321660396764,43.590081835700595],[-79.65312764021178,43.590013401148816],[-79.65279713295077,43.589759160707146],[-79.65234797800365,43.58863627231348],[-79.65176407935718,43.58863627231348],[-79.65122508928839,43.58863627231348],[-79.65068610191454,43.58931000812378],[-79.65032677759753,43.589759160707146],[-79.65055135462194,43.590432895009144],[-79.65191654142721,43.591301654542285],[-79.65203357214578,43.59137612870953],[-79.65210138147502,43.591419280287425],[-79.65274720638389,43.591830256803455],[-79.65274729801206,43.59183032511887],[-79.65302171087347,43.59200493906022],[-79.6531442213153,43.59214786928333],[-79.6538608469433,43.59298393561533],[-79.65413853326564,43.59330790103993],[-79.65415184270488,43.59332342842463],[-79.65425302265028,43.59344147050955],[-79.65436917840977,43.59357698368778],[-79.65055135462194,43.59717022918379],[-79.65020743102215,43.596998266978076],[-79.65015925527177,43.596974179075566],[-79.6501021996748,43.596945651039206],[-79.65122508928839,43.59600991145861],[-79.65144966721111,43.59582276205656],[-79.65162127417646,43.59513633072806],[-79.65162694703749,43.595113640843344],[-79.65163167037926,43.59509474777991],[-79.65167424423551,43.59492445100745],[-79.65077593344296,43.59402613890978],[-79.65043918378902,43.59413838929413],[-79.6501021996748,43.59425071689013],[-79.64987762534538,43.594475296634805],[-79.64871734425641,43.595635608168976],[-79.646508971776,43.597843970298435],[-79.64718268757785,43.59806853988578],[-79.64744689647594,43.59872906285947],[-79.6475493789785,43.598985267137074],[-79.64756794625713,43.59903168485046],[-79.64762605917115,43.599176965712566],[-79.6476318443216,43.59919142924559],[-79.64611431582055,43.60058250913606],[-79.64493691104565,43.60166178389059],[-79.64538606599277,43.60256009583839],[-79.64538030689347,43.60257737265055],[-79.64561064391549,43.60278467319313],[-79.64673353263072,43.603233829290666],[-79.646558858817,43.60340850381467],[-79.6462843767853,43.60368298528731],[-79.64493691104565,43.60345840673243],[-79.64403859935479,43.60458129567643],[-79.64381402233039,43.60458129567643],[-79.64358944440768,43.605479606961964],[-79.64403859935479,43.606153340241505],[-79.64381402233039,43.606153340241505],[-79.6436792759361,43.60669232936774],[-79.64403859935479,43.607051650817475],[-79.6442631772775,43.607051650817475],[-79.64538606599277,43.606153340241505],[-79.64650895470803,43.60660249590548],[-79.64538606599277,43.60525502925985],[-79.64516148807006,43.60525502925985],[-79.64538606599277,43.60435671787311],[-79.64605979886258,43.60390756170279],[-79.6462843767853,43.60390756170279],[-79.6476318443216,43.60503045071933],[-79.64830557719141,43.60503045071933],[-79.64875473303684,43.60503045071933],[-79.64885838424759,43.605168652897284],[-79.64920388888228,43.60562932669882],[-79.64942846590668,43.60592876180233],[-79.65032677759753,43.605479606961964],[-79.65055135462194,43.605479606961964],[-79.65122508928839,43.60592876180233],[-79.65189882215823,43.60503045071933],[-79.65279713295077,43.605479606961964],[-79.65324630586419,43.605255020153166],[-79.65369544374332,43.60503045071933],[-79.65436917840977,43.60525502925985],[-79.65459375633246,43.60525502925985],[-79.65481833335687,43.60592876180233],[-79.6550429112796,43.60592876180233],[-79.65488438378478,43.60616655449983],[-79.65462273328859,43.606559030633875],[-79.65594122207214,43.607500806928854],[-79.65605351327929,43.60738851707711]],[[-79.62993832375332,43.607083734669665],[-79.63222095367006,43.606475032291065],[-79.63258513158456,43.60592876180233],[-79.63236055366184,43.60592876180233],[-79.63123766404826,43.60547960761245],[-79.63011477623132,43.60503045071933],[-79.6298901983086,43.60435671787311],[-79.63078850999948,43.603009251010576],[-79.63101308702386,43.603009251010576],[-79.63191139781641,43.603009251010576],[-79.63209438733473,43.60355822024976],[-79.63227932170564,43.60365909455896],[-79.63348344327541,43.60345840673243],[-79.63460633199068,43.60458129567643],[-79.63617837655134,43.60233551829579],[-79.63707668824222,43.60233551829579],[-79.63730126616491,43.60233551829579],[-79.63775042111203,43.603009251010576],[-79.63730126616491,43.60480587394234],[-79.63662754048163,43.60536731398762],[-79.6360574507377,43.606032414194345],[-79.63640295357575,43.606377917842266],[-79.63678921746984,43.60657104990147],[-79.6368521103195,43.60660249590548],[-79.6377846909418,43.60562940410523],[-79.63878445746255,43.604586190576754],[-79.64201739894867,43.601212629066744],[-79.64179282102594,43.60098805104785],[-79.64156824400155,43.60098805104785],[-79.64089451023342,43.60188636199665],[-79.63932246567272,43.601212629066744],[-79.6389915101524,43.60055071975866],[-79.63890325337066,43.60037420569363],[-79.63775042111203,43.600538895097394],[-79.63662753239679,43.59964058419613],[-79.63640295357575,43.60076347284124],[-79.63572922070593,43.601212629066744],[-79.63415717614524,43.600089739696976],[-79.63325886535269,43.600538895097394],[-79.63303428742998,43.600538895097394],[-79.63258513158456,43.6003143178163],[-79.63280971040558,43.60098805104785],[-79.63236055366184,43.60166178389059],[-79.63213597573913,43.60166178389059],[-79.63123766494657,43.60166178389059],[-79.63078850999948,43.60278467319313],[-79.6298901983086,43.60278467319313],[-79.63011477623132,43.60345840673243],[-79.6296656212842,43.6041321398819],[-79.62854273167065,43.6041321398819],[-79.627981287313,43.604693585564696],[-79.62809357582522,43.60503045071933],[-79.62831815374793,43.60503045071933],[-79.62809357582522,43.60570418512657],[-79.62697068710995,43.606153340241505],[-79.62652153126452,43.607051650817475],[-79.62697068710995,43.607051650817475],[-79.6296656212842,43.607051650817475],[-79.6298901983086,43.607051650817475],[-79.62993832375332,43.607083734669665]],[[-79.62539864165095,43.60525502925985],[-79.62652153126452,43.6041321398819],[-79.62674610918722,43.6041321398819],[-79.62685839680113,43.60416021177011],[-79.62619215049087,43.602994281003575],[-79.62607237631741,43.603233829290666],[-79.62472490878112,43.60368298528731],[-79.62466504055901,43.60368298528731],[-79.6245003308584,43.60383740280404],[-79.6245003308584,43.60503045071933],[-79.62539864165095,43.60525502925985]],[[-79.6220299764035,43.60239968515919],[-79.6220299764035,43.60233551829579],[-79.62180539758246,43.60233551829579],[-79.62170174637173,43.60242189547376],[-79.62158081965975,43.60278467319313],[-79.6220299764035,43.60239968515919]],[[-79.57576695037542,43.60076347284124],[-79.57679357023495,43.60016461672762],[-79.57846188365137,43.59919142924559],[-79.57868646067577,43.59919142924559],[-79.57958477326494,43.59806853988578],[-79.57980935028934,43.59806853988578],[-79.58048308405748,43.59761938425949],[-79.5807076619802,43.59761938425949],[-79.58138139485003,43.59806853988578],[-79.58160597277273,43.59717022918379],[-79.58183054979715,43.59717022918379],[-79.58227970564256,43.59672107270705],[-79.58452548397139,43.59806853988578],[-79.58654668437751,43.596047339837895],[-79.58744499517007,43.59582276205656],[-79.58834330596261,43.596945651039206],[-79.58699584022294,43.598517694761505],[-79.58766957309277,43.59874227289367],[-79.58834330596261,43.599865162040416],[-79.58879248965582,43.59968548890299],[-79.58946619467787,43.59941600616419],[-79.59058908429144,43.600538895097394],[-79.59216112885211,43.59919142924559],[-79.59296960811625,43.59910159824344],[-79.59337385089242,43.59905668204155],[-79.59418232925823,43.59896685083822],[-79.5953052179735,43.59784396184119],[-79.59508064005078,43.596945651039206],[-79.5955297958962,43.59627191678109],[-79.5968772634325,43.59627191678109],[-79.5968772634325,43.596047339837895],[-79.59822472917216,43.59425071689013],[-79.59957219581011,43.593801562043126],[-79.59934761788742,43.59290325009935],[-79.59960427734387,43.59251826194651],[-79.59979677373283,43.59222951677583],[-79.60002135165557,43.59222951677583],[-79.6002459547311,43.592117215335705],[-79.60047050660268,43.59200493906022],[-79.60114424126913,43.59245409495462],[-79.60095001202997,43.5916771780345],[-79.6009196633464,43.591555783717425],[-79.6006950854237,43.591555783717425],[-79.60002135165557,43.59178036115723],[-79.59979677373283,43.59178036115723],[-79.59927276037646,43.59163064339089],[-79.59822472917216,43.59133120609026],[-79.59779696131532,43.59197285822698],[-79.59822472917216,43.59222951677583],[-79.59824718705427,43.59231934827804],[-79.59844930709485,43.59245409495462],[-79.59867388501758,43.593352405795535],[-79.59777557422504,43.59425071689013],[-79.59755099630233,43.59425071689013],[-79.59718821886136,43.594043418172475],[-79.59676494797084,43.593801551633454],[-79.59620352876603,43.59357698368778],[-79.59595852944196,43.59339323719642],[-79.59566454498545,43.59317275094592],[-79.59475623235053,43.59265371149157],[-79.59440690718095,43.59245409495462],[-79.59431066527469,43.59234181475331],[-79.59386791711216,43.59182527823625],[-79.5935085963884,43.591555783717425],[-79.59330443088389,43.591555783717425],[-79.59216112885211,43.591555783717425],[-79.59154864401668,43.590534976784845],[-79.59126281805959,43.59110662827568],[-79.59110240589929,43.591202876013156],[-79.59103824013687,43.59133120609026],[-79.59078158247704,43.591395370375594],[-79.59029076366706,43.59168986065913],[-79.59099094473547,43.59231224873738],[-79.59193655092939,43.59290325009935],[-79.59205475035617,43.593257847870504],[-79.59216112885211,43.593352405795535],[-79.59210828725216,43.593418458586505],[-79.59216112885211,43.59357698368778],[-79.5917119730067,43.59425071689013],[-79.59148739598231,43.59425071689013],[-79.59142614884622,43.59427113261463],[-79.59126281805959,43.59447529468304],[-79.5909820954316,43.59441915031337],[-79.59081366221415,43.59447529468304],[-79.59058908429144,43.59447529468304],[-79.59031958701125,43.59428664869068],[-79.59013992934432,43.59425071689013],[-79.58834330596261,43.59290325009935],[-79.58744499517007,43.59402613890978],[-79.58648811152605,43.59457293190524],[-79.58609752943039,43.59492445100745],[-79.58594130072439,43.594885394153685],[-79.58587295060937,43.59492445100745],[-79.58573820331675,43.5948346201409],[-79.58519921684123,43.594699872939],[-79.58475006189411,43.59402613890978],[-79.5843009060487,43.594699872939],[-79.58317801733344,43.59492445100745],[-79.58183054979715,43.593127827715904],[-79.5807076619802,43.593801562043126],[-79.58003392821206,43.59290325009935],[-79.5791356174195,43.593127827715904],[-79.57823730572865,43.59267867294602],[-79.57621610622085,43.59447529468304],[-79.57464406076184,43.59447529468304],[-79.57441948283915,43.59447529468304],[-79.57352117204658,43.595373605931215],[-79.57217370540863,43.59514902823784],[-79.57105081579503,43.59627191678109],[-79.5711168698162,43.596382006974956],[-79.57172454956319,43.5973948058396],[-79.57127539371776,43.59874227289367],[-79.57211755621178,43.599865162040416],[-79.57352117204658,43.599865162040416],[-79.5737457499693,43.599865162040416],[-79.57441948283915,43.6003143178163],[-79.57441948283915,43.60143720689782],[-79.57486863868456,43.60166178389059],[-79.57486863868456,43.60143720689782],[-79.57554237155439,43.60076347284124],[-79.57576695037542,43.60076347284124]],[[-79.61125024060475,43.59133120609026],[-79.61125024060475,43.59245409495462],[-79.61057650773495,43.593352405795535],[-79.61102566358036,43.59402613890978],[-79.61192397527122,43.59425071689013],[-79.61439433062445,43.59245409495462],[-79.61596637518514,43.593127827715904],[-79.61753841974584,43.59267867294602],[-79.61798757469295,43.59357698368778],[-79.61708926390041,43.594699872939],[-79.61731384182312,43.595373605931215],[-79.61843673143669,43.59582276205656],[-79.61978419807467,43.59447529468304],[-79.61978419807467,43.59627191678109],[-79.61933504222922,43.596047339837895],[-79.6186613093594,43.59672107270705],[-79.61686468597769,43.596945651039206],[-79.61684864476165,43.59696570283273],[-79.61708926390041,43.596945651039206],[-79.61776299677022,43.59784396184119],[-79.61798757469295,43.59784396184119],[-79.61776299677022,43.598517694761505],[-79.61671496736254,43.59881713338591],[-79.61686468597769,43.59896685083822],[-79.61911046430652,43.598517694761505],[-79.62000877509905,43.59919142924559],[-79.62090708678991,43.59874227289367],[-79.62090708678991,43.59829311774271],[-79.62143109924799,43.59846778774549],[-79.62158081965975,43.598517694761505],[-79.62225455342788,43.59806853988578],[-79.6224791313506,43.5973948058396],[-79.62237548013985,43.597256604669575],[-79.62180539758246,43.59649649483787],[-79.6220299764035,43.594699872939],[-79.62285920046247,43.59449256666023],[-79.62292828719603,43.59447529468304],[-79.62312787129261,43.5943006605842],[-79.62444848908335,43.593145120248685],[-79.62472490878112,43.59290325009935],[-79.62475485412111,43.59294816894273],[-79.62484082199549,43.59307712118475],[-79.62517406462653,43.59357698368778],[-79.62674610918722,43.59425071689013],[-79.62792514350606,43.59425071689013],[-79.62831815374793,43.59425071689013],[-79.62746067407998,43.595394029732326],[-79.62721568553569,43.5957206788406],[-79.62697068710995,43.596047339837895],[-79.6278689979025,43.59717022918379],[-79.62876730869503,43.596945651039206],[-79.63056393207675,43.595373605931215],[-79.63236055366184,43.596047339837895],[-79.63303428742998,43.59514902823784],[-79.63415717614524,43.59559818408764],[-79.63483090991339,43.59492445100745],[-79.63522261400482,43.594846110218576],[-79.63505548783608,43.594699872939],[-79.63505548783608,43.594250718191354],[-79.63505548783608,43.59357698368778],[-79.63556589081759,43.593372822475345],[-79.63594018555882,43.593223104116376],[-79.63567307420404,43.59288921315723],[-79.63550464278322,43.59267867294602],[-79.63775042111203,43.59088205027379],[-79.63757466393008,43.590179024602236],[-79.63752584318932,43.58998373899516],[-79.63662753239679,43.589310006171836],[-79.63752584318932,43.58908542797257],[-79.63825572525599,43.58806359793984],[-79.63842415488018,43.58782779435169],[-79.6386487319046,43.587513383142],[-79.63848325414442,43.58685146954017],[-79.63842415488018,43.58661507168803],[-79.63662753239679,43.58526760507308],[-79.63775042111203,43.58504302805868],[-79.63842415488018,43.58616591711524],[-79.63866600740582,43.58623501778664],[-79.63999620033917,43.58661507168803],[-79.64134366607885,43.58504302805868],[-79.64322642801484,43.58525222331752],[-79.64336486558665,43.58526760507308],[-79.6442631772775,43.584369293940846],[-79.64336486558665,43.583246405208214],[-79.64297048541398,43.58320258534178],[-79.64134366607885,43.583021827811486],[-79.64134366607885,43.58279725022769],[-79.64134366607885,43.58182407991059],[-79.64134366607885,43.58180269232641],[-79.64134366607885,43.58167436080496],[-79.64113950326927,43.58155186349203],[-79.64022077736358,43.581000626729384],[-79.64053173189413,43.58058602190218],[-79.64075976383913,43.58028197832633],[-79.64089451023342,43.58010231569865],[-79.64102925662772,43.580147231731246],[-79.64109170570964,43.58016804789513],[-79.64143349670893,43.58028197832633],[-79.64156824400155,43.58032689422483],[-79.64224197687139,43.579877738287074],[-79.64242662827299,43.57895448371417],[-79.64246655479411,43.578754849076375],[-79.64327164471466,43.57811077898358],[-79.64358944440768,43.57785653772794],[-79.64336486558665,43.57695822729477],[-79.6427659920244,43.57665879119344],[-79.64246655479411,43.576509072258965],[-79.64111908815613,43.57763195974913],[-79.64022077736358,43.57718280518331],[-79.63932246567272,43.577407382885035],[-79.6388733098273,43.57830569377587],[-79.63932246567272,43.57897942677168],[-79.63909788864834,43.57920400558164],[-79.63797499903475,43.58032689422483],[-79.63595379862865,43.58055147191328],[-79.63483090991339,43.58122520515847],[-79.63370802119812,43.58077605006554],[-79.63393259912084,43.57853027184493],[-79.63572922070593,43.57763195974913],[-79.63595379862865,43.57695822729477],[-79.63797499903475,43.578081116170765],[-79.63909788775003,43.57718280518331],[-79.6386487319046,43.57605991582515],[-79.63752584318932,43.575610759945945],[-79.63842415488018,43.574487871210025],[-79.63819957695746,43.57381413807089],[-79.63707668824222,43.57336498171144],[-79.63595379862865,43.57381413807089],[-79.63415717614524,43.57583533830434],[-79.63348344327541,43.575386182702374],[-79.63258513158456,43.575610759945945],[-79.63191139781641,43.57695822729477],[-79.62953729065765,43.57814528221594],[-79.6296656212842,43.57830569377587],[-79.62921646543877,43.57897942677168],[-79.62831815464624,43.57920400558164],[-79.62831815374793,43.579877738287074],[-79.63078850999948,43.58032689422483],[-79.63101308702386,43.58032689422483],[-79.63078850999948,43.579428582903205],[-79.63191139781641,43.57853027184493],[-79.63258513158456,43.57897942677168],[-79.63303428742998,43.58055147191328],[-79.63572922070593,43.58167436080496],[-79.63578206230588,43.58180646526676],[-79.63617837655134,43.58279725022769],[-79.63595379862865,43.58279725022769],[-79.6352800648605,43.58369556074194],[-79.6345582092409,43.58337473728295],[-79.63325886535269,43.58279725022769],[-79.63123766494657,43.58392013887891],[-79.63033935415405,43.583021827811486],[-79.63056393207675,43.582348093848324],[-79.6278689979025,43.58212351570349],[-79.62607237631741,43.581449782749814],[-79.62607237631741,43.581898939323835],[-79.62360202006586,43.58414471617807],[-79.62382659798858,43.58414471617807],[-79.62517406462653,43.58526760507308],[-79.62629695424012,43.584369293940846],[-79.6278689979025,43.58526760507308],[-79.62921646543877,43.58414471617807],[-79.63033935415405,43.58459387216726],[-79.63056393207675,43.58526760507308],[-79.62899188661775,43.58683964999501],[-79.62921646543877,43.58728880604731],[-79.62899188661775,43.5877379607001],[-79.62876730869503,43.5877379607001],[-79.6296656212842,43.58886085023664],[-79.62921646543877,43.589759160707146],[-79.6278689979025,43.58998373899516],[-79.62629695424012,43.589310006171836],[-79.62472490878112,43.58998373899516],[-79.62382659798858,43.589759160707146],[-79.62315286511874,43.58818711720664],[-79.6245003308584,43.587064228114734],[-79.6224791313506,43.58571676114311],[-79.62023335302176,43.58661507168803],[-79.61821215261564,43.58863627231348],[-79.61602803105467,43.587407712346995],[-79.61686468597769,43.58841169485368],[-79.61596637518514,43.58841169485368],[-79.61506806439259,43.58841169485368],[-79.6151803529048,43.58886085023664],[-79.61529264231531,43.589310006171836],[-79.61484348557157,43.58998373899516],[-79.61416975270173,43.59020831709585],[-79.61329097128346,43.58950529266358],[-79.6130468639865,43.589310006171836],[-79.61293457547428,43.589310006171836],[-79.61259770814105,43.589759160707146],[-79.61275812030132,43.59056122542682],[-79.61282228606377,43.59088205027379],[-79.61125024060475,43.59133120609026]],[[-79.58779589418802,43.58724669909079],[-79.58609752943039,43.58616591711524],[-79.58766957309277,43.58728880604731],[-79.58779589418802,43.58724669909079]],[[-79.61457162841714,43.58667417156344],[-79.6149455557474,43.58679881414785],[-79.61461890764885,43.58661507168803],[-79.61457162841714,43.58667417156344]],[[-79.5935085963884,43.58616591711524],[-79.59463148510366,43.58481845020655],[-79.5955297958962,43.58526760507308],[-79.59570254821355,43.58595861527585],[-79.59597895084333,43.58526760507308],[-79.59665268461146,43.58571676114311],[-79.59710183955858,43.58549218320168],[-79.59732641837961,43.58549218320168],[-79.59777557422504,43.58459387216726],[-79.5988984629403,43.58459387216726],[-79.60002135165557,43.583246405208214],[-79.6006950854237,43.583246405208214],[-79.60181797413897,43.584369293940846],[-79.60271628493149,43.58459387216726],[-79.60305315226472,43.584257005164204],[-79.60316544077692,43.58392013887891],[-79.60339001869964,43.58383030785479],[-79.60339001869964,43.583246405208214],[-79.60406375156948,43.58257267180618],[-79.60410118257073,43.58259762572852],[-79.60541121910576,43.58347098306859],[-79.60541121910576,43.58414471617807],[-79.60586037405288,43.583246405208214],[-79.60653410782103,43.583021827811486],[-79.60473748533762,43.58122520515847],[-79.60451290831323,43.58122520515847],[-79.60473748533762,43.58055147191328],[-79.60541121910576,43.58032689422483],[-79.6051866393864,43.580102316349425],[-79.6042883303905,43.57920400493087],[-79.60451290831323,43.57853027184493],[-79.60473748533762,43.57853027184493],[-79.60601974776068,43.57810285063659],[-79.60608495197559,43.578081116170765],[-79.60675868574373,43.57695822729477],[-79.60820980269413,43.57592171577473],[-79.60833073030442,43.57583533830434],[-79.6078815753573,43.57493702700422],[-79.60765699743457,43.57493702700422],[-79.6081061523817,43.57403871597062],[-79.60945361901967,43.57403871597062],[-79.61057650773495,43.57403871597062],[-79.61102566358036,43.5735895599845],[-79.6116993973485,43.57403871597062],[-79.61192397527122,43.57403871597062],[-79.61147481942578,43.57269124902638],[-79.61237313021833,43.57179293768554],[-79.61394517477902,43.572242092752965],[-79.61574179726242,43.571568359871925],[-79.61664010895328,43.57246667130842],[-79.61641553103057,43.57336498171144],[-79.61798757469295,43.57246667130842],[-79.61911046430652,43.57269124902638],[-79.61798757469295,43.572017515963424],[-79.61798757469295,43.570894627264224],[-79.6220299764035,43.56887342717809],[-79.62292828719603,43.56932258188882],[-79.62292828719603,43.570445471259596],[-79.62364693313512,43.570894627264224],[-79.62382659798858,43.570894627264224],[-79.624275753834,43.57067004870431],[-79.62494948670384,43.56864884889217],[-79.62472490878112,43.56864884889217],[-79.6224791313506,43.56640307074852],[-79.6224791313506,43.565729336990145],[-79.6240511759113,43.56460644822238],[-79.624275753834,43.56325898180176],[-79.62448712113213,43.563325034416025],[-79.62530237638848,43.56357980373641],[-79.62612794250762,43.56383779406076],[-79.6278689979025,43.564381870951266],[-79.62876730869503,43.56348355870233],[-79.62854273167065,43.562585248029734],[-79.62721253963558,43.56210154369486],[-79.62607237631741,43.56168693698122],[-79.62584779839469,43.56168693698122],[-79.62580479424541,43.56151492352689],[-79.62562321957367,43.5607886262085],[-79.62494948670384,43.56033946970511],[-79.62472490878112,43.56033946970511],[-79.62472490878112,43.55899200419064],[-79.62382659798858,43.558542847964375],[-79.6224791313506,43.559665737134395],[-79.62180539758246,43.55921658072271],[-79.62158081965975,43.55921658072271],[-79.62090708678991,43.559441159021624],[-79.62045793094448,43.56033946970511],[-79.62090708678991,43.56101320385546],[-79.61955962464351,43.56236067298797],[-79.6186613093594,43.56325898180176],[-79.61862676105189,43.56318988535467],[-79.61843673143669,43.562809826139976],[-79.61955962015195,43.5607886262085],[-79.61911046430652,43.56011489280162],[-79.61821215261564,43.55989031506108],[-79.61776299677022,43.56033946970511],[-79.61753841974584,43.56033946970511],[-79.61708926390041,43.56168693698122],[-79.61529264231531,43.56213609320334],[-79.61461890764885,43.563034404063984],[-79.61439433062445,43.563034404063984],[-79.61214855319393,43.562585248029734],[-79.61057650773495,43.56370813671853],[-79.61035192981223,43.56370813671853],[-79.61012735278781,43.56415729284302],[-79.6099027748651,43.56460644822238],[-79.60765699743457,43.56415729284302],[-79.6078815753573,43.56348355870233],[-79.6074195852814,43.562867574605804],[-79.60730408798702,43.56271357857394],[-79.60724304476851,43.56263218722631],[-79.60675868574373,43.56325898180176],[-79.6046252318597,43.5652801821722],[-79.60391390898683,43.565954062850885],[-79.60249170790712,43.56730138176964],[-79.6022671299844,43.5684242710706],[-79.60316544077692,43.56887342717809],[-79.60316544077692,43.569526747220635],[-79.60316544077692,43.57022089297743],[-79.601909018393,43.570918907841886],[-79.60114424126913,43.571343781871775],[-79.60024592957828,43.57111920368502],[-79.60002135165557,43.570445471259596],[-79.59867388501758,43.570894627264224],[-79.59844930709485,43.571568359871925],[-79.59777557422504,43.57179293768554],[-79.59781444342907,43.5718577202674],[-79.59844930709485,43.57291582720862],[-79.59822472917216,43.5735895599845],[-79.59713486522169,43.574025505720556],[-79.59755099630233,43.57426329368369],[-79.59732641837961,43.57471244920046],[-79.59777557422504,43.575386182702374],[-79.599123040863,43.575610759945945],[-79.59934761788742,43.575610759945945],[-79.59800015214775,43.57718280518331],[-79.59844930709485,43.578081116170765],[-79.59979677373283,43.578081116170765],[-79.60039565088836,43.57733252244261],[-79.6006950854237,43.57695822729477],[-79.60089924733495,43.57708072484285],[-79.60151173037377,43.577448214690314],[-79.60181797413897,43.57763195974913],[-79.6017217268428,43.57772820885848],[-79.59979677373283,43.57965316068861],[-79.59867388501758,43.57965316068861],[-79.59777557242842,43.57897942807322],[-79.5968772634325,43.57830569377587],[-79.59657524354576,43.57840636768214],[-79.59665268461146,43.578754849076375],[-79.59575437381892,43.57965316068861],[-79.59544705746528,43.57949950301362],[-79.5953725916198,43.58016969168718],[-79.59575437381892,43.58055147191328],[-79.59565456200772,43.580950722105655],[-79.59620352876603,43.58122520515847],[-79.59642810668876,43.58122520515847],[-79.59710183955858,43.58077605006554],[-79.59777557422504,43.581449782749814],[-79.59620352876603,43.58279725022769],[-79.59485606302638,43.58212351570349],[-79.59482963998062,43.58213672743073],[-79.59492260034115,43.5822482802861],[-79.59575437381892,43.583246405208214],[-79.59485606302638,43.58414471617807],[-79.59410746815402,43.58377041912946],[-79.59395775133554,43.58369556074194],[-79.59391283557133,43.58371053294746],[-79.59440690718095,43.584369293940846],[-79.5935085963884,43.58616591711524]],[[-79.58951111313701,43.57848535786001],[-79.59013992934432,43.57785653772794],[-79.59058908429144,43.57785653772794],[-79.59463148510366,43.57381413807089],[-79.59440690718095,43.57291582720862],[-79.59413360104395,43.57273362324114],[-79.58901703973075,43.57718280518331],[-79.58901703973075,43.57830569377587],[-79.58924161765346,43.57830569377587],[-79.58951111313701,43.57848535786001]],[[-79.5953052179735,43.57461621804903],[-79.59497285569141,43.57523346235725],[-79.59508064005078,43.57516160527204],[-79.5953052179735,43.57516160527204],[-79.5953052179735,43.57461621804903]],[[-79.58566878869811,43.57101712478091],[-79.58542379476393,43.570894627264224],[-79.58475006189411,43.571568359871925],[-79.58566878869811,43.57101712478091]],[[-79.5836403829051,43.56699754774436],[-79.58475006189411,43.565729336990145],[-79.58452548397139,43.5652801821722],[-79.58385175110158,43.565729336990145],[-79.5836403829051,43.56699754774436]],[[-79.58183056596681,43.565504745679846],[-79.58284115808503,43.56460644822238],[-79.58272886238632,43.56460644822238],[-79.58183056596681,43.565504745679846]],[[-79.59732641837961,43.5652801821722],[-79.59844930709485,43.566178493015435],[-79.59934761788742,43.5655047599998],[-79.60058666775207,43.56525695054137],[-79.60024592957828,43.564831025958036],[-79.59934761788742,43.5655047599998],[-79.599123040863,43.5655047599998],[-79.59844930709485,43.565055604158275],[-79.59822472917216,43.565055604158275],[-79.59732641837961,43.5652801821722],[-79.59710183955858,43.5652801821722],[-79.59665268461146,43.563932715199385],[-79.59582922953324,43.563932715199385],[-79.5968772634325,43.5655047599998],[-79.59732641837961,43.5652801821722]],[[-79.57015250500251,43.5607886262085],[-79.5695349087531,43.560479827647676],[-79.5703770829252,43.561462359241816],[-79.57015250500251,43.5607886262085]],[[-79.57778814988323,43.56011489280162],[-79.58003392821206,43.558542847964375],[-79.58055794067012,43.55876742551957],[-79.58025850613477,43.55831827022313],[-79.58048308405748,43.55831827022313],[-79.58160597277273,43.55652164810584],[-79.5807076619802,43.555398758934096],[-79.5791356174195,43.555847913858635],[-79.57868646067577,43.55697080312376],[-79.57801272780593,43.55674622603329],[-79.57756357285882,43.557195381330175],[-79.57753148952845,43.55722746442079],[-79.57778814988323,43.55741995869965],[-79.5775635719605,43.55741995869965],[-79.57666526116797,43.558542847964375],[-79.57644068324527,43.559441159021624],[-79.5775635719605,43.56033946970511],[-79.5775635719605,43.56011489280162],[-79.57778814988323,43.56011489280162]],[[-79.56925419420996,43.56015232527304],[-79.56925419420996,43.55951602152341],[-79.56902961628724,43.55989031506108],[-79.56925419420996,43.56015232527304]],[[-79.60042773511705,43.557826343472975],[-79.6006950854237,43.55809369229585],[-79.6009196633464,43.55809369229585],[-79.60149713095377,43.55745206966342],[-79.60181797413897,43.55697080312376],[-79.60136881919185,43.55697080312376],[-79.60042773511705,43.557826343472975]],[[-79.6091108946708,43.55661320661995],[-79.6072781554214,43.55919261635883],[-79.60796107625994,43.55830481566053],[-79.60976405881556,43.55581490754921],[-79.60977444244192,43.555783757258546],[-79.60984003472905,43.555586979284556],[-79.6091108946708,43.55661320661995]],[[-79.61121590968955,43.556879624035375],[-79.6109756247241,43.55742026531823],[-79.61237126172254,43.55562584224319],[-79.61260323278005,43.555327583236895],[-79.61259771532757,43.55532390498812],[-79.6123731392015,43.555174187052025],[-79.61237299367441,43.55517437389452],[-79.61131620748934,43.55665395161785],[-79.61121590968955,43.556879624035375]],[[-79.60518664118304,43.558542847964375],[-79.60496206326032,43.55786911483348],[-79.60473748533762,43.55786911483348],[-79.60361459841899,43.55786911613542],[-79.60316544077692,43.55831827022313],[-79.60385644735138,43.559182030190925],[-79.60406375156948,43.559441159021624],[-79.60415999976395,43.559364161232594],[-79.60518664118304,43.558542847964375]],[[-79.6331914926047,43.56840181324238],[-79.63314657684049,43.56853655943519],[-79.633258866251,43.568424270419726],[-79.63359573268592,43.568087404070006],[-79.63325886535269,43.5681996930626],[-79.6331914926047,43.56840181324238]],[[-79.62809357582522,43.57516160527204],[-79.62747598316906,43.57549847696063],[-79.62814802091793,43.57522966167127],[-79.62809357582522,43.57516160527204]],[[-79.6220299764035,43.575610759945945],[-79.6221422649157,43.576284495762444],[-79.62225455342788,43.57605991582515],[-79.62204724920977,43.575593487105905],[-79.6220299764035,43.575610759945945]],[[-79.61978419807467,43.57673364921947],[-79.6188858863838,43.57785653772794],[-79.61798757469295,43.57763195974913],[-79.61641553103057,43.57897942677168],[-79.61551722023803,43.578081116170765],[-79.61416975270173,43.57830569377587],[-79.61372059685631,43.57920400493087],[-79.61461890764885,43.58032689422483],[-79.6130468639865,43.581898939323835],[-79.6130468639865,43.583246405208214],[-79.61237313021833,43.58347098306859],[-79.61192397527122,43.584369293940846],[-79.61254156343578,43.58498688399956],[-79.61259770814105,43.58481845020655],[-79.61349601893359,43.58526760507308],[-79.61372059685631,43.58526760507308],[-79.61416975270173,43.58504302805868],[-79.61529264231531,43.58347098306859],[-79.61641553103057,43.58347098306859],[-79.61753841974584,43.584369293940846],[-79.61776299677022,43.584369293940846],[-79.6186613093594,43.58369556074194],[-79.6188858863838,43.58369556074194],[-79.61955962015195,43.584369293940846],[-79.61978419807467,43.584369293940846],[-79.62045793094448,43.58414471617807],[-79.62158081965975,43.582348093848324],[-79.62113166381431,43.58167436080496],[-79.62000877509905,43.581449782749814],[-79.62113166381431,43.58055147191328],[-79.62068250886719,43.57920400493087],[-79.6220299764035,43.57897942677168],[-79.6224791313506,43.57830569377587],[-79.6220299764035,43.577407382885035],[-79.62180539758246,43.577407382885035],[-79.62158081965975,43.577407382885035],[-79.62182492785504,43.57691917049648],[-79.61978419807467,43.57673364921947]],[[-79.64944573961127,43.5764745225338],[-79.65015833270196,43.576902078949814],[-79.65100051136568,43.577407382885035],[-79.65132133388961,43.57804903442404],[-79.65189882215823,43.57785653772794],[-79.65144966721111,43.576509072258965],[-79.65147705504748,43.576317359398054],[-79.65167424423551,43.57493702700422],[-79.65077593344296,43.575610759945945],[-79.6501021996748,43.575386182702374],[-79.6496530438294,43.57471244920046],[-79.64987762175211,43.57403871597062],[-79.64920388888228,43.57381413807089],[-79.64909159947176,43.57347727127805],[-79.64875473303684,43.57336498171144],[-79.64875473303684,43.57471244920046],[-79.64920388888228,43.57516160527204],[-79.6488929316568,43.57578351931187],[-79.64875473303684,43.57605991582515],[-79.64944573961127,43.5764745225338]],[[-79.65077593344296,43.58010231569865],[-79.65122508928839,43.581000626729384],[-79.65077593344296,43.581449782749814],[-79.65122508928839,43.581449782749814],[-79.65279713295077,43.58257267180618],[-79.65302171087347,43.58257267180618],[-79.65353503427795,43.58205935389789],[-79.65302171087347,43.58167436080496],[-79.65279713295077,43.58167436080496],[-79.65246025573606,43.5812953793604],[-79.65234797800365,43.58116906795054],[-79.65114050661619,43.579810658064446],[-79.65077593344296,43.58010231569865]],[[-79.66829269610604,43.579878163228294],[-79.66335228992845,43.58481845020655],[-79.66761926776509,43.58167436080496],[-79.66874215737866,43.582348093848324],[-79.66960838484083,43.58215559983427],[-79.6696404681712,43.58212351570349],[-79.6697527620733,43.58212351570349],[-79.67025805453916,43.58201122859445],[-79.6714370897563,43.58122520515847],[-79.671661667679,43.58122520515847],[-79.67255997936986,43.58167436210645],[-79.67233540144714,43.58122520515847],[-79.673233713138,43.58010231569865],[-79.67188624560171,43.57920400493087],[-79.671661667679,43.57785653772794],[-79.67062865720456,43.577708964775695],[-79.67048267288605,43.57768811001664],[-79.66829269610604,43.579878163228294]],[[-79.68378886921738,43.57516160527204],[-79.68468718000993,43.575386182702374],[-79.68513633585536,43.57605991582515],[-79.68491175793264,43.576509072258965],[-79.68536091287976,43.57583533830434],[-79.68446260208722,43.57493702700422],[-79.68378886921738,43.57516160527204],[-79.68356429129467,43.57403871597062],[-79.68316797704921,43.57377450651336],[-79.68289055842484,43.5735895599845],[-79.68244140168109,43.57370184913237],[-79.68199224583569,43.57381413807089],[-79.68156036369483,43.57355500923508],[-79.68086935801873,43.57314040520418],[-79.6804202021733,43.57336498171144],[-79.68064478009602,43.572242092752965],[-79.68004590653376,43.57164322097176],[-79.67974646930347,43.571343781871775],[-79.67950147357267,43.57142544716935],[-79.67907273463702,43.571568359871925],[-79.67952189138076,43.57067004870431],[-79.67907273463702,43.56999631515961],[-79.67952189138076,43.57022089297743],[-79.68037164553726,43.57073075491246],[-79.68289055842484,43.572242105118825],[-79.6840134471401,43.57291582720862],[-79.68513633585536,43.57336498171144],[-79.68581006872519,43.57314040520418],[-79.6876066912086,43.57426329368369],[-79.68468718000993,43.572242092752965],[-79.68547162125537,43.571261541767065],[-79.68558549080248,43.57111920368502],[-79.68738211418419,43.57111920368502],[-79.6876066912086,43.57111920368502],[-79.6876066912086,43.56999631515961],[-79.68733719662335,43.56977173780617],[-79.68625922457063,43.56887342717809],[-79.68648380159502,43.56797511486809],[-79.68715753626148,43.56752595987252],[-79.68850500289946,43.56797511486809],[-79.6889196059458,43.56849337127694],[-79.68923998290535,43.56889384239768],[-79.68940331369198,43.56909800397583],[-79.6896278907164,43.570445471259596],[-79.69013829279957,43.57075171296291],[-79.6909529012689,43.570984458063165],[-79.69099332545669,43.570957509032816],[-79.69160825820127,43.570547555688535],[-79.69161700869044,43.57054172209269],[-79.6917613850246,43.570445471259596],[-79.69277198253272,43.5697717391079],[-79.6927719807361,43.5684242710706],[-79.69232282489065,43.56730138176964],[-79.6911999361754,43.56662764894611],[-79.69097535735436,43.566178492364536],[-79.69075078032998,43.565729336990145],[-79.68815206650241,43.5639968885089],[-79.68569777033153,43.562360671035115],[-79.68561936537351,43.56230839976095],[-79.68541483605134,43.56217204287159],[-79.68479189931755,43.56255537577835],[-79.68432023348774,43.56290292497674],[-79.6840134471401,43.56312898082295],[-79.68109393504312,43.5652801821722],[-79.68010579990869,43.5662683347537],[-79.67794984592176,43.5684242710706],[-79.67750069097464,43.56898574855056],[-79.67750069097464,43.56909800592843],[-79.67772526799905,43.56887342717809],[-79.67799476168597,43.569053090115176],[-79.67807078700677,43.569103773275515],[-79.67839900176718,43.56932258188882],[-79.6786235796899,43.56932258188882],[-79.6786235796899,43.5695471602662],[-79.6788481567143,43.56977173780617],[-79.67907273463702,43.56999631515961],[-79.67877329650841,43.569921455917886],[-79.67846188383706,43.56984360262435],[-79.67817442384447,43.56977173780617],[-79.67781509952746,43.570131063643046],[-79.67750069097464,43.570445471259596],[-79.67724916539004,43.57038258960723],[-79.67694351720787,43.5703061779041],[-79.67694228471932,43.57030586939856],[-79.6768590594015,43.57028506284236],[-79.67472162598077,43.57291582720862],[-79.67363321730106,43.57425540257728],[-79.67390744600783,43.57471244920046],[-79.673233713138,43.57516160527204],[-79.6730091352153,43.57628449381005],[-79.67349037259447,43.576926145600616],[-79.67368286808514,43.57718280518331],[-79.67570406759293,43.57785653772794],[-79.67570406759293,43.578081116170765],[-79.67570406759293,43.57897942677168],[-79.67604093582447,43.57931629662479],[-79.67660237928379,43.57853027184493],[-79.67727611305193,43.57897942677168],[-79.67759543538935,43.578954863759236],[-79.67772526799905,43.57830569377587],[-79.67974646930347,43.57830569377587],[-79.68028545667732,43.5779463685548],[-79.6804202021733,43.57673364921947],[-79.67952189138076,43.57605991582515],[-79.68095357328,43.576378068374005],[-79.68109393504312,43.57628449381005],[-79.68154309088857,43.576509072258965],[-79.68199224583569,43.57673364921947],[-79.68176766881128,43.57583533830434],[-79.68266597960381,43.57493702700422],[-79.68289055842484,43.57493702700422],[-79.68378886921738,43.57516160527204]],[[-79.69168992404376,43.57665198656451],[-79.69193886517527,43.57674089377056],[-79.69197575089916,43.57675406698098],[-79.69217750891872,43.57682612325856],[-79.69254740281337,43.57695822729477],[-79.69277197804114,43.577182803881776],[-79.69299655416722,43.57740738158345],[-79.69359543222106,43.57800625851827],[-79.69389487034965,43.57830569377587],[-79.69382576924306,43.57858209888597],[-79.69373864164365,43.57893060919818],[-79.69367029242694,43.57920400493087],[-79.69342208342236,43.57928674113027],[-79.69333342689035,43.57931629337098],[-79.69299655776047,43.579428582903205],[-79.69265968503736,43.57999003978726],[-79.6923746424112,43.58046510954397],[-79.69232282489065,43.58055147191328],[-79.69228410929853,43.58056695833831],[-79.6919485337427,43.580701188605374],[-79.69142451319978,43.58091079590406],[-79.6911999361754,43.581000626729384],[-79.69169637215086,43.58142614674176],[-79.69211011011957,43.581780779594204],[-79.69237906212237,43.582011307983414],[-79.6928842414005,43.582348094499075],[-79.69288426745165,43.582348093848324],[-79.6929352917598,43.582348093848324],[-79.69299655776047,43.582348093848324],[-79.69299655776047,43.5823902139923],[-79.6929965586588,43.582422973433154],[-79.69362530120425,43.58284213301518],[-79.69370123579522,43.58287467747265],[-79.69456860321948,43.583246405208214],[-79.69322113568319,43.581898939323835],[-79.69299655776047,43.581898939323835],[-79.69299655776047,43.58077605201779],[-79.69299655776047,43.58055147191328],[-79.6932211365815,43.58055147256404],[-79.69389487124796,43.579877738937846],[-79.69434402529676,43.579428582903205],[-79.69465594012635,43.57949096574151],[-79.69546691401202,43.57965316068861],[-79.69546691401202,43.57853027184493],[-79.69614064778017,43.578081116170765],[-79.69636522480457,43.578081116170765],[-79.69681438065001,43.57830569377587],[-79.69793727026357,43.57695822729477],[-79.69883558105612,43.577407382885035],[-79.69906015897882,43.57830569377587],[-79.69928473690155,43.57830569377587],[-79.69986222157688,43.577920703361684],[-79.69995846977136,43.57785653772794],[-79.7006322026412,43.57830569377587],[-79.70332713681546,43.57830569377587],[-79.70557291514429,43.581449782749814],[-79.70669580385955,43.581000626729384],[-79.70717950801249,43.58127703118121],[-79.7075941146521,43.58122520515847],[-79.70871700426567,43.581898939323835],[-79.70781869257482,43.58032689422483],[-79.70714495880667,43.58055147191328],[-79.70680809237174,43.58032689422483],[-79.70660597143282,43.58019214642875],[-79.70647122593682,43.58010231569865],[-79.70647122593682,43.579990028724474],[-79.70647122593682,43.578867143560224],[-79.70647122593682,43.57781162519276],[-79.70647122593682,43.577407382885035],[-79.70557291514429,43.57673364921947],[-79.70489918137615,43.57695822729477],[-79.70458477282332,43.576823481070775],[-79.70332713681546,43.57628449381005],[-79.70287798097003,43.575610759945945],[-79.7030464141875,43.57510546110905],[-79.70197967017748,43.57403871597062],[-79.70157543099458,43.574308209516296],[-79.70130593730765,43.574487871210025],[-79.70127696124986,43.57448062703866],[-79.7004076256168,43.57426329368369],[-79.69995846977136,43.5735895599845],[-79.70018304769408,43.57291582720862],[-79.69906015897882,43.57381413807089],[-79.69883558105612,43.57381413807089],[-79.69801213046945,43.57381413807089],[-79.69681438065001,43.57381413807089],[-79.69636522480457,43.572017515963424],[-79.6954083267875,43.57119732087488],[-79.69501775906491,43.570862546244726],[-79.69491410695586,43.570773700651664],[-79.69484581163806,43.570715161170526],[-79.69479318114219,43.57067004870431],[-79.69468749614565,43.57076252489551],[-79.69464693451562,43.570884210420864],[-79.69456860321948,43.57111920368502],[-79.69365000667119,43.57173160774147],[-79.69335594585787,43.57192764895666],[-79.69152075869933,43.57353342476895],[-79.69151184561508,43.57354902298773],[-79.69097535825269,43.574487871210025],[-79.69060547423949,43.5748049172322],[-79.68988417377874,43.57600707527938],[-79.69146323238516,43.576571025348144],[-79.69168992404376,43.57665198656451]],[[-79.74105620627195,43.570445471259596],[-79.7419545170645,43.571568359871925],[-79.74413983158816,43.57017770732864],[-79.74420029539333,43.56999631515961],[-79.7443260595331,43.57005919721529],[-79.74442487331605,43.56999631515961],[-79.74470559145243,43.57022089297743],[-79.74487402916148,43.57022089297743],[-79.74554776203128,43.56977173780617],[-79.74577233995402,43.56887342717809],[-79.74487402916148,43.567750537788974],[-79.74397571836892,43.56752595987252],[-79.74285282875533,43.56887342717809],[-79.74262825083264,43.56887342717809],[-79.74255679434336,43.568730514589504],[-79.74105620627195,43.570445471259596]],[[-79.74150536211737,43.5695471602662],[-79.74150536211737,43.56797511486809],[-79.74246783687572,43.568552600891955],[-79.74217909498721,43.56797511486809],[-79.74128078419466,43.567750537788974],[-79.74121272962536,43.567580403830185],[-79.74015789458109,43.5684242710706],[-79.74060705132484,43.56909800397583],[-79.74038247340214,43.56977173780617],[-79.73942557718169,43.570181837016264],[-79.73948416171126,43.57022089297743],[-79.74150536211737,43.5695471602662]],[[-79.69793727026357,43.567750537788974],[-79.69928473690155,43.56662764894611],[-79.69950931392593,43.56662764894611],[-79.70081186210477,43.56662764894611],[-79.70018304769408,43.566178493015435],[-79.70063220533613,43.56561704859965],[-79.70108135938496,43.565055604158275],[-79.70145565771945,43.5651090752829],[-79.70167765298571,43.56514078899827],[-79.70175509225476,43.564831025958036],[-79.70231653571409,43.56426958525641],[-79.70250368533048,43.564082435457266],[-79.70304641239086,43.56353970588857],[-79.70310255889275,43.56348355870233],[-79.70313185385247,43.56350308853226],[-79.70363192081831,43.56383646812543],[-79.70377629176257,43.56325898180176],[-79.70400086968527,43.56325898180176],[-79.70456231583954,43.562978260312384],[-79.70484927547052,43.56283478109215],[-79.70483398165283,43.562773607364434],[-79.70472494324534,43.562337451297246],[-79.70470877985842,43.56227279777735],[-79.70467460435175,43.56213609320334],[-79.7056478067912,43.56116289882129],[-79.70624658513205,43.560564117377176],[-79.70624665160739,43.56056404967727],[-79.706608467851,43.560202230207985],[-79.70669580385955,43.56011489280162],[-79.70876882897272,43.561566011411365],[-79.70857409308374,43.561176537616724],[-79.70849242634294,43.56101320385546],[-79.70787778734744,43.56063496922048],[-79.70681305825865,43.55997975281318],[-79.70557291514429,43.55921658072271],[-79.70534833722157,43.55831827022313],[-79.70624664801413,43.55741995869965],[-79.70736953672939,43.55790119756536],[-79.70781869257482,43.55809369229585],[-79.70804327139584,43.55809369229585],[-79.70871700426567,43.557195380679175],[-79.70894158218837,43.557195380679175],[-79.7096153150582,43.55786911483348],[-79.70983989298094,43.557644537185084],[-79.71006447090365,43.557644537185084],[-79.71096278169617,43.558542847964375],[-79.71118735961889,43.558542847964375],[-79.71118735961889,43.559665737134395],[-79.71186109338703,43.559441159021624],[-79.71231024923249,43.55989031506108],[-79.71298398210229,43.55989031506108],[-79.71388229289485,43.558542847964375],[-79.71410687081756,43.558542847964375],[-79.71425659033102,43.558542847964375],[-79.71433144874028,43.55831827022313],[-79.71590349330096,43.557644537185084],[-79.71522976043113,43.557195380679175],[-79.71365771497213,43.557195380679175],[-79.71320856002501,43.55652164810584],[-79.71343313794772,43.555847913858635],[-79.71231024923249,43.55494960326575],[-79.71253482625686,43.55405129230224],[-79.71163651456601,43.55337755908086],[-79.7120557277664,43.55289846378232],[-79.71222603756446,43.552703824837835],[-79.71320856002501,43.55158093614172],[-79.71253482625686,43.55068262509593],[-79.71298398210229,43.549110580939335],[-79.71186108350557,43.54832455715792],[-79.71091095609081,43.54765946447677],[-79.71073820377346,43.54753853614817],[-79.71079434847871,43.54742624771197],[-79.71085049318398,43.547313957764324],[-79.71118735961889,43.546640224754675],[-79.71174880487483,43.54652793594722],[-79.71231024923249,43.546415646930605],[-79.71163651456601,43.545966492028036],[-79.71096278169617,43.5455173357321],[-79.71096278169617,43.54439444728002],[-79.71222939726363,43.543972241687115],[-79.71141193664329,43.54327155809732],[-79.71231025821562,43.5423732410687],[-79.71298398210229,43.54169951274563],[-79.71253482625686,43.54080120224662],[-79.71163651456601,43.54057662480961],[-79.70692038178225,43.54416986890284],[-79.7070240150267,43.5439626035102],[-79.70750892921032,43.54299277507895],[-79.7075941146521,43.54282240190736],[-79.70736953672939,43.54214866883628],[-79.70804327139584,43.54125035786685],[-79.70647122593682,43.53990289073547],[-79.70656694771856,43.53975931033598],[-79.70661062021442,43.53969380167735],[-79.70736953672939,43.5385554240957],[-79.70647122593682,43.53765711298723],[-79.70534833722157,43.53833084675928],[-79.70467460345344,43.538106269237595],[-79.70400086968527,43.53788169087941],[-79.70395033495898,43.53789011357607],[-79.70265340394563,43.538106269237595],[-79.70175509225476,43.53788169087941],[-79.70108135938496,43.536983380152996],[-79.70026471982479,43.537310035529735],[-79.70019194371034,43.53737472625194],[-79.6986110031334,43.538780001898076],[-79.69883558105612,43.53945373614711],[-79.69793727026357,43.540352047187305],[-79.69748811441814,43.54169951274563],[-79.69793727026357,43.54237324692909],[-79.69748811441814,43.5439452909913],[-79.69681438065001,43.54439444728002],[-79.6952423360893,43.54439444728002],[-79.69748811441814,43.545741914298425],[-79.69888947997318,43.54597547485938],[-79.70018304769408,43.546191068921004],[-79.7006322026412,43.547313957764324],[-79.70018304769408,43.547987691707895],[-79.69883558105612,43.54821226888376],[-79.69829659458058,43.547987693010086],[-79.69614064778017,43.54708938114819],[-79.6952423360893,43.54753853614817],[-79.69411944737406,43.54708938114819],[-79.69400715886185,43.54712681064232],[-79.69456860321948,43.547313957764324],[-79.69282302570547,43.548671631760605],[-79.69389487034965,43.54821226888376],[-79.69456860321948,43.548661425282866],[-79.69456860321948,43.55000889197712],[-79.69501775906491,43.550233470086155],[-79.69681438065001,43.54955973585303],[-79.69793727026357,43.54843684717615],[-79.69883558105612,43.548661425282866],[-79.69928473690155,43.54955973585303],[-79.6986110031334,43.550458046707305],[-79.69789984285559,43.551169210904064],[-79.6973533662272,43.55171568415032],[-79.6972635355971,43.551805514252564],[-79.69616676090716,43.55213454834623],[-79.69501775906491,43.55247924812127],[-79.6963352812612,43.55280862879871],[-79.69681438065001,43.55292840332175],[-79.69775101716581,43.55217909590889],[-79.69788622888744,43.552070925562255],[-79.69793727026357,43.55203009217756],[-79.69826451304685,43.55213917341918],[-79.6986110031334,43.55225466991685],[-79.69906015897882,43.55292840332175],[-79.69903743160214,43.55301931234675],[-79.69891607998704,43.553504719141195],[-79.69883558105612,43.553826714096616],[-79.69973389184865,43.553826714096616],[-79.70018304769408,43.554725025803734],[-79.70130593730765,43.555174181192854],[-79.70153051523037,43.556072491692966],[-79.7006322026412,43.55697080312376],[-79.69928473690155,43.556371930541566],[-79.69882376192191,43.556167052038354],[-79.6986110031334,43.556072491692966],[-79.69748811441814,43.55674622603329],[-79.69636522480457,43.55674622603329],[-79.6960508189467,43.55697080312376],[-79.69479318114219,43.55786911483348],[-79.69411944737406,43.559441159021624],[-79.69254740281337,43.56056404772438],[-79.69241907308513,43.5615906889232],[-79.69238141031853,43.56189198939612],[-79.69237386536847,43.56195234773291],[-79.69232282489065,43.562360671035115],[-79.69254740281337,43.56266011053053],[-79.69263377762456,43.56277527701786],[-79.69265968952892,43.562809826139976],[-79.69299655776047,43.56325898180176],[-79.69348653574737,43.56338147597059],[-79.69389487034965,43.56348355870233],[-79.69479318114219,43.562585248029734],[-79.69434402529676,43.56191151518539],[-79.69438561280285,43.561786752078895],[-79.69440016910372,43.56174308388909],[-79.69456860321948,43.56123778196717],[-79.69494289975734,43.56131264158572],[-79.69530092151719,43.56138424570023],[-79.69569149193474,43.561462359241816],[-79.69636522480457,43.5607886262085],[-79.69748811441814,43.5607886262085],[-79.69771269234084,43.5607886262085],[-79.69838642521067,43.56123778196717],[-79.69906015897882,43.5607886262085],[-79.69993039382548,43.56238406782006],[-79.69999301807889,43.56249887877086],[-79.70026578612502,43.56299894766786],[-79.7004076256168,43.56325898180176],[-79.6997338936453,43.56393271454844],[-79.69950931392593,43.56415729284302],[-79.69941948599079,43.56412735042064],[-79.69816184818629,43.56370813671853],[-79.69748811441814,43.56415729284302],[-79.6972635355971,43.564831025958036],[-79.69745603108777,43.56521601673883],[-79.69771269234084,43.565729336990145],[-79.69681438065001,43.566852226306395],[-79.69793727026357,43.567750537788974]],[[-79.68917873576927,43.557644537185084],[-79.6891269101639,43.557540887383006],[-79.68890722716118,43.55781549211193],[-79.68917873576927,43.557644537185084]],[[-79.69341348744342,43.55706718876174],[-79.69526730566093,43.555831294175015],[-79.69501775906491,43.55562333714033],[-79.69341348744342,43.55706718876174]],[[-79.68648380159502,43.549110580939335],[-79.68670838041606,43.54843684717615],[-79.68693295833876,43.54843684717615],[-79.68670838041606,43.54776311369529],[-79.68645171916296,43.54760270152607],[-79.68581006872519,43.54776311369529],[-79.68536091287976,43.548661425282866],[-79.68609675526834,43.5492395958237],[-79.68648380159502,43.549110580939335]],[[-79.68109393504312,43.548886003203926],[-79.68183505054242,43.54854913438083],[-79.68098006639434,43.5488006020084],[-79.68109393504312,43.548886003203926]],[[-79.6878312691313,43.546864803044215],[-79.68872957992386,43.547987691707895],[-79.68995455049306,43.54786519424029],[-79.69007704656183,43.54776311369529],[-79.69022676427866,43.54783797312578],[-79.69097535825269,43.54776311369529],[-79.69232282489065,43.54843684717615],[-79.69375196096438,43.54721187628579],[-79.69344571360591,43.547313957764324],[-79.69254740281337,43.546191068921004],[-79.69097535825269,43.546191068921004],[-79.6898524686391,43.54708938114819],[-79.68850500289946,43.546191068921004],[-79.68793764852558,43.5465456676919],[-79.6878312691313,43.546864803044215]],[[-79.68527925242718,43.546211484664724],[-79.68625922457063,43.54506817999627],[-79.68581006872519,43.54439444728002],[-79.68558549080248,43.54439444728002],[-79.68468718000993,43.54416986890284],[-79.68384501841422,43.54501203252668],[-79.68361906696744,43.545418741238414],[-79.68356429129467,43.5455173357321],[-79.6840134471401,43.546191068921004],[-79.68478342281452,43.54638356329286],[-79.68491175793264,43.546415646930605],[-79.68527925242718,43.546211484664724]],[[-79.69243124166398,43.548839539009805],[-79.69142450421664,43.54843684522283],[-79.69232282489065,43.548886003203926],[-79.69243124166398,43.548839539009805]],[[-79.68998721233847,43.539229158249384],[-79.68990861154774,43.53911687321959],[-79.6898524686391,43.539229158249384],[-79.68998721233847,43.539229158249384]],[[-79.69355312067286,43.538516367142776],[-79.69299655776047,43.53833084675928],[-79.69294041395355,43.53838699133461],[-79.69344571360591,43.5385554240957],[-79.69355312067286,43.538516367142776]],[[-79.72511118274237,43.54282240190736],[-79.72353913818168,43.54327155809732],[-79.7233145611573,43.5439452909913],[-79.72368885679681,43.54469388490003],[-79.72376371610439,43.54461902482055],[-79.72488660481966,43.54506817999627],[-79.72556033768947,43.54461902482055],[-79.72541061907432,43.54312183952211],[-79.72511118274237,43.54282240190736]],[[-79.73139936098512,43.54461902482055],[-79.73022033025954,43.54529275828251],[-79.73050105019256,43.54529275828251],[-79.73154374001422,43.54466715135399],[-79.73139936098512,43.54461902482055]],[[-79.71455602666299,43.54506817999627],[-79.71509106144957,43.54423591965335],[-79.71309459256155,43.54459891391905],[-79.71365771497213,43.54506817999627],[-79.71455602666299,43.54506817999627]],[[-79.71565849218025,43.543353253636226],[-79.71573508164306,43.543234114488676],[-79.71567891627656,43.54327155809732],[-79.71565849218025,43.543353253636226]],[[-79.72668322730306,43.55899200419064],[-79.72574000613619,43.56056404772438],[-79.72584481617366,43.56056404772438],[-79.72668322730306,43.55899200419064],[-79.72645865027864,43.55831827022313],[-79.72780611601831,43.55809369229585],[-79.72813277489665,43.557603704973],[-79.72803069394101,43.557195380679175],[-79.72810555235029,43.55712052245504],[-79.72780611601831,43.55652164810584],[-79.72623407235594,43.556072491692966],[-79.72668322730306,43.555398758934096],[-79.72645865027864,43.55450044815581],[-79.72443744987253,43.55315298096872],[-79.72556033768947,43.55158093614172],[-79.72511118274237,43.550458046707305],[-79.72578491561218,43.54933515783794],[-79.72488660481966,43.548661425282866],[-79.72488660481966,43.54843684717615],[-79.72488660481966,43.54708938114819],[-79.7237387609058,43.54594154246092],[-79.72353913818168,43.546191068921004],[-79.7239882940271,43.54708938114819],[-79.72308998323457,43.54776311369529],[-79.72308998323457,43.548886003203926],[-79.72308998323457,43.54933515783794],[-79.72322472962887,43.54955973715515],[-79.72376371610439,43.550458046707305],[-79.72286540531186,43.55158093614172],[-79.72151793777554,43.55158093614172],[-79.72106878282845,43.55247924812127],[-79.72219167244202,43.553826714096616],[-79.7239882940271,43.55494960326575],[-79.72174251569827,43.554725025803734],[-79.72084420490573,43.555847913858635],[-79.72174251569827,43.55674622603329],[-79.72443744987253,43.557195380679175],[-79.72462239592154,43.55849000962631],[-79.72488660481966,43.55809369229585],[-79.72578491561218,43.55786911483348],[-79.72668322730306,43.55899200419064]],[[-79.7239882940271,43.559441159021624],[-79.72437328770336,43.55886367287995],[-79.7239882940271,43.55899200419064],[-79.72391343561785,43.559441159021624],[-79.7239882940271,43.559441159021624]],[[-79.70887919958179,43.56178675077704],[-79.70880122312016,43.56191151518539],[-79.70894158218837,43.56191151518539],[-79.70887919958179,43.56178675077704]],[[-79.75767496267135,43.563034404063984],[-79.75767496267135,43.56348355870233],[-79.75767496267135,43.564381870951266],[-79.75700122980152,43.564831025958036],[-79.75677665187882,43.564831025958036],[-79.75643717314306,43.56464823188543],[-79.75385713978184,43.56325898180176],[-79.7529588289893,43.563932715199385],[-79.7527342519649,43.563932715199385],[-79.75183594027403,43.56348355870233],[-79.75161136324964,43.56348355870233],[-79.75138678532694,43.56415729284302],[-79.75145736685711,43.56420862518607],[-79.75385713978184,43.565953915096],[-79.75408171770455,43.565953915096],[-79.75453087444829,43.565953915096],[-79.75520460731813,43.5652801821722],[-79.75587834108626,43.5655047599998],[-79.75610291811067,43.5655047599998],[-79.75655207395609,43.56640307074852],[-79.75542918524086,43.567750537788974],[-79.75677665187882,43.5684242710706],[-79.75767496267135,43.5695471602662],[-79.75677665187882,43.57067004870431],[-79.75646563716116,43.57056637770388],[-79.75969616307748,43.57291582720862],[-79.75995282253393,43.57278749757217],[-79.75969616307748,43.57246667130842],[-79.76059447387001,43.571568359871925],[-79.76059447387001,43.571343781871775],[-79.75767496267135,43.56932258188882],[-79.75812411941509,43.5681996930626],[-79.75677665187882,43.56707680413122],[-79.75700122980152,43.56662764894611],[-79.75745038474865,43.566852226306395],[-79.75812411941509,43.56640307074852],[-79.7583486964395,43.565055604158275],[-79.7585732743622,43.56477488388079],[-79.75924700813037,43.563932715199385],[-79.75812411941509,43.562360671035115],[-79.75745038474865,43.56213609320334],[-79.75661623612528,43.56255316714103],[-79.75767496267135,43.563034404063984]],[[-79.76867927459615,43.572017515963424],[-79.76925675927151,43.57336498171144],[-79.7693530083643,43.57336498171144],[-79.77025131915686,43.57426329368369],[-79.77047589707958,43.57426329368369],[-79.770925052925,43.57403871597062],[-79.77182336371754,43.57471244920046],[-79.77227251956297,43.57426329368369],[-79.77204794164027,43.57426329368369],[-79.77086542275644,43.572236129805155],[-79.76867927459615,43.572017515963424]],[[-79.7239882940271,43.57471244920046],[-79.72511118274237,43.57381413807089],[-79.72466202689694,43.57314040520418],[-79.72488660481966,43.57269124902638],[-79.72286540531186,43.57111920368502],[-79.72241624856811,43.57111920368502],[-79.72264082738914,43.57179293768554],[-79.72196709362099,43.57246667130842],[-79.72196709362099,43.57403871597062],[-79.72129335985285,43.574487871210025],[-79.72065170672013,43.5743274579399],[-79.72039504906031,43.57426329368369],[-79.72064979330857,43.57490015625386],[-79.72084420490573,43.575386182702374],[-79.72039504906031,43.57605991582515],[-79.71996630922634,43.57620282924432],[-79.71972131619047,43.57628449381005],[-79.71882300539794,43.57583533830434],[-79.7183738486542,43.57673364921947],[-79.71725095993892,43.57673364921947],[-79.71680180499182,43.57718280518331],[-79.71545433835384,43.57673364921947],[-79.71522976043113,43.57583533830434],[-79.71590349330096,43.574487871210025],[-79.71725095993892,43.57403871597062],[-79.7163526491464,43.5735895599845],[-79.7163526491464,43.57257896124833],[-79.7163526491464,43.57246667130842],[-79.71627778983881,43.57246667130842],[-79.71612807122368,43.57246667130842],[-79.71567891627656,43.572242092752965],[-79.71522976043113,43.571343781871775],[-79.7147164415182,43.571343781871775],[-79.71444070364176,43.57198716872215],[-79.71433144874028,43.572242092752965],[-79.71320856002501,43.57269124902638],[-79.71279395787698,43.57241484811553],[-79.71266957175285,43.57233192349462],[-79.71274845102133,43.5724502423471],[-79.71275940417958,43.57246667130842],[-79.71266959061748,43.57251157806768],[-79.71231024923249,43.57269124902638],[-79.71208567130977,43.57269124902638],[-79.71200048676631,43.5730319893777],[-79.71193595269462,43.57329012535507],[-79.71186109338703,43.5735895599845],[-79.71238511123498,43.57418844365044],[-79.71343313794772,43.575386182702374],[-79.71186109338703,43.576509072258965],[-79.71163651456601,43.57718280518331],[-79.71208567130977,43.57785653772794],[-79.71141193664329,43.578081116170765],[-79.71096278169617,43.57897942677168],[-79.71118735961889,43.57897942677168],[-79.71141193664329,43.579428582903205],[-79.71186109338703,43.579877738287074],[-79.71298398210229,43.579877738287074],[-79.71373679007333,43.58175976421319],[-79.71388229289485,43.58212351570349],[-79.71545433835384,43.583021827811486],[-79.71567891627656,43.583021827811486],[-79.71575817912564,43.583259617339706],[-79.71590349330096,43.58369556074194],[-79.71545433835384,43.584369293940846],[-79.71484185172177,43.584573456413544],[-79.71612807122368,43.58549218320168],[-79.7165772270691,43.58661507168803],[-79.7170263820162,43.58661507168803],[-79.71693655138611,43.58715405951843],[-79.71687666429939,43.587513385094],[-79.71680180499182,43.587962538721634],[-79.7166221428333,43.58809728539264],[-79.71630274324077,43.58833683573107],[-79.71590349330096,43.58863627231348],[-79.71567891627656,43.589759160707146],[-79.71739387291747,43.59125975013612],[-79.71745775391398,43.591315645009466],[-79.71747553786163,43.59133120609026],[-79.71722607301231,43.59153078015714],[-79.71665209805477,43.591989963712734],[-79.71522976043113,43.593127827715904],[-79.71433144874028,43.59200493906022],[-79.71410687081756,43.59200493906022],[-79.71320856002501,43.59200493906022],[-79.71343313794772,43.59222951677583],[-79.71365771497213,43.59222951677583],[-79.71404270595345,43.59312783357134],[-79.71433144874028,43.593801562043126],[-79.71410687081756,43.59447529468304],[-79.71298398210229,43.59492445100745],[-79.71251754626407,43.594717146803525],[-79.71096278169617,43.59402613890978],[-79.7105435693941,43.5941309418981],[-79.71051362585074,43.59425071689013],[-79.71096278169617,43.59559818408764],[-79.70987444308506,43.59482080094652],[-79.70986180109406,43.59485872581521],[-79.70983989298094,43.59492445100745],[-79.71073821006168,43.595496111550666],[-79.71125151819481,43.59582276205656],[-79.71231024923249,43.59649649483787],[-79.71263107175642,43.596945651039206],[-79.71343313794772,43.59806853988578],[-79.71253482625686,43.59896685083822],[-79.71186109338703,43.59874227289367],[-79.71166503427965,43.59897754581059],[-79.71343313794772,43.59964058419613],[-79.71410687081756,43.59874227289367],[-79.71433144874028,43.59874227289367],[-79.71368579181632,43.597666179700745],[-79.71365771497213,43.59761938425949],[-79.71410687081756,43.59717022918379],[-79.71433144874028,43.59717022918379],[-79.71545433835384,43.59806853988578],[-79.71640447475174,43.597688485443385],[-79.7165772270691,43.59761938425949],[-79.71665889201327,43.59802770905492],[-79.71680180499182,43.59874227289367],[-79.7170263820162,43.598891991833355],[-79.71718261072222,43.59899614425888],[-79.71747553786163,43.59919142924559],[-79.71906799843379,43.598793313586654],[-79.7191723476355,43.59876722596777],[-79.71927216034504,43.59874227289367],[-79.71949673826775,43.59874227289367],[-79.72017047113759,43.59784396184119],[-79.71994589411318,43.59717022918379],[-79.71873053102595,43.59686638842377],[-79.71858179067615,43.59682920321616],[-79.71814927073147,43.59672107270705],[-79.71745058356136,43.59497436031177],[-79.7174306203008,43.59492445100745],[-79.71725095993892,43.59447529468304],[-79.71782844102101,43.59360907537678],[-79.71803104705018,43.5933051652374],[-79.71814927073147,43.593127827715904],[-79.7183534721686,43.59302572756668],[-79.71889787368866,43.592753527319076],[-79.71904758242232,43.59267867294602],[-79.71911174728645,43.59287117039559],[-79.71919729834252,43.593127827715904],[-79.71934702324587,43.5935770064589],[-79.71970634037636,43.594654954752514],[-79.71994589411318,43.595373605931215],[-79.72084420490573,43.59582276205656],[-79.72102629521045,43.59578634388866],[-79.72196709362099,43.59559818408764],[-79.72286540531186,43.59649649483787],[-79.72297768663753,43.596440354305706],[-79.7233145611573,43.59627191678109],[-79.72380455441552,43.59712941010406],[-79.72421287194982,43.59784396184119],[-79.72443744987253,43.59784396184119],[-79.7246447513957,43.59789578721783],[-79.72623407235594,43.59829311774271],[-79.72600949443321,43.59896685083822],[-79.72690780522578,43.599865162040416],[-79.72803069394101,43.59919142924559],[-79.72870442770916,43.59806853988578],[-79.72892900473357,43.596047339837895],[-79.729378160579,43.59559818408764],[-79.72960273940004,43.59559818408764],[-79.73027647226985,43.59627191678109],[-79.73100635164157,43.59627191678109],[-79.7311747830624,43.596047339837895],[-79.72994980889993,43.59558797515025],[-79.729378160579,43.595373605931215],[-79.72855471089065,43.595373605931215],[-79.72847984978644,43.595373605931215],[-79.72825527186373,43.595373605931215],[-79.72809485970346,43.595534019078606],[-79.72713238314849,43.59649649483787],[-79.72600949443321,43.596047339837895],[-79.72578491561218,43.595373605931215],[-79.72713238314849,43.59402613890978],[-79.72713238314849,43.593352405795535],[-79.72600949443321,43.59178036115723],[-79.72443744987253,43.59088205027379],[-79.72443744987253,43.58953458418378],[-79.72511118274237,43.58908542797257],[-79.72623407235594,43.58953458418378],[-79.72735696107121,43.590657472735174],[-79.72758153899392,43.590657472735174],[-79.72825527186373,43.59088205027379],[-79.72847984978644,43.59088205027379],[-79.72915358265628,43.59200493906022],[-79.73139936098512,43.59267867294602],[-79.73184851683055,43.593352405795535],[-79.73162393890783,43.593801562043126],[-79.73184851683055,43.593801562043126],[-79.73252224970037,43.593352405795535],[-79.73342056139124,43.59357698368778],[-79.73429523391539,43.595763667260606],[-79.73431887218376,43.59582276205656],[-79.73434132826924,43.5958163460381],[-79.73589091674447,43.595373605931215],[-79.73656464961428,43.596047339837895],[-79.73678922843531,43.596047339837895],[-79.73695766255108,43.596047339837895],[-79.73723838428074,43.596047339837895],[-79.73737874604389,43.59548589478893],[-79.73746296220345,43.59514902823784],[-79.73836127299602,43.594699872939],[-79.73925958378854,43.59245409495462],[-79.73768753922786,43.59133120609026],[-79.73746296220345,43.59133120609026],[-79.73566633882174,43.59133120609026],[-79.73544176089904,43.59133120609026],[-79.73409429515937,43.589759160707146],[-79.73207309385492,43.58998373899516],[-79.73162393890783,43.58908542797257],[-79.73139936098512,43.58908542797257],[-79.73050105019256,43.58886085023664],[-79.72806368007825,43.58696513746431],[-79.72645865027864,43.58571676114311],[-79.72623407235594,43.58571676114311],[-79.72600949443321,43.58504302805868],[-79.72623407325425,43.58481845020655],[-79.72690780522578,43.58414471617807],[-79.72780286052372,43.584551561608066],[-79.729378160579,43.58526760507308],[-79.72960273940004,43.58526760507308],[-79.73005189434713,43.584369293940846],[-79.7311747830624,43.58392013887891],[-79.73207309385492,43.58481845020655],[-79.73139936098512,43.58639049384453],[-79.73147422029268,43.58639049384453],[-79.73162393890783,43.58639049384453],[-79.73229767177764,43.58661507168803],[-79.73252224970037,43.58728880604731],[-79.73342056139124,43.58728880604731],[-79.73364513931395,43.58728880604731],[-79.7349926059519,43.58571676114311],[-79.73589091674447,43.58549218320168],[-79.73656464961428,43.585941338897435],[-79.73678922843531,43.585941338897435],[-79.73723838428074,43.58526760507308],[-79.7370138045614,43.584818448254424],[-79.73678922843531,43.584369293940846],[-79.73720704385711,43.58269803347121],[-79.73723838428074,43.58257267180618],[-79.7370458663322,43.58257267180618],[-79.73701380635802,43.58257267180618],[-79.73690158701609,43.58246045321021],[-79.73634007258988,43.581898939323835],[-79.73621246600545,43.58192446031131],[-79.73521718387462,43.58212351570349],[-79.73457672100966,43.58175753871028],[-79.73364513931395,43.58122520515847],[-79.73342056139124,43.58122520515847],[-79.73297140644411,43.58032689422483],[-79.73274682762307,43.58032689422483],[-79.73280807655578,43.580020651104796],[-79.73252224970037,43.58010231569865],[-79.73162393890783,43.57920400493087],[-79.73184851683055,43.57830569377587],[-79.72982731732276,43.577407382885035],[-79.72825527186373,43.575386182702374],[-79.72758153899392,43.575610759945945],[-79.72668322730306,43.57493702700422],[-79.72539992732582,43.575853671871954],[-79.72511118274237,43.57605991582515],[-79.72508423508047,43.57605093357342],[-79.72443744987253,43.57583533830434],[-79.7239882940271,43.57471244920046]],[[-79.78035732028911,43.57897942677168],[-79.77900985275284,43.58032689422483],[-79.77811154196029,43.579877738287074],[-79.77788696403758,43.579877738287074],[-79.77721323116774,43.58010231569865],[-79.77676407532232,43.581000626729384],[-79.77721323116774,43.581898939323835],[-79.77698865324504,43.581898939323835],[-79.77676407532232,43.582348093848324],[-79.77541660868435,43.581449782749814],[-79.77564118570874,43.581000626729384],[-79.77519203076162,43.58032689422483],[-79.77496745283891,43.58032689422483],[-79.7742937199691,43.58010231569865],[-79.77317083125382,43.58055147191328],[-79.77218004608932,43.57995700115173],[-79.77227251956297,43.58032689422483],[-79.7713742069738,43.58122520450773],[-79.77182336371754,43.58212351570349],[-79.77047589707958,43.58212351570349],[-79.7701315449834,43.582812222005934],[-79.77002674213246,43.583021827811486],[-79.76980216420974,43.583021827811486],[-79.76845469667346,43.583021827811486],[-79.7673318079582,43.582348093848324],[-79.76643349716564,43.58347098306859],[-79.76396314091411,43.58167436080496],[-79.76373856299139,43.58167436080496],[-79.76306483012156,43.581898939323835],[-79.76261567427613,43.58257267180618],[-79.76126820763815,43.581898939323835],[-79.7593089586473,43.582789508603945],[-79.75879785228493,43.58347098306859],[-79.75902243020765,43.58347098306859],[-79.76081905179274,43.58392013887891],[-79.76104362971545,43.58459387216726],[-79.76081905179274,43.58459387216726],[-79.76036989684562,43.58571676114311],[-79.76104362971545,43.58728880604731],[-79.76081905179274,43.58728880604731],[-79.7601453189229,43.58818711720664],[-79.75992074100017,43.58818711720664],[-79.75902243020765,43.587513383142],[-79.75879785228493,43.587513383142],[-79.75822036132138,43.587994628199134],[-79.75745038474865,43.58863627231348],[-79.75722580682593,43.589310006171836],[-79.75879785228493,43.59020831709585],[-79.75902243020765,43.591555783717425],[-79.75879785228493,43.591555783717425],[-79.75812411941509,43.59245409495462],[-79.75789954059407,43.59245409495462],[-79.75700122980152,43.591555783717425],[-79.75700122980152,43.59425071689013],[-79.76126820763815,43.59627191678109],[-79.76147550826302,43.59675562252359],[-79.76194194140632,43.59784396184119],[-79.75924700813037,43.600538895097394],[-79.75745038474865,43.60143720689782],[-79.75655207395609,43.6003143178163],[-79.75879785228493,43.598293117092204],[-79.75876441249848,43.59822623759348],[-79.7585732743622,43.59784396184119],[-79.75655207395609,43.59874227289367],[-79.75587834108626,43.59806853988578],[-79.75520460731813,43.598293117092204],[-79.75475545237101,43.59784396184119],[-79.75408171770455,43.59806853988578],[-79.75385713978184,43.59806853988578],[-79.75340798483474,43.59761938425949],[-79.75183594027403,43.59784396184119],[-79.75116220740422,43.5973948058396],[-79.75023179621331,43.5973948058396],[-79.74981473986793,43.5973948058396],[-79.7495901619452,43.5973948058396],[-79.74981473986793,43.59806853988578],[-79.7506337770316,43.59786378043566],[-79.75071305066047,43.59784396184119],[-79.75138678532694,43.59874227289367],[-79.75161136324964,43.598517694761505],[-79.75183594027403,43.598517694761505],[-79.7529588289893,43.59919142924559],[-79.75389040529512,43.59930787574985],[-79.75475545237101,43.59941600616419],[-79.75491586453131,43.59957641959436],[-79.75587834108626,43.600538895097394],[-79.75610291811067,43.600538895097394],[-79.75520460731813,43.60166178389059],[-79.75318340691202,43.601212629066744],[-79.75250967404217,43.60211093991486],[-79.75183594027403,43.60188636199665],[-79.75161136324964,43.60188636199665],[-79.75116220740422,43.60098805104785],[-79.75003931779062,43.60076347284124],[-79.74981473986793,43.601212629066744],[-79.75026389571335,43.601212629066744],[-79.75071305066047,43.60211093991486],[-79.74981473986793,43.603009251010576],[-79.7495901619452,43.603009251010576],[-79.74734438361638,43.603009251010576],[-79.74689522777095,43.60345840738294],[-79.74755025322499,43.60411343048644],[-79.7475689624374,43.6041321398819],[-79.74779354036012,43.6041321398819],[-79.74904118710204,43.603732897734794],[-79.74946182413214,43.603522578252644],[-79.75003931779062,43.603233829290666],[-79.7501836950231,43.60333008105012],[-79.75022141438356,43.603355227370976],[-79.75088149286108,43.60314400237257],[-79.75340798483474,43.60233551829579],[-79.75432671702862,43.60222527116288],[-79.75495196063605,43.602150241875066],[-79.75902243020765,43.60166178389059],[-79.77620987138587,43.60033968072343],[-79.7799298830123,43.60005352382549],[-79.78040722709305,43.5998745200016],[-79.78103105405728,43.59964058419613],[-79.78125563108166,43.59896685083822],[-79.78103105405728,43.59896685083822],[-79.78035732028911,43.59806853988578],[-79.7801327423664,43.59806853988578],[-79.77766238701317,43.59806853988578],[-79.77721323116774,43.598517694761505],[-79.77698865324504,43.598517694761505],[-79.7763149203752,43.598293117092204],[-79.77586576452977,43.59851769541207],[-79.77541660868435,43.59874227289367],[-79.77491754783162,43.59867573152909],[-79.77204794164027,43.598293117092204],[-79.77137420787211,43.59896685083822],[-79.77070047500227,43.59874227289367],[-79.77070047500227,43.59806853988578],[-79.77070047500227,43.5973948058396],[-79.7729462533311,43.59627191678109],[-79.77339540917654,43.595373605931215],[-79.77406914204637,43.59627191678109],[-79.77496745283891,43.59627191678109],[-79.77519203076162,43.59627191678109],[-79.77609034155417,43.5973948058396],[-79.77968358741929,43.59649649483787],[-79.7801327423664,43.596945651039206],[-79.78035732028911,43.596945651039206],[-79.78103105405728,43.59672107270705],[-79.78080647613456,43.59761938425949],[-79.7817047869271,43.598517694761505],[-79.78404039408939,43.598517694761505],[-79.78417514317863,43.598517694761505],[-79.78484887604847,43.59806853988578],[-79.78484887604847,43.596945651039206],[-79.78442013441787,43.596639409188924],[-79.78327683058947,43.59582276205656],[-79.78305225356507,43.59582276205656],[-79.78417514317863,43.59447529468304],[-79.78439972020304,43.59447529468304],[-79.78462429812575,43.59357698368778],[-79.7819293648498,43.59110662827568],[-79.78260309771963,43.58998373899516],[-79.78237851979692,43.589310006171836],[-79.78215394277251,43.589310006171836],[-79.78125563108166,43.58886085023664],[-79.78058189821184,43.589310006171836],[-79.78080647613456,43.58841169485368],[-79.78035732028911,43.5877379607001],[-79.7807316177253,43.58748842995596],[-79.78103105405728,43.58728880604731],[-79.78118077267241,43.58728880604731],[-79.78125563108166,43.58728880604731],[-79.78133048949091,43.5870642300668],[-79.78144277890142,43.58672736127157],[-79.78148020900437,43.58661507168803],[-79.78136791959385,43.58650278254568],[-79.78103105405728,43.58616591711524],[-79.78080647613456,43.585941338897435],[-79.78080647613456,43.5857916228735],[-79.78080647613456,43.58504302805868],[-79.77923443067554,43.58392013887891],[-79.77945900859827,43.583021827811486],[-79.7801327423664,43.583246405208214],[-79.78091876554507,43.58246038293201],[-79.78103105405728,43.582348093848324],[-79.78099022203432,43.58224601380545],[-79.78058189821184,43.58122520515847],[-79.7817047869271,43.58010231569865],[-79.78125563108166,43.57920400493087],[-79.78103105405728,43.57920400493087],[-79.78035732028911,43.57897942677168]],[[-79.74627140170504,43.60305915751208],[-79.74622149579943,43.603009251010576],[-79.74487402916148,43.603233829290666],[-79.74487402916148,43.60345840673243],[-79.74627140170504,43.60305915751208]],[[-79.67278455729257,43.603009251010576],[-79.67368286808514,43.60211093991486],[-79.6737917582706,43.60207010662314],[-79.67413202393055,43.60166178389059],[-79.67368286808514,43.60076347284124],[-79.67278455729257,43.600538895097394],[-79.671661667679,43.60166178389059],[-79.671661667679,43.60256009583839],[-79.67278455729257,43.603009251010576]],[[-79.69389487034965,43.6003143178163],[-79.6934384659982,43.60011871706225],[-79.69251932956243,43.599724800904674],[-79.69232282489065,43.59964058419613],[-79.69209824696793,43.59964058419613],[-79.69346935007766,43.60015474814311],[-79.69389487034965,43.6003143178163],[-79.69429911312582,43.60112280498544],[-79.69434402529676,43.601212629066744],[-79.69437300135458,43.6012090069627],[-79.69442758838113,43.60120218364144],[-79.69389487034965,43.6003143178163]],[[-79.69724107591837,43.60211093991486],[-79.69725455154595,43.602155859691266],[-79.6972635355971,43.60211093991486],[-79.69724107591837,43.60211093991486]],[[-79.73950287631357,43.59891070740651],[-79.74015789458109,43.598517694761505],[-79.74038247340214,43.59761938425949],[-79.73970873873566,43.59672107270705],[-79.7398237689061,43.59640885744956],[-79.73881042794312,43.59559818408764],[-79.73791211715059,43.59649649483787],[-79.73791211715059,43.59761938425949],[-79.73858585091871,43.598517694761505],[-79.73950287631357,43.59891070740651]],[[-79.74846727322996,43.59245409495462],[-79.74487402916148,43.590432895009144],[-79.74509860708417,43.589759160707146],[-79.74442487331605,43.58886085023664],[-79.74292428793957,43.588646480478204],[-79.74285282875533,43.58863627231348],[-79.74330198370245,43.587513383142],[-79.74330198370245,43.58733372192368],[-79.74330198370245,43.58571676114311],[-79.74240367290993,43.58526760507308],[-79.7417299400401,43.58571676114311],[-79.74152641683101,43.58714142734124],[-79.74150536211737,43.58728880604731],[-79.74128078419466,43.58728880604731],[-79.74066528281648,43.58882758158265],[-79.74018998150473,43.59001582609386],[-79.73993331665838,43.590657472735174],[-79.74136769530008,43.592483065587345],[-79.74136866548059,43.59248338894346],[-79.74330198370245,43.593127827715904],[-79.74420029539333,43.59245409495462],[-79.74779354036012,43.59447529468304],[-79.74801811828284,43.59447529468304],[-79.74869185115267,43.59425071689013],[-79.7491410069981,43.59357698368778],[-79.74846727322996,43.59245409495462]],[[-79.69164909202082,43.598517694761505],[-79.6900321361875,43.59730498646754],[-79.6902695429508,43.597779796624586],[-79.69030162538284,43.59784396184119],[-79.69052620330557,43.59784396184119],[-79.690975359151,43.59818082956959],[-79.6914245140981,43.598517694761505],[-79.69164909202082,43.598517694761505]],[[-79.69840366298266,43.597066558269546],[-79.69883558105612,43.5973948058396],[-79.69892195766396,43.597325704968995],[-79.69840366298266,43.597066558269546]],[[-79.69883558105612,43.595373605931215],[-79.6986110031334,43.594699872939],[-79.69883558105612,43.594699872939],[-79.69906015897882,43.59402613890978],[-79.69838642521067,43.593801562043126],[-79.69838642161743,43.59290324814753],[-79.6977875498518,43.59250400175339],[-79.69757794325162,43.59236426430419],[-79.69703895857272,43.59200493906022],[-79.69681438065001,43.59110662827568],[-79.69771269234084,43.59020831709585],[-79.6986110031334,43.590657472735174],[-79.69862704255279,43.59062539508748],[-79.69863907458772,43.59060133131008],[-79.69906015897882,43.589759160707146],[-79.69816184818629,43.589310006171836],[-79.69772590116878,43.5884381161958],[-79.69763783213496,43.58826197781676],[-79.69748811441814,43.587962538721634],[-79.69658980272729,43.58841169485368],[-79.69591606985745,43.58818711720664],[-79.69546691401202,43.587064228114734],[-79.69554177242127,43.587064228114734],[-79.69569149193474,43.587064228114734],[-79.69658981440539,43.58616591711524],[-79.69712062890677,43.58563510351421],[-79.69756299348863,43.58519273618406],[-79.69816184818629,43.58459387216726],[-79.69950931392593,43.584369293940846],[-79.69771269234084,43.58369556074194],[-79.69681438065001,43.58459387216726],[-79.69703895857272,43.58526760507308],[-79.69681437885338,43.58526760507308],[-79.69667963066243,43.58526760507308],[-79.69658980272729,43.58526760507308],[-79.6965256396598,43.58513927898551],[-79.69636522390626,43.58481845085727],[-79.69614064688186,43.58481845020655],[-79.69614064688186,43.58459387216726],[-79.69614064688186,43.58369556074194],[-79.69591606985745,43.58369556074194],[-79.69546691401202,43.583246405208214],[-79.69465026906197,43.583409733993605],[-79.69459355662144,43.583421076588266],[-79.6945179930347,43.58343618941626],[-79.69451676593602,43.58343643408458],[-79.69456859962621,43.58347098632216],[-79.6952423360893,43.58392013887891],[-79.69569149193474,43.58459387216726],[-79.69546691401202,43.58549218320168],[-79.69456860321948,43.585941338897435],[-79.69425765048557,43.585699489250096],[-79.69402961315069,43.585522128016706],[-79.69254740281337,43.584369293940846],[-79.6914245140981,43.58481845020655],[-79.69052620330557,43.58459387216726],[-79.69007704656183,43.58392013887891],[-79.69018933687065,43.58335869391778],[-79.69007704656183,43.58347098306859],[-79.68788741383656,43.58255863700981],[-79.68715753626148,43.58347098306859],[-79.68655866090258,43.583171546169055],[-79.68648380159502,43.583246405208214],[-79.68653995258848,43.58341485706471],[-79.68666755018975,43.5837976480876],[-79.68670838041606,43.58392013887891],[-79.68677254258522,43.58392013887891],[-79.68684312142047,43.58392013887891],[-79.68693295833876,43.58392013887891],[-79.68837025291188,43.58481845020655],[-79.68839270899736,43.58483248512675],[-79.68872957992386,43.58504302805868],[-79.68895415784655,43.58504302805868],[-79.68888505763827,43.58519850524323],[-79.68872958351712,43.585548326789514],[-79.68805584705402,43.587064228114734],[-79.6878312691313,43.587064228114734],[-79.68715753626148,43.587064228114734],[-79.68713450166096,43.58697209383644],[-79.68713186959718,43.58696156395398],[-79.68693295833876,43.58616591711524],[-79.68670838041606,43.58616591711524],[-79.68625922457063,43.58571676114311],[-79.68468718000993,43.58571676114311],[-79.68446260208722,43.58571676114311],[-79.68414175710538,43.585492172139915],[-79.684443070018,43.58572652733447],[-79.68558549080248,43.58661507168803],[-79.68576515026605,43.58661507168803],[-79.68581006872519,43.58661507168803],[-79.68581006872519,43.58665250330762],[-79.68581006872519,43.58683964999501],[-79.68581006872519,43.5877379607001],[-79.68558549080248,43.5877379607001],[-79.68468718000993,43.58818711720664],[-79.68428657541067,43.58785935490962],[-79.6840195188531,43.587640856347726],[-79.68311513455093,43.586900906641766],[-79.68311513455093,43.587513383142],[-79.68289055842484,43.58886085023664],[-79.68266597960381,43.58886085023664],[-79.68225228026265,43.58910907138394],[-79.68312534210749,43.58884043593011],[-79.68378886921738,43.58863627231348],[-79.68383877602133,43.58868617967547],[-79.68468718000993,43.58953458418378],[-79.68446260208722,43.59020831709585],[-79.68468718000993,43.59020831709585],[-79.68513633585536,43.58998373899516],[-79.68603464664791,43.59088205027379],[-79.68509142188778,43.59198248351974],[-79.68468718000993,43.59245409495462],[-79.68446260208722,43.593801562043126],[-79.68468718000993,43.593801562043126],[-79.68536091287976,43.59402613956038],[-79.68558549080248,43.593801562043126],[-79.68564163460942,43.59383899179598],[-79.68603464664791,43.59357698368778],[-79.68693295833876,43.59447529468304],[-79.68672020134689,43.59543270631485],[-79.68738211418419,43.59559818408764],[-79.68872957992386,43.593801562043126],[-79.68940331369198,43.593352405795535],[-79.6896278907164,43.593352405795535],[-79.69030162538284,43.593801562043126],[-79.69052620330557,43.59492445100745],[-79.69030162538284,43.59492445100745],[-79.68933915421779,43.59620774988808],[-79.69052620330557,43.59531746239964],[-79.69075078032998,43.59514902823784],[-79.69097535825269,43.59425071689013],[-79.69187366904522,43.59425071689013],[-79.69191110184312,43.59425071689013],[-79.69194853194605,43.59425071689013],[-79.69209824696793,43.59425071689013],[-79.69254739652516,43.59380156985032],[-79.69322113568319,43.593127827715904],[-79.69333267949203,43.59321260395425],[-79.69415695563042,43.59383907181992],[-79.694666409991,43.59422626550523],[-79.69598079886357,43.5952252099871],[-79.6965897389469,43.5956880027545],[-79.69814244547445,43.596868038916114],[-79.69793727026357,43.596047339837895],[-79.6986110031334,43.595373605931215],[-79.69883558105612,43.595373605931215]],[[-79.68909235916145,43.59660014786768],[-79.68906195568064,43.59657734468487],[-79.68895415784655,43.59672107270705],[-79.68940330560714,43.59683336035151],[-79.68909389528058,43.59660129937905],[-79.68909235916145,43.59660014786768]],[[-79.67486991447797,43.59444321646784],[-79.67444647650082,43.594250746167006],[-79.67480575680038,43.59447529468304],[-79.67486991447797,43.59444321646784]],[[-79.67188624560171,43.59425071689013],[-79.67211082442275,43.59357698368778],[-79.67233540144714,43.59357698368778],[-79.67269816900667,43.593456061638626],[-79.67263482879596,43.59342727039093],[-79.67197608252003,43.593127837474995],[-79.67148199653737,43.59290325009935],[-79.6714370897563,43.59290325009935],[-79.67079544021684,43.59370531455798],[-79.67188624560171,43.59425071689013]],[[-79.67435660185326,43.59088205027379],[-79.67368286808514,43.58953458418378],[-79.67480575680038,43.58886085023664],[-79.67480575680038,43.58807482904489],[-79.67480575680038,43.587513383142],[-79.67390744600783,43.587064228114734],[-79.67377619944989,43.58718089328881],[-79.67217498928687,43.588604192287264],[-79.67255997936986,43.589759160707146],[-79.67233540144714,43.589759160707146],[-79.671661667679,43.590432895009144],[-79.67233540144714,43.59133120609026],[-79.67218568283201,43.59163064469212],[-79.673233713138,43.59222951677583],[-79.67413202393055,43.59178036115723],[-79.67435660185326,43.59088205027379]],[[-79.67932538491237,43.588327477927564],[-79.67929731255973,43.58841169485368],[-79.67952189138076,43.58841169485368],[-79.68012076763796,43.588910760665684],[-79.68047304377325,43.589204323565966],[-79.68064478009602,43.58886085023664],[-79.67952189138076,43.587962538721634],[-79.67974646930347,43.58728880604731],[-79.67967161089422,43.58728880604731],[-79.67932538491237,43.588327477927564]],[[-79.6806565983319,43.58935728565171],[-79.68086935801873,43.58953458418378],[-79.6811347688627,43.589452920022346],[-79.6806565983319,43.58935728565171]],[[-79.64942846590668,43.58504302805868],[-79.64987762175211,43.58392013887891],[-79.6488295914461,43.58317154812118],[-79.64808100016701,43.58392013887891],[-79.64864244362633,43.58466873204058],[-79.64875473303684,43.58459387216726],[-79.64942846590668,43.58504302805868]],[[-79.66171063401809,43.5834167063937],[-79.66137600708318,43.58369556074194],[-79.66142529135462,43.58369556074194],[-79.66155566744506,43.58369556074194],[-79.66294489226901,43.58238150078361],[-79.66290313408304,43.582348093848324],[-79.66299777429316,43.5821588163805],[-79.66335229262341,43.581449782749814],[-79.66290313408304,43.581449782749814],[-79.6628871800036,43.581449782749814],[-79.66267855616033,43.581449782749814],[-79.66245397823761,43.581449782749814],[-79.66245397823761,43.58173050730273],[-79.66245397823761,43.581806529689175],[-79.66245397823761,43.5826902579972],[-79.66245397823761,43.58279725022769],[-79.66171063401809,43.5834167063937]],[[-79.71320856002501,43.58369556074194],[-79.71305883871493,43.58374546829611],[-79.71365771856537,43.58399500089143],[-79.71320856002501,43.58369556074194]],[[-79.71253482625686,43.57212980543909],[-79.71253482715518,43.571343782522604],[-79.71231024923249,43.57179293768554],[-79.71253482625686,43.57212980543909]],[[-79.75468059126682,43.570295753799584],[-79.75418740090446,43.56967926530059],[-79.75408171770455,43.56999631515961],[-79.75468059126682,43.570295753799584]],[[-79.75425015092202,43.56949101607579],[-79.75475545237101,43.56932258188882],[-79.75430629562726,43.56932258188882],[-79.75425015092202,43.56949101607579]],[[-79.74083162834923,43.56662764894611],[-79.74071933983701,43.56659021919616],[-79.74101128960942,43.567076803480376],[-79.74083162834923,43.56662764894611]],[[-79.72832619116046,43.566793127150746],[-79.72847984978644,43.566178493015435],[-79.72758153899392,43.5652801821722],[-79.72668322730306,43.5655047599998],[-79.72651479678053,43.56570687880807],[-79.72642410286946,43.565815712032055],[-79.72668322730306,43.565729336990145],[-79.72803069394101,43.566852226306395],[-79.72832619116046,43.566793127150746]],[[-79.66875610552007,43.576431656351325],[-79.66984778227079,43.575391937082074],[-79.6694680293659,43.57551852158214],[-79.66851757855764,43.57583533830434],[-79.66873805926434,43.57638654100846],[-79.66875610552007,43.576431656351325]],[[-79.64291570974122,43.59178036115723],[-79.64224197687139,43.59222951677583],[-79.64156824400155,43.59200493906022],[-79.64134366607885,43.59200493906022],[-79.64156824400155,43.593801562043126],[-79.64096360954338,43.594406196315134],[-79.64179282102594,43.59492445100745],[-79.64336486558665,43.59425071689013],[-79.64397734952377,43.59498570137791],[-79.64448775520022,43.59559818408764],[-79.64471233312292,43.59559818408764],[-79.64493691104565,43.59559818408764],[-79.64561064391549,43.596047339837895],[-79.64578339623282,43.596738349894814],[-79.64583522183818,43.596945651039206],[-79.6462843767853,43.596945651039206],[-79.64695811055346,43.59582276205656],[-79.64673353263072,43.59582276205656],[-79.64641271190342,43.595983172705424],[-79.6462843767853,43.596047339837895],[-79.64561064391549,43.59514902823784],[-79.64538606599277,43.59514902823784],[-79.6456748096779,43.59457154353908],[-79.64605979886258,43.593801562043126],[-79.64538606599277,43.59357698368778],[-79.64516148807006,43.59245409495462],[-79.6442631772775,43.59178036115723],[-79.64471233312292,43.58908542797257],[-79.6444428385377,43.58863627231348],[-79.6442631772775,43.58863627231348],[-79.64448775520022,43.58953458418378],[-79.64403859935479,43.59020831709585],[-79.6426911327168,43.59020831709585],[-79.64314028766394,43.59088205027379],[-79.64291570974122,43.59178036115723]],[[-79.64212969105412,43.59818082696738],[-79.64202749421582,43.598419284578824],[-79.64179282102594,43.59896685083822],[-79.64156824400155,43.59907913949611],[-79.64144347699175,43.59914152278841],[-79.64156824400155,43.599359866404235],[-79.64224197597306,43.600538895097394],[-79.64297651041458,43.60068580189094],[-79.64313610690459,43.600717721302395],[-79.64493691104565,43.59896685083822],[-79.6450038058899,43.59891906887913],[-79.64493691104565,43.598517694761505],[-79.64471233312292,43.598517694761505],[-79.6442631772775,43.59806853988578],[-79.64366430641019,43.59806853988578],[-79.64336486738327,43.59806853988578],[-79.64224197687139,43.59806853988578],[-79.64212969105412,43.59818082696738]],[[-79.64017585351453,43.598817128832046],[-79.63934813233702,43.59835728501419],[-79.63948794253459,43.59870681279923],[-79.6396219020047,43.59904171170156],[-79.63977162061984,43.59941600616419],[-79.63973419051689,43.59949086711923],[-79.63969676221059,43.599565725379],[-79.63975023173293,43.59955503116173],[-79.6404453552863,43.59941600616419],[-79.6404453552863,43.59904171300261],[-79.64017585351453,43.598817128832046]],[[-79.599123040863,43.59829311774271],[-79.60002135255387,43.597394806490136],[-79.60024592957828,43.59717022918379],[-79.60114424126913,43.59784396184119],[-79.60141373046449,43.59770921747453],[-79.60204255206166,43.5973948058396],[-79.60294086285421,43.59806853988578],[-79.6030333363279,43.59760617397871],[-79.60271628493149,43.5973948058396],[-79.60249170790712,43.5973948058396],[-79.60249170790712,43.59627191678109],[-79.60159339621624,43.59627191678109],[-79.60114424126913,43.59514902823784],[-79.6006950854237,43.59514902823784],[-79.6006950854237,43.59559818408764],[-79.599123040863,43.59649649483787],[-79.59867388501758,43.5973948058396],[-79.59847426049684,43.59744471244443],[-79.5988984629403,43.59829311774271],[-79.5990332102329,43.59829311774271],[-79.599123040863,43.59829311774271]],[[-79.604962062362,43.596945651039206],[-79.60541121910576,43.5973948058396],[-79.60698326276813,43.5973948058396],[-79.60608495197559,43.596945651039206],[-79.604962062362,43.596945651039206]],[[-79.68670838041606,43.60368298528731],[-79.68808682186334,43.60540604335283],[-79.68841517137105,43.60581647487021],[-79.68850500289946,43.60570418512657],[-79.68819059344833,43.60528497725173],[-79.68794094354602,43.60495211202984],[-79.6878312691313,43.60503045071933],[-79.68738209531956,43.60420697740565],[-79.68715753626148,43.60390756170279],[-79.68720244573748,43.603877622132096],[-79.6868938995902,43.60331195165018],[-79.68670838041606,43.60368298528731]],[[-79.67345829016242,43.60592876180233],[-79.67235268862648,43.60731077337313],[-79.67384619797345,43.605983205511826],[-79.67390744600783,43.60592876180233],[-79.67368286808514,43.60592876180233],[-79.67345829016242,43.60592876180233]],[[-79.69883558105612,43.60435671787311],[-79.69849871372288,43.60424442865707],[-79.69843133917827,43.60422197052851],[-79.6986110031334,43.60435671787311],[-79.69883558105612,43.60435671787311],[-79.69896843020854,43.604233360589845],[-79.69950931392593,43.603731120584406],[-79.69950931482427,43.603682985937795],[-79.69896190484633,43.604230395010994],[-79.69883558105612,43.60435671787311]],[[-79.7493655849208,43.61258188791752],[-79.7493655849208,43.61266609626576],[-79.7495901619452,43.61266609626576],[-79.7495901619452,43.61245556411727],[-79.7493655849208,43.61258188791752]],[[-79.74540339018873,43.617703056700776],[-79.74554776203128,43.61828054113948],[-79.74509860708417,43.61895427475422],[-79.74373161197023,43.6188175753006],[-79.74352656162517,43.61895427475422],[-79.74285282875533,43.61872969728791],[-79.74285282875533,43.62030174079635],[-79.74307740577973,43.62030174079635],[-79.74420029539333,43.62030174079635],[-79.74430627503727,43.62039258129362],[-79.74644607282384,43.620526318894115],[-79.74711980659197,43.61917885203207],[-79.74836362291752,43.61876424747179],[-79.74846727322996,43.61850511898274],[-79.74801811828284,43.61850511898274],[-79.7475689624374,43.61760680777958],[-79.74554776203128,43.61760680777958],[-79.74540339018873,43.617703056700776]],[[-79.70233899629113,43.61836139097657],[-79.70287798097003,43.61760680777958],[-79.7025682149106,43.61721960327159],[-79.70197967017748,43.61648391876319],[-79.70085678056392,43.616708496813196],[-79.70069896812807,43.61718193377748],[-79.7006322026412,43.617382229832856],[-79.69950931392593,43.6178313861882],[-79.69928473690155,43.6178313861882],[-79.69838642521067,43.616708496813196],[-79.69658980272729,43.61715765169768],[-79.69636522480457,43.61715765169768],[-79.69614064688186,43.6178313861882],[-79.6972635355971,43.61917885203207],[-79.6971951863804,43.61921790872301],[-79.69673952134242,43.61947828991583],[-79.69608450397321,43.619852585986315],[-79.69569149193474,43.62007716316045],[-79.69546691401202,43.62164920785489],[-79.69614064418691,43.62232294208972],[-79.69711382686344,43.62329612340963],[-79.69721708012051,43.623399375210354],[-79.6972635355971,43.623445830009146],[-79.69771269234084,43.623445830009146],[-79.69805897850985,43.623709675131956],[-79.69812593713448,43.623760692039426],[-79.69831731242598,43.6239065049294],[-79.69865598357632,43.624164544991515],[-79.69918961788937,43.62457112961144],[-79.69930868868195,43.62466185116144],[-79.69948120923397,43.62479329682967],[-79.69950931392593,43.62479329682967],[-79.6996986410586,43.62495896045071],[-79.69995243578761,43.62515232806119],[-79.70005601782808,43.6252312477844],[-79.70242882602291,43.627039075154805],[-79.70332713681546,43.62658991995957],[-79.70355171473818,43.62569160795391],[-79.70242882602291,43.62479329682967],[-79.70226404715203,43.624298962839326],[-79.70225502357499,43.624271893315985],[-79.70202633406325,43.62358582301057],[-79.70200774792,43.62353006476209],[-79.70197967017748,43.623445830009146],[-79.7006322026412,43.623445830009146],[-79.6999982669351,43.623002079153316],[-79.69991779675026,43.622945750062094],[-79.69938566621697,43.622573259596166],[-79.69928859426737,43.62250530939936],[-79.69838642521067,43.62187378612175],[-79.70010138454656,43.61973008899229],[-79.70018304769408,43.61962800797333],[-79.70175509225476,43.61917885203207],[-79.70233899629113,43.61836139097657]],[[-79.69636522480457,43.62546703094364],[-79.69748811441814,43.624344141760865],[-79.69735297725668,43.62407386951074],[-79.69734991220494,43.624067738724314],[-79.69732226385712,43.62401244261799],[-79.69707597724727,43.62351986836792],[-79.69555673565897,43.62411958247618],[-79.6943358227799,43.624601527725076],[-79.68872957992386,43.62681449667626],[-79.68423802416451,43.62681449667626],[-79.68341457357783,43.627637948512884],[-79.68333971337195,43.627712808157185],[-79.68375432001156,43.62874932377909],[-79.68378886921738,43.62883569683575],[-79.68363915689046,43.62891055303767],[-79.68333971337195,43.62906027491515],[-79.68311513455093,43.62906027491515],[-79.68289055842484,43.62973400932045],[-79.68296799859222,43.629850171074054],[-79.6829971839575,43.629893949169464],[-79.68311513365262,43.63007087401615],[-79.68333971337195,43.63018316377912],[-79.68326485406439,43.63029545398251],[-79.68333971337195,43.630407742025454],[-79.68446260208722,43.63063232008284],[-79.68592828162669,43.630021645989935],[-79.68508347808573,43.62903603924676],[-79.68491175793264,43.62883569683575],[-79.68557067309187,43.62883569683575],[-79.68558549080248,43.62883569683575],[-79.68648380159502,43.62883569683575],[-79.68693295833876,43.62838654206096],[-79.68805584705402,43.62861111986792],[-79.69479082396289,43.626062762986685],[-79.69583159857635,43.62566894845085],[-79.69636522480457,43.62546703094364]],[[-79.70534833722157,43.629509431157544],[-79.7075809031292,43.630883322111096],[-79.7075941146521,43.63085689795131],[-79.70534833722157,43.629509431157544],[-79.70467460435175,43.62861111986792],[-79.7045623131446,43.62872341235807],[-79.70534833722157,43.629509431157544]],[[-79.673233713138,43.63063232008284],[-79.67385129770932,43.630014740109594],[-79.67278083108079,43.63075583388558],[-79.673233713138,43.63063232008284]],[[-79.6972635355971,43.61221694100286],[-79.6973617888313,43.61213272487125],[-79.69697479370859,43.611874727478614],[-79.69636522480457,43.612890674265316],[-79.69614064778017,43.612890674265316],[-79.69595690188038,43.612951922605944],[-79.69591606985745,43.61311525207658],[-79.69681438065001,43.6137889850312],[-79.69681438065001,43.61513645171012],[-79.69748811441814,43.61558560793112],[-79.69838643060059,43.61536103284145],[-79.69950931392593,43.61423814091045],[-79.6986110031334,43.612890674265316],[-79.69816184728798,43.61266609691617],[-79.6972635355971,43.61221694100286]],[[-79.6880558452574,43.612890674915654],[-79.6876066912086,43.61244151872846],[-79.6869329601354,43.613339832951496],[-79.68697787320465,43.613369774966934],[-79.6880558452574,43.612890674915654]],[[-79.69006522742762,43.61260700240372],[-79.69007704656183,43.61266609626576],[-79.6911999361754,43.61221694100286],[-79.69209824696793,43.61244151872846],[-79.69209824696793,43.61181270080464],[-79.69187366904522,43.61176778498707],[-79.6914245140981,43.61221694100286],[-79.69052620330557,43.611992363089094],[-79.69006522742762,43.61260700240372]],[[-79.64875473303684,43.627937385880486],[-79.64875473303684,43.627712808157185],[-79.64866490240675,43.627937385880486],[-79.64875473303684,43.627937385880486]],[[-79.65571664504773,43.6259161860759],[-79.65556116823161,43.62586436078006],[-79.65549206712502,43.62614076400917],[-79.65510707704203,43.62639742440585],[-79.65571664504773,43.626702208422785],[-79.65571664504773,43.6259161860759]],[[-79.63934953460719,43.623302459764076],[-79.63889751133937,43.62296037240263],[-79.6388733098273,43.62299667527728],[-79.6393545490031,43.6233175040512],[-79.63947937620004,43.62340072259379],[-79.63934953460719,43.623302459764076]],[[-79.66537349033457,43.62120005270624],[-79.66550183353753,43.62116796728021],[-79.66627180112711,43.62097547517418],[-79.66674737283181,43.620420645592944],[-79.66761926776509,43.619403429771786],[-79.66784384478949,43.619403429771786],[-79.66801851500996,43.61929862788478],[-79.66717011191967,43.61828054113948],[-79.6660472232044,43.61917885203207],[-79.66557164790648,43.619020327402666],[-79.66537349033457,43.61895427475422],[-79.66497504798019,43.61909916412986],[-79.66290313408304,43.619852585986315],[-79.66200482329049,43.61872969728791],[-79.66303146920116,43.6178313861882],[-79.66110651159963,43.6178313861882],[-79.6610166800712,43.61787630202942],[-79.6608819336769,43.618055963107714],[-79.66072152241495,43.61802388120654],[-79.66002853864858,43.61837037276765],[-79.66110651159963,43.61872969728791],[-79.66110651159963,43.619852585986315],[-79.66059560017167,43.62008839349286],[-79.66155566744506,43.62030174079635],[-79.66582264528168,43.61962800797333],[-79.6660472232044,43.62007716316045],[-79.66537349033457,43.62120005270624],[-79.66439773757803,43.62136267760591],[-79.66447517864373,43.62142463004968],[-79.66537349033457,43.62120005270624]],[[-79.63955962180604,43.62008435177002],[-79.63954704269713,43.62007716316045],[-79.63954940706294,43.62009371504001],[-79.63955144713695,43.62009184472728],[-79.63955962180604,43.62008435177002]],[[-79.66360182035483,43.61733232480926],[-79.66380144487557,43.61715765169768],[-79.66368915636338,43.61715765169768],[-79.66360182035483,43.61733232480926]],[[-79.66537348943625,43.612890674915654],[-79.66492433359083,43.61244151872846],[-79.66453132334897,43.61260995261047],[-79.66447517864373,43.612890674265316],[-79.66469975566812,43.612890674265316],[-79.66553390339318,43.61372482056087],[-79.66582264528168,43.61333982969953],[-79.66537348943625,43.612890674915654]],[[-79.62881458972338,43.60925014963194],[-79.62591900515231,43.609089284575035],[-79.62572555744745,43.609166663687766],[-79.62684817576981,43.61019574080907],[-79.62697068710995,43.61019574080907],[-79.6278689979025,43.60997116315299],[-79.62809357582522,43.60997116315299],[-79.62881458972338,43.60925014963194]],[[-79.67113766420411,43.63662107274044],[-79.67121251183359,43.63669591989587],[-79.67168654382586,43.63645890455909],[-79.67113766420411,43.63662107274044]],[[-79.65196968845436,43.642556569996835],[-79.65156594963305,43.64276721581632],[-79.65200362411083,43.642584850174245],[-79.65196968845436,43.642556569996835]],[[-79.61641553103057,43.63153063107301],[-79.6157417963641,43.631081475630786],[-79.61529264231531,43.63153063107301],[-79.61506806439259,43.63153063107301],[-79.61484348557157,43.6322043637942],[-79.61548176014051,43.63305539643146],[-79.61619095310785,43.63287809806516],[-79.61664010895328,43.6322043637942],[-79.61641553103057,43.63153063107301]],[[-79.71028904882635,43.63534845268637],[-79.71058848336169,43.63542331182937],[-79.7096153150582,43.63445014219819],[-79.70908341898522,43.63434376323947],[-79.71028904882635,43.63534845268637]],[[-79.72623407235594,43.53653422400417],[-79.72915358265628,43.53451302389101],[-79.72990216764715,43.534887317070385],[-79.729378160579,43.53451302389101],[-79.73005189434713,43.533165557284946],[-79.729378160579,43.53249182376307],[-79.7291507394884,43.531695853929996],[-79.72892900473357,43.53159351284958],[-79.72578491561218,43.53136893498436],[-79.72387600731153,43.53213249878901],[-79.72353913818168,43.53226724598656],[-79.72286538285397,43.53294101002149],[-79.72129335985285,43.53451302389101],[-79.72353913818168,43.53563591274053],[-79.72556033768947,43.53406386822761],[-79.72645865027864,43.5349621801164],[-79.72600949443321,43.53586049099697],[-79.72623407235594,43.53653422400417]],[[-79.73006165903428,43.535001240022716],[-79.73027647226985,43.53586049099697],[-79.73037204133799,43.535793593590704],[-79.73050105019256,43.53563591274053],[-79.73059730198032,43.53563591274053],[-79.73077553581753,43.53551114993722],[-79.73006165903428,43.535001240022716]],[[-79.67750069007633,43.55584791450965],[-79.67794984592176,43.556072491692966],[-79.67806213353563,43.556072491692966],[-79.67772526799905,43.555847913858635],[-79.67750069007633,43.55584791450965],[-79.67727611305193,43.55450044815581],[-79.6763432557485,43.55434497178384],[-79.67570406759293,43.55562333714033],[-79.67592864641395,43.55562333714033],[-79.67615322433666,43.55562333714033],[-79.67637780225938,43.556072491692966],[-79.67705153512921,43.55562333714033],[-79.67750069007633,43.55584791450965]],[[-79.61624995984562,43.54954938759025],[-79.61551721933972,43.54950359126492],[-79.61559207864728,43.54955973585303],[-79.61584039634802,43.549745974980695],[-79.6161756035946,43.54999737966928],[-79.61619095310785,43.55000889197712],[-79.61655027832319,43.549829232142784],[-79.61653943925097,43.54980755453484],[-79.61641553103057,43.54955973585303],[-79.61624995984562,43.54954938759025]],[[-79.62921646543877,43.54506817999627],[-79.63236055366184,43.54327155809732],[-79.63280970950726,43.5437207148477],[-79.63303428742998,43.54282240190736],[-79.63595379862865,43.54125035786685],[-79.63595379862865,43.53967831320834],[-79.63797499903475,43.538780001898076],[-79.63707668824222,43.53833084675928],[-79.63595379862865,43.53900458016638],[-79.63505548783608,43.538780001898076],[-79.63438175406796,43.53945373614711],[-79.63325886535269,43.539229158249384],[-79.63127220696589,43.541083391908984],[-79.63078850999948,43.54237324692909],[-79.6296656212842,43.542597824836534],[-79.62809357582522,43.5439452909913],[-79.62809357582522,43.54439444728002],[-79.62921646543877,43.54506817999627]],[[-79.6220299764035,43.54237324692909],[-79.62225455342788,43.541474936050086],[-79.62292828719603,43.541025780149376],[-79.62366024167605,43.5412919467477],[-79.62539864165095,43.54192409120923],[-79.62629695424012,43.54125035786685],[-79.62719526503265,43.541474936050086],[-79.62740770851252,43.541248335334295],[-79.62741086339578,43.54124497008996],[-79.63056393207675,43.53788169087941],[-79.63146224286929,43.53743253490985],[-79.63159618616974,43.53747718255408],[-79.63599937375628,43.533404228767694],[-79.63617837655134,43.533165557284946],[-79.63595379862865,43.53271640200584],[-79.63415717614524,43.53159351284958],[-79.63325886535269,43.53181809118106],[-79.63146224286929,43.5333901349726],[-79.62921646543877,43.53181809118106],[-79.62854273167065,43.533165557284946],[-79.62831815374793,43.533165557284946],[-79.62741984295538,43.53361471312639],[-79.62674610918722,43.53361471312639],[-79.62607237631741,43.532940980063536],[-79.62472490878112,43.5333901349726],[-79.62385868131894,43.532523906978646],[-79.62360202006586,43.533165557284946],[-79.62298853899875,43.5333408382496],[-79.6220299764035,43.53361471312639],[-79.62068250886719,43.533165557284946],[-79.62090708678991,43.533839291095155],[-79.62045793094448,43.53451302389101],[-79.6186613093594,43.53451302389101],[-79.6186613093594,43.535186756974596],[-79.62135624173703,43.537207957949626],[-79.62225455342788,43.53630964630319],[-79.62394549360968,43.53694374911171],[-79.6240511759113,43.536983380152996],[-79.62697068710995,43.53563591274053],[-79.62809357582522,43.53586049099697],[-79.62854273167065,43.53675880217118],[-79.62809357582522,43.53743253490985],[-79.62719526503265,43.53765711298723],[-79.62741984295538,43.538780001898076],[-79.62629695424012,43.5400900420514],[-79.62607237631741,43.540352047187305],[-79.6240511759113,43.54057662480961],[-79.62337744214315,43.54012746872845],[-79.62337744214315,43.539229158249384],[-79.6233025846322,43.539229158249384],[-79.62304058199643,43.539229158249384],[-79.62292828719603,43.539229158249384],[-79.62200956129033,43.539596649807244],[-79.62068250886719,43.54012746872845],[-79.62067155211568,43.540176772927126],[-79.62023335302176,43.54214866883628],[-79.6220299764035,43.54237324692909]],[[-79.62391297459641,43.53238817238515],[-79.62463757636583,43.53151865278573],[-79.62494948670384,43.53114435693412],[-79.62583844783089,43.53086363498641],[-79.62779414847638,43.53024604614018],[-79.62878977915355,43.5299316345595],[-79.62921646543877,43.52979688995917],[-79.63033932810289,43.528898606640844],[-79.63071365159021,43.52859914723764],[-79.63146224286929,43.528000268260215],[-79.631686820792,43.528000268260215],[-79.63146224286929,43.52710195688212],[-79.63056393207675,43.52777569004161],[-79.63033935415405,43.52777569004161],[-79.6298901983086,43.5273265350039],[-79.62952270830564,43.52738778314135],[-79.62854273167065,43.52755111228949],[-79.62809357582522,43.528000268260215],[-79.62876730869503,43.528898579286086],[-79.62831815374793,43.52979688995917],[-79.62584779839469,43.52979688995917],[-79.62494948670384,43.53047062427888],[-79.62346727277324,43.5308748650357],[-79.62382659619195,43.53159351284958],[-79.6240511759113,43.53204266802505],[-79.62391297459641,43.53238817238515]],[[-79.61955962015195,43.53002146781649],[-79.62023335302176,43.52912315723167],[-79.62098194519918,43.5294974539034],[-79.62158081965975,43.5293477349924],[-79.62090708678991,43.52844942414286],[-79.62158081965975,43.52755111228949],[-79.62135624173703,43.52687737922688],[-79.62113166381431,43.52687737922688],[-79.62158081965975,43.52597906806076],[-79.62135624173703,43.52597906806076],[-79.62113166381431,43.52597906806076],[-79.62090708678991,43.52530533502576],[-79.61798757469295,43.52822484629396],[-79.61736566653016,43.52794844394441],[-79.61731384182312,43.528000268260215],[-79.61619095310785,43.52755111228949],[-79.61614213236712,43.527404649701786],[-79.61596637518514,43.5273265350039],[-79.61596637518514,43.52710195688212],[-79.61596637518514,43.52687737922688],[-79.61574179726242,43.52710195688212],[-79.61551722023803,43.52710195688212],[-79.61506806439259,43.52687737922688],[-79.61461890764885,43.52755111228949],[-79.6141055923292,43.52767944123331],[-79.61390268805935,43.52784852721],[-79.61484348557157,43.52822484629396],[-79.61551722023803,43.52777569004161],[-79.61664010895328,43.528000268260215],[-79.61708926390041,43.52867400115563],[-79.61664010895328,43.52979688995917],[-79.61821215261564,43.5293477349924],[-79.61955962015195,43.53002146781649]],[[-79.61028455616591,43.529976552181665],[-79.6101273518895,43.5293477349924],[-79.60945361901967,43.528898579286086],[-79.60922904109695,43.528898579286086],[-79.60945361901967,43.52957231321955],[-79.60967819694238,43.52957231321955],[-79.61028455616591,43.529976552181665]],[[-79.61915537917241,43.525664658988255],[-79.61843673143669,43.52530533502576],[-79.61813729330808,43.52538019433399],[-79.6188858863838,43.52575449013293],[-79.61915537917241,43.525664658988255]],[[-79.61757852413336,43.52562348921232],[-79.61777482129432,43.52547081206962],[-79.61753841974584,43.52552991202042],[-79.61757852413336,43.52562348921232]],[[-79.61987402960307,43.52539516605424],[-79.61967191046078,43.52552991202042],[-79.61978419807467,43.52552991202042],[-79.61987402960307,43.52539516605424]],[[-79.64913478238579,43.52646277768958],[-79.64917180375528,43.52649239427318],[-79.64920388888228,43.526428224013344],[-79.64913478238579,43.52646277768958]],[[-79.63707668824222,43.52552991202042],[-79.63842415488018,43.52485617917971],[-79.63873039864538,43.524447855149724],[-79.63842415488018,43.52463160097958],[-79.63752584318932,43.52418244597925],[-79.63730126796156,43.523284135065154],[-79.63617837655134,43.5244070232461],[-79.63595379862865,43.5244070232461],[-79.6368521103195,43.52552991202042],[-79.63707668824222,43.52552991202042]],[[-79.64605979886258,43.52305955687502],[-79.64614962949268,43.52350871176795],[-79.64620951657942,43.52350871176795],[-79.6462843767853,43.52350871176795],[-79.64713777181365,43.52222861857465],[-79.64657805671294,43.52236854742727],[-79.64650895470803,43.522385823150735],[-79.64605979886258,43.52305955687502]],[[-79.65369544374332,43.52395786787637],[-79.6539948800753,43.52470646112386],[-79.65409469278482,43.524955992747415],[-79.65414459958875,43.52508075719509],[-79.65435514313177,43.52525621146499],[-79.65392002166602,43.52373329024019],[-79.6532462887962,43.52373329024019],[-79.65369544374332,43.52395786787637]],[[-79.63969676131227,43.52425730472684],[-79.63954704269713,43.52395786787637],[-79.63934288168419,43.524080365067825],[-79.63969676131227,43.52425730472684]],[[-79.64583522183818,43.52036462308306],[-79.6455181695435,43.51988904549238],[-79.64561064391549,43.52081377914954],[-79.64583522183818,43.52036462308306]],[[-79.64493691104565,43.51811884470818],[-79.6446674155621,43.51802901326763],[-79.64498681784957,43.518268565432784],[-79.64493691104565,43.51811884470818]],[[-79.64381402233039,43.516322223058964],[-79.64516148807006,43.5151993342359],[-79.64514485396593,43.515157748858215],[-79.64381402233039,43.516322223058964],[-79.64336486558665,43.51789426683323],[-79.6434646800928,43.51789426683323],[-79.64381402233039,43.516322223058964]],[[-79.65818700040099,43.51317813381704],[-79.65818700040099,43.51227982192728],[-79.65886073416911,43.511830666831536],[-79.65953446703894,43.51205524512301],[-79.66110651159963,43.510034044945],[-79.66133108862402,43.510034044945],[-79.66200482329049,43.50980946695059],[-79.66208221944044,43.50990621270305],[-79.66212898393748,43.509964668575144],[-79.66220381629559,43.51005820931932],[-79.6622294012132,43.510034044945],[-79.66216675360361,43.50992963245525],[-79.66212730947778,43.509863893336984],[-79.66155566744506,43.508911155737955],[-79.66170538695852,43.50853686033992],[-79.66020819990878,43.50913573316577],[-79.65998362288437,43.50913573316577],[-79.65930988911622,43.508911155737955],[-79.65908531209182,43.508911155737955],[-79.6586361562464,43.508237421698716],[-79.65908531209182,43.50733911119609],[-79.65773784455553,43.50666537785283],[-79.65728868871011,43.50711453294743],[-79.65773784455553,43.50778826714125],[-79.65728868871011,43.50868657812615],[-79.6570641107874,43.50868657812615],[-79.65639037791757,43.508911155737955],[-79.65549206712502,43.50846199967871],[-79.65212340008095,43.50980946695059],[-79.65279713295077,43.51025862210377],[-79.65279713295077,43.511606089007344],[-79.65302171087347,43.511606089007344],[-79.65347086671892,43.51227982192728],[-79.65302171087347,43.51317813381704],[-79.65392002166602,43.51362728930794],[-79.65414459958875,43.51452560003288],[-79.65481833335687,43.51430102311665],[-79.65549206712502,43.51475017806773],[-79.65632621305345,43.51461115335826],[-79.65639037791757,43.51452560003288],[-79.65704369747088,43.51428060634048],[-79.65796242337657,43.51317813381704],[-79.65818700040099,43.51317813381704]],[[-79.62023335302176,43.52485617917971],[-79.62018843725757,43.52476634799996],[-79.62008363440663,43.525080758497786],[-79.62023335302176,43.52485617917971]],[[-79.62000877509905,43.52261040124347],[-79.62017476310231,43.52194645141228],[-79.61978419807467,43.522385823150735],[-79.62023335302176,43.52305955687502],[-79.61978419807467,43.52395786787637],[-79.62005369086326,43.524362107989894],[-79.62068250886719,43.52373329024019],[-79.62090708678991,43.52373329024019],[-79.62000877509905,43.52261040124347]],[[-79.6009196633464,43.535186756974596],[-79.60072716965239,43.53557174699862],[-79.6022671299844,43.535186756974596],[-79.6009196633464,43.535186756974596]],[[-79.6550429112796,43.6674630779755],[-79.6547734193893,43.66768765593343],[-79.65534234761157,43.66768765593343],[-79.6550429112796,43.6674630779755]]],[[[-79.65106845274724,43.72654013725415],[-79.65077593344296,43.726302459991295],[-79.65055135462194,43.726302459991295],[-79.65055135462194,43.725179570879924],[-79.65077593344296,43.725179570879924],[-79.65122508928839,43.724056682143114],[-79.65077593344296,43.72226005975187],[-79.65055135462194,43.72226005975187],[-79.64987762175211,43.721810903850546],[-79.6496530438294,43.721810903850546],[-79.64875473303684,43.722484637089046],[-79.64875473303684,43.72113717082613],[-79.6501021996748,43.7200142822793],[-79.64968512626146,43.71918013662372],[-79.6496530438294,43.719115971092315],[-79.64926804386492,43.71901972104319],[-79.64875473303684,43.71889139281424],[-79.64880463804415,43.71884148836364],[-79.6496530438294,43.7179930823218],[-79.6496530438294,43.71642103723147],[-79.64875473303684,43.71552272606311],[-79.64853015511413,43.71552272606311],[-79.64740726639887,43.71574730398147],[-79.64808100016701,43.7137261029341],[-79.6496530438294,43.713950681092555],[-79.64987762175211,43.713950681092555],[-79.65077593344296,43.71282779227328],[-79.65055135462194,43.71282779227328],[-79.65032677759753,43.71215405888224],[-79.64920388888228,43.7119294811336],[-79.64927298909056,43.71172218174544],[-79.64875473303684,43.71215405888224],[-79.64875473303684,43.713052369902265],[-79.64853015511413,43.713052369902265],[-79.64740726639887,43.713950681092555],[-79.64673353263072,43.71350152588197],[-79.64650895470803,43.712378637087944],[-79.64673353263072,43.712378637087944],[-79.6476318443216,43.710582013852196],[-79.64785642224432,43.710582013852196],[-79.64740726639887,43.70990828118843],[-79.64758505736665,43.70937490999641],[-79.64725754688543,43.7092345480941],[-79.64695811055346,43.7092345480941],[-79.6462843767853,43.70990828118843],[-79.64403859935479,43.709683702816655],[-79.64561064391549,43.71125574803311],[-79.64583522183818,43.71125574803311],[-79.64493691104565,43.712378637087944],[-79.6426911327168,43.71148032570903],[-79.63954704269713,43.7092345480941],[-79.6386487319046,43.710132858718715],[-79.63842415488018,43.710132858718715],[-79.63797499903475,43.71125574803311],[-79.6368521103195,43.7119294811336],[-79.63572922070593,43.711704903192775],[-79.63505548783608,43.71282779227328],[-79.63460633199068,43.71282779227328],[-79.63415717614524,43.71439983683253],[-79.6352800648605,43.71529814795239],[-79.63483090991339,43.71619645924103],[-79.63393259912084,43.71642103723147],[-79.63146224286929,43.71484899180325],[-79.63101308702386,43.71574730398147],[-79.62899188661775,43.716645615029556],[-79.62831815374793,43.71642103723147],[-79.6278689979025,43.71552272606311],[-79.6296656212842,43.713950681092555],[-79.62876730869503,43.7137261029341],[-79.62831815374793,43.713052369902265],[-79.62854273167065,43.71260321510142],[-79.62764441997977,43.71215405888224],[-79.62741984295538,43.71215405888224],[-79.62741984295538,43.71103117016501],[-79.62921646543877,43.710582013852196],[-79.63033935415405,43.71125574803311],[-79.63146224286929,43.71080659210469],[-79.63159698477203,43.71080659210469],[-79.63078850999948,43.710357436706204],[-79.6298901983086,43.710357436706204],[-79.62899188661775,43.7092345480941],[-79.6278689979025,43.70990828118843],[-79.62719526503265,43.709009969795325],[-79.62629695424012,43.70878539195376],[-79.62539864165095,43.70990828118843],[-79.62517406462653,43.70990828118843],[-79.62382659798858,43.70990828118843],[-79.62180539758246,43.7092345480941],[-79.6220299764035,43.70856081392009],[-79.62113166381431,43.70766250311156],[-79.62090708678991,43.70766250311156],[-79.61933504222922,43.708336235694354],[-79.61955962015195,43.70788708126413],[-79.6186613093594,43.70698877009903],[-79.61785282740031,43.7070786009122],[-79.6186613093594,43.70788708126413],[-79.61843673143669,43.70856081392009],[-79.6220299764035,43.70945912490209],[-79.62292828719603,43.710357436706204],[-79.6224791313506,43.71125574803311],[-79.62045793094448,43.711704903192775],[-79.61978419807467,43.71103117016501],[-79.6186613093594,43.71103117016501],[-79.61664010895328,43.70945912490209],[-79.61596637518514,43.70945912490209],[-79.61911046430652,43.71484899180325],[-79.6188858863838,43.71574730398147],[-79.61884158596555,43.7157768378571],[-79.61836942875728,43.71496634464674],[-79.61751324176504,43.7134965801167],[-79.61654222851993,43.71182959566218],[-79.61636831647756,43.711531028469864],[-79.61574147566556,43.710454841558246],[-79.61453816437617,43.70838887426437],[-79.6140561813953,43.70755691360099],[-79.61405543669194,43.70755562589915],[-79.61339821395872,43.706421119288656],[-79.61291428792191,43.705585746682665],[-79.61289899410417,43.70555934564798],[-79.6128828603617,43.70553147502642],[-79.61270985561774,43.70523286931682],[-79.61244629530329,43.70477788728922],[-79.61107946008947,43.70241814281655],[-79.6108317334802,43.70199044929952],[-79.61026106611955,43.70100516883952],[-79.61020232797807,43.7009037474154],[-79.60915715521297,43.69909904512872],[-79.60880063274134,43.698483369990704],[-79.608608502865,43.69815051237669],[-79.60850919321203,43.69797845972824],[-79.60840988445737,43.69780640658604],[-79.60695442235593,43.695286352211944],[-79.60559120465777,43.692921276948],[-79.60549927466485,43.692761883591814],[-79.60500799142585,43.69191001915009],[-79.6045124618505,43.691050761779344],[-79.60403685331492,43.69023517165506],[-79.60300093948548,43.688457173295845],[-79.60294211330908,43.68835621133559],[-79.60258256441327,43.68773907216215],[-79.60247811639685,43.68756212748204],[-79.602378402502,43.687393174173664],[-79.6018686516974,43.68652949653534],[-79.60169814876151,43.686240991033465],[-79.60165628187939,43.68617004217006],[-79.60080665708031,43.684732902157656],[-79.60034160105435,43.68395293478943],[-79.6002648031824,43.6838241326081],[-79.59944103279548,43.6824425191903],[-79.60316544077692,43.68340810118685],[-79.60451290831323,43.68250979029239],[-79.60586037405288,43.68250979029239],[-79.60630952989831,43.68161147893988],[-79.6081061523817,43.6804885898369],[-79.6081061523817,43.679590278755306],[-79.60922904109695,43.67914112271864],[-79.61035192981223,43.68026401170322],[-79.61013342180588,43.68113804477586],[-79.6101273518895,43.68116232309203],[-79.61017513417778,43.681133653745924],[-79.61125024060475,43.6804885898369],[-79.61246296084843,43.68089283069782],[-79.6132714419092,43.68116232309203],[-79.61390306625007,43.680741240288135],[-79.61394517477902,43.68071316777955],[-79.61399907369606,43.68073113416058],[-79.61433016486203,43.680841498490366],[-79.61461890764885,43.68093774618097],[-79.61491834128587,43.681312039483004],[-79.61529264231531,43.68177991517015],[-79.61551722023803,43.682060635323005],[-79.61529264231531,43.68250979224132],[-79.61506806439259,43.68295894579693],[-79.61619094053144,43.68352038479911],[-79.61641553103057,43.68363267924487],[-79.61643594794036,43.683734766516764],[-79.61664010895328,43.68475556796763],[-79.61725259199208,43.684959729421415],[-79.61731384182312,43.68498014617822],[-79.61776299677022,43.685878457109105],[-79.61821215261564,43.68599074649122],[-79.61955962015195,43.68632761337636],[-79.62000877509905,43.68542930072673],[-79.62068250886719,43.68520472419764],[-79.62180539758246,43.686103035013545],[-79.6220299764035,43.686103035013545],[-79.6224791313506,43.68655219024878],[-79.62210741477423,43.68642828513221],[-79.62180539758246,43.68632761272675],[-79.62113166381431,43.686776768229244],[-79.62090708678991,43.68767507888839],[-79.62068250886719,43.68767507888839],[-79.62023335302176,43.68767507888839],[-79.61911046430652,43.68722592426606],[-79.61821215261564,43.686103035013545],[-79.61792340982883,43.68603887044775],[-79.61749878787212,43.68594450959763],[-79.61619095310785,43.68565387901351],[-79.61596637518514,43.68475556796763],[-79.61529264231531,43.68430641292193],[-79.61439433062445,43.68453099021551],[-79.61372059685631,43.68565387901351],[-79.6130468639865,43.68565387901351],[-79.61035192981223,43.68475556796763],[-79.6081061523817,43.68475556796763],[-79.6081061523817,43.68430641292193],[-79.60720784069083,43.68385725711178],[-79.60630952989831,43.68498014617822],[-79.60406375156948,43.68498014617822],[-79.60388166126475,43.68510153963108],[-79.60339001869964,43.68542930072673],[-79.60316544077692,43.686103035013545],[-79.60339001869964,43.686103035013545],[-79.60361459572404,43.686776768229244],[-79.60496206326032,43.68722592426606],[-79.60586037405288,43.687001346018455],[-79.60675868574373,43.68812423469449],[-79.6078815753573,43.68745050232243],[-79.6078815753573,43.687001346018455],[-79.61080108565766,43.687001346018455],[-79.61102566358036,43.687001346018455],[-79.61057650773495,43.68767507888839],[-79.60945361901967,43.68722592426606],[-79.60855530822714,43.68812423469449],[-79.60922904109695,43.69014543512252],[-79.61035192981223,43.69014543512252],[-79.61057650773495,43.69014543512252],[-79.6099027748651,43.69261579093837],[-79.6078815753573,43.695310724176096],[-79.6081061523817,43.69620903627097],[-79.60855530822714,43.696545903571675],[-79.60855530822714,43.69598445788509],[-79.6101273518895,43.69306494611953],[-79.61035192981223,43.69306494611953],[-79.61192397527122,43.68767507888839],[-79.6132714419092,43.686776768229244],[-79.61372059685631,43.68722592426606],[-79.61529264231531,43.68722592426606],[-79.61574179726242,43.68812423469449],[-79.61461890764885,43.68924712378554],[-79.61461890764885,43.69059459126691],[-79.61405746329122,43.69104374794489],[-79.61551722023803,43.691492901908724],[-79.61349601893359,43.69194205705557],[-79.6130468639865,43.693514101833884],[-79.61394518016891,43.69508614957048],[-79.61731384182312,43.691717480227396],[-79.61753841974584,43.691717480227396],[-79.6186613093594,43.691717480227396],[-79.61911046430652,43.69261579093837],[-79.61798757469295,43.694187834943584],[-79.61708926390041,43.69463699069158],[-79.61731384182312,43.69508614697245],[-79.61753841974584,43.69508614697245],[-79.61978419807467,43.69620903627097],[-79.62113166381431,43.69486156892779],[-79.6224791313506,43.69441241291337],[-79.62337744214315,43.695310724176096],[-79.62315286511874,43.69620903627097],[-79.62180539758246,43.69688276897995],[-79.62270370927331,43.6982302357189],[-79.62427575293567,43.69890396909882],[-79.62607237631741,43.697556501912885],[-79.62697068710995,43.69800565775871],[-79.62697068710995,43.699353125242396],[-79.6245003308584,43.701598902898596],[-79.62472490878112,43.701598902898596],[-79.63033935415405,43.70182347973931],[-79.63101308702386,43.701149746693396],[-79.63056393207675,43.70025143587828],[-79.6296656212842,43.70070059101993],[-79.6294410433615,43.70070059101993],[-79.62876730869503,43.69980227996964],[-79.62854273167065,43.69980227996964],[-79.62876730869503,43.69912854694176],[-79.63033935415405,43.69800565775871],[-79.63033935415405,43.69665819116894],[-79.62854273167065,43.69778108025638],[-79.62764441997977,43.697556501912885],[-79.62719526503265,43.69688276897995],[-79.62876730869503,43.69463699069158],[-79.62854273167065,43.69463699069158],[-79.62584779839469,43.69239121273584],[-79.62562321957367,43.691717480227396],[-79.62652153126452,43.69081916905201],[-79.62674610918722,43.69081916905201],[-79.62764441997977,43.691492901908724],[-79.62854273167065,43.691492901908724],[-79.62876730869503,43.691492901908724],[-79.6296656212842,43.69306494611953],[-79.63078850999948,43.69239121273584],[-79.63191139781641,43.69261579093837],[-79.63256107020968,43.69348201995114],[-79.63258513158456,43.693514101833884],[-79.63236055366184,43.69508614697245],[-79.64032846380658,43.70090057943409],[-79.6388733098273,43.699577702052395],[-79.64156824400155,43.701598902898596],[-79.64246655479411,43.70204805768713],[-79.64336486558665,43.70137432521664],[-79.64403859935479,43.70092516927726],[-79.6442631781758,43.70070059166938],[-79.64448775609853,43.70047601451916],[-79.64493691104565,43.70002685769509],[-79.64298143677561,43.69968177549981],[-79.64201739894867,43.69980227996964],[-79.64128154578032,43.699381794323756],[-79.64111908815613,43.699353125242396],[-79.64096936864267,43.69920340711819],[-79.6404453552863,43.69890396909882],[-79.63954704269713,43.69800565775871],[-79.63932246567272,43.69800565775871],[-79.63932246567272,43.69688276897995],[-79.63954704269713,43.69688276897995],[-79.64058009988398,43.69646954624876],[-79.6406699323107,43.696433613166256],[-79.64095065314204,43.69665819116894],[-79.64111908815613,43.69679293977505],[-79.6412313748717,43.69688276897995],[-79.64179282102594,43.69733192467669],[-79.64179282102594,43.69688276897995],[-79.64246655479411,43.696433613166256],[-79.6426911327168,43.696433613166256],[-79.6442631772775,43.69778108025638],[-79.64538606599277,43.69733192467669],[-79.64561064391549,43.69733192467669],[-79.64697308097766,43.698110461344484],[-79.64718268757785,43.6982302357189],[-79.64830557719141,43.69715841938335],[-79.65212340008095,43.693514101833884],[-79.65255225220432,43.693406888925026],[-79.65459375633246,43.691492901908724],[-79.65529556245325,43.691071819516615],[-79.65571664504773,43.690370013290384],[-79.65594122207214,43.690370013290384],[-79.65654009922766,43.68992085676334],[-79.65683953376299,43.68969628016147],[-79.6568652013256,43.68970911424634],[-79.65773784455553,43.69014543512252],[-79.65796242337657,43.69014543512252],[-79.65796242337657,43.69126832404815],[-79.65773784455553,43.69126832404815],[-79.65751327022608,43.691557066486084],[-79.65666223327537,43.692651259944604],[-79.65648021393756,43.69288528263204],[-79.65616579999487,43.69328952374772],[-79.65661495584027,43.693514101833884],[-79.65751326663283,43.692840368949476],[-79.65841157832368,43.69373867972865],[-79.6570641107874,43.69598445788509],[-79.65728868871011,43.69598445788509],[-79.65841157832368,43.69688276897995],[-79.65886073416911,43.69778108025638],[-79.6586361562464,43.6986793910642],[-79.65796242337657,43.69912854694176],[-79.65773784455553,43.69912854694176],[-79.65728868871011,43.69890396909882],[-79.65549206712502,43.69800565775871],[-79.65496804568383,43.69740678254993],[-79.65459375633246,43.69733192467669],[-79.65446743523724,43.69695296345913],[-79.65440373210717,43.696761854011804],[-79.65425096910154,43.69658726631858],[-79.65367116497613,43.696239384496536],[-79.65359744293569,43.69633153776427],[-79.65279713295077,43.69733192467669],[-79.65257255592635,43.69733192467669],[-79.65077593344296,43.697556501912885],[-79.64987762534538,43.698454815435824],[-79.64897931095956,43.699353125242396],[-79.6532462887962,43.702946368858804],[-79.65302171087347,43.70406925772766],[-79.65234797800365,43.70474299173346],[-79.65212340187757,43.704787906891454],[-79.65189882215823,43.704967569784486],[-79.65122508928839,43.704967569784486],[-79.65122508928839,43.706090459108424],[-79.6496530438294,43.70698877009903],[-79.64987762175211,43.70698877009903],[-79.65043906071983,43.707381780698654],[-79.65189882215823,43.70811165922463],[-79.65302171087347,43.70743792476693],[-79.65279713295077,43.70631503600763],[-79.6532462887962,43.70564130278582],[-79.65436917840977,43.70564130278582],[-79.65616579999487,43.70856081392009],[-79.65481833335687,43.710357436706204],[-79.65571664504773,43.710132858718715],[-79.65683953376299,43.709009969795325],[-79.65773784455553,43.70945912490209],[-79.65796242337657,43.70945912490209],[-79.65796242337657,43.71148032570903],[-79.65773784455553,43.71148032570903],[-79.65751326663283,43.71215405888224],[-79.65683953376299,43.71215405888224],[-79.65661495584027,43.71215405888224],[-79.65661495584027,43.71260321510142],[-79.65683953376299,43.71260321510142],[-79.6570641107874,43.71327694798827],[-79.65818700040099,43.713052369902265],[-79.6586361562464,43.71350152588197],[-79.65886073416911,43.71350152588197],[-79.65908531209182,43.71417525905872],[-79.6586361562464,43.71484899180325],[-79.65975904496166,43.71574730398147],[-79.65771613497007,43.7188116930528],[-79.6570641107874,43.71978970412212],[-79.65751326663283,43.720463436717594],[-79.65746694680182,43.72064871844282],[-79.65595424494882,43.721986453583455],[-79.65602751154339,43.72206738067958],[-79.65588725488313,43.722190423363394],[-79.6552674892023,43.722035482222125],[-79.6555613730475,43.72247630773914],[-79.65487274072038,43.723080415669074],[-79.65367492352726,43.72414200146511],[-79.65250096379148,43.725217571246596],[-79.65133238496425,43.72629644740194],[-79.65106845274724,43.72654013725415]],[[-79.63236055366184,43.70945912490209],[-79.63123766494657,43.709009969795325],[-79.63213597573913,43.70945912490209],[-79.63236055366184,43.70945912490209]],[[-79.6298901983086,43.7092345480941],[-79.62876730869503,43.70811165922463],[-79.62854273167065,43.70811165922463],[-79.6298901983086,43.7092345480941]],[[-79.63954704269713,43.70743792476693],[-79.64111908815613,43.70676419182768],[-79.64246655479411,43.704967569784486],[-79.64381402233039,43.704967569784486],[-79.6442631772775,43.70429383570508],[-79.64403859935479,43.703620103145404],[-79.64516148807006,43.70227263609252],[-79.6442631772775,43.70137432521664],[-79.64336486648496,43.70159890354804],[-79.64291570974122,43.70227263609252],[-79.64274103952074,43.70222273014155],[-79.6426911327168,43.70227263609252],[-79.64246655479411,43.70227263609252],[-79.64246655479411,43.70214430577093],[-79.64212968476593,43.702048057037686],[-79.64134366607885,43.70182347973931],[-79.64089818703788,43.70141850513802],[-79.63999619944087,43.701598902898596],[-79.63954704269713,43.70249721430606],[-79.63999619944087,43.703170947146205],[-79.6388733098273,43.70384468085721],[-79.63879164578144,43.70417133943921],[-79.6388733098273,43.70429383570508],[-79.63954704269713,43.704518414139926],[-79.6406699323107,43.70406925772766],[-79.64022077736358,43.704967569784486],[-79.63842415488018,43.70631503600763],[-79.6386487319046,43.70721334687962],[-79.63954704269713,43.70766250311156],[-79.63954704269713,43.70743792476693]],[[-79.62764441997977,43.70631503600763],[-79.62831815374793,43.70519214699417],[-79.62854273167065,43.70519214699417],[-79.62854273167065,43.704967569784486],[-79.6294410433615,43.70541672531068],[-79.62963353795384,43.70528839587484],[-79.62854273167065,43.70474299173346],[-79.62849995479512,43.704753686069175],[-79.62769170010982,43.704955750078916],[-79.62764441997977,43.70519214699417],[-79.62751609114986,43.70528839392668],[-79.62719526503265,43.706090459108424],[-79.62831815374793,43.70698877009903],[-79.62764441997977,43.70631503600763]],[[-79.61574179726242,43.70429383570508],[-79.61506806439259,43.702946368858804],[-79.61484348557157,43.702946368858804],[-79.61574179726242,43.70429383570508]],[[-79.61529264231531,43.70137432521664],[-79.61484348557157,43.70070059101993],[-79.61372059685631,43.70070059101993],[-79.6135572678663,43.70119057891955],[-79.61527502814921,43.70143597434324],[-79.61529264231531,43.70137432521664]],[[-79.61349601893359,43.69553530183767],[-79.6126449891694,43.69510978767487],[-79.61259770814105,43.695310724176096],[-79.6132714419092,43.69553530183767],[-79.61349601893359,43.69553530183767]],[[-79.63194348923162,43.71099909440811],[-79.63258513158456,43.71148032570903],[-79.63280971040558,43.71148032570903],[-79.63194348923162,43.71099909440811]]],[[[-79.63752584318932,43.73483641569139],[-79.63662753239679,43.73348894880928],[-79.63752584318932,43.73259063780351],[-79.63977162061984,43.73326437183428],[-79.6404453552863,43.73259063780351],[-79.63999619944087,43.73101859406274],[-79.6388733098273,43.73191690528079],[-79.63662753239679,43.73191690528079],[-79.63662753239679,43.73281521600687],[-79.63550464278322,43.73348894880928],[-79.63440827143683,43.73348894880928],[-79.63404258165771,43.7332190197586],[-79.63401455601748,43.733244151316676],[-79.63303428742998,43.73259063780351],[-79.63325886535269,43.73326437183428],[-79.63280971040558,43.7339381047764],[-79.63033935415405,43.73438726126923],[-79.63002317681841,43.73486153099287],[-79.62997104668418,43.73477272842172],[-79.62991174619731,43.73467169516679],[-79.6298524349307,43.7345706617414],[-79.62979312815564,43.73446962814557],[-79.62969495846475,43.734302384933386],[-79.62969301181553,43.734299066183404],[-79.62957053191644,43.734090425939314],[-79.62956133226962,43.73407475382697],[-79.62945784095898,43.73389846775672],[-79.62945636412867,43.7338959506045],[-79.62919942619446,43.733458259846444],[-79.62919781282022,43.7334555115997],[-79.62901305092585,43.73314076187042],[-79.62831681435983,43.73195464237998],[-79.62710504094046,43.7299030051784],[-79.62635634276187,43.72863535882008],[-79.62525989865193,43.72675894437018],[-79.62511658053319,43.72650404302654],[-79.62500153868466,43.72631678776453],[-79.62495990087292,43.726245529276376],[-79.62458127176046,43.72559750672243],[-79.62445435328553,43.725380281304446],[-79.62442071317476,43.72532269793833],[-79.6241589737454,43.72487837284729],[-79.62338186365098,43.72355907521338],[-79.62360202006586,43.7233829490554],[-79.62292828719603,43.72158632593552],[-79.62300310338448,43.72158632593552],[-79.62315286511874,43.72158632593552],[-79.624275753834,43.72158632593552],[-79.62384352404516,43.72309913152145],[-79.62382659798858,43.72315837119049],[-79.62391630285452,43.723230135183215],[-79.62494948670384,43.724056682143114],[-79.62607237631741,43.722709214882705],[-79.62629695424012,43.722709214882705],[-79.62674610918722,43.72293379313294],[-79.62719526503265,43.722484637089046],[-79.62741984295538,43.722484637089046],[-79.62764441997977,43.72136174782788],[-79.63011477623132,43.72293379313294],[-79.63033935415405,43.72293379313294],[-79.63056393207675,43.72383210420715],[-79.63123766494657,43.72428125988644],[-79.63078850999948,43.72540414895789],[-79.63123766494657,43.726077882035256],[-79.63280971040558,43.726302459991295],[-79.63460633199068,43.725853303886424],[-79.6352800648605,43.726527037754494],[-79.63550464278322,43.726527037754494],[-79.63640295357575,43.72540414895789],[-79.63707668824222,43.72540414895789],[-79.63662753239679,43.726077882035256],[-79.6368521103195,43.72697619270256],[-79.6388733098273,43.72764992692418],[-79.63999619944087,43.72720077118563],[-79.64022077736358,43.72562872684312],[-79.64134366607885,43.725853303886424],[-79.64246655479411,43.72473041479487],[-79.6426911327168,43.72473041479487],[-79.64538606599277,43.726527037754494],[-79.64561064391549,43.726527037754494],[-79.64538606599277,43.72697619270256],[-79.6442631772775,43.72675161597414],[-79.64358944440768,43.72720077118563],[-79.64336486558665,43.72922197080223],[-79.64358944440768,43.72922197080223],[-79.64381402233039,43.729895705079535],[-79.64448775520022,43.73012028170419],[-79.64583522183818,43.728772815816534],[-79.64695811055346,43.728772815816534],[-79.6476318443216,43.72787450417958],[-79.64897931095956,43.72742534882677],[-79.64959207157781,43.72789222663265],[-79.64890560239387,43.728510520859714],[-79.64875473303684,43.72854823803432],[-79.64870797123474,43.72868852354078],[-79.64472978559228,43.73227148780495],[-79.64474155891239,43.73227978139044],[-79.644239379109,43.73272081777394],[-79.64303550008435,43.73377891783926],[-79.64183330540087,43.734838002030564],[-79.64161616552872,43.735031551324475],[-79.6404453552863,43.73483641569139],[-79.63932246567272,43.73595930485736],[-79.63752584318932,43.73483641569139]]]]}},{"type":"Feature","properties":{"FromBreak":6.0,"SUM_Shape_":0.0,"SUM_Analys":385.97700094,"Shape_Leng":936609.128559,"Shape_Area":367189408.926,"Drive_Time":"6 - 8"},"geometry":{"type":"MultiPolygon","coordinates":[[[[-79.61889802621654,43.486454332393116],[-79.61895329506441,43.48637479142147],[-79.61911046430652,43.486453376259675],[-79.61868449128362,43.48662376591502],[-79.61872874409114,43.48659731882326],[-79.61889802621654,43.486454332393116]]],[[[-79.61822271410844,43.48663239129602],[-79.6183440747067,43.486631809926884],[-79.61843695242226,43.48664861292695],[-79.61850264352402,43.486677215362135],[-79.61854867140255,43.48667809393279],[-79.61798757469295,43.486902531818295],[-79.61776299677022,43.48757626475991],[-79.6186613093594,43.48847457604226],[-79.61821215261564,43.48847457604226],[-79.61776299677022,43.48892373221326],[-79.61708926390041,43.48869915389349],[-79.61674872245766,43.487677531471746],[-79.61684302130797,43.48764043592751],[-79.61689505981408,43.48760372358871],[-79.61730173612635,43.48739995207285],[-79.61735953193508,43.48729612611746],[-79.61740475671975,43.48718137203845],[-79.61744026622463,43.48710484703842],[-79.61746575053093,43.487072722073336],[-79.61753335414593,43.487003967160724],[-79.6176714952737,43.48688936308243],[-79.61782401753084,43.486776869177774],[-79.61791650447924,43.48672434792239],[-79.61810539413236,43.486665557354],[-79.61822271410844,43.48663239129602]]],[[[-79.60496206326032,43.50733911119609],[-79.60383917364676,43.50688995516635],[-79.60406375156948,43.50621622202227],[-79.60361459572404,43.505542489177124],[-79.60293528880787,43.505372661762244],[-79.60299981299809,43.50510971823652],[-79.60300576793013,43.50507169775931],[-79.60361459572404,43.50486875467642],[-79.6042883303905,43.50531791075977],[-79.60473748533762,43.50711453294743],[-79.60496206326032,43.50711453294743],[-79.60496206326032,43.50733911119609]]],[[[-79.73342056139124,43.533165557284946],[-79.73297140644411,43.53271640200584],[-79.73229767177764,43.532940980063536],[-79.7311747830624,43.53181809118106],[-79.73109739320067,43.53143114420747],[-79.73138653843274,43.53155202278567],[-79.73189869133242,43.53177086877665],[-79.73261335414153,43.53208884102316],[-79.7334817034244,43.53249459228674],[-79.73391784268136,43.532702720949956],[-79.73395473918504,43.532720415731475],[-79.73342056139124,43.533165557284946]]],[[[-79.58521532183765,43.550361993612604],[-79.58523787673779,43.55036099421846],[-79.58558558943145,43.550556786610734],[-79.58552821762751,43.550601408910325],[-79.58519153265227,43.550408196855905],[-79.58518551932977,43.55039236476984],[-79.58519117602111,43.550376450644755],[-79.58521532183765,43.550361993612604]]],[[[-79.64448775520022,43.55068262509593],[-79.64381402233039,43.55090720329878],[-79.64403859935479,43.55068262509593],[-79.64448775520022,43.55068262509593]]],[[[-79.58058551535608,43.55064320033305],[-79.57931157941738,43.54991223982781],[-79.57929945485597,43.54988725608467],[-79.57930848382289,43.54986335246712],[-79.57996147099955,43.54926085629174],[-79.57998293354832,43.549253811573244],[-79.58000170115123,43.54925318067374],[-79.58098780878807,43.54939832970612],[-79.58106902457462,43.54943285134032],[-79.58115635968484,43.549353446082975],[-79.58102349346441,43.549279850333114],[-79.58100572658473,43.54927753378046],[-79.58099456142406,43.54926587744365],[-79.58098848701611,43.54922867976126],[-79.58099802892106,43.54920885231684],[-79.58105663590851,43.54912954442705],[-79.58102969094156,43.549104538873706],[-79.58098898378445,43.5490772916244],[-79.58096484695109,43.549053838887666],[-79.58152175301991,43.549363231193546],[-79.58227970564256,43.54978431368239],[-79.58241640587262,43.549725728412206],[-79.58243690991898,43.549716940812054],[-79.58256553249798,43.549661817261764],[-79.58260984818759,43.54964282529404],[-79.58386972818704,43.549854988086786],[-79.5838827097412,43.54990220414205],[-79.58394704079363,43.549897677861026],[-79.58397548684543,43.54990283829018],[-79.58404519521315,43.549934686318544],[-79.58462696485242,43.55026285102741],[-79.5846382315227,43.55025114084207],[-79.58467707377729,43.55025029640132],[-79.58473652607941,43.55028371007419],[-79.58473733186821,43.550312756340155],[-79.58471859660465,43.550330026663914],[-79.58452548397139,43.550233470086155],[-79.58272886238632,43.550458046707305],[-79.58224214258897,43.551593728777775],[-79.58058551535608,43.55064320033305]]],[[[-79.58058984703237,43.5521479066288],[-79.58068212287667,43.552055631031564],[-79.58073547831297,43.55208640694107],[-79.58061866229174,43.55216428448601],[-79.58058984703237,43.5521479066288]]],[[[-79.6245003308584,43.55360213700721],[-79.6245003308584,43.55337755908086],[-79.62494948670384,43.55315298096872],[-79.62517406462653,43.55315298096872],[-79.6245003308584,43.55360213700721]]],[[[-79.6245003308584,43.55360213700721],[-79.624275753834,43.554725025803734],[-79.6240511759113,43.554275870321966],[-79.6240511759113,43.55405129230224],[-79.62427575293567,43.553826714096616],[-79.62427575293567,43.55360213700721],[-79.6245003308584,43.55360213700721]]],[[[-79.56053133990044,43.56288383758861],[-79.56053232265735,43.56288315280409],[-79.56064829875379,43.563115104878904],[-79.56056688264296,43.56306514767824],[-79.56053441663029,43.56303184849628],[-79.56050983872412,43.562994910571454],[-79.56050339870184,43.56292635019226],[-79.56053133990044,43.56288383758861]]],[[[-79.55744998552525,43.56334324095491],[-79.5572057039551,43.563218113036704],[-79.55712864377507,43.563220975836515],[-79.5570271009103,43.563261192365985],[-79.55693733226396,43.5633089713882],[-79.55703668234112,43.562812223539495],[-79.55739686365092,43.562545394273215],[-79.55749760521846,43.56249761529636],[-79.55758675851884,43.5624628323076],[-79.55775504171763,43.56238926818928],[-79.55799864146648,43.562369499102786],[-79.55834215812946,43.56234786115641],[-79.55855798466467,43.56236765824053],[-79.55861043100589,43.562377345549656],[-79.55866584987243,43.562381659988446],[-79.55894238275789,43.56247252220521],[-79.55908598115101,43.562528965209395],[-79.55916495204764,43.56257433959213],[-79.5593508071917,43.562702097985266],[-79.55946947823402,43.562797848253986],[-79.55950786504273,43.56283649826219],[-79.55869903813058,43.56348355870233],[-79.55760172265484,43.56348355870233],[-79.557587961363,43.56348111576449],[-79.55752250022994,43.563443888451324],[-79.55748026414022,43.56336318872784],[-79.55744998552525,43.56334324095491]]],[[[-79.54459334658627,43.58494141653267],[-79.54460745193286,43.58478146838096],[-79.5449997920315,43.58504302805868],[-79.54459334658627,43.58494141653267]]],[[[-79.55308459275767,43.58908542797257],[-79.55263543691224,43.58863627231348],[-79.55241085988783,43.58863627231348],[-79.55218628196512,43.58863627231348],[-79.55353374770476,43.5877379607001],[-79.55443206029395,43.58886085023664],[-79.55398290444852,43.58841169485368],[-79.55330917068036,43.58908542797257],[-79.55308459275767,43.58908542797257]]],[[[-79.55241085988783,43.59110662827568],[-79.55241085988783,43.59088205027379],[-79.55263543691224,43.59088205027379],[-79.55375832562748,43.59110662827568],[-79.55241085988783,43.59110662827568]]],[[[-79.55241085988783,43.59110662827568],[-79.5519617040424,43.59200493906022],[-79.55263543691224,43.59290325009935],[-79.55375832562748,43.593127827715904],[-79.55398290444852,43.593127827715904],[-79.55488121524108,43.59245409495462],[-79.55420748237124,43.593127827715904],[-79.55465663731836,43.59447529468304],[-79.55333741101796,43.59557465122217],[-79.55326520982531,43.59553800324834],[-79.55314337761155,43.595521734119735],[-79.5527857340424,43.59544860203241],[-79.55240473786918,43.59540953315778],[-79.55202390069773,43.59538760911407],[-79.55165401848119,43.59536024227001],[-79.55128231448123,43.59535442994495],[-79.55091152047467,43.59533784067889],[-79.55054263269314,43.595298797105166],[-79.55033304855083,43.5952851803495],[-79.54949134779085,43.59492445100745],[-79.54904219284374,43.59425071689013],[-79.54926676986814,43.593352405795535],[-79.5499405036363,43.59290325009935],[-79.55128797117257,43.593127827715904],[-79.55106339324986,43.59222951677583],[-79.5519617040424,43.59110662827568],[-79.55218628196512,43.59110662827568],[-79.55241085988783,43.59110662827568]]],[[[-79.56785955074821,43.61609684620163],[-79.56785977712366,43.61609501803801],[-79.56790672667368,43.61625934117518],[-79.5678312493252,43.61633481917163],[-79.56783627899247,43.61625477955816],[-79.56784560620004,43.61620956854327],[-79.56785955074821,43.61609684620163]]],[[[-79.72971865351272,43.639245970657534],[-79.72915358265628,43.638492542865265],[-79.72960273940004,43.637594231269134],[-79.73050105019256,43.637369653872156],[-79.73252224970037,43.638717119966046],[-79.73268266186065,43.638717119966046],[-79.7331959825702,43.638717119966046],[-79.73386971723667,43.63804338679558],[-79.7353039925721,43.63797819240832],[-79.73495265966787,43.63829766373354],[-79.73382813961204,43.639320161183406],[-79.7337949881848,43.6393503041464],[-79.7330661212144,43.639761765846046],[-79.73293859727498,43.63983376293498],[-79.73273565976746,43.63994833126887],[-79.73261278820291,43.64001769587203],[-79.73256464209695,43.64004486622105],[-79.73251244638567,43.64007431581259],[-79.73249578263714,43.640083714974985],[-79.73191861237216,43.640409338030494],[-79.73189936417056,43.64042019725939],[-79.73189307686188,43.64042374419105],[-79.72982731732276,43.63939085403352],[-79.72971865351272,43.639245970657534]]],[[[-79.59463148510366,43.64320867618058],[-79.59395775133554,43.64320867618058],[-79.59305943964466,43.64433156525973],[-79.59216112885211,43.64388240993652],[-79.59133619514692,43.64401989876794],[-79.59133111517401,43.64399037960391],[-79.59130844888274,43.643853129277076],[-79.59130627855302,43.64373380083772],[-79.59132243295676,43.64365251382972],[-79.59133900777209,43.64355367499849],[-79.59134372572396,43.64348440288645],[-79.59130390430572,43.64343754168298],[-79.59128399943566,43.64342745332636],[-79.59123650909986,43.643403396369195],[-79.59119058362927,43.64337897016521],[-79.59114394399802,43.6433585860597],[-79.5910912326538,43.64333272579202],[-79.59103569790462,43.643321391241216],[-79.59098090696048,43.64330495886899],[-79.59091564166015,43.643291473893356],[-79.5908854933009,43.64328525665812],[-79.59083795894765,43.64327579298992],[-79.590808111524,43.64326781472251],[-79.59069413597571,43.64323148508704],[-79.59059342405259,43.64320740529904],[-79.59049541426181,43.64315476282623],[-79.59038862703243,43.6430910418399],[-79.59030978100161,43.64304715309539],[-79.59023087119043,43.643016748058905],[-79.59014496709644,43.64298792722689],[-79.59011532628533,43.64298587625704],[-79.59002678563597,43.64297668037044],[-79.58991418271343,43.64297716142208],[-79.58981355972351,43.64298305105405],[-79.58972388090869,43.64299151366119],[-79.58960059791572,43.64299629492314],[-79.58949868674169,43.642994483179194],[-79.58939232531374,43.64301776541749],[-79.58933727834976,43.643033296872325],[-79.58918556188142,43.64300780245379],[-79.58900577216214,43.642911430229475],[-79.58875340216116,43.642803344210286],[-79.5885695287006,43.64268260042707],[-79.58842066887487,43.64252671987588],[-79.58832043844873,43.64239432747435],[-79.5882355314847,43.64225900878198],[-79.58817614386128,43.64214373886874],[-79.58813160808444,43.642013492838174],[-79.58809905134191,43.641881742236365],[-79.58813953302187,43.64177003535353],[-79.58827371437586,43.64158820040413],[-79.58825673621699,43.64147049008082],[-79.58820914976144,43.641327792113614],[-79.58811489403026,43.64123174938964],[-79.58787541036205,43.64108982836329],[-79.58772039438166,43.640952182654964],[-79.58751702208954,43.64079311670696],[-79.5873758608258,43.64061141012009],[-79.58729492531364,43.64041850765612],[-79.58716431386459,43.64018332208238],[-79.58703555384335,43.63995078085527],[-79.58696869403337,43.639695479196085],[-79.58695829962723,43.639597917164714],[-79.58694765369279,43.63949795802875],[-79.58694086692083,43.63945259156447],[-79.58692473766989,43.6393931937743],[-79.58690363085397,43.639328482582634],[-79.5868826381241,43.63926751920505],[-79.58684813473234,43.639220834142854],[-79.58682534357527,43.6391684807268],[-79.58680126333577,43.63913714471827],[-79.58677126230023,43.638717119966046],[-79.58901703973075,43.63939085403352],[-79.58834330596261,43.64028916477335],[-79.5885678838853,43.64096289811551],[-79.58879246180803,43.64096289811551],[-79.59103824013687,43.64186120875414],[-79.59103824013687,43.6429840983164],[-79.59261028469754,43.64388240993652],[-79.59283486172195,43.64388240993652],[-79.59373317431113,43.642759520912826],[-79.59395775133554,43.642759520912826],[-79.59463148510366,43.64320867618058]]],[[[-79.59237726261117,43.64471106819794],[-79.59240631861904,43.644709251955376],[-79.59237950929769,43.64471135097015],[-79.59237726261117,43.64471106819794]]],[[[-79.6081061523817,43.645679031881464],[-79.60833073030442,43.645454454151675],[-79.60826055032116,43.645735177157825],[-79.60820315695766,43.645964748726136],[-79.6081514732861,43.64588799940425],[-79.60812501790097,43.64584360437273],[-79.60805652315719,43.64572866115706],[-79.6081061523817,43.645679031881464]]],[[[-79.72203983290449,43.645982711858665],[-79.72264082738914,43.64478072112507],[-79.7237379802698,43.64502453303598],[-79.72203983290449,43.645982711858665]]],[[[-79.61753841974584,43.66027658874531],[-79.62180539758246,43.657581655028174],[-79.62292828719603,43.657581655028174],[-79.62315286511874,43.65937827729836],[-79.62270370927331,43.65870454382907],[-79.62225455342788,43.65780623290851],[-79.6220299764035,43.65780623290851],[-79.62180539758246,43.658030811248686],[-79.62158081965975,43.658030811248686],[-79.62135624173703,43.658255388099015],[-79.62113166381431,43.658255388099015],[-79.62090708678991,43.658479966059076],[-79.62045793094448,43.65870454382907],[-79.62000877509905,43.6589291220589],[-79.61978419807467,43.6591537000986],[-79.61933504222922,43.65937827729836],[-79.61821215261564,43.66005201100631],[-79.61776299677022,43.66027658874531],[-79.61753841974584,43.66027658874531]]],[[[-79.61753841974584,43.66027658874531],[-79.61731384182312,43.66050116629416],[-79.61708926390041,43.66050116629416],[-79.61753841974584,43.66027658874531]]],[[[-79.61708926390041,43.66050116629416],[-79.61686468597769,43.66072574430277],[-79.61664010895328,43.66095032212119],[-79.61619095310785,43.661174899749476],[-79.61574179726242,43.6613994778374],[-79.61529264231531,43.66162405508529],[-79.61484348557157,43.66184863279289],[-79.61439433062445,43.66207321096012],[-79.61394517477902,43.662297788937074],[-79.6132714419092,43.662522366723884],[-79.61282228606377,43.6627469443204],[-79.61237313021833,43.66297152172669],[-79.6116993973485,43.66319610024243],[-79.61125024060475,43.663420677918104],[-79.61080108565766,43.6636452547536],[-79.61035192981223,43.66386983269849],[-79.60967819694238,43.664094411103015],[-79.60922904109695,43.66431898931719],[-79.60877988614986,43.664543566691215],[-79.60833073030442,43.664768143874916],[-79.6078815753573,43.66499272216797],[-79.60765699743457,43.66499272216797],[-79.60720784069083,43.665217300270704],[-79.60675868574373,43.6654418781831],[-79.60630952989831,43.665666455905104],[-79.60586037405288,43.66589103278693],[-79.60608495197559,43.66678934490869],[-79.60563579702847,43.665666455905104],[-79.61708926390041,43.66050116629416]]],[[[-79.68872957992386,43.67173005584123],[-79.68920449675669,43.671571750401505],[-79.68880615411531,43.6723426529003],[-79.68872957992386,43.67173005584123]]],[[[-79.631686820792,43.67240378867962],[-79.63123766494657,43.67173005584123],[-79.631686820792,43.67217921212378],[-79.631686820792,43.67240378867962]]],[[[-79.65279713295077,43.67195463407779],[-79.65302171087347,43.67195463407779],[-79.65414459958875,43.67217921212378],[-79.65481833335687,43.673526677695655],[-79.65392002166602,43.67442498989456],[-79.65189882215823,43.67442498989456],[-79.65167424423551,43.67442498989456],[-79.65144966721111,43.67442498989456],[-79.65189882215823,43.673526677695655],[-79.65100051136568,43.67285294511792],[-79.65234797800365,43.67217921212378],[-79.65279713295077,43.67195463407779]]],[[[-79.6876066912086,43.67442498989456],[-79.68773013769494,43.67442498989456],[-79.68762670657144,43.67462514844898],[-79.6876066912086,43.67442498989456]]],[[[-79.65144966721111,43.67442498989456],[-79.65144966721111,43.67464956714269],[-79.65122508928839,43.67464956714269],[-79.64987762175211,43.675098723015864],[-79.65144966721111,43.67442498989456]]],[[[-79.631686820792,43.67240378867962],[-79.63191139781641,43.67240378867962],[-79.63775042111203,43.677119923123996],[-79.63954704269713,43.677793655874275],[-79.6404453552863,43.67891654473873],[-79.64022077736358,43.6798148568121],[-79.63932246567272,43.68026401170322],[-79.63752584318932,43.67891654473873],[-79.63550464278322,43.6798148568121],[-79.63483090991339,43.679365701157266],[-79.63483090991339,43.67801823415883],[-79.63415717614524,43.677793655874275],[-79.63415717614524,43.67734450068168],[-79.631686820792,43.67599703377274],[-79.63101308702386,43.67599703377274],[-79.62921646543877,43.67734450068168],[-79.62809357582522,43.677119923123996],[-79.62652153126452,43.67487414484975],[-79.62674610918722,43.67397583417652],[-79.62607237631741,43.673526677695655],[-79.62539864165095,43.67375125570658],[-79.6245003308584,43.67285294511792],[-79.62472490878112,43.67217921212378],[-79.62607237631741,43.67128090009575],[-79.62629695424012,43.67128090009575],[-79.62517406462653,43.670382588916965],[-79.62674610918722,43.671056323236705],[-79.62629695424012,43.6726283669941],[-79.62652153126452,43.6726283669941],[-79.62697068710995,43.67397583417652],[-79.62764441997977,43.67442498989456],[-79.62809357582522,43.674200411806005],[-79.62899188661775,43.675098723015864],[-79.63011477623132,43.67464956714269],[-79.63011477623132,43.67375125570658],[-79.63078850999948,43.67397583417652],[-79.63146224286929,43.673526677695655],[-79.631686820792,43.67240378867962]]],[[[-79.60630952989831,43.68161147893988],[-79.60698326276813,43.68093774618097],[-79.60608495197559,43.68026401170322],[-79.60630952989831,43.679590278755306],[-79.60653410782103,43.679590278755306],[-79.60743241861357,43.67869196786736],[-79.60877988614986,43.67891654473873],[-79.60900446407257,43.67891654473873],[-79.60922904109695,43.67914112271864],[-79.6081061523817,43.679590278755306],[-79.6081061523817,43.6804885898369],[-79.60630952989831,43.68161147893988]]],[[[-79.60630952989831,43.68161147893988],[-79.60586037405288,43.68250979029239],[-79.60451290831323,43.68250979029239],[-79.60316544077692,43.68340810118685],[-79.60383917364676,43.68273436781537],[-79.60271628493149,43.681836057226946],[-79.60361459572404,43.68071316777955],[-79.60541121910576,43.681836057226946],[-79.60563579702847,43.681836057226946],[-79.60586037405288,43.681836057226946],[-79.60630952989831,43.68161147893988]]],[[[-79.62068250886719,43.68520472419764],[-79.62090708678991,43.68520472419764],[-79.62180539758246,43.686103035013545],[-79.62068250886719,43.68520472419764]]],[[[-79.64111908815613,43.69688276897995],[-79.6412313748717,43.69688276897995],[-79.64134366607885,43.69688276897995],[-79.64179282102594,43.69733192467669],[-79.64111908815613,43.69688276897995]]],[[[-79.61125024060475,43.6804885898369],[-79.61017513417778,43.681133653745924],[-79.61246296084843,43.68089283069782],[-79.61125024060475,43.6804885898369],[-79.61214855319393,43.6804885898369],[-79.61237313021833,43.6804885898369],[-79.61259770814105,43.6804885898369],[-79.6130468639865,43.68071316777955],[-79.61394517477902,43.68071316777955],[-79.61390306625007,43.680741240288135],[-79.61399907369606,43.68073113416058],[-79.61416975270173,43.68071316777955],[-79.61433016486203,43.680841498490366],[-79.61491834128587,43.681312039483004],[-79.61529264231531,43.68161147893988],[-79.61529264231531,43.68177991517015],[-79.61529264231531,43.68250979224132],[-79.61551722023803,43.682060635323005],[-79.61551722023803,43.68273436781537],[-79.61574179726242,43.68295894579693],[-79.61596637518514,43.68318352423709],[-79.61641553103057,43.68340810118685],[-79.61641553103057,43.68363267924487],[-79.61619094053144,43.68352038479911],[-79.61643594794036,43.683734766516764],[-79.61641553103057,43.68363267924487],[-79.61664010895328,43.68363267924487],[-79.61753841974584,43.68453099021551],[-79.62023335302176,43.68498014617822],[-79.62045793094448,43.68498014617822],[-79.62068250886719,43.68520472419764],[-79.62000877509905,43.68542930072673],[-79.61955962015195,43.68632761337636],[-79.62023335302176,43.686776768229244],[-79.62068250886719,43.68767507888839],[-79.62113166381431,43.686776768229244],[-79.62180539758246,43.68632761272675],[-79.6220299764035,43.68632761272675],[-79.62210741477423,43.68642828513221],[-79.62269050673359,43.68718631740333],[-79.62271617788944,43.68721969014294],[-79.624275753834,43.68924712378554],[-79.6262476645788,43.69001398368876],[-79.62716317182083,43.690370013290384],[-79.62831815374793,43.69081916905201],[-79.6296656212842,43.68992085676334],[-79.63146224286929,43.68969628016147],[-79.63236055366184,43.69059459126691],[-79.63213597573913,43.69126832404815],[-79.63325886535269,43.69239121273584],[-79.63280971040558,43.69328952374772],[-79.63258513158456,43.69328952374772],[-79.63258513158456,43.693514101833884],[-79.63258513158456,43.69486156892779],[-79.63303428742998,43.69508614697245],[-79.63325886535269,43.695310724176096],[-79.63348344327541,43.69553530183767],[-79.63370802119812,43.69553530183767],[-79.63393259912084,43.69575987995718],[-79.63415717614524,43.69598445788509],[-79.6352800648605,43.69598445788509],[-79.63617837655134,43.69508614697245],[-79.63932246567272,43.69373867972865],[-79.64089451023342,43.69328952374772],[-79.64201739894867,43.693514101833884],[-79.64246655479411,43.694187834943584],[-79.64224197687139,43.69486156892779],[-79.63987674327102,43.69572165371878],[-79.63983578638228,43.695824045814746],[-79.64022077736358,43.69620903627097],[-79.6404453552863,43.69620903627097],[-79.6406699323107,43.696433613166256],[-79.64058009988398,43.69646954624876],[-79.64089451023342,43.69665819116894],[-79.64095065314204,43.69665819116894],[-79.64111908815613,43.69665819116894],[-79.64111908815613,43.69679293977505],[-79.64111908815613,43.69688276897995],[-79.6406699323107,43.697107347248874],[-79.6404453552863,43.697107347248874],[-79.63999619944087,43.6982302357189],[-79.64096936864267,43.69920340711819],[-79.64128154578032,43.699381794323756],[-79.64298143677561,43.69968177549981],[-79.64381402233039,43.699577702052395],[-79.64493691104565,43.70002685769509],[-79.64471233312292,43.70047601386974],[-79.64448775609853,43.70047601451916],[-79.6442631781758,43.70070059166938],[-79.64403859935479,43.70092516927726],[-79.64381402322871,43.701149747342846],[-79.64358944530599,43.701374325866034],[-79.64336486558665,43.70137432521664],[-79.64336486648496,43.70159890354804],[-79.64314028766394,43.701598902898596],[-79.64291570974122,43.70182347973931],[-79.6426911327168,43.70204805768713],[-79.64246655479411,43.70204805768713],[-79.64246655479411,43.70214430577093],[-79.64246655479411,43.70227263609252],[-79.64212968476593,43.702048057037686],[-79.64111908815613,43.70137432521664],[-79.64089451023342,43.701149746693396],[-79.6406699323107,43.701149746693396],[-79.64032846380658,43.70090057943409],[-79.63236055366184,43.69508614697245],[-79.63256107020968,43.69348201995114],[-79.63191139781641,43.69261579093837],[-79.63078850999948,43.69239121273584],[-79.6296656212842,43.69306494611953],[-79.62876730869503,43.691492901908724],[-79.62854273167065,43.691492901908724],[-79.62764441997977,43.691492901908724],[-79.62674610918722,43.69081916905201],[-79.62652153126452,43.69081916905201],[-79.62562321957367,43.691717480227396],[-79.62584779839469,43.69239121273584],[-79.62854273167065,43.69463699069158],[-79.62876730869503,43.69463699069158],[-79.62719526503265,43.69688276897995],[-79.62764441997977,43.697556501912885],[-79.62854273167065,43.69778108025638],[-79.63033935415405,43.69665819116894],[-79.63033935415405,43.69800565775871],[-79.62876730869503,43.69912854694176],[-79.62854273167065,43.69980227996964],[-79.62876730869503,43.69980227996964],[-79.6294410433615,43.70070059101993],[-79.6296656212842,43.70070059101993],[-79.63056393207675,43.70025143587828],[-79.63101308702386,43.701149746693396],[-79.63033935415405,43.70182347973931],[-79.62472490878112,43.701598902898596],[-79.6245003308584,43.701598902898596],[-79.62697068710995,43.699353125242396],[-79.62697068710995,43.69800565775871],[-79.62607237631741,43.697556501912885],[-79.62427575293567,43.69890396909882],[-79.62270370927331,43.6982302357189],[-79.62180539758246,43.69688276897995],[-79.62315286511874,43.69620903627097],[-79.62337744214315,43.695310724176096],[-79.6224791313506,43.69441241291337],[-79.62113166381431,43.69486156892779],[-79.61978419807467,43.69620903627097],[-79.61753841974584,43.69508614697245],[-79.61731384182312,43.69508614697245],[-79.61708926390041,43.69463699069158],[-79.61798757469295,43.694187834943584],[-79.61911046430652,43.69261579093837],[-79.6186613093594,43.691717480227396],[-79.61753841974584,43.691717480227396],[-79.61731384182312,43.691717480227396],[-79.61394518016891,43.69508614957048],[-79.61349601893359,43.69553530183767],[-79.6132714419092,43.69553530183767],[-79.61259770814105,43.695310724176096],[-79.6126449891694,43.69510978767487],[-79.61349601893359,43.691492901908724],[-79.61405746329122,43.69104374794489],[-79.61461890764885,43.69059459126691],[-79.61461890764885,43.68924712378554],[-79.61574179726242,43.68812423469449],[-79.61529264231531,43.68722592426606],[-79.61372059685631,43.68722592426606],[-79.6132714419092,43.686776768229244],[-79.61192397527122,43.68767507888839],[-79.61035192981223,43.69306494611953],[-79.6101273518895,43.69306494611953],[-79.60855530822714,43.69598445788509],[-79.60855530822714,43.696545903571675],[-79.60855530822714,43.69665819116894],[-79.60833073030442,43.69665819116894],[-79.6081061523817,43.69665819116894],[-79.60181797413897,43.68542930072673],[-79.60034160105435,43.68395293478943],[-79.6002648031824,43.6838241326081],[-79.60181797413897,43.68520472419764],[-79.60388166126475,43.68510153963108],[-79.60630952989831,43.68498014617822],[-79.60698326276813,43.68318352423709],[-79.60877988614986,43.68273436781537],[-79.6099027748651,43.68116232309203],[-79.61013342180588,43.68113804477586],[-79.61035192981223,43.68026401170322],[-79.61057650773495,43.68071316777955],[-79.61125024060475,43.6804885898369]],[[-79.61725259199208,43.684959729421415],[-79.61749878787212,43.68594450959763],[-79.61753841974584,43.686103035013545],[-79.61792340982883,43.68603887044775],[-79.61821215261564,43.68599074649122],[-79.61776299677022,43.685878457109105],[-79.61731384182312,43.68498014617822],[-79.61725259199208,43.684959729421415]]],[[[-79.6555613730475,43.72247630773914],[-79.6552674892023,43.722035482222125],[-79.65588725488313,43.722190423363394],[-79.6555613730475,43.72247630773914]]],[[[-79.64875473303684,43.72854823803432],[-79.64890560239387,43.728510520859714],[-79.64870797123474,43.72868852354078],[-79.64875473303684,43.72854823803432]]],[[[-79.64987762534538,43.698454815435824],[-79.65077593344296,43.697556501912885],[-79.65257255592635,43.69688276897995],[-79.65279713295077,43.69688276897995],[-79.65321082780035,43.69605538085046],[-79.65279713295077,43.69575987995718],[-79.65234797800365,43.69665819116894],[-79.65122508928839,43.69688276897995],[-79.64987762534538,43.698454815435824],[-79.64897931095956,43.6986793910642],[-79.64830557719141,43.6982302357189],[-79.64830557719141,43.69738811063135],[-79.64740726639887,43.6982302357189],[-79.64718268757785,43.6982302357189],[-79.64673353263072,43.6982302357189],[-79.64697308097766,43.698110461344484],[-79.64718268757785,43.69800565775871],[-79.64740726639887,43.69778108025638],[-79.64987762175211,43.695310724176096],[-79.64650895470803,43.692840368949476],[-79.64650895470803,43.691717480227396],[-79.64785642224432,43.69126832404815],[-79.6496530438294,43.69216663499142],[-79.65024751474843,43.69315741928598],[-79.65077593164632,43.69328952374772],[-79.65189882215823,43.69328952374772],[-79.65189882215823,43.693514101833884],[-79.65225817432301,43.69333442540248],[-79.6523361615644,43.693277707585544],[-79.65144966721111,43.69239121273584],[-79.65212340008095,43.69126832404815],[-79.65077593344296,43.69081916905201],[-79.65032677759753,43.69014543512252],[-79.65100051136568,43.68879796794351],[-79.65234797800365,43.68812423469449],[-79.65257255592635,43.68812423469449],[-79.65369544374332,43.68879796794351],[-79.65383019013761,43.68902254596018],[-79.65392002166602,43.68902254596018],[-79.65414459958875,43.689471702069156],[-79.65436917840977,43.68992085676334],[-79.65459375633246,43.68992085676334],[-79.6550429112796,43.68992085676334],[-79.65392002166602,43.68879796794351],[-79.6550429112796,43.68722592426606],[-79.65347086671892,43.68632761272675],[-79.65347086671892,43.68498014617822],[-79.65436917840977,43.68453099021551],[-79.6552674892023,43.68542930072673],[-79.6586361562464,43.686776768229244],[-79.65886073416911,43.685878457109105],[-79.65841157832368,43.685878457109105],[-79.65796242337657,43.68498014617822],[-79.65975904496166,43.68318352423709],[-79.6586361562464,43.682285211928765],[-79.65728868871011,43.682285211928765],[-79.65683953376299,43.68161147893988],[-79.6570641107874,43.68071316777955],[-79.65841157832368,43.679590278755306],[-79.65953446703894,43.679365701157266],[-79.66043277783149,43.68026401170322],[-79.65998362288437,43.68116232309203],[-79.6608819336769,43.68138690111149],[-79.66133108862402,43.68071316777955],[-79.66065735575421,43.6804885898369],[-79.66043277783149,43.679590278755306],[-79.66110651159963,43.67869196786736],[-79.664250600721,43.676895344725786],[-79.66492433359083,43.67734450068168],[-79.66649637904983,43.67734450068168],[-79.66672095697255,43.67734450068168],[-79.66717011191967,43.677569078698255],[-79.6679561342,43.67815859572835],[-79.66806842271221,43.67824281225255],[-79.66874215737866,43.677569078698255],[-79.66986504609392,43.677793655874275],[-79.671661667679,43.67622161228443],[-79.66874215737866,43.67442498989456],[-79.66851757855764,43.673526677695655],[-79.66896673440306,43.67285294511792],[-79.66902287910833,43.67285294511792],[-79.6691913123258,43.67285294511792],[-79.66908562732924,43.67276928111128],[-79.66509456882874,43.669609717094914],[-79.66469975566812,43.669297150569925],[-79.66465245128356,43.669259700204485],[-79.66380144487557,43.66858596716002],[-79.66461560867883,43.66917555424565],[-79.66471695930412,43.669248948205755],[-79.67031420104104,43.67330210079357],[-79.67098793480919,43.67397583417652],[-79.67053877896375,43.67464956714269],[-79.67076335688647,43.67532330099124],[-79.6714370897563,43.67577245571993],[-79.67233540144714,43.67554787877582],[-79.67233540144714,43.676670768085856],[-79.673233713138,43.677119923123996],[-79.67349735340252,43.67688557904439],[-79.67525491264583,43.67532330099124],[-79.67368286808514,43.673526677695655],[-79.67480575680038,43.67330210079357],[-79.6750303347231,43.67330210079357],[-79.67547948967021,43.67217921212378],[-79.67458117887767,43.67128090009575],[-79.67413202393055,43.671505478063814],[-79.673233713138,43.67015801194537],[-79.67211082442275,43.67015801194537],[-79.67121251183359,43.669484277938146],[-79.67098793480919,43.66768765593343],[-79.67076335688647,43.66768765593343],[-79.67008962311832,43.66701392213827],[-79.66986504609392,43.66701392213827],[-79.66986504609392,43.666564766838995],[-79.67053877896375,43.666564766838995],[-79.67278455729257,43.66858596716002],[-79.6730091352153,43.66858596716002],[-79.67368286808514,43.66836138931416],[-79.67390744600783,43.66768765593343],[-79.67413202393055,43.66768765593343],[-79.67233540144714,43.665217300270704],[-79.67076335688647,43.664543566691215],[-79.671661667679,43.663420677918104],[-79.67188624560171,43.6636452547536],[-79.67211082442275,43.6636452547536],[-79.67278455729257,43.66319610024243],[-79.67390744600783,43.6613994778374],[-79.67368286808514,43.66072574430277],[-79.67255997936986,43.66027658874531],[-79.67031420104104,43.662297788937074],[-79.6696404681712,43.662522366723884],[-79.6694158902485,43.66207321096012],[-79.6694158902485,43.6613994778374],[-79.67031420104104,43.66072574430277],[-79.67008962311832,43.65960285495784],[-79.67076335688647,43.65870454382907],[-79.66986504609392,43.65780623290851],[-79.6696404681712,43.65780623290851],[-79.6691913123258,43.65780623290851],[-79.66896673440306,43.65780623290851],[-79.6691913123258,43.65690792219673],[-79.67008962311832,43.65645876602575],[-79.67008962311832,43.65600960974465],[-79.6702393372419,43.65600960974465],[-79.66986504609392,43.65578503294393],[-79.66896673440306,43.6571324986974],[-79.66717011191967,43.65735707695779],[-79.66806842271221,43.65870454382907],[-79.66717011191967,43.65960285495784],[-79.66537349033457,43.658479966059076],[-79.66312771200573,43.66027658874531],[-79.66255605919324,43.66013367614938],[-79.66133108862402,43.65982743307713],[-79.66121289009557,43.659472837201974],[-79.66110651159963,43.6591537000986],[-79.66043277783149,43.6589291220589],[-79.66035003490897,43.65895276271305],[-79.65886073416911,43.65937827729836],[-79.65964675105958,43.66027658874531],[-79.65978966763137,43.660439922208816],[-79.66043277783149,43.661174899749476],[-79.65998362288437,43.66207321096012],[-79.65908531209182,43.662297788937074],[-79.65851862067463,43.66190110876323],[-79.65683953376299,43.66072574430277],[-79.65369544374332,43.661174899749476],[-79.65144966721111,43.65937827729836],[-79.6496530438294,43.66027658874531],[-79.64942846590668,43.66005201100631],[-79.65100051136568,43.66207321096012],[-79.64920388888228,43.66319610024243],[-79.64920388888228,43.66431898931719],[-79.65032677759753,43.664768143874916],[-79.65212340008095,43.66386983269849],[-79.65234797800365,43.66319610024243],[-79.65347086671892,43.663420677918104],[-79.6532462887962,43.664094411103015],[-79.65032677759753,43.666564766838995],[-79.65032677759753,43.66768765593343],[-79.65122508928839,43.66836138931416],[-79.64897931095956,43.67015801194537],[-79.64875473303684,43.67015801194537],[-79.64830557719141,43.671056323236705],[-79.64853015511413,43.67173005584123],[-79.64920388888228,43.67217921212378],[-79.6501021996748,43.67195463407779],[-79.65212340008095,43.669933434133526],[-79.6532462887962,43.669708856131074],[-79.65369544374332,43.66858596716002],[-79.65456167390042,43.66786411079972],[-79.6547734193893,43.66768765593343],[-79.6550429112796,43.6674630779755],[-79.65534234761157,43.66768765593343],[-79.65594122207214,43.66813681127786],[-79.65616579999487,43.66813681127786],[-79.65773784455553,43.6674630779755],[-79.65841157832368,43.666564766838995],[-79.65818700040099,43.66589103278693],[-79.65908531209182,43.666340189228585],[-79.66043277783149,43.66611561077806],[-79.66335228992845,43.66836138931416],[-79.66065735575421,43.666564766838995],[-79.6586361562464,43.66813681127786],[-79.65841157832368,43.66813681127786],[-79.65825718218086,43.66817891943938],[-79.65617960530413,43.66874553132268],[-79.65594122207214,43.668810544815386],[-79.65587259437768,43.669016428533446],[-79.65571664504773,43.669484277938146],[-79.6546545237682,43.67009120523003],[-79.65414459958875,43.670382588916965],[-79.65358699013905,43.67103313828631],[-79.65279713295077,43.67195463407779],[-79.65236401921968,43.67214713052545],[-79.65077593344296,43.67285294511792],[-79.64897931095956,43.6726283669941],[-79.64808100016701,43.673526677695655],[-79.64810742051785,43.673605940619034],[-79.64830557719141,43.674200411806005],[-79.6476318443216,43.675098723015864],[-79.64673353263072,43.675098723015864],[-79.64471233312292,43.675098723015864],[-79.64358944440768,43.67622161228443],[-79.64344908264454,43.67615143187409],[-79.64296557162938,43.675909677930356],[-79.64240737827475,43.67563058122688],[-79.64179282102594,43.67532330099124],[-79.63617837655134,43.670607166997485],[-79.63595379862865,43.670607166997485],[-79.63483090991339,43.670607166997485],[-79.63415717614524,43.66903512293007],[-79.63393259912084,43.66903512293007],[-79.63146224286929,43.66723849982717],[-79.63146224286929,43.66589103278693],[-79.63303428742998,43.665217300270704],[-79.63550464278322,43.66791223370084],[-79.64291570974122,43.67375125570658],[-79.64538606599277,43.67285294511792],[-79.64493691104565,43.67217921212378],[-79.64561064391549,43.67128090009575],[-79.64538606599277,43.670607166997485],[-79.64516148807006,43.670607166997485],[-79.64381402233039,43.669484277938146],[-79.64224197687139,43.669933434133526],[-79.6406699323107,43.66858596716002],[-79.64111908815613,43.6674630779755],[-79.64134366607885,43.6674630779755],[-79.64156824400155,43.665217300270704],[-79.64291570974122,43.66431898931719],[-79.64089451023342,43.66297152172669],[-79.6386487319046,43.664543566691215],[-79.63775042111203,43.66431898931719],[-79.63730126616491,43.6636452547536],[-79.63775042111203,43.6627469443204],[-79.63954704269713,43.6613994778374],[-79.63999619944087,43.66027658874531],[-79.64111908815613,43.65960285495784],[-79.64134366607885,43.65960285495784],[-79.6386487319046,43.657357077607706],[-79.63819957695746,43.6571324986974],[-79.63752584318932,43.65578503294393],[-79.63842415488018,43.654886721891934],[-79.63894476631657,43.65506025846245],[-79.6393973249803,43.654737004568204],[-79.63999619944087,43.65398840975079],[-79.6388733098273,43.65376383319063],[-79.63819957695746,43.65466214414151],[-79.63640295357575,43.65556045530339],[-79.63572922070593,43.65511129880246],[-79.63550464278322,43.65421298807096],[-79.63595379862865,43.65376383319063],[-79.63595379862865,43.652640944291946],[-79.63662753239679,43.65219178805348],[-79.63595379862865,43.651967209974494],[-79.63572922070593,43.6512934771986],[-79.63370802119812,43.65151805519703],[-79.63303428742998,43.6510688990104],[-79.63303428742998,43.65084432128245],[-79.63192461293256,43.651306692586346],[-79.62764441997977,43.65309009912109],[-79.6312297615687,43.65151607926583],[-79.63089218366808,43.651431684843004],[-79.62899188661775,43.65219178805348],[-79.62737495683557,43.65300027778345],[-79.62764441997977,43.65309009912109],[-79.62719526503265,43.65331467690087],[-79.62261349865587,43.655381016813976],[-79.62225461541165,43.65556045530339],[-79.62000877509905,43.656683344206265],[-79.61991213164585,43.656664015538894],[-79.61770614059925,43.65775052460674],[-79.61686468597769,43.658255388099015],[-79.61641553103057,43.658479966059076],[-79.61619095310785,43.65870454382907],[-79.61596637518514,43.65870454382907],[-79.61454723646223,43.659607637497125],[-79.61484348557157,43.66005201100631],[-79.61439433062445,43.661174899749476],[-79.61035192981223,43.66319610024243],[-79.60144891927078,43.666433640628114],[-79.60271628493149,43.66791223370084],[-79.60361459572404,43.6674630779755],[-79.60361459572404,43.66701392213827],[-79.60518664118304,43.66768765593343],[-79.60608495197559,43.66678934490869],[-79.60608495197559,43.66701392213827],[-79.60608495197559,43.66791223370084],[-79.60586037405288,43.66791223370084],[-79.60496206326032,43.669259700204485],[-79.60473748533762,43.669259700204485],[-79.60047050660268,43.67195463407779],[-79.59979677373283,43.67173005584123],[-79.599123040863,43.670607166997485],[-79.59822472917216,43.670831744887494],[-79.59777557422504,43.67173005584123],[-79.59755099630233,43.67173005584123],[-79.5968772634325,43.67195463407779],[-79.59665268461146,43.67195463407779],[-79.59620352876603,43.67285294511792],[-79.59508064005078,43.67285294511792],[-79.59487647724121,43.67305710809141],[-79.5955297958962,43.674200411806005],[-79.59575437381892,43.674200411806005],[-79.59575437381892,43.67577245571993],[-79.5955297958962,43.67577245571993],[-79.59549240711577,43.67581919163736],[-79.5950214725146,43.67502916567588],[-79.59394470689928,43.67317004392506],[-79.59326302393919,43.67199303465387],[-79.59267995713267,43.67098665075096],[-79.59209029130209,43.66996885872168],[-79.59174431415354,43.669371676955095],[-79.59152486291617,43.66899049094198],[-79.59130539730573,43.6686093077063],[-79.59105033415554,43.66816578314131],[-79.59100884726077,43.66809364261651],[-79.59126281805959,43.66791223370084],[-79.59273807992818,43.66738682138748],[-79.59305943964466,43.66723849982717],[-79.59896713555051,43.66507995678702],[-79.59934761788742,43.66431898931719],[-79.6049618862922,43.66223370419082],[-79.60781482514179,43.66101101784162],[-79.60929691240993,43.66006249689981],[-79.6099027748651,43.6591537000986],[-79.61125024060475,43.658479966059076],[-79.61035192981223,43.65735707695779],[-79.60855530822714,43.65645876602575],[-79.60765699743457,43.6571324986974],[-79.60675868574373,43.65690792219673],[-79.60406375156948,43.658479966059076],[-79.60316544077692,43.65735707695779],[-79.60406375156948,43.65623418830513],[-79.60518664118304,43.65578503294393],[-79.60518664118304,43.655335876822924],[-79.60473748533762,43.655335876822924],[-79.60383917364676,43.65600960974465],[-79.60304452214979,43.65581094764438],[-79.60277242155193,43.656037695759174],[-79.60249170790712,43.65645876602575],[-79.60271628493149,43.6571324986974],[-79.60181797413897,43.658030811248686],[-79.60002135165557,43.658479966059076],[-79.59800015214775,43.65735707695779],[-79.5953052179735,43.66005201100631],[-79.59418232925823,43.66005201100631],[-79.59410133266063,43.65993051618284],[-79.59423537387745,43.65980790330688],[-79.59642665411293,43.65780332846374],[-79.5987626646188,43.655666281950495],[-79.59936768355591,43.65511275141492],[-79.599523693073,43.65496998511352],[-79.6017259013139,43.652954636182166],[-79.60631415891696,43.64882312099194],[-79.60653801728914,43.64862153932923],[-79.60750097893435,43.64775443510218],[-79.60862371763096,43.64674341705253],[-79.60900446407257,43.64725107718232],[-79.60922904199528,43.647251077832344],[-79.60922904109695,43.64702649882952],[-79.60945361901967,43.64702649882952],[-79.61057650773495,43.645903610071755],[-79.6116993973485,43.645903610071755],[-79.61174150587745,43.64580535802935],[-79.6116993973485,43.645679031881464],[-79.611845863164,43.645561860007575],[-79.61237313021833,43.64433156525973],[-79.61439433062445,43.64253494331983],[-79.61496824988643,43.643108865416984],[-79.61596637518514,43.642310364887315],[-79.61639057852692,43.64273457048867],[-79.61664010895328,43.64186120875414],[-79.61641553103057,43.64186120875414],[-79.61619095310785,43.64118747573416],[-79.61753841974584,43.63961543167744],[-79.617463556845,43.64006461045097],[-79.61798757469295,43.638492542865265],[-79.61753841974584,43.637369653872156],[-79.61776299766855,43.637145076936136],[-79.61911046430652,43.63579760874611],[-79.61900179780154,43.63569981023305],[-79.61805363590062,43.634846472525524],[-79.61686468597769,43.633776409296836],[-79.61708926390041,43.63310267599414],[-79.61821215261564,43.63242894229031],[-79.61911046430652,43.63265351994715],[-79.6197974078009,43.63351220200212],[-79.62000877509905,43.63287809806516],[-79.61911046430652,43.6322043637942],[-79.61933504222922,43.63153063107301],[-79.62122151061408,43.63018316377912],[-79.6224791313506,43.62928485280567],[-79.62254132261604,43.62933667970403],[-79.62382659798858,43.630407742025454],[-79.624275753834,43.62928485280567],[-79.6245003308584,43.62928485280567],[-79.62517406462653,43.62883569683575],[-79.62557830470777,43.62897044365403],[-79.62562321957367,43.62883569683575],[-79.62539864165095,43.62883569683575],[-79.62337744214315,43.62681449667626],[-79.6221647227978,43.627218737463636],[-79.6220299764035,43.62726365279437],[-79.62180539758246,43.62658991995957],[-79.62090708678991,43.62636534175363],[-79.61955962015195,43.62726365279437],[-79.61933504222922,43.62726365279437],[-79.61911046430652,43.627937385880486],[-79.6188858863838,43.627937385880486],[-79.61843673143669,43.627937385880486],[-79.61843673143669,43.62748823089532],[-79.61938497328765,43.62658991995957],[-79.61933505031408,43.62658991995957],[-79.6186613093594,43.62681449667626],[-79.61798757469295,43.62636534175363],[-79.61798757469295,43.62524245309439],[-79.62135624173703,43.622098364200035],[-79.62064167235269,43.621240884066985],[-79.62023335302176,43.620750896803294],[-79.61995995256169,43.62067278278649],[-79.61968313760521,43.620593692550024],[-79.6186613093594,43.62030174079635],[-79.61843673143669,43.619628013175884],[-79.61821215261564,43.61895427475422],[-79.61911046430652,43.618055963107714],[-79.61933504222922,43.618055963107714],[-79.61972804887783,43.618055963107714],[-79.62000877509905,43.618055963107714],[-79.62096322969853,43.6190104241924],[-79.62146852665596,43.61951571865226],[-79.62180539758246,43.619852585986315],[-79.62231068825167,43.62002101601912],[-79.62315286511874,43.62030174079635],[-79.62697068710995,43.61558560793112],[-79.62389431568964,43.61320843963853],[-79.62315286511874,43.612890674265316],[-79.6220299764035,43.61176778498707],[-79.62135624173703,43.61176778498707],[-79.62135624173703,43.61266609626576],[-79.62045793094448,43.61333982969953],[-79.6203456433306,43.61333982969953],[-79.62000877509905,43.61356440713431],[-79.61955961925364,43.61333982969953],[-79.61933504222922,43.61333982969953],[-79.61927889752397,43.61319946878344],[-79.61911046430652,43.61311525207658],[-79.6188858863838,43.61221694100286],[-79.62000877509905,43.61042031827703],[-79.61955962015195,43.61019574080907],[-79.6188858863838,43.61064489620724],[-79.6186613093594,43.61064489620724],[-79.61776299677022,43.61019574080907],[-79.61753841974584,43.61019574080907],[-79.61742613123363,43.61030803062351],[-79.6165153437401,43.61121881847208],[-79.61731384182312,43.61221694100286],[-79.61731384182312,43.61333982969953],[-79.61731384182312,43.6137889850312],[-79.61686468597769,43.61446271889283],[-79.61574179726242,43.61446271889283],[-79.61529264231531,43.61333982969953],[-79.61372059685631,43.61333982969953],[-79.61214855319393,43.61468729603653],[-79.61214855319393,43.614911874292716],[-79.61102566358036,43.614013562739785],[-79.61125024060475,43.612890674265316],[-79.61214855319393,43.61244151872846],[-79.61155903558536,43.611655495296425],[-79.6116993973485,43.61221694100286],[-79.61147481942578,43.61221694100286],[-79.61071686141324,43.61154320669692],[-79.6101273518895,43.61154320669692],[-79.60945361901967,43.61244151872846],[-79.60855530822714,43.611992363089094],[-79.60855530822714,43.61221694100286],[-79.61057650773495,43.614013562739785],[-79.60855530822714,43.61446271889283],[-79.6081061523817,43.61513645171012],[-79.60833073030442,43.61603476274836],[-79.60608495197559,43.6178313861882],[-79.60563579702847,43.61872969728791],[-79.60586037405288,43.61872969728791],[-79.60608495197559,43.619403429771786],[-79.60698326276813,43.61962800797333],[-79.60855530822714,43.61828054113948],[-79.60945361901967,43.61850511898274],[-79.60967819694238,43.61850511898274],[-79.6099027748651,43.61917885203207],[-79.60900446407257,43.619403429771786],[-79.60855530822714,43.62030174079635],[-79.60877988614986,43.62030174079635],[-79.6099027748651,43.62232294078915],[-79.60900446407257,43.62322125306266],[-79.6081061523817,43.62254751914047],[-79.60720784069083,43.622772097303226],[-79.60675868574373,43.623670408067525],[-79.60698326276813,43.623670408067525],[-79.60743241861357,43.62456871906449],[-79.60563579702847,43.623670408067525],[-79.60541121910576,43.623670408067525],[-79.60451290831323,43.62479329682967],[-79.60473748533762,43.62479329682967],[-79.60541121910576,43.6259161860759],[-79.60563579702847,43.6259161860759],[-79.60586037405288,43.6259161860759],[-79.60518664118304,43.627039075154805],[-79.60563579702847,43.627937385880486],[-79.60630952989831,43.62816196406514],[-79.60653410782103,43.62816196406514],[-79.60720784069083,43.62748823089532],[-79.6081061523817,43.627712808157185],[-79.61080108565766,43.62973400932045],[-79.61125024060475,43.63108147498059],[-79.60967818795922,43.632204380699065],[-79.6081061523817,43.63332725308387],[-79.60720784069083,43.63422556475348],[-79.60675868574373,43.63579760874611],[-79.60563579702847,43.63669591989587],[-79.60586037405288,43.637594231269134],[-79.60614109488422,43.63787495459799],[-79.60630952989831,43.637818809126955],[-79.60675868484542,43.63849254351535],[-79.60698326276813,43.638717119966046],[-79.6081061523817,43.639166276200385],[-79.6059194733171,43.63960361209605],[-79.60586037405288,43.639840009131994],[-79.60566788125715,43.63993625626267],[-79.60518664118304,43.64073832095753],[-79.60541121910576,43.64073832095753],[-79.60608495197559,43.64163663170359],[-79.60720784069083,43.64163663170359],[-79.60675868574373,43.642310364887315],[-79.60698326276813,43.6429840983164],[-79.6081061523817,43.64343325385531],[-79.60743241861357,43.64343325385531],[-79.60698325737825,43.64343325385531],[-79.60653410782103,43.64343325385531],[-79.60614109398591,43.64315253179328],[-79.60527647091483,43.642534943969906],[-79.60496206326032,43.642310364887315],[-79.60493277009725,43.6421053165986],[-79.60481769141775,43.641299769429445],[-79.60473748533762,43.64073832095753],[-79.60494164724888,43.640432079089464],[-79.60507435267084,43.64023302025801],[-79.60496206326032,43.64028916477335],[-79.60496206326032,43.640064587047355],[-79.6048123446452,43.63969029200568],[-79.6042883303905,43.639166276200385],[-79.60445676450627,43.63866097593206],[-79.60440763923664,43.638611851159546],[-79.60189277236108,43.64146205066261],[-79.60024592957828,43.64365783199063],[-79.59876671871567,43.64336198980339],[-79.5987186130339,43.643292754524104],[-79.5986738796277,43.64323937755046],[-79.59860795316732,43.64319519183342],[-79.59853138256912,43.643148483170314],[-79.59841607931082,43.64313074736419],[-79.59827115590267,43.6431024076375],[-79.5981651349362,43.64310054519142],[-79.59803542629402,43.64308890246428],[-79.59790480226854,43.6430894894762],[-79.59710183955858,43.642085786915416],[-79.5968772634325,43.642085786915416],[-79.59463148510366,43.64320867618058],[-79.59772569526889,43.641403740504],[-79.59642810668876,43.64118747573416],[-79.59597895084333,43.640513742960096],[-79.59620352876603,43.63961543167744],[-79.5968772634325,43.639166276200385],[-79.59755099630233,43.63939085403352],[-79.59777557422504,43.63826796492505],[-79.599123040863,43.637594231269134],[-79.59957219581011,43.63647134174207],[-79.60024592957828,43.63624676469936],[-79.6009196633464,43.63669591989587],[-79.60114424126913,43.63624676469936],[-79.60002135165557,43.63534845268637],[-79.59822472917216,43.63647134174207],[-79.59620352876603,43.63669591989587],[-79.59485606302638,43.63557303113591],[-79.5953052179735,43.63467472010388],[-79.59755099630233,43.63445014219819],[-79.59822472917216,43.633776409296836],[-79.59822472917216,43.63332725308387],[-79.59822472917216,43.6322043637942],[-79.59665268461146,43.630407742025454],[-79.59665268461146,43.62928485280567],[-79.59597895084333,43.629509431157544],[-79.59508064005078,43.62861111986792],[-79.5953052179735,43.627712808157185],[-79.59732641837961,43.62614076400917],[-79.59642810668876,43.625017875056386],[-79.5968772634325,43.623894985937234],[-79.59620352876603,43.62299667527728],[-79.59665268461146,43.62232294078915],[-79.59755099630233,43.622098364200035],[-79.60002135165557,43.623445830009146],[-79.59934761788742,43.62187378612175],[-79.59732641837961,43.62097547517418],[-79.59665268461146,43.62007716316045],[-79.5968772634325,43.619403429771786],[-79.5953052179735,43.61850511898274],[-79.59485606302638,43.617382229832856],[-79.59597895084333,43.61648391876319],[-79.59844930709485,43.61828054113948],[-79.59934761788742,43.618055963107714],[-79.59934761788742,43.61760680777958],[-79.59822472917216,43.61715765169768],[-79.5968772634325,43.61558560793112],[-79.59777557422504,43.61446271889283],[-79.59934761788742,43.61513645171012],[-79.59934761788742,43.61468729603653],[-79.60047050660268,43.614013562739785],[-79.60136881919185,43.614911874292716],[-79.60114424126913,43.61558560793112],[-79.60271628493149,43.61536103023998],[-79.60204255206166,43.61423814091045],[-79.6022671299844,43.6137889850312],[-79.60047050660268,43.61333982969953],[-79.59998262348702,43.61271255870738],[-79.59979677373283,43.61266609626576],[-79.599123040863,43.61333982969953],[-79.59822472917216,43.612890674265316],[-79.59800015214775,43.611992363089094],[-79.5988984629403,43.61086947394933],[-79.59844930709485,43.6097465853088],[-79.60003517313451,43.607984518015215],[-79.60002135165557,43.60794996293858],[-79.60018177549392,43.607821624722305],[-79.60047050660268,43.607500806928854],[-79.60047050660268,43.607276228967194],[-79.60047050660268,43.606377917842266],[-79.59957219581011,43.60655758009975],[-79.59934761788742,43.60660249590548],[-79.59901075055417,43.606377917842266],[-79.5988984629403,43.606377917842266],[-79.59880863141187,43.60624317177271],[-79.59867388501758,43.606153340241505],[-79.59859902571,43.60592876375374],[-79.59844930709485,43.60570418512657],[-79.59849422285907,43.60561435409146],[-79.59844930709485,43.605479606961964],[-79.59856159650538,43.60519888519119],[-79.59795523638354,43.604895704883845],[-79.5968772634325,43.60525502925985],[-79.59597895084333,43.60435671787311],[-79.59597895084333,43.603233829290666],[-79.59418232925823,43.603233829290666],[-79.59328401756738,43.60256009583839],[-79.59283486172195,43.60278467319313],[-79.59328401756738,43.60390756170279],[-79.59283486172195,43.60480587394234],[-79.59058908429144,43.60480587394234],[-79.59036450726703,43.605479606961964],[-79.58946619467787,43.605479606961964],[-79.58834330596261,43.606377917842266],[-79.58824705956475,43.60634583556506],[-79.58766957309277,43.606153340241505],[-79.58722041814566,43.60525502925985],[-79.58729527924987,43.60515521595593],[-79.5885678838853,43.60345840673243],[-79.58632210555649,43.60166178389059],[-79.58475006189411,43.60278467319313],[-79.58385175110158,43.60256009583839],[-79.58340259525613,43.60166178389059],[-79.5843009060487,43.60076347284124],[-79.58407632812597,43.600089739696976],[-79.58250428356529,43.60143720689782],[-79.58093223900461,43.60076347284124],[-79.58092247521576,43.60073418158205],[-79.58048308405748,43.600538895097394],[-79.58003392821206,43.60166178389059],[-79.57801272870425,43.60166178519164],[-79.57688983909067,43.603009251010576],[-79.57936019534222,43.60390756170279],[-79.57936019534222,43.60503045071933],[-79.58160597277273,43.60660249590548],[-79.58163805520478,43.60669874357606],[-79.58183054979715,43.607276228967194],[-79.58138139485003,43.60794996293858],[-79.58082382133296,43.60808935588228],[-79.58048308405748,43.6081745396857],[-79.57644068324527,43.605479606961964],[-79.57455424091154,43.607051650817475],[-79.57464406076184,43.607051650817475],[-79.57644068324527,43.607500806928854],[-79.57666526116797,43.607500806928854],[-79.5775635719605,43.606827073780714],[-79.57778814988323,43.606827073780714],[-79.57733899493611,43.60794996293858],[-79.5775635719605,43.60862369586795],[-79.57688983909067,43.60929742905604],[-79.57733899493611,43.61019574080907],[-79.57621610622085,43.61086947394933],[-79.57621610622085,43.61131863016974],[-79.57531779363167,43.61086947394933],[-79.57464406076184,43.6110940521536],[-79.57441948283915,43.6110940521536],[-79.5737457499693,43.61244151872846],[-79.57352117204658,43.61244151872846],[-79.57554237155439,43.614911874292716],[-79.57464406076184,43.61536103023998],[-79.57464406076184,43.61625934117518],[-79.5737457499693,43.616708496813196],[-79.57284743917675,43.61872969728791],[-79.57397032789201,43.61962800797333],[-79.57688983909067,43.6178313861882],[-79.57846188365137,43.61850511898274],[-79.57936019534222,43.61760680777958],[-79.5791356174195,43.61715765169768],[-79.58003392821206,43.61760680777958],[-79.5811568169273,43.61715765169768],[-79.58093223900461,43.618055963107714],[-79.58138139485003,43.61895427475422],[-79.58025850613477,43.61962800797333],[-79.58003392821206,43.620526318894115],[-79.58093223900461,43.62142463004968],[-79.58138139485003,43.62120005205593],[-79.58093223900461,43.622772097303226],[-79.58272886238632,43.624344141760865],[-79.58250428356529,43.624344141760865],[-79.5807076619802,43.62614076400917],[-79.5807076619802,43.62726365279437],[-79.58048308405748,43.62748823089532],[-79.58047329511584,43.62748823089532],[-79.58032784888819,43.627394424328315],[-79.58025850613477,43.62734518760766],[-79.58025850613477,43.62726365279437],[-79.57986710567391,43.62700271880046],[-79.57982964143497,43.62696662512234],[-79.57977843746379,43.6269436065154],[-79.57958477326494,43.62681449667626],[-79.57941881849935,43.62684215612678],[-79.57889396342156,43.62672311642481],[-79.57700177725992,43.626331057988494],[-79.57681597152317,43.62626380520626],[-79.57662558617514,43.626159958143],[-79.57632088751222,43.62593071275688],[-79.57592154774086,43.625693693977695],[-79.57564557989569,43.62558223921211],[-79.57501062909333,43.625527004972895],[-79.57446407520985,43.625621280038594],[-79.574190513053,43.625786175376504],[-79.57393918958932,43.6258877140312],[-79.57370159687477,43.625966989128116],[-79.57239828333135,43.62614076400917],[-79.57217370540863,43.62614076400917],[-79.57204711931035,43.62633064638034],[-79.57174133278765,43.6264691962651],[-79.57145774183897,43.626553671924896],[-79.57138385989843,43.62657567369451],[-79.57097961712226,43.6266868710715],[-79.57063456973005,43.62681165380655],[-79.57022409803571,43.626969640949326],[-79.57004693499033,43.6270315889156],[-79.56960215394032,43.62698880230636],[-79.56920578130435,43.62693487569848],[-79.5685935659635,43.62683385705749],[-79.56837813648364,43.62688948739481],[-79.56798693455045,43.62717305871665],[-79.56769295817877,43.627537076706496],[-79.56766559639354,43.62760923149448],[-79.56757734500171,43.627841901111466],[-79.56749878194023,43.62795148161911],[-79.56744328132702,43.628019901629635],[-79.56738665602309,43.628054188332925],[-79.56725336759447,43.62811050028305],[-79.5670985977525,43.62816505525886],[-79.56701830004421,43.628181492421916],[-79.56695233315962,43.62821203111014],[-79.5668362402822,43.62821869466205],[-79.56645221139655,43.628254826602124],[-79.56591432086569,43.628238037034876],[-79.56522941295371,43.62825794119932],[-79.56510855271708,43.6282576674529],[-79.5646331400142,43.6282437154867],[-79.56444689949285,43.628194314953554],[-79.5642869823043,43.62815010061618],[-79.56403654008793,43.62796684725794],[-79.56393071315756,43.627869589349764],[-79.56386704596014,43.62784751847881],[-79.5638436637116,43.627806656492474],[-79.56382641336319,43.62773043212236],[-79.56382660111107,43.627627939433175],[-79.56383501922362,43.6274441044709],[-79.56378270223979,43.627339032445725],[-79.56378058491066,43.62726382640839],[-79.5637394160195,43.6272042826204],[-79.56353901715097,43.62688702817258],[-79.563463199341,43.62676324957261],[-79.5634526737808,43.62675258620049],[-79.56344002729823,43.626735665514246],[-79.56342650495826,43.62671362673918],[-79.56341991491733,43.626695323619096],[-79.56341664415139,43.62668488456981],[-79.56341543142575,43.626672674248105],[-79.5634159865846,43.626649357065446],[-79.56342511616283,43.62660282346136],[-79.56342869145766,43.62657881698961],[-79.56343318662735,43.62655846684961],[-79.5634336717176,43.6265380666337],[-79.56343741320076,43.62652273444249],[-79.56344034170858,43.62651045386106],[-79.56344572800703,43.62649521399806],[-79.56345314000643,43.62647854553572],[-79.56345946863762,43.62646550480484],[-79.56346593201607,43.6264466378437],[-79.56346803676881,43.62643107674158],[-79.56346778164726,43.62640723471422],[-79.56347284545052,43.62637591415958],[-79.56347585480673,43.6263398558688],[-79.56347751309673,43.62631555147749],[-79.56348118540963,43.62629356651914],[-79.56348363152213,43.62627767505021],[-79.56349096896137,43.6262547316085],[-79.56349946163405,43.62623098509815],[-79.56350905025141,43.62620806894918],[-79.56351412842771,43.626185096869804],[-79.56351790045358,43.62616951359149],[-79.56351852657934,43.62615905494331],[-79.5635218970583,43.62614406078644],[-79.56352426501736,43.626133886293964],[-79.56476263755229,43.62569160795391],[-79.56536998492263,43.624476919876614],[-79.56538218943408,43.62446835647114],[-79.56542640002078,43.624432905039],[-79.56545995299496,43.62438944810149],[-79.56548915542822,43.62433356509593],[-79.56550869558228,43.62429330612415],[-79.56552665739638,43.62425414478504],[-79.56553718026163,43.624212782897374],[-79.56554164578691,43.62420470260702],[-79.56554696022013,43.624192005377274],[-79.56555287652459,43.624180684122884],[-79.56555756662868,43.624168436877206],[-79.56556283794278,43.624157561055654],[-79.56556947649273,43.62414214697305],[-79.5655753344067,43.62412950565367],[-79.56558003349394,43.62412039856982],[-79.56558662802644,43.62410680654535],[-79.56559650140973,43.62408732693589],[-79.5656018257244,43.62407462968137],[-79.56561029324429,43.62406151819936],[-79.56561556904997,43.62405064235845],[-79.56562167579726,43.62403653269957],[-79.56562747262578,43.62402526733951],[-79.56563346618536,43.624010299311685],[-79.56563749333277,43.62399940785489],[-79.56564607404037,43.62398173792683],[-79.56565334769924,43.62396587705995],[-79.5656586064369,43.62395591288807],[-79.5656635732221,43.62394032968214],[-79.56566746472392,43.62392639362101],[-79.56567159427927,43.623910947615606],[-79.5656731474664,43.62389820350398],[-79.56567530881297,43.623886011474255],[-79.56745757172655,43.622772097303226],[-79.56678383795843,43.62187378612175],[-79.56700841588112,43.62120005205593],[-79.56768214875096,43.62097547517418],[-79.56813130459639,43.62007716316045],[-79.56925419420996,43.62007716316045],[-79.56925419420996,43.619403429771786],[-79.56813130459639,43.61917885203207],[-79.56745757172655,43.6178313861882],[-79.56925419420996,43.61581018478357],[-79.56880503836453,43.61446271889283],[-79.5703770829252,43.61311525207658],[-79.57015250500251,43.61221694100286],[-79.57082623877065,43.61154320669692],[-79.57105081579503,43.61042031827703],[-79.57194912838422,43.60997116315299],[-79.57284743917675,43.6110940521536],[-79.57419490491642,43.61064489620724],[-79.57397032789201,43.6097465853088],[-79.57217370540863,43.60997116315299],[-79.57082623877065,43.60929742905604],[-79.56970335005539,43.61042031827703],[-79.56854174754464,43.61022671791367],[-79.56431348260519,43.61244151872846],[-79.56565079917875,43.61339675509244],[-79.565615931071,43.61340503845613],[-79.56554711473035,43.613420184729435],[-79.56549604730307,43.6134287783257],[-79.56548187817612,43.613431164604506],[-79.5654038612903,43.61344282803671],[-79.56533414573606,43.61344700613733],[-79.56530774514816,43.61344722206658],[-79.56525290569502,43.61344766823357],[-79.56519180588266,43.613446012992945],[-79.56515204734649,43.61344387126113],[-79.5651095237959,43.61343713192708],[-79.56506535004011,43.61343013048535],[-79.5649689410472,43.613417092777524],[-79.56494604119398,43.61341472666029],[-79.56492305869575,43.61341208672885],[-79.5649007687986,43.613409299809234],[-79.5648753365946,43.61340525308474],[-79.56484821106628,43.61340076344451],[-79.56482755700127,43.613397158334074],[-79.56480601001084,43.613392529509845],[-79.5647822334019,43.613387023309265],[-79.5647196199283,43.613372986593056],[-79.56465752029101,43.61335163688575],[-79.56461073603101,43.6133354727341],[-79.56456207429207,43.61331311881027],[-79.56452164920597,43.613295093229624],[-79.56447244937618,43.6132720401203],[-79.56439487625813,43.613229016081064],[-79.56433112551736,43.61319236845448],[-79.56426313922003,43.61315642322931],[-79.56422146996726,43.61313418240726],[-79.56417916830053,43.61310982584892],[-79.56413432440156,43.61306917627971],[-79.56410359303568,43.613035575650244],[-79.56407449211204,43.61299557382336],[-79.5640352222594,43.612940648664946],[-79.56399812812637,43.61287183361251],[-79.5639667616516,43.61281456886642],[-79.56394780360584,43.61274808599266],[-79.5639460833321,43.61264919437873],[-79.56394684420513,43.61262520314771],[-79.56394918880802,43.612598536168136],[-79.56395381243676,43.612567756705566],[-79.56396031264617,43.61253566927466],[-79.56397567383753,43.6124973562028],[-79.56399576825213,43.612462607948494],[-79.564028192044,43.612415757024756],[-79.56407489815055,43.61237609104284],[-79.56414821954236,43.61233150930193],[-79.56417516450932,43.61231259627937],[-79.56419982595881,43.612288403939935],[-79.5642482379661,43.61226763270539],[-79.56437760974006,43.6122111225014],[-79.56447278354946,43.61214432156373],[-79.56455439010313,43.61211135000835],[-79.5646616579312,43.61207252284694],[-79.56475177692052,43.612039661820916],[-79.56481636039955,43.61200647687533],[-79.56487678108556,43.61197014134867],[-79.56494152176978,43.6119307814139],[-79.56501044051838,43.611894555760145],[-79.56507085581448,43.611858220165885],[-79.56511232294632,43.611834962278046],[-79.5651570842003,43.61180985592476],[-79.56523435997597,43.611779926140834],[-79.56527480572333,43.611763271809984],[-79.56531812158802,43.611745432431796],[-79.5653488897848,43.611732251269025],[-79.56537825930471,43.611716995302075],[-79.56537988256044,43.61171603985279],[-79.5654069236471,43.61170015363622],[-79.56543801703405,43.61168265765491],[-79.56546756891196,43.611666241346605],[-79.56549483727238,43.611650346661605],[-79.56551444569841,43.611636568402716],[-79.56551831384402,43.61163440579334],[-79.56552757188135,43.61162736836928],[-79.56553882148366,43.61161622881467],[-79.56554698537296,43.61160725186841],[-79.56555904076407,43.611593917829154],[-79.56557417917323,43.61157803743408],[-79.56559041352706,43.6115634058212],[-79.5656147425999,43.61154129123993],[-79.56565250777444,43.61151190701649],[-79.5656722248966,43.61149716351702],[-79.56569467379555,43.611479829428845],[-79.56570273617524,43.61147448500542],[-79.5657085770212,43.61147108661007],[-79.56572027488285,43.61146567194147],[-79.56573034859044,43.6114606260553],[-79.56573519140812,43.61145768684915],[-79.56573729166925,43.611456088789936],[-79.56574048787505,43.61145364779821],[-79.56576989692081,43.61143111691355],[-79.56580672066094,43.61140275053005],[-79.56584743590287,43.61137018377457],[-79.56587511120016,43.611344668118086],[-79.56590287812558,43.61131073156274],[-79.56590416990295,43.61130915236157],[-79.56593334448844,43.61126851263225],[-79.56596877045,43.61122475024144],[-79.56600861971597,43.61118040569845],[-79.56605789949585,43.611132868889655],[-79.56610516794778,43.61110236835525],[-79.56614291515601,43.61107707632787],[-79.56619004526739,43.61104761122618],[-79.5662346133836,43.6110199471105],[-79.56627831642217,43.61099289177134],[-79.5663127012363,43.61097344498674],[-79.56632856817917,43.61096447119664],[-79.56637060843616,43.6109461932009],[-79.56641762985137,43.610926120050095],[-79.56645331452772,43.610912262274496],[-79.56649361205304,43.610898749216574],[-79.56654863925411,43.610880332662056],[-79.56658864662359,43.61086672593695],[-79.56661302510378,43.610858974915296],[-79.56662949212124,43.610853742958874],[-79.5666938653945,43.610835446717815],[-79.56670926790838,43.61083305057975],[-79.56673865359794,43.610829661254016],[-79.566778434592,43.61082390050552],[-79.56680086552463,43.61082237397535],[-79.56680951360588,43.61082179120119],[-79.56685279982614,43.610813562767134],[-79.5668627298033,43.610812254126664],[-79.56688738316795,43.610808990330376],[-79.56691162420589,43.61080428780973],[-79.5669445321897,43.61079677613384],[-79.56694802124628,43.61079597742066],[-79.56698447667712,43.6107851609698],[-79.56703139029452,43.61076947288492],[-79.56707152791972,43.61074868681658],[-79.56709956972963,43.610728998647716],[-79.56713318738252,43.61069890637157],[-79.56716404091927,43.61066649988852],[-79.56718791903783,43.61063742743916],[-79.56720404828876,43.610611322191346],[-79.56722906277618,43.61057406677789],[-79.56724174878461,43.61054792312784],[-79.56725256180569,43.61052802220561],[-79.56726173360472,43.61050433777759],[-79.56727100242185,43.610476789187125],[-79.56728082639778,43.61044571074551],[-79.56729331298023,43.61040829457524],[-79.56729841810599,43.610385160357396],[-79.56729910082561,43.610382064346894],[-79.56729455355364,43.61035570792515],[-79.56728498469923,43.61032302547781],[-79.56728206876781,43.61031744614884],[-79.56727179383759,43.61029780336841],[-79.56724989111434,43.61027623532795],[-79.56723557646029,43.61024950551655],[-79.56723680355897,43.61023831172154],[-79.56727814043508,43.60986206956339],[-79.56723265064741,43.609566799888434],[-79.5672184914019,43.60947490234475],[-79.56721344197167,43.60946084975545],[-79.56720008671836,43.609415214754094],[-79.56719535708838,43.609393758271615],[-79.5671927834151,43.6093848193692],[-79.56718781483326,43.60935736262744],[-79.56718268455467,43.60933689868619],[-79.56717936527969,43.60932220473691],[-79.56717565523758,43.60930749972663],[-79.56717041895779,43.60929006288921],[-79.56716358098184,43.609268259680576],[-79.56715441367436,43.60924328559495],[-79.56714469390297,43.60921343583815],[-79.56713505497999,43.60918685710585],[-79.56712658296856,43.60916541485152],[-79.56711516897455,43.609139040334846],[-79.56710193589211,43.60911687152639],[-79.56725436023288,43.60903351613502],[-79.56720641265458,43.60901627239798],[-79.56714135037352,43.60899231549188],[-79.56704926587035,43.60895621490357],[-79.56694006217286,43.608913405023166],[-79.56680567600297,43.6088579180601],[-79.56678252821473,43.608849059732485],[-79.56672295374172,43.60882626054155],[-79.56660919199244,43.60878880238609],[-79.56659831429268,43.608791442520456],[-79.56653661171076,43.60878753207751],[-79.56646117388814,43.60878494723037],[-79.56634991394695,43.60878651999349],[-79.56628800834577,43.60878394685414],[-79.566198095969,43.608779012618626],[-79.56615568021621,43.60877542999652],[-79.56617136839434,43.60875766843535],[-79.56632834360035,43.60857995691991],[-79.566313794486,43.60857675219273],[-79.56630094408585,43.608573760159864],[-79.5662880218205,43.608570857237396],[-79.56627710998474,43.60856824636327],[-79.56627100772901,43.6085668336032],[-79.56625276384392,43.60856198781],[-79.5662349601333,43.60855699176425],[-79.56621983160558,43.608553117730814],[-79.56620836101773,43.60855062913909],[-79.56619046118739,43.60854738993686],[-79.56617500836786,43.60854461775199],[-79.56616918638652,43.60854370908418],[-79.56616376505376,43.608543237513544],[-79.56615971275353,43.60854337020374],[-79.56615564967348,43.60854393934072],[-79.56614946836602,43.60854563699502],[-79.56614432910428,43.608547456281954],[-79.56613364274567,43.60855169521379],[-79.5661252524809,43.60855561282693],[-79.56612205717344,43.6085569813572],[-79.56611081026608,43.60856179592958],[-79.56610270117402,43.60856575712166],[-79.56609435941829,43.60856931113682],[-79.56608921656328,43.608571508980255],[-79.56607503935147,43.608577249130335],[-79.56606377268119,43.60858163831216],[-79.56605446074494,43.60858554096318],[-79.5660447490584,43.60858916847709],[-79.56603167318113,43.60859363636146],[-79.56601914347955,43.60859715980418],[-79.56600846790072,43.60860004126082],[-79.56599456287843,43.60860321606646],[-79.56597598302342,43.608609016054146],[-79.56596296373999,43.60861353857413],[-79.5659562227821,43.60861664833494],[-79.56595091463709,43.60861935156968],[-79.56594531903119,43.608622904280786],[-79.56593598284043,43.60862908022167],[-79.56592533960095,43.608635433081936],[-79.5659154922688,43.6086412233099],[-79.56590433159971,43.60864718460332],[-79.56589370991979,43.608652386180964],[-79.56588309722304,43.60865721570587],[-79.56587540764419,43.60866007959768],[-79.56586935749075,43.60866123217915],[-79.56586015245405,43.608661689439145],[-79.56584572371395,43.6086616991958],[-79.56583206932162,43.608661906036],[-79.56582183751055,43.60866196847837],[-79.5658094991501,43.608662004252594],[-79.56579847951652,43.608661866359114],[-79.56578509282215,43.60866226703075],[-79.56577089944066,43.60866323553739],[-79.56575733757482,43.608664721794995],[-79.56574899851405,43.608666263340034],[-79.56573518511992,43.608669190974666],[-79.56572200503807,43.60867212316224],[-79.56570740022819,43.60867515226533],[-79.56569295172517,43.60867829909804],[-79.56568056934728,43.608680899560355],[-79.5656692927955,43.60868339790334],[-79.56566040396578,43.60868534987605],[-79.56565210263425,43.608686963619505],[-79.56563861892184,43.60868920048504],[-79.5656217907816,43.608691092617036],[-79.56560557259748,43.60869172809757],[-79.5655876359362,43.60869192127843],[-79.56556894469007,43.60869274993984],[-79.56555637905588,43.60869237268422],[-79.56553618852156,43.60869001548726],[-79.5655217741545,43.60868773178999],[-79.56550334701308,43.60868413290141],[-79.56548940605819,43.60868095029471],[-79.56547917334878,43.608678786928635],[-79.56546084502203,43.60867099009417],[-79.56544370875969,43.60866152227586],[-79.565422557028,43.60865074706936],[-79.56540771955446,43.60864215083904],[-79.56539287219944,43.608632463167005],[-79.56537692350987,43.60862325942177],[-79.56535636197135,43.60861207052765],[-79.56533810550984,43.60860091415352],[-79.56532213256575,43.608591457381635],[-79.56530443036478,43.60858156741401],[-79.56529350415597,43.608574367672645],[-79.56527533752597,43.60856396125123],[-79.56525993501212,43.60855494092022],[-79.5652456868334,43.60854673754329],[-79.56530482292855,43.608479796592974],[-79.5652554730801,43.60846643844445],[-79.56513573753419,43.60844314216979],[-79.5650163667043,43.60841898990226],[-79.56495649758386,43.60840734305778],[-79.56489663295503,43.60839570011362],[-79.56488129961144,43.60838709799285],[-79.56484379764329,43.60836399812159],[-79.56483134160354,43.60835462912243],[-79.56481457544709,43.60834354164767],[-79.56476648503667,43.608269431914756],[-79.56472926154625,43.60818355161795],[-79.5647087242622,43.60809423878908],[-79.56471648121469,43.60803331397748],[-79.56476568553606,43.60792315924301],[-79.56482000576297,43.607856914230354],[-79.56482875715048,43.60784614408335],[-79.56487475987616,43.607789530856536],[-79.56494623523007,43.60771384569857],[-79.56501771148227,43.60763816434813],[-79.56509261121403,43.607563549645086],[-79.56517205103124,43.60749034828538],[-79.56524124825758,43.60741396091059],[-79.5653058892288,43.607336159348954],[-79.56536256124511,43.60725588335136],[-79.56535804990575,43.607227949503624],[-79.56534719915545,43.6072140336357],[-79.56527813218483,43.60716273730181],[-79.56518439567988,43.60710357753983],[-79.56507948772607,43.6070551984175],[-79.56491430730824,43.606990182467094],[-79.56476192249333,43.6069353864694],[-79.56463860177114,43.6070968537567],[-79.56463639191553,43.60709578830669],[-79.56463311845464,43.6070944399074],[-79.56463043878014,43.607093527965326],[-79.56462640893777,43.607092277785156],[-79.5646232657326,43.60709169432436],[-79.56462097143536,43.60709166895646],[-79.56461875079998,43.60709207354133],[-79.5646155779504,43.60709280075332],[-79.56461117261225,43.60709481977481],[-79.5646067789522,43.60709639973711],[-79.56460013231741,43.607097847005974],[-79.56459201603882,43.607097961486566],[-79.56458601619103,43.60709745022663],[-79.56457810203337,43.60709549234831],[-79.56456719648583,43.60709262512967],[-79.56455930029449,43.60709001224],[-79.56455288811999,43.607087641320575],[-79.56454762758568,43.60708563400712],[-79.56453830217471,43.60708239082328],[-79.56452713791235,43.60707833521709],[-79.5644999387222,43.607068024804626],[-79.56448537253986,43.60706284975879],[-79.56447347704886,43.60705825231949],[-79.56446665614091,43.607055588042066],[-79.56445842577627,43.60705236957402],[-79.56444725612403,43.607048310713495],[-79.56443753994593,43.60704462976911],[-79.56443194164507,43.607043313891616],[-79.56442680238334,43.60704306931919],[-79.56442068755119,43.60704281238811],[-79.56441452510835,43.607044333810485],[-79.56440643398258,43.60704441251598],[-79.56439691184056,43.6070434030044],[-79.56438861679723,43.60704187247555],[-79.56438302119133,43.607040203398995],[-79.5643797746799,43.607039355851505],[-79.56437654164318,43.60703840032795],[-79.56431981482962,43.607021768751075],[-79.5641957233529,43.60700907764954],[-79.56403473896579,43.606980760566756],[-79.56389466466355,43.60696340241086],[-79.56383654815623,43.60694792733031],[-79.56363060937734,43.60690800146102],[-79.56346277353954,43.60689109795577],[-79.56340092183729,43.60688886882884],[-79.56333297416752,43.60688806551051],[-79.56319734113603,43.60687068391134],[-79.56309571832121,43.60685582804537],[-79.56280435245372,43.606817593963854],[-79.56255508972532,43.606741288993796],[-79.56248079545807,43.606686102491935],[-79.56241497949047,43.6065774133865],[-79.56236153242601,43.60647755154055],[-79.56229458547946,43.606398931132645],[-79.56224999849864,43.60637252483102],[-79.56209511996052,43.606300831104186],[-79.56191663190008,43.60620592601243],[-79.56182964803111,43.60616872250956],[-79.56163008818906,43.60608336609321],[-79.56143055439817,43.60602874619713],[-79.56109081335433,43.60594604870504],[-79.5608563898961,43.60589532565563],[-79.5606789555595,43.60581438490439],[-79.56063513214669,43.60579274825766],[-79.56052907075602,43.60571711067368],[-79.56050787410858,43.605605131671155],[-79.56056047855331,43.60548909219352],[-79.5605199124317,43.60540109322877],[-79.56049097949304,43.60538686796198],[-79.56152569856316,43.604436075349675],[-79.5609448155611,43.60458129567643],[-79.56004650387023,43.60368298528731],[-79.56139395883011,43.60199867578003],[-79.5587532469664,43.60384716930754],[-79.5581569910949,43.60352061050048],[-79.5580033675032,43.60343647131041],[-79.5573515705943,43.60278467319313],[-79.55757614941534,43.60188636199665],[-79.55667783772446,43.599865162040416],[-79.5573515705943,43.59874227289367],[-79.55780072733803,43.59874227289367],[-79.55757614941534,43.59829311774271],[-79.55802530436243,43.59761938425949],[-79.55824988228515,43.59761938425949],[-79.55892361605329,43.5973948058396],[-79.56004650387023,43.59806853988578],[-79.55937277100043,43.59672107270705],[-79.55982192684583,43.596047339837895],[-79.5611693925855,43.59559818408764],[-79.5611693925855,43.595373605931215],[-79.56139397140653,43.59514902823784],[-79.5611693925855,43.596047339837895],[-79.56184312725198,43.59717022918379],[-79.5629660159672,43.59761938425949],[-79.56386432675977,43.59717022918379],[-79.56408890468246,43.59761938425949],[-79.56319059388993,43.59761938425949],[-79.56229228219907,43.598517694761505],[-79.56341517091434,43.600089739696976],[-79.56338702849311,43.60012491794599],[-79.56478581229001,43.59893595185536],[-79.56608515168662,43.59720350103298],[-79.566053959485,43.59715151371985],[-79.56543637221876,43.596945651039206],[-79.56543637221876,43.59582276205656],[-79.56453805962958,43.596047339837895],[-79.56386432675977,43.59559818408764],[-79.56386432675977,43.59447529468304],[-79.5629660159672,43.593801562043126],[-79.56319059388993,43.59290325009935],[-79.56408890468246,43.59245409495462],[-79.56543637221876,43.593352405795535],[-79.56633468301129,43.593127827715904],[-79.56723299380384,43.593801562043126],[-79.5673926936001,43.594440360356906],[-79.56855238988582,43.594334933335375],[-79.56880503836453,43.59425071689013],[-79.5688936868117,43.594303906408925],[-79.56947877213267,43.59425071689013],[-79.57599152829813,43.58886085023664],[-79.57531779363167,43.5877379607001],[-79.57554237155439,43.58683964999501],[-79.57486863868456,43.585941338897435],[-79.57576695037542,43.58504302805868],[-79.57733899493611,43.58571676114311],[-79.57733899493611,43.58504302805868],[-79.57509321660727,43.58347098306859],[-79.57486863868456,43.58279725022769],[-79.57531779363167,43.58212351570349],[-79.57666526116797,43.58212351570349],[-79.57980935028934,43.58459387216726],[-79.58093223900461,43.58369556074194],[-79.58003392821206,43.581898939323835],[-79.57801272780593,43.581449782749814],[-79.57778814988323,43.58077605006554],[-79.57868646067577,43.579877738287074],[-79.57846188365137,43.579428582903205],[-79.57711441701339,43.57853027184493],[-79.57621610622085,43.579428582903205],[-79.57531779363167,43.57920400493087],[-79.57441948283915,43.57785653772794],[-79.57464406076184,43.57673364921947],[-79.57397032340045,43.576284492508485],[-79.57315013010502,43.57593298103398],[-79.57262286125405,43.57628449381005],[-79.57194912838422,43.57605991582515],[-79.57149997164048,43.575386182702374],[-79.57172454956319,43.57471244920046],[-79.57015250500251,43.57605991582515],[-79.56902961628724,43.57605991582515],[-79.56858046134012,43.57493702700422],[-79.56947877213267,43.57403871597062],[-79.56947877213267,43.57314040520418],[-79.56858046134012,43.57291582720862],[-79.56880503836453,43.57336498171144],[-79.56813130459639,43.57426329368369],[-79.56700841588112,43.57426329368369],[-79.56543637221876,43.57583533830434],[-79.56363974883705,43.57493702700422],[-79.56386432675977,43.57583533830434],[-79.5629660159672,43.57673364921947],[-79.5611693925855,43.57583533830434],[-79.55937277100043,43.57763195974913],[-79.55824988228515,43.57718280518331],[-79.55802530436243,43.576509072258965],[-79.5591481930777,43.575386182702374],[-79.55802530436243,43.57336498171144],[-79.55824988228515,43.57269124902638],[-79.5611693925855,43.57022089297743],[-79.56229228219907,43.57022089297743],[-79.56161854932925,43.56932258188882],[-79.56177068261587,43.5684097819192],[-79.56178517154308,43.568322850191855],[-79.56184312725198,43.56797511486809],[-79.56139396691493,43.567638246006425],[-79.56112824345728,43.56743895266852],[-79.56124460762592,43.567423410796174],[-79.5612642609677,43.56741126004073],[-79.56134999977169,43.567358253089715],[-79.56142793221585,43.567289844777136],[-79.56147025723875,43.56722630373425],[-79.56154790761194,43.567125447763544],[-79.5617070899786,43.56688276163939],[-79.56182946477479,43.566755288742215],[-79.56204080242854,43.5664593688254],[-79.56206851365843,43.56636269229012],[-79.56211507693287,43.56629454450823],[-79.562189974868,43.566266689280354],[-79.56223699358827,43.56624076460769],[-79.56229546043855,43.56617797294614],[-79.56229211331579,43.56615146763205],[-79.56231890556914,43.566116233075014],[-79.56235893270158,43.56609782559482],[-79.56249242055617,43.566077614461506],[-79.56253088821325,43.56605183355671],[-79.562607232436,43.56596570554544],[-79.56266677187472,43.56589228239425],[-79.56272822652161,43.56584904156953],[-79.56280646349467,43.56580986691255],[-79.56331511565966,43.56552043775593],[-79.56346743399925,43.56541241437957],[-79.56351159607694,43.56537274279512],[-79.56355255925389,43.56531098387318],[-79.56358311904152,43.5650713640462],[-79.56356019403547,43.564922416928084],[-79.56354551197047,43.564859938934895],[-79.56354245320695,43.56479110208649],[-79.56352972048609,43.56473330208944],[-79.56351034113048,43.56468425295723],[-79.56347965288374,43.564632558458776],[-79.56342959426453,43.56458103510723],[-79.56340037206833,43.56455625727717],[-79.56363974883705,43.56415729284302],[-79.56521179429605,43.56415729284302],[-79.56539297460739,43.5637949338549],[-79.56590841803596,43.563665698872285],[-79.56595867158956,43.563628351251616],[-79.56597525538803,43.56361033161517],[-79.56602975797293,43.563595688337685],[-79.56615583742138,43.56345901540645],[-79.56632852326341,43.56329295066665],[-79.56637178612748,43.56328684558069],[-79.56643990268053,43.56332188195681],[-79.56656644925292,43.563247173898255],[-79.56666514984813,43.56316531459995],[-79.56688695197661,43.56288796907812],[-79.56691257372516,43.56284177345004],[-79.5669386958353,43.56279467558816],[-79.56700841588112,43.56263181488949],[-79.56701512270304,43.562616148098485],[-79.56704785461704,43.56239549704499],[-79.56706179377531,43.56232864470597],[-79.56707107067724,43.562284150212214],[-79.56706496572657,43.56220226747324],[-79.56702379683543,43.562156568640376],[-79.56703133370065,43.56210923329909],[-79.56705515702198,43.56205506625558],[-79.56713462828024,43.561974304133756],[-79.56721879054089,43.56185968421259],[-79.567316433819,43.56169238672396],[-79.5674248604738,43.56146703697686],[-79.56754003976458,43.56132142749499],[-79.56780984516692,43.56089179262102],[-79.56788097017785,43.5607998051171],[-79.56798850121231,43.560634542190634],[-79.56823353018078,43.56027240612517],[-79.5682416186116,43.56023549645283],[-79.56820983801346,43.56017512142382],[-79.56823165809172,43.560148635601344],[-79.56825118746599,43.56014040870039],[-79.56832918548717,43.56016760668237],[-79.56844301281345,43.56006234226735],[-79.56857334488646,43.55998147722527],[-79.56864060803998,43.55988947791598],[-79.56873130823928,43.559773656895715],[-79.56887101153731,43.55961518794464],[-79.56888726385743,43.55958807694346],[-79.56899771351823,43.55947478372165],[-79.56915099575012,43.55934963735319],[-79.56925419420996,43.55924893224082],[-79.56925419420996,43.55951602152341],[-79.56925419420996,43.56015232527304],[-79.56925419420996,43.56033946970511],[-79.5695349087531,43.560479827647676],[-79.57015250500251,43.5607886262085],[-79.5703770829252,43.561462359241816],[-79.56970335005539,43.56168693698122],[-79.56970335005539,43.56191151518539],[-79.56970335005539,43.562585248029734],[-79.56902961628724,43.562809826139976],[-79.56858046134012,43.56370813671853],[-79.5699279270798,43.5652801821722],[-79.56902961628724,43.564831025958036],[-79.56835588341742,43.5652801821722],[-79.56835588341742,43.56640307074852],[-79.56723299380384,43.56730138176964],[-79.56768214875096,43.56864884889217],[-79.56858046134012,43.56887342717809],[-79.56970335005539,43.567750537788974],[-79.57105081579503,43.5681996930626],[-79.57172454956319,43.567750537788974],[-79.57194912838422,43.566852226306395],[-79.57464406076184,43.56797511486809],[-79.5748173071526,43.567821120176795],[-79.57464406076184,43.56730138176964],[-79.57531779363167,43.56662764894611],[-79.57486863868456,43.5655047599998],[-79.57531779363167,43.564831025958036],[-79.57621610622085,43.56460644822238],[-79.57666526116797,43.565055604158275],[-79.576856974226,43.56502821636369],[-79.57688983909067,43.564831025958036],[-79.57823730572865,43.564831025958036],[-79.57846188365137,43.564831025958036],[-79.57915603253265,43.56413688187637],[-79.57891103859846,43.56348355870233],[-79.57958477326494,43.56191151518539],[-79.57801272780593,43.56168693698122],[-79.5775635719605,43.56101320385546],[-79.57778814988323,43.56033946970511],[-79.57666526116797,43.56101320385546],[-79.57576695037542,43.56011489280162],[-79.57621610622085,43.55921658072271],[-79.57576695037542,43.558542847964375],[-79.57599152829813,43.55786911483348],[-79.57717929513984,43.557360071699996],[-79.57751593340268,43.55721579725257],[-79.57756357285882,43.557195381330175],[-79.57681497978312,43.55644678904471],[-79.57666526116797,43.55629706999238],[-79.57666526116797,43.555847913858635],[-79.57666526116797,43.555174181192854],[-79.57711349713854,43.55477575357031],[-79.57711805878355,43.554775551753025],[-79.57728792750883,43.554727122751885],[-79.5774376173779,43.55468444616382],[-79.57775276614251,43.55457864744295],[-79.57791651284911,43.55449914414991],[-79.57805021450275,43.55442698824532],[-79.57857863948547,43.55405974659349],[-79.57864250880385,43.55399399501463],[-79.5786918119399,43.55395355941163],[-79.57873397526608,43.55394250878824],[-79.57877868262115,43.55394020869066],[-79.57882256442446,43.55394683229444],[-79.5788623157741,43.55396187960395],[-79.57890038547752,43.55398942151557],[-79.57891845059788,43.5540129660803],[-79.57892537750705,43.554049875007195],[-79.5789176466057,43.554080457844194],[-79.5788982807248,43.554108180037105],[-79.57893490144569,43.55415744285416],[-79.57900278892834,43.55419357761825],[-79.57908898946638,43.554187099872216],[-79.57927374776749,43.554154071820236],[-79.5793563038404,43.55413406435863],[-79.57942888322381,43.55411041762936],[-79.57951154619623,43.55405888983649],[-79.57969567298171,43.55392516593294],[-79.57974118792221,43.553856223492865],[-79.57979198136333,43.5538121543777],[-79.5798511839338,43.55377841519085],[-79.58028575293565,43.55337755908086],[-79.58048308405748,43.55337755908086],[-79.5807076619802,43.55337755908086],[-79.58173534185174,43.552349887302654],[-79.5818058982291,43.55237340255971],[-79.5818374946726,43.55237329057922],[-79.58186993912571,43.55235748960873],[-79.58207458612723,43.55214890469123],[-79.58219243521104,43.55202273137096],[-79.58230859905537,43.55190999034209],[-79.58222706257027,43.551862421034805],[-79.58241683526732,43.55169396229795],[-79.58240058654046,43.55168463916507],[-79.58272886238632,43.55135635914722],[-79.5843009060487,43.551805514252564],[-79.58502981973147,43.5512223850988],[-79.58504201076819,43.55122955263783],[-79.58510857682906,43.55125232872616],[-79.58523177448207,43.55127899294348],[-79.58533417523793,43.55128129770009],[-79.58548221041023,43.551263803032725],[-79.58553269662752,43.55124955325099],[-79.58558096400604,43.55122621008681],[-79.5856662015501,43.551174310024415],[-79.58567907620477,43.55116248477816],[-79.58587295060937,43.55135635914722],[-79.58699584022294,43.55113178131586],[-79.58728458211147,43.551516772394606],[-79.58834330596261,43.550458046707305],[-79.5881187289382,43.54955973585303],[-79.58744499517007,43.549110580939335],[-79.58610236146832,43.55015485563553],[-79.58563938414393,43.54991449580599],[-79.58554663668411,43.54990272890937],[-79.58549395228933,43.54992448721652],[-79.58542802493062,43.54995988554798],[-79.58541825665021,43.54995650060668],[-79.58528373752968,43.54990455127126],[-79.58519234293267,43.54985564437198],[-79.58503038746673,43.54973469180205],[-79.585001574004,43.54974500682809],[-79.58494795086973,43.549781001000774],[-79.58475561438088,43.54967774524824],[-79.58426410207151,43.54935878495514],[-79.58422096676817,43.54934062106836],[-79.58412119897442,43.54930848299438],[-79.58405722904472,43.54930716845884],[-79.5839482310614,43.54929640020441],[-79.58388660214132,43.5492845433377],[-79.58384074853596,43.5492655388805],[-79.58376680550998,43.54921262209054],[-79.58370359196176,43.54923884056713],[-79.5836133750561,43.549212742541],[-79.58385175110158,43.549110580939335],[-79.58362176621915,43.54865061654548],[-79.58362273639968,43.548630513499916],[-79.58363853686721,43.548515312814445],[-79.58368866645331,43.54830198961525],[-79.58371076231437,43.54825183326866],[-79.58380341365445,43.548182601763415],[-79.58375182071273,43.54799459528635],[-79.5836346803997,43.547766594471426],[-79.58357453280152,43.54769450473136],[-79.58342798434101,43.54768164615767],[-79.58322250549956,43.54765893383008],[-79.58312320752468,43.54765349714229],[-79.58302829871829,43.547463678299124],[-79.58295343941073,43.547313957764324],[-79.58310891622682,43.547141208548716],[-79.58350468878817,43.54670146695098],[-79.5837349737079,43.54644559685271],[-79.58497463981685,43.54506817999627],[-79.58519921684123,43.54506817999627],[-79.58587295060937,43.54484360282672],[-79.58609752943039,43.54484360282672],[-79.58766957309277,43.545741914298425],[-79.58823463855931,43.54536520380471],[-79.5881187289382,43.54484360282672],[-79.58816863484381,43.544768743584314],[-79.5881187289382,43.54461902482055],[-79.5885678838853,43.5439452909913],[-79.5899153514216,43.5439452909913],[-79.59058908429144,43.54327155809732],[-79.58824874749915,43.541782252928044],[-79.5881187289382,43.54169951274563],[-79.5881187289382,43.541587225804754],[-79.5881187289382,43.54089133773633],[-79.58814704742922,43.540817268018664],[-79.58833573675803,43.54066984785961],[-79.5885464896085,43.540574603556834],[-79.58861124197082,43.54052161206601],[-79.58875999040546,43.54044284299208],[-79.58879765856196,43.54044170538368],[-79.58886178120524,43.540473083702274],[-79.58900145755382,43.540520322734764],[-79.58910444131632,43.54050889587244],[-79.58916604238861,43.54052290074606],[-79.58920953432309,43.54052307200567],[-79.58932097482565,43.540485878044684],[-79.58936433919938,43.54045660759628],[-79.58940422978789,43.54041550456956],[-79.58964942494468,43.54007117535068],[-79.5897148312805,43.53999409160134],[-79.58988342080484,43.53973187783275],[-79.5899514690859,43.53963455345946],[-79.590014474225,43.539530750910195],[-79.59007926341822,43.53947248517587],[-79.59015391341835,43.5394433255888],[-79.5904463069585,43.53939233160461],[-79.59063085415552,43.539365725294374],[-79.59096033823542,43.53932574612967],[-79.5911155365738,43.53929694788249],[-79.5912797647774,43.539280276097834],[-79.59135871950437,43.53928717741759],[-79.59144568091544,43.53930023834862],[-79.59151218948413,43.53931520531119],[-79.59160122780015,43.539348292287634],[-79.59165704102706,43.53936289261838],[-79.59181980677339,43.53941205418055],[-79.5919059111917,43.53945594563111],[-79.59193766843362,43.53948544448128],[-79.59201670939883,43.53955368770417],[-79.59212050523833,43.53960487104739],[-79.5921759447661,43.53961524966964],[-79.59228793593593,43.53960488407115],[-79.59233314904249,43.5396113633844],[-79.59265757111578,43.539827680229955],[-79.59270203323078,43.53984007227713],[-79.5928001238699,43.53984482918156],[-79.59292300082437,43.53982074380809],[-79.59312064006835,43.539757222634826],[-79.59348556627948,43.53968797030344],[-79.59360361029769,43.53965924385975],[-79.59367081056915,43.53964289060571],[-79.59620352876603,43.540352047187305],[-79.59600774274651,43.53858997603395],[-79.59598997137522,43.538430035017775],[-79.59600474686502,43.53841783152884],[-79.59604419278746,43.53831124104585],[-79.59604404097219,43.538309150038565],[-79.59665268461146,43.538106269237595],[-79.59642810668876,43.53765711298723],[-79.59667861448214,43.53728135288682],[-79.5968791328266,43.53721056215113],[-79.59694874058303,43.53716890272873],[-79.59702423769446,43.53709575511618],[-79.59704121675162,43.537046432117755],[-79.59705687528536,43.536960319952705],[-79.59705678186056,43.536947476672196],[-79.59800015214775,43.53675880217118],[-79.5988984629403,43.53586049099697],[-79.59957219581011,43.536085069068264],[-79.59979677373283,43.535186756974596],[-79.59909901003084,43.53434944398013],[-79.59919273306107,43.53415075495319],[-79.59908467112228,43.53409373571646],[-79.59906104273537,43.53406165463855],[-79.59899859814502,43.53399960573081],[-79.59904766951573,43.53394420795977],[-79.59910573481906,43.533853707153774],[-79.59908549936897,43.533846940672056],[-79.59914489687387,43.53374357882468],[-79.5989923377858,43.533718424916394],[-79.5989354205294,43.533935954036615],[-79.59886636883014,43.53392604138206],[-79.59891613819183,43.53372471795318],[-79.598924657814,43.53369025375099],[-79.59895191449634,43.53366180644181],[-79.59896277333148,43.533659428722615],[-79.59898077556979,43.533655486697114],[-79.59913719022705,43.53368502876263],[-79.599174221478,43.533552181180596],[-79.59923210262671,43.53339664947011],[-79.5993174955793,43.53322553279995],[-79.59938902932369,43.53306426461876],[-79.59947654948688,43.532941000903854],[-79.59947702020408,43.53293948346974],[-79.59950858700317,43.53283765052893],[-79.59979677373283,43.53249182376307],[-79.59968215948238,43.53203336985735],[-79.59969148938491,43.53197231465411],[-79.59972948991806,43.531851689611464],[-79.59990810643758,43.53157443573398],[-79.60015096058474,43.53115500273423],[-79.60022312853972,43.53098979788833],[-79.60027820963968,43.53085380453971],[-79.60036085734076,43.530719202676764],[-79.60040252120365,43.5306293300794],[-79.60052038286388,43.53028460109651],[-79.60063729590316,43.530018660101796],[-79.60069462458796,43.52994691711875],[-79.60078471303454,43.52983417908945],[-79.60083767411044,43.529708104300035],[-79.60093776709434,43.52946982980952],[-79.60098952622438,43.52931655278685],[-79.60114424126913,43.52912315723167],[-79.60136881919185,43.52912315723167],[-79.60136881919185,43.528898579286086],[-79.60204255206166,43.52822484629396],[-79.60179872054748,43.52883442786869],[-79.60246925361825,43.52822484629396],[-79.60204255206166,43.52822484629396],[-79.60260399462265,43.527850550192056],[-79.60254784901909,43.52777569004161],[-79.60249170790712,43.52777569004161],[-79.6022671299844,43.52777569004161],[-79.60204255206166,43.52755111228949],[-79.60171827641378,43.526902563344045],[-79.60172887294087,43.52686494087703],[-79.60174661736268,43.526782179573644],[-79.60175188328687,43.52671440453007],[-79.60176022144935,43.526607098393626],[-79.60175008216473,43.52652895530713],[-79.60172840851187,43.52649089296007],[-79.60168700785538,43.52647182725704],[-79.60154051329377,43.526432574894905],[-79.60147442962823,43.52641486784731],[-79.60136881919185,43.526203645803804],[-79.60137812483988,43.5261571185346],[-79.60142759955414,43.526143374114284],[-79.60164055597203,43.526124640481235],[-79.6017427105895,43.526102138229064],[-79.6018062628026,43.525991256480886],[-79.60185396514082,43.5257990272287],[-79.60187325466491,43.525423599676394],[-79.60190204027988,43.52508719768565],[-79.60198056201885,43.524727646871085],[-79.6019669750002,43.524707180863565],[-79.60249170790712,43.52418244597925],[-79.60339001869964,43.5244070232461],[-79.60383917364676,43.52508075719509],[-79.60383917364676,43.52530533502576],[-79.60406375156948,43.52552991202042],[-79.6042883303905,43.52575449013293],[-79.60413658607439,43.52566344359183],[-79.60316544077692,43.52508075719509],[-79.60249170790712,43.52552991202042],[-79.60240187817531,43.52552991202042],[-79.60204255206166,43.526428224013344],[-79.60316544077692,43.52755111228949],[-79.60383917364676,43.52912315723167],[-79.60271628493149,43.52912315723167],[-79.60159339621624,43.53091977869897],[-79.60181797413897,43.53204266802505],[-79.60249170790712,43.53271640200584],[-79.6022671299844,43.53271640200584],[-79.60159339621624,43.53249182376307],[-79.60136881919185,43.53249182376307],[-79.60047050660268,43.53361471312639],[-79.6022671299844,43.535186756974596],[-79.60072716965239,43.53557174699862],[-79.60047050660268,43.53563591274053],[-79.60017107296564,43.53653422400417],[-79.59979677373283,43.53765711298723],[-79.59867388501758,43.53743253490985],[-79.59800015214775,43.53788169087941],[-79.59800015214775,43.539229158249384],[-79.59635901636194,43.54070618606271],[-79.5968772634325,43.54057662480961],[-79.59777557422504,43.54169951274563],[-79.59743870868844,43.54203638012735],[-79.59800015214775,43.54169951274563],[-79.60002135165557,43.54169951274563],[-79.60047050660268,43.54080120224662],[-79.59979677373283,43.53990289073547],[-79.60114424126913,43.538780001898076],[-79.60294086285421,43.53967831320834],[-79.60361459572404,43.53945373614711],[-79.60451290831323,43.53765711298723],[-79.60608495197559,43.53630964630319],[-79.60586037405288,43.534288445826185],[-79.60675868574373,43.5333901349726],[-79.60694513557254,43.53333928500654],[-79.60922904109695,43.53271640200584],[-79.6078815753573,43.53361471312639],[-79.60765699743457,43.534288445826185],[-79.6081061523817,43.5349621801164],[-79.60922904109695,43.535186756974596],[-79.61102566358036,43.534288445826185],[-79.6116993973485,43.5333901349726],[-79.61282228606377,43.5333901349726],[-79.6130468639865,43.53271640200584],[-79.61506806439259,43.533839291095155],[-79.61596637518514,43.53271640200584],[-79.61664010895328,43.532940980063536],[-79.61753841974584,43.53204266802505],[-79.6188858863838,43.53204266802505],[-79.61978419807467,43.53114435693412],[-79.6188858863838,43.53002146781649],[-79.61484348557157,43.53024604614018],[-79.61461890764885,43.528898579286086],[-79.61394517477902,43.52844942414286],[-79.6130468639865,43.528898579286086],[-79.6130468639865,43.5293477349924],[-79.61214855319393,43.528898579286086],[-79.61214855319393,43.52844942414286],[-79.6130468639865,43.52822484629396],[-79.61349601893359,43.528000268260215],[-79.61372059685631,43.528000268260215],[-79.61390268805935,43.52784852721],[-79.61372059685631,43.52777569004161],[-79.6141055923292,43.52767944123331],[-79.61506806439259,43.52687737922688],[-79.61596637518514,43.52687737922688],[-79.61614213236712,43.527404649701786],[-79.61736566653016,43.52794844394441],[-79.61821215261564,43.52710195688212],[-79.61757852413336,43.52562348921232],[-79.61753841974584,43.52552991202042],[-79.61777482129432,43.52547081206962],[-79.61813729330808,43.52538019433399],[-79.61843673143669,43.52530533502576],[-79.61915537917241,43.525664658988255],[-79.61933504222922,43.52575449013293],[-79.61967191046078,43.52552991202042],[-79.61987402960307,43.52539516605424],[-79.62000877509905,43.52530533502576],[-79.62008363440663,43.525080758497786],[-79.62018843725757,43.52476634799996],[-79.62023335302176,43.52463160097958],[-79.62005369086326,43.524362107989894],[-79.61978419807467,43.52395786787637],[-79.62023335302176,43.52305955687502],[-79.61978419807467,43.522385823150735],[-79.62017476310231,43.52194645141228],[-79.62040913086499,43.521682793873445],[-79.62337744214315,43.51834342305011],[-79.62360202006586,43.51766969007669],[-79.62315286511874,43.516995956094746],[-79.62225455342788,43.5167713779491],[-79.61978419807467,43.51789426683323],[-79.61933504222922,43.5185680012076],[-79.61955962015195,43.519466311992836],[-79.61664010895328,43.52126293382634],[-79.6164155337255,43.521712086462124],[-79.61619095310785,43.52216124487339],[-79.61506806439259,43.52148751219066],[-79.61394517477902,43.52148751219066],[-79.61372059685631,43.520589200882895],[-79.61237313021833,43.519466311992836],[-79.61125024060475,43.519915466929895],[-79.61125024060475,43.52103835592882],[-79.61035192981223,43.52036462308306],[-79.60945361901967,43.52081377914954],[-79.60877988614986,43.52036462308306],[-79.6081061523817,43.520589200882895],[-79.60765699743457,43.52171208971904],[-79.60877988614986,43.52283497915152],[-79.60743241861357,43.52328413376245],[-79.60720784069083,43.52395786787637],[-79.60765699743457,43.52463160097958],[-79.60675868574373,43.52530533502576],[-79.60689343123971,43.52597906806076],[-79.60692337568142,43.526128788168805],[-79.60698326276813,43.526428224013344],[-79.60688345095691,43.526228600282124],[-79.60675868574373,43.52597906806076],[-79.60586037405288,43.52597906806076],[-79.60541121910576,43.52485617917971],[-79.6042883303905,43.5244070232461],[-79.60340404948607,43.52339642417244],[-79.60294086285421,43.52305955687502],[-79.60271628493149,43.52305955687502],[-79.60271628493149,43.52261040124347],[-79.60249170790712,43.52261040124347],[-79.60271628493149,43.521936667714236],[-79.60339001869964,43.52171208971904],[-79.60249170790712,43.520589200882895],[-79.60257097075619,43.52027215031815],[-79.60249170790712,43.52014004509874],[-79.60264142562393,43.51999032771517],[-79.60271628493149,43.51969088987929],[-79.60300823829716,43.519623516601136],[-79.60339001869964,43.51924173392184],[-79.60361459572404,43.51924173392184],[-79.60383917364676,43.51924173392184],[-79.60451290831323,43.5190171563178],[-79.60391843829248,43.51941347066712],[-79.60563579702847,43.5190171563178],[-79.60586037405288,43.51834342305011],[-79.60675868574373,43.51789426683323],[-79.60765699743457,43.518792579180634],[-79.6078815753573,43.518792579180634],[-79.6081061523817,43.519915466929895],[-79.60877988614986,43.52014004509874],[-79.61035192981223,43.51834342305011],[-79.61192397527122,43.51811884470818],[-79.61218063562599,43.51831134076021],[-79.61282228606377,43.518792579180634],[-79.6130468639865,43.518792579180634],[-79.61394517657564,43.51789426813604],[-79.61461890764885,43.51722053405599],[-79.6142595806369,43.516995956094746],[-79.61362077965521,43.51659670613163],[-79.61282228606377,43.51609764501161],[-79.61262699591425,43.516136702803124],[-79.6116993973485,43.516322223058964],[-79.61147481942578,43.51654680092196],[-79.61102566358036,43.516995956094746],[-79.6109133768648,43.516995956094746],[-79.61080108565766,43.516995956094746],[-79.6101273518895,43.51654680092196],[-79.6099027748651,43.51654680092196],[-79.60967819694238,43.515873066779896],[-79.61055008648579,43.5143472611609],[-79.61057650773495,43.51430102311665],[-79.61035192981223,43.513851866777],[-79.60900446407257,43.51362728930794],[-79.60877988614986,43.51295355579523],[-79.60855530822714,43.51295355579523],[-79.60967819694238,43.51138151099899],[-79.61237313021833,43.511606089007344],[-79.61282228606377,43.51250439985032],[-79.61214855319393,43.51340271100316],[-79.61349601893359,43.51452560003288],[-79.61506806439259,43.5149747559182],[-79.61664010895328,43.5149747559182],[-79.61619095310785,43.51407644471325],[-79.61596637518514,43.51407644471325],[-79.61529264231531,43.51430102311665],[-79.61439433062445,43.51340271100316],[-79.61506806439259,43.51093235573276],[-79.61641553103057,43.50980946695059],[-79.61753841974584,43.51025862210377],[-79.61753841974584,43.51115693410948],[-79.61955962015195,43.51115693410948],[-79.62000877509905,43.51205524512301],[-79.62023335302176,43.51205524512301],[-79.62023335302176,43.51317813381704],[-79.62135624173703,43.51205524512301],[-79.6220299764035,43.511830666831536],[-79.62225455342788,43.511830666831536],[-79.62292828719603,43.512728978240595],[-79.62382659798858,43.51250439985032],[-79.62472490878112,43.51340271100316],[-79.62494948670384,43.51250439985032],[-79.62360202006586,43.51115693410948],[-79.62382659798858,43.51025862210377],[-79.6245003308584,43.50980946695059],[-79.62697068710995,43.51093235573276],[-79.62741984295538,43.51205524512301],[-79.62791390558185,43.511651017668854],[-79.62809357582522,43.51138151099899],[-79.62719526503265,43.51115693410948],[-79.62674610918722,43.5104831997299],[-79.62697068710995,43.50980946695059],[-79.62517406462653,43.50868657812615],[-79.62517406462653,43.50733911119609],[-79.62607237631741,43.50688995516635],[-79.62854273167065,43.50846199967871],[-79.63011477623132,43.50868657812615],[-79.63123766494657,43.50778826714125],[-79.63101308702386,43.50711453294743],[-79.63146224286929,43.506440799703796],[-79.63348344327541,43.50666537785283],[-79.63505548783608,43.50486875467642],[-79.63595379862865,43.50464417831359],[-79.6368521103195,43.505767066107346],[-79.63572922070593,43.50688995516635],[-79.63550464278322,43.50778826714125],[-79.63348344327541,43.50936031106097],[-79.63370802119812,43.50980946695059],[-79.63303428742998,43.51093235573276],[-79.63595379862865,43.511606089007344],[-79.63662753239679,43.51115693410948],[-79.63662753239679,43.50958488877212],[-79.63797499903475,43.508911155737955],[-79.63819957695746,43.508237421698716],[-79.63963687422553,43.50814759053338],[-79.6403555246562,43.50810267490059],[-79.64179282102594,43.508012844186254],[-79.64228408989192,43.507591759912586],[-79.64336486558665,43.50666537785283],[-79.64403859935479,43.50688995516635],[-79.6442631772775,43.50756368926068],[-79.64538606599277,43.506440799703796],[-79.64650895470803,43.50711453294743],[-79.64785642224432,43.50666537785283],[-79.64897931095956,43.50756368926068],[-79.65100051136568,43.505991644156815],[-79.65167424423551,43.506440799703796],[-79.65257255592635,43.50621622202227],[-79.65369544374332,43.50711453294743],[-79.6552674892023,43.50666537785283],[-79.65616579999487,43.505542489177124],[-79.6552674892023,43.505767066107346],[-79.65459375633246,43.50531791075977],[-79.65414459958875,43.505991644156815],[-79.6532462887962,43.50621622202227],[-79.65234797800365,43.505093332810084],[-79.65167424423551,43.50531791075977],[-79.65100051136568,43.50486875467642],[-79.65100051136568,43.503745865810664],[-79.65257255592635,43.502847554926845],[-79.65234797800365,43.50239840001086],[-79.65167424423551,43.501949243708026],[-79.65100051136568,43.501949243708026],[-79.6501021996748,43.502847554926845],[-79.64897931095956,43.50239840001086],[-79.64875473303684,43.50172466625826],[-79.64942846590668,43.50105093280638],[-79.64942846590668,43.50037719900382],[-79.64886481708334,43.4998840103584],[-79.6476318443216,43.49880515507071],[-79.64807913795943,43.49824604020835],[-79.649809408181,43.499506173469435],[-79.65100021492164,43.50037340793201],[-79.65113341621365,43.5004703975233],[-79.65136254500159,43.50063724784841],[-79.65468386005041,43.50305556173195],[-79.65601567893447,43.504025221196564],[-79.65732155537141,43.50497594701056],[-79.65747157851543,43.50508517071851],[-79.65779128084021,43.50531791401757],[-79.65827653728198,43.50567118810556],[-79.66031256977175,43.50715344735077],[-79.66072029801121,43.50745027806468],[-79.66181984490213,43.508250714781774],[-79.66170538695852,43.50853686033992],[-79.66203293876224,43.508405838973964],[-79.66215825554102,43.508497064666074],[-79.6630291443612,43.50912966168525],[-79.66303750318491,43.50913573316577],[-79.66358952691016,43.50953670948253],[-79.6637044097569,43.50962026127184],[-79.66370585424787,43.50961894196194],[-79.66379461228952,43.50968393601914],[-79.66461230377689,43.51028366982745],[-79.66581877533945,43.51116854308816],[-79.66589620832032,43.51122533512573],[-79.66858454975869,43.513191710505396],[-79.66892715912323,43.513442287805965],[-79.67165779953339,43.5154393829638],[-79.67201450885462,43.51570026266192],[-79.67233529454762,43.515934940205184],[-79.67275373968843,43.51624105569651],[-79.67393609238394,43.517105948888286],[-79.67390744600783,43.51722053405599],[-79.67305559338683,43.517646460938245],[-79.67390744600783,43.51834342305011],[-79.67278455729257,43.519466311992836],[-79.6730091352153,43.52014004509874],[-79.671661667679,43.52014004509874],[-79.671661667679,43.51924173392184],[-79.67098793480919,43.518792579180634],[-79.67008962311832,43.51924173392184],[-79.6694158902485,43.5190171563178],[-79.66851757855764,43.519915466929895],[-79.66874215737866,43.52081377914954],[-79.66761926776509,43.52036462308306],[-79.6660472232044,43.52171208971904],[-79.66582264528168,43.52328413376245],[-79.66492433359083,43.52216124487339],[-79.66312771200573,43.52171208971904],[-79.66312771200573,43.52126293382634],[-79.66245397823761,43.52216124487339],[-79.6622294012132,43.52216124487339],[-79.66133108862402,43.52171208971904],[-79.6608819336769,43.522385823150735],[-79.66178024536777,43.52261040124347],[-79.6622294012132,43.52350871176795],[-79.66245397823761,43.52350871176795],[-79.66290313408304,43.52305955687502],[-79.66307156819882,43.52310166506438],[-79.663202570415,43.52313441571322],[-79.66380144487557,43.52328413376245],[-79.664250600721,43.52395786787637],[-79.6640260227983,43.52485617917971],[-79.66412810285561,43.52493784365403],[-79.66514891241188,43.52575449013293],[-79.66469975566812,43.52710195688212],[-79.6640260227983,43.52755111228949],[-79.66312771200573,43.5273265350039],[-79.66245397823761,43.52597906806076],[-79.6622294012132,43.52597906806076],[-79.6622294012132,43.528000268260215],[-79.66133108862402,43.5293477349924],[-79.66200482329049,43.52957231321955],[-79.66200482329049,43.53047062427888],[-79.66290313408304,43.53002146781649],[-79.66380144487557,43.53024604614018],[-79.664250600721,43.53091977869897],[-79.6640260227983,43.53204266802505],[-79.66492433359083,43.53159351284958],[-79.66582264528168,43.53204266802505],[-79.66582264528168,43.53365963061057],[-79.6660472232044,43.5333901349726],[-79.66627180112711,43.5333901349726],[-79.66694553399695,43.53406386822761],[-79.66784384478949,43.5333901349726],[-79.66829300063492,43.53361471312639],[-79.66851757855764,43.53361471312639],[-79.67031420104104,43.53159351284958],[-79.6691913123258,43.53114435693412],[-79.66851757855764,43.53159351284958],[-79.66829300063492,43.53159351284958],[-79.66784384478949,43.53114435693412],[-79.66694553399695,43.53181809118106],[-79.66627180112711,43.53159351284958],[-79.66582264528168,43.53091977869897],[-79.6660472232044,43.53002146781649],[-79.66537349033457,43.52979688995917],[-79.66514891241188,43.52979688995917],[-79.66469975566812,43.52912315723167],[-79.66514891241188,43.52822484629396],[-79.66537349033457,43.52822484629396],[-79.66761926776509,43.528000268260215],[-79.66984554995732,43.52706289251095],[-79.67188624739836,43.52620364645508],[-79.6730091352153,43.52665280073553],[-79.673233713138,43.5273265350039],[-79.67255997936986,43.52822484629396],[-79.673233713138,43.52822484629396],[-79.673233713138,43.52777569004161],[-79.67345829016242,43.52777569004161],[-79.67435660185326,43.52710195688212],[-79.67345829016242,43.52530533502576],[-79.673233713138,43.52530533502576],[-79.67345829016242,43.52485617917971],[-79.67368286808514,43.5244070232461],[-79.67435660185326,43.52418244597925],[-79.67458117887767,43.52418244597925],[-79.67570406759293,43.524897015990085],[-79.67692484931796,43.52567387281255],[-79.67705153512921,43.52575449013293],[-79.67722190870768,43.52559960788953],[-79.67952190036392,43.52350871176795],[-79.67974646930347,43.52350871176795],[-79.67985875062915,43.52317186789532],[-79.67997104632788,43.52283497915152],[-79.68025177973563,43.52277883247313],[-79.68109393504312,43.52261040124347],[-79.68122422759026,43.52243667844346],[-79.681335460582,43.522518029626404],[-79.68167230545734,43.522762298120306],[-79.68185899693296,43.522584653852476],[-79.68199291508057,43.52246112836376],[-79.68249120607709,43.522001504551405],[-79.68289055842484,43.52216124487339],[-79.68356429129467,43.521936667714236],[-79.68423802416451,43.52283497915152],[-79.68558549080248,43.52216124487339],[-79.6860958955806,43.522569570701634],[-79.68603464664791,43.522385823150735],[-79.68715753626148,43.52081377914954],[-79.68693295833876,43.51969088987929],[-79.6876066912086,43.51924173392184],[-79.68872957992386,43.519466311992836],[-79.6896278907164,43.5185680012076],[-79.68940331369198,43.51789426683323],[-79.68872957992386,43.51766969007669],[-79.68895415784655,43.516995956094746],[-79.68855030673586,43.51639017980319],[-79.68947832391655,43.51552926320947],[-79.68970790276043,43.51531627996863],[-79.69101550126778,43.51410835401133],[-79.6920743643578,43.51313036847542],[-79.69414005293004,43.51122241513079],[-79.69494016708225,43.51048279840484],[-79.69574251983614,43.50974109299612],[-79.69635116078048,43.509178433527616],[-79.69683613515123,43.50873008734287],[-79.69721558981546,43.50837928870714],[-79.69728054879029,43.50831923180547],[-79.6976129137673,43.50856484193222],[-79.69812546911223,43.508943493208676],[-79.69691801748769,43.51001678913916],[-79.69636522480457,43.510707777823384],[-79.69681438065001,43.51138151099899],[-79.69703895857272,43.51138151099899],[-79.6972635355971,43.51295355579523],[-79.71118735961889,43.51969088987929],[-79.71141193664329,43.51969088987929],[-79.71186109338703,43.519915466929895],[-79.71096278169617,43.52014004509874],[-79.71051362585074,43.52103835592882],[-79.71118735961889,43.521936667714236],[-79.71404082488124,43.52331057651085],[-79.71388229289485,43.52283497915152],[-79.71455602666299,43.521936667714236],[-79.71388229289485,43.52148751219066],[-79.71365771497213,43.52148751219066],[-79.71347444338281,43.52075442379295],[-79.71186109338703,43.519915466929895],[-79.71186109338703,43.51969088987929],[-79.71186109338703,43.51908832472962],[-79.71362881257618,43.520393527429135],[-79.71376900365941,43.52049703722272],[-79.71475756998518,43.52122689526907],[-79.71564970935172,43.52188556317338],[-79.715693841785,43.52191814642685],[-79.71581914508904,43.522010673338826],[-79.7160133222259,43.52212368914655],[-79.71604757678432,43.52209245174774],[-79.71616669249269,43.521983827469306],[-79.71694572138853,43.52255948030867],[-79.71796572964756,43.52331319368834],[-79.71881226693702,43.52393871474238],[-79.71902273412326,43.52409422655075],[-79.72007791412061,43.5248738847308],[-79.72061102291923,43.52526777995345],[-79.7216514103588,43.52603645841364],[-79.72325530468788,43.527221432724126],[-79.72427050875677,43.527971449624005],[-79.72475385538023,43.5283285354386],[-79.72547346521162,43.52886016152008],[-79.72564912268058,43.52898993096391],[-79.72580384670849,43.52910422978516],[-79.72599857810589,43.52924808239818],[-79.72613347541716,43.5293477349924],[-79.72680440105172,43.52984336687648],[-79.72753471520804,43.530382683028066],[-79.72762182663777,43.5303992960518],[-79.7277454249394,43.53040922035787],[-79.72788704254731,43.53042878435298],[-79.72796494265212,43.53044297783564],[-79.7281008990771,43.53046350702572],[-79.72829495314478,43.53049478502861],[-79.72843334041093,43.53052238650937],[-79.72857200166325,43.53055886108489],[-79.72877524908954,43.53060897288486],[-79.7290001180664,43.5306731907997],[-79.72913260609607,43.530716178768515],[-79.72892900473357,43.53091977869897],[-79.7291507394884,43.531695853929996],[-79.73476802802921,43.534288445826185],[-79.73566634151669,43.53392912113677],[-79.73589091674447,43.53361471312639],[-79.73598916997865,43.53354453286882],[-79.7359971892392,43.53352047558759],[-79.73601193328797,43.53352827369054],[-79.73654870541631,43.53381216849853],[-79.73942962409204,43.535320409136666],[-79.74117139274925,43.53624620934615],[-79.74162268299179,43.536480635048754],[-79.74219698134283,43.53679090525807],[-79.74261114241806,43.53702294930285],[-79.74389058772438,43.53777036973167],[-79.74512316253247,43.53854688102028],[-79.74589702431881,43.53906415459993],[-79.7468143039369,43.53971578116571],[-79.74711535274479,43.53993684216138],[-79.74718832738691,43.53999042674281],[-79.74761840301571,43.540306225641224],[-79.74894141212175,43.54127827349791],[-79.75047034832859,43.54237763963677],[-79.75117767908834,43.54289209016592],[-79.75176198646828,43.54331705376949],[-79.75245658899878,43.5438277339858],[-79.7542198812902,43.54512408258956],[-79.75520992803956,43.54583288560183],[-79.75563283062081,43.54615241344444],[-79.75586108265303,43.54632924668067],[-79.75596248088905,43.54640780231185],[-79.75625936241235,43.54664529560928],[-79.75654087915103,43.54687385085256],[-79.75683080861235,43.54711675235518],[-79.75734955784115,43.54756504444197],[-79.75781963994113,43.54797642643081],[-79.75823168458555,43.54837093645581],[-79.75859009531591,43.54868221131075],[-79.75908232088763,43.5491213466226],[-79.75941902293086,43.54944344508064],[-79.75975501171173,43.54974863593543],[-79.7601118054746,43.55007307881496],[-79.76085416873381,43.55072232848977],[-79.7610026674368,43.55084647516019],[-79.76129667614784,43.551092269604354],[-79.76195190911271,43.551623196297676],[-79.76261478045241,43.5521184354592],[-79.76313755682864,43.552497410411135],[-79.76358529243763,43.55281159951551],[-79.76375766386927,43.55292972819499],[-79.76375831694449,43.55293020150353],[-79.76475137215172,43.55357130588258],[-79.76484730773251,43.55363324024898],[-79.76544549318524,43.553993955301685],[-79.76608146716873,43.55436994196059],[-79.76712968522264,43.55497026277994],[-79.76860814689029,43.55581627662786],[-79.76968428817646,43.556481621077005],[-79.76995843603487,43.556661501300695],[-79.77029963684103,43.55689086095735],[-79.77066668577119,43.557143752015506],[-79.77207961444054,43.55817201841937],[-79.7730161233956,43.55886210532193],[-79.77341781854962,43.55915035500121],[-79.77404906200482,43.5596140044791],[-79.77524760234174,43.56049430764023],[-79.77835303875307,43.562759068684414],[-79.77936556404578,43.56349747361731],[-79.78093177045542,43.56463956492817],[-79.78159304998047,43.565131195864765],[-79.78200490777532,43.5654246299782],[-79.78267778724563,43.565917730104935],[-79.78382976610472,43.56676535807142],[-79.78440765592025,43.56719228631793],[-79.78469743626124,43.56740907045712],[-79.78551254060058,43.56805221946137],[-79.78581550192173,43.568290960462164],[-79.78612653370739,43.56855366507188],[-79.78638536439189,43.5687722771676],[-79.78689949178855,43.56920491752236],[-79.78694889104436,43.56924648711491],[-79.78773420904552,43.56990731598755],[-79.78801181362113,43.570138987181885],[-79.78844656408266,43.57049058910085],[-79.78882523092439,43.57079311356844],[-79.78915120438816,43.571038151070724],[-79.78933913104729,43.57117941674986],[-79.78969322357608,43.5714389957775],[-79.78993566629485,43.57161704673748],[-79.7905111414389,43.57201646681395],[-79.7910866246678,43.572415884241366],[-79.79328843405672,43.57383576864446],[-79.7942313623728,43.574456055032094],[-79.7954420739835,43.575273510118734],[-79.79570906945561,43.575460901737664],[-79.79742978519582,43.5767199885657],[-79.79761851854207,43.57685808721399],[-79.79940989576254,43.57817843117506],[-79.80089990257821,43.57925888149885],[-79.801534683599,43.579732915167966],[-79.80245424134465,43.5804088915855],[-79.8026431696253,43.58054777438068],[-79.80341388730817,43.58111427381521],[-79.80341942991346,43.581118387135106],[-79.80475389523433,43.582107889121545],[-79.80632046186841,43.583237622496824],[-79.80654352523155,43.58340372660162],[-79.80663282046574,43.58347118739258],[-79.80704881590077,43.58378545964095],[-79.8074728279014,43.58410596531846],[-79.80769092268272,43.584272024080825],[-79.80798708465547,43.5845055465719],[-79.80832299168965,43.58478505828822],[-79.80857505626344,43.58502523866865],[-79.80888125511287,43.585338300323215],[-79.8090982988653,43.585599709874785],[-79.80930369685836,43.58586362539009],[-79.80961665822527,43.5863302712634],[-79.8097349501785,43.58652844082707],[-79.80983231767384,43.586713444565866],[-79.80991266748444,43.586887056345205],[-79.80999956960669,43.58710018958222],[-79.81009926553524,43.5873594514247],[-79.81017413202933,43.587573022841376],[-79.81023215241692,43.5877769935631],[-79.81032904919502,43.58822607950688],[-79.80935504545835,43.589098547080525],[-79.80909820633882,43.589328603704296],[-79.80838101297554,43.58997100591145],[-79.80822137606134,43.59011372495195],[-79.80329921197225,43.5945219045478],[-79.80326835035066,43.59454954242],[-79.80312058646957,43.594680426742315],[-79.80244079266653,43.595247791832485],[-79.8017244140752,43.59579086216803],[-79.80097309012105,43.59630839320685],[-79.8001885437727,43.59679920092113],[-79.79937256986415,43.59726215723573],[-79.79852703868781,43.597696203682474],[-79.79765388970637,43.598100343585784],[-79.79662677038355,43.59852365185374],[-79.79639630041089,43.59861138829834],[-79.79617713393945,43.59869245974297],[-79.79524108402352,43.599013706382806],[-79.79428494508286,43.599302026725226],[-79.79331090990513,43.599556760946086],[-79.79232121170212,43.59977732333811],[-79.79169813842441,43.599892787049924],[-79.79131811871987,43.59996320946183],[-79.79130966108148,43.59996462242396],[-79.79110780065398,43.599997513466306],[-79.79090551173009,43.600028995433306],[-79.79070281946265,43.60005906767659],[-79.78808105576323,43.60032230438798],[-79.78792641977023,43.60033783321543],[-79.78938284037405,43.601407541917965],[-79.78992978682132,43.60180925649254],[-79.78983710943008,43.60186864849082],[-79.78964429952907,43.60199221943776],[-79.78912645580208,43.602324916943196],[-79.78806128114887,43.603009251010576],[-79.78743539075447,43.60341135819891],[-79.7865787860456,43.60396126828289],[-79.78611333655755,43.60385385702624],[-79.7864797449889,43.60402484927122],[-79.78338756860948,43.60600987282268],[-79.77806184626046,43.60942857724492],[-79.77770454225451,43.60953611448771],[-79.77721323116774,43.60884827400223],[-79.77541660868435,43.6081745396857],[-79.77564118570874,43.606827073780714],[-79.7763149203752,43.607051650817475],[-79.77653949829792,43.607051650817475],[-79.77743780909046,43.606153340241505],[-79.77676407532232,43.60503045071933],[-79.77900985275284,43.60570418512657],[-79.78080647613456,43.60390756170279],[-79.7853985012719,43.603688895032526],[-79.78439972020304,43.60345840673243],[-79.78417514317863,43.60256009583839],[-79.78417514317863,43.60233551829579],[-79.77990816534201,43.60211093991486],[-79.7673318079582,43.60345840673243],[-79.7673318079582,43.60435671787311],[-79.76620891924294,43.60503045071933],[-79.76598434132023,43.60503045071933],[-79.76525446913503,43.60503045071933],[-79.76463687468224,43.60503045071933],[-79.76373856299139,43.60570418512657],[-79.76140295493079,43.60570418512657],[-79.76138049704868,43.60574161463079],[-79.76194194140632,43.60592876180233],[-79.76171736258527,43.60592876180233],[-79.76261567427613,43.607276228967194],[-79.76351398596698,43.60772538470248],[-79.76373856299139,43.607500806928854],[-79.76418771883682,43.607500806928854],[-79.76351398596698,43.60862369586795],[-79.76373856299139,43.60862369586795],[-79.76441229675953,43.6095220072765],[-79.76620891924294,43.60884827400223],[-79.76710723003548,43.60794996293858],[-79.7673318079582,43.60794996293858],[-79.76823011875074,43.6081745396857],[-79.76912843044158,43.60772538470248],[-79.7711496308477,43.60839911819604],[-79.77204794164027,43.60794996293858],[-79.77522737228152,43.610281644249824],[-79.7651833261578,43.61330402179502],[-79.76328763117667,43.61387464139654],[-79.76102776007764,43.61455488912795],[-79.76052582641265,43.615010278308915],[-79.76049566457866,43.615037643369014],[-79.7604522498993,43.61507703183787],[-79.759978300552,43.61550702739427],[-79.75993838301406,43.61554323851508],[-79.75995198620241,43.615553088316],[-79.75992589014339,43.61557504988674],[-79.75977104574125,43.615715913193085],[-79.75959637102919,43.61587653550028],[-79.75940937322807,43.61604669817689],[-79.75893355179176,43.616479781845996],[-79.75460631586418,43.62041820626575],[-79.75381327863977,43.621139813587476],[-79.75344864168616,43.62147160466548],[-79.75313114562373,43.621760387682535],[-79.75293540811322,43.62193842376719],[-79.75223490544792,43.62256262474388],[-79.75127315113842,43.6234431436979],[-79.75093762588823,43.62277209795345],[-79.75122403395363,43.62348811192136],[-79.75016242471379,43.62446003626548],[-79.7495901619452,43.62498394816818],[-79.74948814656659,43.62507734362881],[-79.74930699589967,43.62524095229048],[-79.74660184518568,43.627702680096945],[-79.74577233995402,43.627039075154805],[-79.74651498528422,43.627781721967125],[-79.74397059707348,43.6300970585943],[-79.74327781452973,43.63072720093247],[-79.74304091890785,43.63094090190146],[-79.74151505134604,43.632328720256886],[-79.73926784739083,43.634372444532076],[-79.73863978397175,43.63494362357102],[-79.73848416342518,43.63508626063253],[-79.73789428559218,43.63562270191773],[-79.7374160449928,43.63605761125982],[-79.73722393218446,43.63623231267745],[-79.73634007258988,43.63534845268637],[-79.73589091674447,43.63557303113591],[-79.73566633882174,43.63557303113591],[-79.73611549466717,43.63489929782054],[-79.73589091674447,43.63400098711973],[-79.73993331665838,43.63130605312131],[-79.74330198370245,43.62816196406514],[-79.74352656162517,43.627937385880486],[-79.74375114044621,43.627712808157185],[-79.74397571836892,43.627712808157185],[-79.74442487331605,43.627039075154805],[-79.74386342985672,43.627039075154805],[-79.74375114044621,43.627039075154805],[-79.74352656162517,43.627039075154805],[-79.74330198370245,43.627937385880486],[-79.74083162834923,43.630407742025454],[-79.73431887218376,43.63445014219819],[-79.72960273940004,43.63512387599818],[-79.72690780522578,43.63422556410335],[-79.72623407235594,43.63467472010388],[-79.72600949443321,43.63467472010388],[-79.72533576066509,43.633776409296836],[-79.72511118274237,43.633776409296836],[-79.7239882940271,43.633776409296836],[-79.72466202689694,43.63489929782054],[-79.72376371610439,43.636022186817314],[-79.7239882940271,43.636022186817314],[-79.72421287194982,43.636022186817314],[-79.72466202689694,43.636920497860494],[-79.72353913818168,43.638492542865265],[-79.72353913818168,43.63984001108228],[-79.72353913818168,43.640064587047355],[-79.72466202689694,43.640064587047355],[-79.72511118274237,43.64073832095753],[-79.72488660481966,43.64163663170359],[-79.72600949443321,43.64253494331983],[-79.72511118274237,43.64365783199063],[-79.72241624856811,43.642310364887315],[-79.72013964455029,43.64024072718687],[-79.71994589411318,43.640064587047355],[-79.71981304585908,43.64017845933403],[-79.71680180499182,43.642759520912826],[-79.71620291885314,43.64260979936041],[-79.71680180499182,43.64320867618058],[-79.71972131619047,43.644556143287176],[-79.71994589411318,43.645679031881464],[-79.72061962698302,43.64612818807247],[-79.72178200833312,43.64612818807247],[-79.7203541119345,43.646933863557024],[-79.7201974969529,43.64702219955763],[-79.7200996138246,43.64707741339214],[-79.71994300602955,43.64716574593152],[-79.71712586684066,43.64875469086575],[-79.71656617958773,43.64907035696609],[-79.71508034993813,43.64990826783754],[-79.71433779533776,43.65032699236812],[-79.71395579574633,43.65050644075913],[-79.71320856002501,43.64994600977282],[-79.71298398210229,43.64994600977282],[-79.71379398760409,43.65058245229405],[-79.71346799976726,43.6507355878511],[-79.71324589041495,43.650840564371],[-79.71314892895813,43.65088638697455],[-79.71265233577749,43.65112002854032],[-79.71257180450722,43.651157967308485],[-79.71204787649081,43.651404671088905],[-79.71182777307652,43.651508311385605],[-79.70958488283132,43.65256444528788],[-79.70895426280694,43.65292014139879],[-79.70848232388927,43.653186321124025],[-79.70801038317497,43.653452512668515],[-79.70764346090729,43.65365945063887],[-79.7075593094264,43.65373412122923],[-79.70718124625256,43.654069592428954],[-79.70680318757029,43.65440505850498],[-79.70642512170151,43.65474052530677],[-79.70615193054887,43.65498292216793],[-79.70605017388507,43.65507271649242],[-79.70222192604669,43.65846808974854],[-79.70075835036161,43.659766122015945],[-79.70059916260506,43.65990708972637],[-79.69790348462573,43.662297788937074],[-79.69656703133315,43.66348300550843],[-79.6961536383175,43.663850732490275],[-79.69589694562337,43.66407607517972],[-79.69589631770098,43.66407532591255],[-79.69550475644168,43.6644232994027],[-79.6954291272779,43.66449050882715],[-79.69530537805932,43.664600481933554],[-79.69520621123849,43.66468849952366],[-79.69467627439111,43.66515885396453],[-79.69395307040028,43.66580074063092],[-79.69374337307026,43.665986603301434],[-79.69367029242694,43.66589103278693],[-79.69198592252312,43.66431897502072],[-79.6914245140981,43.664094411103015],[-79.69010075220386,43.662872492435625],[-79.68670838041606,43.66499272216797],[-79.68639592480066,43.66538329368237],[-79.68648380159502,43.6654418781831],[-79.68670838041606,43.666340189228585],[-79.68625922457063,43.66701392213827],[-79.68491175793264,43.66701392213827],[-79.68468718000993,43.66701392213827],[-79.68581006872519,43.6674630779755],[-79.68648380159502,43.66858596716002],[-79.68603464664791,43.669259700204485],[-79.68581006872519,43.669259700204485],[-79.68446260208722,43.669708856131074],[-79.68378886921738,43.671056323236705],[-79.68244140168109,43.671505478063814],[-79.68266597960381,43.6726283669941],[-79.68289055842484,43.6726283669941],[-79.68446260208722,43.671056323236705],[-79.68558549080248,43.671505478063814],[-79.68581006872519,43.67217921212378],[-79.68468718000993,43.67330210079357],[-79.68458928520353,43.67379157770265],[-79.68446260208722,43.67442498989456],[-79.68289055842484,43.67577245571993],[-79.68311513455093,43.67577245571993],[-79.68333971337195,43.676670768085856],[-79.68491175793264,43.677569078698255],[-79.68616421784785,43.67745521882869],[-79.68598212035661,43.67780758204057],[-79.68574664407288,43.67826321570278],[-79.685085886469,43.679541683809404],[-79.68487087919732,43.679957677725525],[-79.68454179666436,43.68059437968898],[-79.6844387742743,43.680793704289876],[-79.68413216130153,43.68138690111149],[-79.68390509235051,43.68182620139878],[-79.68384733067776,43.68193794551563],[-79.68380469932933,43.68201756048141],[-79.68365759930325,43.682300938515745],[-79.6836221625619,43.682369446048],[-79.68362072166418,43.68237222457265],[-79.68329094922507,43.68300977467338],[-79.68266597960381,43.68250979029239],[-79.68328561413061,43.68302008895036],[-79.68297590286842,43.683618847977264],[-79.68294703101519,43.683674668045946],[-79.6828026528844,43.68395379879233],[-79.6817475169045,43.685993706087736],[-79.68158372528212,43.68631035153928],[-79.68118369919789,43.68708367021022],[-79.68090647640628,43.68761956654862],[-79.68068199190834,43.68805351021551],[-79.67929731255973,43.68789965721185],[-79.68005553467697,43.68926446272574],[-79.67982889781563,43.689702540659304],[-79.67936671729689,43.690595882580844],[-79.67927914233647,43.690765156191006],[-79.67921098625756,43.69089689502868],[-79.6786235796899,43.691043745996204],[-79.67839900176718,43.691043745996204],[-79.67727611305193,43.68992085676334],[-79.67682695720649,43.691043745996204],[-79.67592864641395,43.691043745996204],[-79.67525491264583,43.691717480227396],[-79.67480575680038,43.691492901908724],[-79.67458117887767,43.69194205705557],[-79.67547948967021,43.69239121273584],[-79.67570406759293,43.69306494611953],[-79.67480575680038,43.694187834943584],[-79.67188624560171,43.69261579093837],[-79.67076335688647,43.69126832404815],[-79.66986504609392,43.691492901908724],[-79.6694158902485,43.69239121273584],[-79.6691913123258,43.69239121273584],[-79.66846474234757,43.692536527146004],[-79.66779893172023,43.69295265699007],[-79.6676641844276,43.69312109190447],[-79.66851757855764,43.694187834943584],[-79.66829300063492,43.69508614697245],[-79.66773155627729,43.695310724825625],[-79.66739468984237,43.69553530183767],[-79.66730221636871,43.69548246037804],[-79.66717011191967,43.69553530183767],[-79.66582264528168,43.69463699069158],[-79.66514891241188,43.69553530183767],[-79.6660472232044,43.69575987995718],[-79.66627180112711,43.69575987995718],[-79.6667958099919,43.69635875277913],[-79.66739468984237,43.69665819116894],[-79.66761926776509,43.69665819116894],[-79.66829300063492,43.69778108025638],[-79.66806842271221,43.69845481413689],[-79.66764734011772,43.698735537437784],[-79.66761926776509,43.69890396909882],[-79.66685570336686,43.699667537476756],[-79.66739468984237,43.70092516927726],[-79.66761926776509,43.70092516927726],[-79.66739468984237,43.701598902898596],[-79.66582264528168,43.70227263609252],[-79.66694553399695,43.70384468085721],[-79.66717011191967,43.70384468085721],[-79.66734977228154,43.7039794276],[-79.66896673440306,43.704518414139926],[-79.66896673440306,43.70519214699417],[-79.66896673440306,43.70541672531068],[-79.67008962311832,43.70586588071843],[-79.67053877896375,43.70698877009903],[-79.67008962311832,43.70766250311156],[-79.6691913123258,43.70788708126413],[-79.66781577243685,43.70690455367055],[-79.6676090593102,43.70683564946813],[-79.66739468984237,43.708336235694354],[-79.66672095697255,43.70878539195376],[-79.66649637904983,43.70878539195376],[-79.66582264528168,43.70856081392009],[-79.66627180112711,43.70990828118843],[-79.66559806825728,43.710582013852196],[-79.66537349033457,43.710582013852196],[-79.66559806825728,43.711704903192775],[-79.66537349033457,43.711704903192775],[-79.66514891241188,43.71215405888224],[-79.66514891241188,43.71327694798827],[-79.66380144487557,43.71439983683253],[-79.66275341906115,43.71439983683253],[-79.6622294012132,43.71484899180325],[-79.66200482329049,43.71484899180325],[-79.66182517101345,43.71493881862746],[-79.6608819336769,43.71574730398147],[-79.66110651159963,43.71574730398147],[-79.66155566744506,43.716870193284464],[-79.66185192194429,43.717087450209156],[-79.6618489305544,43.717090145317705],[-79.66126097960768,43.7176197840649],[-79.66112867663095,43.71752025673175],[-79.66088923518355,43.717735338225275],[-79.66071116753467,43.71789583645405],[-79.65974113075825,43.71877014696913],[-79.65949593021158,43.718991147703235],[-79.65934225631423,43.71904447810097],[-79.6588608922726,43.71941597687229],[-79.65746694680182,43.72064871844282],[-79.65751326663283,43.720463436717594],[-79.6570641107874,43.71978970412212],[-79.65771613497007,43.7188116930528],[-79.65414459958875,43.720912592982536],[-79.65302171087347,43.71934054787936],[-79.65279713295077,43.71934054787936],[-79.65302171087347,43.71844223697909],[-79.65369544374332,43.7179930823218],[-79.6532462887962,43.715971881058174],[-79.65234797800365,43.71574730398147],[-79.65100051136568,43.71574730398147],[-79.65077593344296,43.71574730398147],[-79.65055135462194,43.71642103723147],[-79.65055135462194,43.71754392624536],[-79.65212340008095,43.71889139281424],[-79.65167424423551,43.71978970412212],[-79.65100051136568,43.7200142822793],[-79.65077593344296,43.7200142822793],[-79.6501021996748,43.71934054787936],[-79.64968512626146,43.71918013662372],[-79.64926804386492,43.71901972104319],[-79.64880463804415,43.71884148836364],[-79.64718268757785,43.718217658772794],[-79.6462843767853,43.71978970412212],[-79.64471233312292,43.71978970412212],[-79.64336486558665,43.720912592982536],[-79.64403859935479,43.722035482222125],[-79.64314028766394,43.72293379313294],[-79.64201739894867,43.72226005975187],[-79.6406699323107,43.72293379313294],[-79.6386487319046,43.720912592982536],[-79.63842415488018,43.720912592982536],[-79.63617837655134,43.71956512577237],[-79.63483090991339,43.71978970412212],[-79.63505548783608,43.72068801494635],[-79.63415717614524,43.72158632593552],[-79.63236055366184,43.720912592982536],[-79.631686820792,43.72113717082613],[-79.63056393207675,43.720463436717594],[-79.63033935415405,43.720463436717594],[-79.6294410433615,43.71889139281424],[-79.62921646543877,43.71889139281424],[-79.62809357582522,43.72068801494635],[-79.62741984295538,43.720912592982536],[-79.62719526503265,43.720912592982536],[-79.62539864165095,43.722484637089046],[-79.62472490878112,43.722035482222125],[-79.6245003308584,43.72113717082613],[-79.62382659798858,43.72136174782788],[-79.62337744214315,43.720912592982536],[-79.62315286511874,43.720912592982536],[-79.62292828719603,43.72023886024397],[-79.62382659798858,43.71889139281424],[-79.62360202006586,43.71844223697909],[-79.62292828719603,43.718666814992936],[-79.6220299764035,43.72023886024397],[-79.62225455342788,43.72023886024397],[-79.62300310338448,43.72158632593552],[-79.62384352404516,43.72309913152145],[-79.62391630285452,43.723230135183215],[-79.62674610918722,43.72832366005928],[-79.62710504094046,43.7299030051784],[-79.62635634276187,43.72863535882008],[-79.62525989865193,43.72675894437018],[-79.62511658053319,43.72650404302654],[-79.62500153868466,43.72631678776453],[-79.62495990087292,43.726245529276376],[-79.62458127176046,43.72559750672243],[-79.62445435328553,43.725380281304446],[-79.62442071317476,43.72532269793833],[-79.6241589737454,43.72487837284729],[-79.62338186365098,43.72355907521338],[-79.6224794897784,43.722027080097845],[-79.62247252334336,43.72201686861323],[-79.6224269796568,43.721939224527965],[-79.6223168372198,43.72175143237713],[-79.62204997649498,43.72129639006492],[-79.62057265838268,43.71877725429842],[-79.62038336718264,43.718448643803754],[-79.62023708821673,43.718195656163715],[-79.61904717350316,43.71612974015165],[-79.61884158596555,43.7157768378571],[-79.6188858863838,43.71574730398147],[-79.61911046430652,43.71484899180325],[-79.61596637518514,43.70945912490209],[-79.61664010895328,43.70945912490209],[-79.6186613093594,43.71103117016501],[-79.61978419807467,43.71103117016501],[-79.62045793094448,43.711704903192775],[-79.6224791313506,43.71125574803311],[-79.62292828719603,43.710357436706204],[-79.6220299764035,43.70945912490209],[-79.61843673143669,43.70856081392009],[-79.6186613093594,43.70788708126413],[-79.61785282740031,43.7070786009122],[-79.61776299677022,43.70698877009903],[-79.61664010895328,43.70721334687962],[-79.61574179726242,43.70429383570508],[-79.61484348557157,43.702946368858804],[-79.61529264231531,43.70182347973931],[-79.61641553103057,43.701598902898596],[-79.61776299677022,43.70249721430606],[-79.6186613093594,43.70227263609252],[-79.61955962015195,43.702946368858804],[-79.61955962015195,43.703170947146205],[-79.61933504222922,43.703170947146205],[-79.6188858863838,43.704518414139926],[-79.62068250886719,43.706090459108424],[-79.62674610918722,43.70586588071843],[-79.62751609114986,43.70528839392668],[-79.62764441997977,43.70519214699417],[-79.62769170010982,43.704955750078916],[-79.6278689979025,43.70406925772766],[-79.62809357582522,43.70384468085721],[-79.62831815374793,43.70384468085721],[-79.62849995479512,43.704753686069175],[-79.62854273167065,43.704967569784486],[-79.62854273167065,43.70519214699417],[-79.62831815374793,43.70519214699417],[-79.62764441997977,43.70631503600763],[-79.62831815374793,43.70698877009903],[-79.62854273167065,43.70811165922463],[-79.62876730869503,43.70811165922463],[-79.6298901983086,43.7092345480941],[-79.63123766494657,43.709009969795325],[-79.63236055366184,43.70945912490209],[-79.63303428742998,43.710582013852196],[-79.63348344327541,43.710582013852196],[-79.63280971040558,43.71148032570903],[-79.63258513158456,43.71148032570903],[-79.63194348923162,43.71099909440811],[-79.631686820792,43.71080659210469],[-79.63159698477203,43.71080659210469],[-79.63146224286929,43.71080659210469],[-79.63033935415405,43.71125574803311],[-79.62921646543877,43.710582013852196],[-79.62741984295538,43.71103117016501],[-79.62741984295538,43.71215405888224],[-79.62764441997977,43.71215405888224],[-79.62854273167065,43.71260321510142],[-79.62831815374793,43.713052369902265],[-79.62876730869503,43.7137261029341],[-79.6296656212842,43.713950681092555],[-79.6278689979025,43.71552272606311],[-79.62831815374793,43.71642103723147],[-79.62899188661775,43.716645615029556],[-79.63101308702386,43.71574730398147],[-79.63146224286929,43.71484899180325],[-79.63393259912084,43.71642103723147],[-79.63483090991339,43.71619645924103],[-79.6352800648605,43.71529814795239],[-79.63415717614524,43.71439983683253],[-79.63460633199068,43.71282779227328],[-79.63505548783608,43.71282779227328],[-79.63572922070593,43.711704903192775],[-79.6368521103195,43.7119294811336],[-79.63797499903475,43.71125574803311],[-79.63842415488018,43.710132858718715],[-79.6386487319046,43.710132858718715],[-79.63954704269713,43.7092345480941],[-79.6426911327168,43.71148032570903],[-79.64493691104565,43.712378637087944],[-79.64583522183818,43.71125574803311],[-79.64561064391549,43.71125574803311],[-79.64403859935479,43.709683702816655],[-79.6462843767853,43.70990828118843],[-79.64695811055346,43.7092345480941],[-79.64725754688543,43.7092345480941],[-79.6476318443216,43.7092345480941],[-79.64758505736665,43.70937490999641],[-79.64740726639887,43.70990828118843],[-79.64785642224432,43.710582013852196],[-79.6476318443216,43.710582013852196],[-79.64673353263072,43.712378637087944],[-79.64650895470803,43.712378637087944],[-79.64673353263072,43.71350152588197],[-79.64740726639887,43.713950681092555],[-79.64853015511413,43.713052369902265],[-79.64875473303684,43.713052369902265],[-79.64875473303684,43.71215405888224],[-79.64927298909056,43.71172218174544],[-79.6501021996748,43.71103117016501],[-79.65100051136568,43.71125574803311],[-79.65481833335687,43.71417525905872],[-79.6550429112796,43.71417525905872],[-79.65571664504773,43.7137261029341],[-79.65594122207214,43.71282779227328],[-79.65571664504773,43.71282779227328],[-79.65549206712502,43.71148032570903],[-79.65481833335687,43.71103117016501],[-79.65414459958875,43.71125574803311],[-79.65481833335687,43.70990828118843],[-79.6550429112796,43.70990828118843],[-79.65481833335687,43.709009969795325],[-79.65392002166602,43.70856081392009],[-79.65279713295077,43.709683702816655],[-79.65257255592635,43.709683702816655],[-79.65212340008095,43.709683702816655],[-79.65212340008095,43.70856081392009],[-79.65043906071983,43.707381780698654],[-79.6496530438294,43.70698877009903],[-79.65122508928839,43.706090459108424],[-79.65122508928839,43.704967569784486],[-79.65212340187757,43.704787906891454],[-79.65302171087347,43.70406925772766],[-79.6532462887962,43.702946368858804],[-79.64897931095956,43.699353125242396],[-79.64987762534538,43.698454815435824]],[[-79.65639037791757,43.6982302357189],[-79.65695182407181,43.69800565775871],[-79.65616579909654,43.69800565775871],[-79.65639037791757,43.6982302357189]],[[-79.65773784455553,43.697107347248874],[-79.6570641107874,43.69620903627097],[-79.65683953376299,43.69620903627097],[-79.65683953376299,43.69486156892779],[-79.65616579999487,43.69441241291337],[-79.65599304767751,43.69444696374527],[-79.65661495584027,43.69486156892779],[-79.65661495584027,43.69598445788509],[-79.65683953376299,43.69620903627097],[-79.65773784455553,43.697107347248874],[-79.65737290576799,43.69783722487321],[-79.65751326663283,43.69778108025638],[-79.65773784455553,43.697107347248874]],[[-79.65515518452045,43.69744421015253],[-79.65474348123584,43.69715013847177],[-79.65496804568383,43.69740678254993],[-79.65515518452045,43.69744421015253]],[[-79.65549206712502,43.6939632580814],[-79.65624066648896,43.69296513183837],[-79.65594122207214,43.69306494611953],[-79.65549206712502,43.6939632580814]],[[-79.65683953376299,43.69216663499142],[-79.65681146141036,43.69205434677817],[-79.6567553167051,43.69227892559261],[-79.65683953376299,43.69216663499142]],[[-79.67750069097464,43.68453099021551],[-79.67794984592176,43.68430641357153],[-79.67705153512921,43.68408183478757],[-79.67660237928379,43.68318352423709],[-79.67682695720649,43.68318352423709],[-79.67727611305193,43.68138690111149],[-79.67817442384447,43.68116232309203],[-79.67794984592176,43.68116232309203],[-79.67705153512921,43.68138690111149],[-79.67682695720649,43.68138690111149],[-79.67615322433666,43.68340810118685],[-79.67660237928379,43.68430641292193],[-79.67750069097464,43.68453099021551]],[[-79.66874215737866,43.68430641292193],[-79.67050671180304,43.68238145600394],[-79.6696404681712,43.68295894579693],[-79.66874215737866,43.68430641292193]],[[-79.67233540144714,43.681836057226946],[-79.6728672948252,43.68148146207756],[-79.67233540144714,43.68116232309203],[-79.67155802275647,43.68168058104028],[-79.67233540144714,43.681836057226946]],[[-79.67619814010088,43.68111740842675],[-79.67630870115278,43.681559654910934],[-79.67637780225938,43.68138690111149],[-79.67619814010088,43.68111740842675]],[[-79.6788481567143,43.68385725776138],[-79.67997104632788,43.68453099021551],[-79.6801956242506,43.68453099021551],[-79.68109393504312,43.68340810118685],[-79.67997104632788,43.68340810118685],[-79.67974646930347,43.68340810118685],[-79.6788481567143,43.68385725776138]],[[-79.67592864641395,43.68071316777955],[-79.67543735239518,43.68051665140623],[-79.67603006980279,43.68086530397435],[-79.67592864641395,43.68071316777955]],[[-79.68350012643056,43.67894862726599],[-79.68333971337195,43.67891654473873],[-79.68311513455093,43.67891654473873],[-79.6822168237584,43.679590278755306],[-79.68350012643056,43.67894862726599]],[[-79.67323963213741,43.67922387608957],[-79.6730091352153,43.67891654473873],[-79.67271717556143,43.67891654473873],[-79.67323963213741,43.67922387608957]],[[-79.67269472486585,43.677973322337365],[-79.67353316563965,43.67734449223561],[-79.67278455729257,43.677793655874275],[-79.67269472486585,43.677973322337365]],[[-79.6750303347231,43.676895344725786],[-79.67615305635171,43.67773740803294],[-79.67480575680038,43.676670768085856],[-79.67458117887767,43.676670768085856],[-79.67435660185326,43.676670768085856],[-79.67480575680038,43.676895344725786],[-79.6750303347231,43.676895344725786]],[[-79.67907273463702,43.677119923123996],[-79.67915335214556,43.677183266913204],[-79.67929731435636,43.676895344725786],[-79.67907273463702,43.677119923123996]],[[-79.68086935801873,43.67622161228443],[-79.68199224583569,43.67577245571993],[-79.68086935801873,43.67577245571993],[-79.6801956242506,43.67532330099124],[-79.67958313941514,43.67573162372893],[-79.67952189138076,43.67577245571993],[-79.67965663777507,43.67617669716914],[-79.67974646930347,43.67599703377274],[-79.68086935801873,43.67622161228443]],[[-79.68670838041606,43.66297152172669],[-79.68693295833876,43.662297788937074],[-79.68648380159502,43.66184863279289],[-79.68648380159502,43.66038887794967],[-79.68625922457063,43.66027658874531],[-79.68356413498782,43.658030696865104],[-79.68263955476142,43.657383500512275],[-79.6840134471401,43.6589291220589],[-79.68378886921738,43.65982743307713],[-79.68311513455093,43.66027658874531],[-79.68199224583569,43.65982743307713],[-79.68356429129467,43.66162405508529],[-79.68378886921738,43.66162405508529],[-79.68289055842484,43.66297152172669],[-79.68378886921738,43.663420677918104],[-79.68446260208722,43.66443128005873],[-79.68446260208722,43.66431898931719],[-79.68670838041606,43.66297152172669]],[[-79.65347086402397,43.64343325580555],[-79.65274642305299,43.642889922643114],[-79.65273185956559,43.642896821193354],[-79.65273076721422,43.6428973386496],[-79.6528190401656,43.642961258112656],[-79.65347086402397,43.64343325580555],[-79.6534662942941,43.64343965504361],[-79.65234797710532,43.64500529877347],[-79.65257255592635,43.645679031881464],[-79.65100051136568,43.645679031881464],[-79.64992253841463,43.64585869437086],[-79.64897931095956,43.646801920937115],[-79.64914774417701,43.64747565404547],[-79.64920388888228,43.64770023201897],[-79.64947338077258,43.64787989431327],[-79.64987762175211,43.64814938804718],[-79.65034405309876,43.648045736754135],[-79.65055135462194,43.64770023201897],[-79.65141373459974,43.64780802972006],[-79.65189882215823,43.64770023201897],[-79.65225341594694,43.647912989906246],[-79.65234797800365,43.6479248098029],[-79.65232756109387,43.64795747701065],[-79.65302171087347,43.648373966101765],[-79.65242723905611,43.649761069188294],[-79.65234797800365,43.64994600977282],[-79.65210298137453,43.6501501772093],[-79.65180899871463,43.650395165907135],[-79.65163461595507,43.65054048648719],[-79.65167424423551,43.650619742714696],[-79.6496530438294,43.652416365942656],[-79.6495856710814,43.65239390825653],[-79.64942846590668,43.652865521151455],[-79.65032677759753,43.65376383319063],[-79.65234797800365,43.65353925514069],[-79.65279713295077,43.652865521151455],[-79.65257255592635,43.65219178805348],[-79.65324629149114,43.65151805649701],[-79.65459375723081,43.65017058890987],[-79.65549206712502,43.6510688990104],[-79.65661495584027,43.65084432128245],[-79.65751326663283,43.652865521151455],[-79.65886073416911,43.652865521151455],[-79.65930988911622,43.651967209974494],[-79.6586361562464,43.6512934771986],[-79.65841157832368,43.64927227707344],[-79.65953446703894,43.64927227707344],[-79.65998362288437,43.648373966101765],[-79.66036860757748,43.64850229446309],[-79.66065735575421,43.64859854331671],[-79.66065735575421,43.64868276101835],[-79.66065735575421,43.64927227707344],[-79.65998362288437,43.64994600977282],[-79.66043277783149,43.6510688990104],[-79.66110651159963,43.6512934771986],[-79.66200482508711,43.65057482794033],[-79.6622294012132,43.650395165907135],[-79.66312771200573,43.650619742714696],[-79.66265213760613,43.65125384921749],[-79.66245398632245,43.651518051947136],[-79.66178024536777,43.652416365942656],[-79.6622294012132,43.65331467690087],[-79.66312771200573,43.65353925514069],[-79.66492433359083,43.65219178805348],[-79.66672095697255,43.65331467690087],[-79.66761926776509,43.65309009912109],[-79.66806842271221,43.65219178805348],[-79.66739468984237,43.6510688990104],[-79.66784384478949,43.6510688990104],[-79.66829300063492,43.65017058825986],[-79.66739468984237,43.64904769912755],[-79.66829300063492,43.64859854331671],[-79.66851757855764,43.6479248098029],[-79.66806842271221,43.64725107718232],[-79.66774091312928,43.64715750297069],[-79.66694553399695,43.64747565404547],[-79.66672095697255,43.64747565404547],[-79.66627179573722,43.646976593064885],[-79.6653912122985,43.645998169742825],[-79.6640260227983,43.64500529877347],[-79.66400106939633,43.64493044051735],[-79.66312771200573,43.644556143287176],[-79.66290313408304,43.644556143287176],[-79.66276838679042,43.64347817201978],[-79.6622294012132,43.64320867618058],[-79.66132334245134,43.64200060499649],[-79.66068230646121,43.64238522900861],[-79.66043277783149,43.642759520912826],[-79.66024563180834,43.64264723384643],[-79.65930988911622,43.64320867618058],[-79.65846772302895,43.642927954369256],[-79.65841157832368,43.6429840983164],[-79.65813085120413,43.642815663717236],[-79.65796242337657,43.642759520912826],[-79.65728868871011,43.64365783199063],[-79.65594122207214,43.6429840983164],[-79.6573467800646,43.64234522330631],[-79.65616579999487,43.64163663170359],[-79.65531240496651,43.64249002835056],[-79.6552674892023,43.64253494331983],[-79.65534234850988,43.64260980391089],[-79.65549206712502,43.642759520912826],[-79.65542296601843,43.642932274086384],[-79.65522785822694,43.64342004453606],[-79.6550429112796,43.64388240993652],[-79.65459375633246,43.64410698704282],[-79.65436917840977,43.64410698704282],[-79.65347086402397,43.64343325580555]],[[-79.71253482625686,43.641692787908966],[-79.71208567669963,43.64208580316739],[-79.71231024923249,43.642759520912826],[-79.71163651456601,43.64343325385531],[-79.71186109338703,43.64410698704282],[-79.71208567130977,43.64410698704282],[-79.71163651456601,43.645679031881464],[-79.71231024923249,43.64657734285513],[-79.71096278169617,43.64770023201897],[-79.71163651456601,43.6479248098029],[-79.71163651456601,43.648049575742256],[-79.71253482625686,43.64814938804718],[-79.71298398210229,43.64702649882952],[-79.71231024923249,43.645903610071755],[-79.71298398210229,43.6452298762323],[-79.71275940417958,43.64433156525973],[-79.71320856002501,43.64433156525973],[-79.71365771497213,43.64343325385531],[-79.71231024923249,43.642085786915416],[-79.71253482625686,43.64186120875414],[-79.71253482625686,43.641692787908966]],[[-79.70647122593682,43.645903610071755],[-79.70609692939897,43.64582875098496],[-79.7060220700914,43.64612818807247],[-79.70534833722157,43.64657734285513],[-79.70468403756054,43.64609422174787],[-79.70400086968527,43.64652120096609],[-79.70400086968527,43.64657734285513],[-79.70391104264846,43.64657734285513],[-79.70355171473818,43.646801920937115],[-79.70351428463523,43.64665220295914],[-79.70310255889275,43.64747565404547],[-79.70197967017748,43.64747565404547],[-79.70153051523037,43.64814938804718],[-79.7022042481002,43.64972143174612],[-79.70355171473818,43.64972143174612],[-79.70489918137615,43.64814938804718],[-79.70602207188804,43.64770023331903],[-79.70669580385955,43.646801920937115],[-79.70692038178225,43.646801920937115],[-79.70647122593682,43.645903610071755]],[[-79.63126407272098,43.64924587139987],[-79.6312937072439,43.64921623650354],[-79.63107989652818,43.649314084516085],[-79.63126407272098,43.64924587139987]],[[-79.61768525836216,43.647803884558236],[-79.61776299677022,43.64770023201897],[-79.61759456175614,43.64776760641736],[-79.61768525836216,43.647803884558236]],[[-79.63134996334024,43.64720896474245],[-79.63258513158456,43.64612818807247],[-79.63303428742998,43.646801920937115],[-79.63258513158456,43.645679031881464],[-79.631686820792,43.64657734285513],[-79.63101308702386,43.64635276523358],[-79.63056393207675,43.645679031881464],[-79.63060476409966,43.645515703120346],[-79.63056393207675,43.645454454151675],[-79.63078850999948,43.64478072112507],[-79.63033935415405,43.644556143287176],[-79.63022706474352,43.64466843328614],[-79.63056393207675,43.64500529877347],[-79.62955332828044,43.646184340079394],[-79.62924141884075,43.646652203609165],[-79.6294410433615,43.64725107718232],[-79.63056393207675,43.64770023201897],[-79.63134996334024,43.64720896474245]],[[-79.71410687081756,43.640513742960096],[-79.71410687081756,43.64073832095753],[-79.71430649264336,43.64073832095753],[-79.71410687081756,43.640513742960096],[-79.71396251963623,43.640513742960096],[-79.71388229289485,43.640513742960096],[-79.71259900639232,43.64163663170359],[-79.71275940417958,43.64163663170359],[-79.71320856002501,43.64141205381358],[-79.71343313794772,43.64118747573416],[-79.71365771497213,43.64096289811551],[-79.71388229289485,43.64073832095753],[-79.71410687081756,43.640513742960096]],[[-79.65023431041207,43.64081759661983],[-79.65111936925756,43.64017838067194],[-79.65077593344296,43.64028916477335],[-79.65055135462194,43.64028916477335],[-79.6500031756861,43.640607471842074],[-79.65023431041207,43.64081759661983]],[[-79.65866418907316,43.639843513190996],[-79.65863247944193,43.63982897947104],[-79.6586361562464,43.639840009131994],[-79.65866418907316,43.639843513190996]],[[-79.66355098469289,43.63863947397542],[-79.66335228992845,43.63804338679558],[-79.6622294012132,43.637818809126955],[-79.66267855616033,43.637594231269134],[-79.66563001684037,43.63656765798254],[-79.66684413126936,43.636145361220386],[-79.66672095697255,43.636022186817314],[-79.66694553399695,43.636022186817314],[-79.66649637904983,43.63534845268637],[-79.66537349033457,43.636022186817314],[-79.66472064778668,43.6357610502925],[-79.66245397823761,43.63624676469936],[-79.66267855616033,43.63579760874611],[-79.66022859525899,43.633837652616776],[-79.65998362288437,43.633776409296836],[-79.65841157832368,43.63467472010388],[-79.65751326663283,43.63445014219819],[-79.6570641107874,43.633776409296836],[-79.65728868871011,43.63310267599414],[-79.65886073416911,43.63242894229031],[-79.65930989091285,43.63197978770983],[-79.66043277783149,43.63085689795131],[-79.6586361562464,43.63108147498059],[-79.65796242337657,43.63018316377912],[-79.65661495584027,43.63018316377912],[-79.65594122207214,43.62906027491515],[-79.65616579999487,43.627937385880486],[-79.65549206712502,43.627937385880486],[-79.65571664504773,43.62883569683575],[-79.65481833335687,43.62995858599401],[-79.6570641107874,43.63130605312131],[-79.65751326663283,43.6322043637942],[-79.65639037791757,43.63310267599414],[-79.65661495584027,43.633776409296836],[-79.65616579999487,43.63445014219819],[-79.65609091643277,43.63445014219819],[-79.6559972958105,43.63445014219819],[-79.66020820080709,43.637818809126955],[-79.65585693225071,43.63445014219819],[-79.65436917840977,43.63445014219819],[-79.65436917840977,43.63489929782054],[-79.65477341849098,43.635438286767524],[-79.6550429112796,43.63579760874611],[-79.65609705731606,43.6362559395112],[-79.66020820080709,43.63804338679558],[-79.66084709521358,43.63846932128471],[-79.66272926875305,43.63972410072518],[-79.66290313408304,43.63894169817788],[-79.66317262687164,43.63880695161154],[-79.66335228992845,43.638717119966046],[-79.66355098469289,43.63863947397542]],[[-79.6245003308584,43.63512387599818],[-79.62432066869988,43.634584889432446],[-79.62392868253745,43.63463388746519],[-79.62345230145071,43.63497415947352],[-79.62325167979999,43.63537540214467],[-79.62417210352157,43.635452104432794],[-79.6245003308584,43.63512387599818]],[[-79.63640295357575,43.63332725308387],[-79.63682002788745,43.632493107606535],[-79.63617837655134,43.63265351994715],[-79.63550464278322,43.6322043637942],[-79.63547256035115,43.632108117282314],[-79.6352800648605,43.63287809806516],[-79.6349431993239,43.633102675343956],[-79.63483090991339,43.63332725308387],[-79.63617837655134,43.63400098711973],[-79.63660389233176,43.63393006817163],[-79.63640295357575,43.63332725308387]],[[-79.62562321957367,43.63265351994715],[-79.62608735033487,43.63225569663457],[-79.62584779839469,43.6322043637942],[-79.62562321957367,43.63265351994715]],[[-79.63153711385496,43.63205465885146],[-79.63219211505448,43.63242894229031],[-79.63236055366184,43.63242894229031],[-79.63280971040558,43.63130605312131],[-79.63460633199068,43.63108147498059],[-79.635392354271,43.63186749870279],[-79.6352800648605,43.63153063107301],[-79.63550464278322,43.63123119535144],[-79.63550464278322,43.63085689795131],[-79.63460633199068,43.630407742025454],[-79.63407791599109,43.630473793793925],[-79.63370802119812,43.63063232008284],[-79.63362717282254,43.63057842145162],[-79.63348344327541,43.63063232008284],[-79.63340858396782,43.63055746082362],[-79.63280971040558,43.63063232008284],[-79.63151724132426,43.629555264180595],[-79.63149432530135,43.629573596989886],[-79.63191139781641,43.630407742025454],[-79.63146224286929,43.63197978705968],[-79.63153711385496,43.63205465885146]],[[-79.68491175793264,43.62726365279437],[-79.68581006872519,43.62838654206096],[-79.6866629283576,43.62838654206096],[-79.6941603629403,43.62530337087645],[-79.6943358227799,43.624601527725076],[-79.69434402529676,43.62456871906449],[-79.69546691401202,43.623894985937234],[-79.69711382686344,43.62329612340963],[-79.69755987274137,43.62313392772536],[-79.69686620535704,43.62273754747151],[-79.69681438065001,43.622772097303226],[-79.69614064418691,43.62232294208972],[-79.69546691401202,43.622772097303226],[-79.69541407331039,43.62275888734354],[-79.69501775906491,43.62299667527728],[-79.69434402529676,43.62254751914047],[-79.69434402529676,43.621948650343235],[-79.69397413319875,43.620962268071295],[-79.69344571360591,43.62030174079635],[-79.6914245140981,43.62142463004968],[-79.69052620330557,43.62030174079635],[-79.6902267669736,43.620401553026525],[-79.69007704656183,43.620526318894115],[-79.6900128807994,43.620472848211335],[-79.6898524686391,43.620526318894115],[-79.68872957992386,43.619403429771786],[-79.68793108184083,43.62040155432719],[-79.68833656608872,43.62080704196238],[-79.6898524686391,43.62164920785489],[-79.69007704656183,43.62254751914047],[-79.6896278907164,43.62322125306266],[-79.68895415784655,43.623445830009146],[-79.68787733114581,43.62276058199541],[-79.6878312691313,43.622772097303226],[-79.68581006872519,43.62187378612175],[-79.68356429129467,43.623798750179404],[-79.68356429129467,43.623894985937234],[-79.68349338008278,43.623859530265264],[-79.68266597960381,43.62456871906449],[-79.68142021123917,43.62367888640018],[-79.67974646930347,43.625017875056386],[-79.67936147742384,43.62476121462183],[-79.67974646930347,43.6259161860759],[-79.68064478009602,43.62569160795391],[-79.68199224583569,43.62636534175363],[-79.68311513455093,43.627712808157185],[-79.68341457357783,43.627637948512884],[-79.68491175793264,43.62726365279437]],[[-79.65549206712502,43.62614076400917],[-79.65556116823161,43.62586436078006],[-79.65571664504773,43.62524245309439],[-79.65549206712502,43.62524245309439],[-79.65517765587727,43.624972959998374],[-79.65392002166602,43.623894985937234],[-79.6550429112796,43.62254751914047],[-79.65414459958875,43.62164920785489],[-79.65392002166602,43.62164920785489],[-79.65436917840977,43.620526318894115],[-79.6532462887962,43.61872969728791],[-79.65392002166602,43.61828054113948],[-79.65489319446107,43.61828054113948],[-79.65549206712502,43.6178313861882],[-79.65577278885469,43.6182056834062],[-79.65639037791757,43.617382229832856],[-79.65616579999487,43.61693307402451],[-79.65594122207214,43.61693307402451],[-79.6552674892023,43.61648391876319],[-79.6550429112796,43.61581018478357],[-79.65549206712502,43.61513645171012],[-79.65723878370282,43.61496178067477],[-79.65773784635216,43.61446271824244],[-79.65796242337657,43.61423814091045],[-79.65773784455553,43.61356440713431],[-79.6550429112796,43.61266609626576],[-79.6550429112796,43.61131863082018],[-79.65533583931733,43.6111428742115],[-79.65616579999487,43.61064489620724],[-79.65635582781344,43.610074814433055],[-79.65594122207214,43.60997116315299],[-79.65549206712502,43.6090728519484],[-79.65554019167143,43.608928481529944],[-79.65549206712502,43.60884827400223],[-79.65459375633246,43.60862369586795],[-79.6550429112796,43.607500806928854],[-79.65481833335687,43.607500806928854],[-79.65459375633246,43.60660249590548],[-79.65462273328859,43.606559030633875],[-79.65442813124862,43.606420027675206],[-79.65369544374332,43.606827073780714],[-79.65355360425153,43.60664977610986],[-79.65302171087347,43.606827073780714],[-79.65302171087347,43.60884827400223],[-79.65392002166602,43.60997116315299],[-79.65302171087347,43.61086947394933],[-79.65189882215823,43.61086947394933],[-79.65167424423551,43.61086947394933],[-79.65122508928839,43.61154320669692],[-79.65144966721111,43.61333982969953],[-79.65279713115413,43.6137889850312],[-79.65347086671892,43.614013562739785],[-79.65234797800365,43.61581018478357],[-79.65279713295077,43.61693307402451],[-79.65189882215823,43.61715765169768],[-79.65077593344296,43.61648391876319],[-79.64987762175211,43.61760680777958],[-79.64875473303684,43.61760680777958],[-79.64830557719141,43.61962800797333],[-79.64673353263072,43.61850511898274],[-79.64650895470803,43.61850511898274],[-79.6462843767853,43.61805596570907],[-79.64613465817015,43.61775652789576],[-79.64605979886258,43.61760680777958],[-79.6442631772775,43.616708496813196],[-79.64417680066967,43.61677759818327],[-79.64314028766394,43.61760680777958],[-79.64336486558665,43.61850511898274],[-79.64358944440768,43.61850511898274],[-79.64510534066984,43.61968415353065],[-79.64561064391549,43.62007716316045],[-79.64516148807006,43.620750896803294],[-79.64538606599277,43.622098364200035],[-79.64471233312292,43.622772097303226],[-79.64487566301126,43.623425417031825],[-79.64516148447677,43.623782695481566],[-79.64583522183818,43.624119564268554],[-79.64665186768657,43.62346624883207],[-79.64673353263072,43.62322125306266],[-79.6468586140509,43.62330085096477],[-79.64695811055346,43.62322125306266],[-79.64695811055346,43.62336416765378],[-79.64920388888228,43.62479329682967],[-79.65100051136568,43.623894985937234],[-79.65374411087214,43.62583165749982],[-79.65481833335687,43.62658991995957],[-79.65510707704203,43.62639742440585],[-79.65549206712502,43.62614076400917]],[[-79.63707668824222,43.619403429771786],[-79.6386487319046,43.61760680777958],[-79.63972280796395,43.61739199218607],[-79.63977162061984,43.617350152124615],[-79.63977162061984,43.61693307402451],[-79.63909788775003,43.616708496813196],[-79.63730126616491,43.618055963107714],[-79.63640295357575,43.61715765169768],[-79.63662753239679,43.61625934117518],[-79.6388733098273,43.61446271889283],[-79.6388733098273,43.614013562739785],[-79.63775042111203,43.6137889850312],[-79.63730126616491,43.61311525207658],[-79.63775042111203,43.61221694100286],[-79.6386487319046,43.611992363089094],[-79.6386487319046,43.61086947394933],[-79.63730126616491,43.611992363089094],[-79.63640295357575,43.61154320669692],[-79.63617837655134,43.61064489620724],[-79.6368521103195,43.60997116445385],[-79.6368521103195,43.609409718596325],[-79.63682049051982,43.60936228901034],[-79.63678302089099,43.60939613235231],[-79.63370802119812,43.6137889850312],[-79.6331164491425,43.61408477509591],[-79.63325244868662,43.61680474652197],[-79.6333170878612,43.61696634469925],[-79.63483090991339,43.6178313861882],[-79.6351003973121,43.618100877480515],[-79.63550464278322,43.61828054113948],[-79.6364029508808,43.61940343172279],[-79.63707668824222,43.619403429771786]],[[-79.628655012098,43.616596200739146],[-79.6282637104518,43.61604837545823],[-79.62831815374793,43.61648391876319],[-79.62854273167065,43.61648391876319],[-79.628655012098,43.616596200739146]],[[-79.63101308702386,43.61603476274836],[-79.63101308702386,43.615136457563466],[-79.63027330103121,43.61550634711044],[-79.63101308702386,43.61603476274836]],[[-79.62831815374793,43.6154733195156],[-79.62831815374793,43.614507635949586],[-79.62809357582522,43.61468729603653],[-79.62821177435367,43.61563288822818],[-79.62831815374793,43.6154733195156]],[[-79.6388733098273,43.60772538470248],[-79.64081968685845,43.60577903045174],[-79.6405003564362,43.6060384882775],[-79.6386327751302,43.60772538470248],[-79.6388733098273,43.60772538470248],[-79.63932246567272,43.60772538470248],[-79.63954704269713,43.60772538470248],[-79.64022077646526,43.608399118846506],[-79.6404453552863,43.60862369586795],[-79.64057635660419,43.61124377547711],[-79.6406699323107,43.611992363089094],[-79.64116899496004,43.612391614807656],[-79.64179282102594,43.612890674265316],[-79.64130911597469,43.613495307925334],[-79.64091539965705,43.61398745050249],[-79.64089451023342,43.614013562739785],[-79.64094074382615,43.614046587234085],[-79.64223938972336,43.61497419238912],[-79.64246655479411,43.61513645171012],[-79.64471233671618,43.61289067621647],[-79.64463577330453,43.61273755411636],[-79.64457758583032,43.61262118043517],[-79.6442631772775,43.611992363089094],[-79.64471233312292,43.61131863016974],[-79.64561064391549,43.6110940521536],[-79.64471233312292,43.61019574080907],[-79.64561064391549,43.60884827400223],[-79.64740726639887,43.6081745396857],[-79.64808100016701,43.60862369586795],[-79.64830557719141,43.6095220072765],[-79.64875473303684,43.60929742905604],[-79.64785642224432,43.60794996293858],[-79.64830557719141,43.606827073780714],[-79.64920388888228,43.60660249590548],[-79.64920388888228,43.60562932669882],[-79.64885838424759,43.605168652897284],[-79.64830557719141,43.60503045071933],[-79.6476318443216,43.60503045071933],[-79.6462843767853,43.60390756170279],[-79.64605979886258,43.60390756170279],[-79.64538606599277,43.60435671787311],[-79.64516148807006,43.60525502925985],[-79.64538606599277,43.60525502925985],[-79.64650895470803,43.60660249590548],[-79.64538606599277,43.606153340241505],[-79.6442631772775,43.607051650817475],[-79.64403859935479,43.607051650817475],[-79.6436792759361,43.60669232936774],[-79.64336486558665,43.606377917842266],[-79.64314028766394,43.606377917842266],[-79.64224197687139,43.60660249590548],[-79.64179282102594,43.607276228967194],[-79.64201739894867,43.60794996293858],[-79.64224197687139,43.60794996293858],[-79.64336486558665,43.60884827400223],[-79.64314028766394,43.60884827400223],[-79.64246655479411,43.6095220072765],[-79.64224197687139,43.61042031827703],[-79.64201739894867,43.61042031827703],[-79.64156824400155,43.61019574080907],[-79.64111908815613,43.61064489620724],[-79.64089451023342,43.6097465853088],[-79.64201739894867,43.60862369586795],[-79.64179282102594,43.60794996293858],[-79.6406699323107,43.607051650817475],[-79.6388733098273,43.60772538470248]],[[-79.60900446407257,43.598517694761505],[-79.60945361901967,43.59761938425949],[-79.60900446497088,43.59829311839328],[-79.60900446407257,43.598517694761505],[-79.60900446407257,43.599865162040416],[-79.60918820997234,43.6000489089366],[-79.6099027748651,43.59964058419613],[-79.61102566358036,43.600089739696976],[-79.61102566358036,43.601212629066744],[-79.61147481942578,43.60166178389059],[-79.61259770814105,43.601212629066744],[-79.6132714419092,43.60188636199665],[-79.61551722023803,43.600089739696976],[-79.61641553103057,43.6003143178163],[-79.61686468597769,43.60143720689782],[-79.61619095310785,43.60211093991486],[-79.61641553103057,43.603009251010576],[-79.61569688239655,43.60408722678504],[-79.61596637518514,43.60435671787311],[-79.61686468597769,43.60390756170279],[-79.61708926390041,43.60390756170279],[-79.61754946363394,43.60445980509926],[-79.61821215261564,43.60390756170279],[-79.61708926390041,43.60278467319313],[-79.61798757469295,43.60166178389059],[-79.6181257751095,43.60167905900919],[-79.61776299677022,43.60143720689782],[-79.61753841974584,43.60143720689782],[-79.61776299677022,43.600538895097394],[-79.61731384182312,43.599865162040416],[-79.61551722023803,43.599865162040416],[-79.61529264231531,43.599865162040416],[-79.61484348557157,43.59941600616419],[-79.61461890764885,43.59941600616419],[-79.61671496736254,43.59881713338591],[-79.61776299677022,43.598517694761505],[-79.61798757469295,43.59784396184119],[-79.61776299677022,43.59784396184119],[-79.61708926390041,43.596945651039206],[-79.61684864476165,43.59696570283273],[-79.61439433062445,43.59717022918379],[-79.6130468639865,43.59784396184119],[-79.61192397527122,43.596047339837895],[-79.61102566358036,43.59559818408764],[-79.61035192981223,43.59649649483787],[-79.6101273518895,43.59649649483787],[-79.61057650773495,43.59784396184119],[-79.6101273518895,43.59874227289367],[-79.60900446407257,43.598517694761505]],[[-79.6220299764035,43.59649649483787],[-79.62265188366794,43.597325704968995],[-79.62275718059229,43.59735202936736],[-79.62494948670384,43.59559818408764],[-79.62562321957367,43.59559818408764],[-79.62629695424012,43.59627191678109],[-79.62721568553569,43.5957206788406],[-79.62741984295538,43.59559818408764],[-79.62746067407998,43.595394029732326],[-79.62764441997977,43.59447529468304],[-79.62792514350606,43.59425071689013],[-79.62864254438017,43.59367679603216],[-79.62741984295538,43.59402613890978],[-79.62529611782588,43.59275190534084],[-79.62484082199549,43.59307712118475],[-79.62312787129261,43.5943006605842],[-79.62285920046247,43.59449256666023],[-79.62225455342788,43.59492445100745],[-79.6220299764035,43.59649649483787]],[[-79.70153051523037,43.59245409495462],[-79.70063220443784,43.59335240709676],[-79.70018304769408,43.593801562043126],[-79.69973389184865,43.59371173080152],[-79.69950931392593,43.593801562043126],[-79.69906015897882,43.594699872939],[-79.69883558105612,43.594699872939],[-79.6986110031334,43.594699872939],[-79.69883558105612,43.595373605931215],[-79.6986110031334,43.595373605931215],[-79.69793727026357,43.596047339837895],[-79.69814244547445,43.596868038916114],[-79.69816184818629,43.596945651039206],[-79.69840366298266,43.597066558269546],[-79.69892195766396,43.597325704968995],[-79.69906015897882,43.5973948058396],[-79.70153051523037,43.59559818408764],[-79.70178003577527,43.595722944813936],[-79.70108135938496,43.59492445100745],[-79.70106472438252,43.594857910625606],[-79.70085678056392,43.59402613890978],[-79.70177551635108,43.59329115116029],[-79.70201175260955,43.59301554421726],[-79.70287798097003,43.59200493906022],[-79.70175509225476,43.59222951677583],[-79.70153051523037,43.59245409495462]],[[-79.70588733807016,43.591870210246014],[-79.70694845233827,43.59255234898624],[-79.70804327139584,43.59200493906022],[-79.70871700696061,43.59217337291345],[-79.70894158218837,43.59222951677583],[-79.70939073713548,43.593127827715904],[-79.70919824164483,43.59338448979704],[-79.70871700426567,43.59402613890978],[-79.70935451077503,43.594489785369966],[-79.70986180109406,43.59485872581521],[-79.70987444308506,43.59482080094652],[-79.71006447090365,43.59425071689013],[-79.7105435693941,43.5941309418981],[-79.71096278169617,43.59402613890978],[-79.71251754626407,43.594717146803525],[-79.71141193664329,43.59402613890978],[-79.71118735961889,43.593352405795535],[-79.71186109338703,43.59245409495462],[-79.71275940417958,43.59222951677583],[-79.71404270595345,43.59312783357134],[-79.71365771497213,43.59222951677583],[-79.71343313794772,43.59222951677583],[-79.71320856002501,43.59200493906022],[-79.71298398210229,43.59178036115723],[-79.71208567130977,43.59200493906022],[-79.71163651456601,43.59110662827568],[-79.71141193664329,43.59110662827568],[-79.71253482625686,43.589759160707146],[-79.71163651456601,43.58886085023664],[-79.71141193664329,43.58886085023664],[-79.70894158218837,43.58886085023664],[-79.70983989298094,43.587962538721634],[-79.71051362585074,43.587962538721634],[-79.71208567130977,43.58886085023664],[-79.71253482625686,43.58841169485368],[-79.71275940417958,43.58841169485368],[-79.71298398210229,43.587513383142],[-79.71118735961889,43.58616591711524],[-79.71006447090365,43.58459387216726],[-79.70804327139584,43.58414471617807],[-79.70909130170182,43.58392013887891],[-79.70647122593682,43.58392013887891],[-79.70624664801413,43.58392013887891],[-79.70489918137615,43.584369293940846],[-79.70489918137615,43.58481845020655],[-79.70579749306701,43.58459387216726],[-79.70669580385955,43.58549218320168],[-79.70579749306701,43.5877379607001],[-79.70467460435175,43.5877379607001],[-79.70377629176257,43.58639049384453],[-79.70287798097003,43.58683964999501],[-79.704225447608,43.58841169485368],[-79.70445002642903,43.58841169485368],[-79.70624664801413,43.5877379607001],[-79.70647122593682,43.5877379607001],[-79.70736953672939,43.58818711720664],[-79.7075941146521,43.58886085023664],[-79.70736953672939,43.58886085023664],[-79.70624664801413,43.590657472735174],[-79.70557291514429,43.59088205027379],[-79.70489918137615,43.59020831709585],[-79.70400086968527,43.590657472735174],[-79.7050488883132,43.59133120609026],[-79.70534833722157,43.59133120609026],[-79.70588733807016,43.591870210246014]],[[-79.60866759763766,43.591154752163696],[-79.60900446407257,43.59110662827568],[-79.60877988614986,43.59110662827568],[-79.60866759763766,43.591154752163696]],[[-79.60909210371167,43.59099707951619],[-79.6099027748651,43.58998373899516],[-79.61080108386102,43.590432895009144],[-79.6116993973485,43.59088205027379],[-79.61237313021833,43.590432895009144],[-79.61275812030132,43.59056122542682],[-79.6130468639865,43.590657472735174],[-79.61282228606377,43.59020831709585],[-79.6130468639865,43.58987145288383],[-79.6130468639865,43.589759160707146],[-79.6130468639865,43.589310006171836],[-79.61329097128346,43.58950529266358],[-79.61372059685631,43.58886085023664],[-79.6151803529048,43.58886085023664],[-79.61506806439259,43.58841169485368],[-79.61372059685631,43.5877379607001],[-79.61457162841714,43.58667417156344],[-79.61461890764885,43.58661507168803],[-79.6149455557474,43.58679881414785],[-79.61602803105467,43.587407712346995],[-79.61821215261564,43.58863627231348],[-79.62023335302176,43.58661507168803],[-79.6224791313506,43.58571676114311],[-79.6245003308584,43.587064228114734],[-79.62315286511874,43.58818711720664],[-79.62382659798858,43.589759160707146],[-79.62472490878112,43.58998373899516],[-79.62629695424012,43.589310006171836],[-79.6278689979025,43.58998373899516],[-79.62921646543877,43.589759160707146],[-79.6296656212842,43.58886085023664],[-79.62876730869503,43.5877379607001],[-79.62899188661775,43.5877379607001],[-79.62921646543877,43.58728880604731],[-79.62899188661775,43.58683964999501],[-79.63056393207675,43.58526760507308],[-79.63033935415405,43.58459387216726],[-79.62921646543877,43.58414471617807],[-79.6278689979025,43.58526760507308],[-79.62629695424012,43.584369293940846],[-79.62517406462653,43.58526760507308],[-79.62382659798858,43.58414471617807],[-79.62360202006586,43.58414471617807],[-79.62607237631741,43.581898939323835],[-79.62607237631741,43.581449782749814],[-79.6278689979025,43.58212351570349],[-79.63056393207675,43.582348093848324],[-79.63033935415405,43.583021827811486],[-79.63123766494657,43.58392013887891],[-79.63325886535269,43.58279725022769],[-79.6345582092409,43.58337473728295],[-79.63415717614524,43.58257267180618],[-79.63505548783608,43.58167436080496],[-79.63578206230588,43.58180646526676],[-79.63572922070593,43.58167436080496],[-79.63303428742998,43.58055147191328],[-79.63258513158456,43.57897942677168],[-79.63191139781641,43.57853027184493],[-79.63078850999948,43.579428582903205],[-79.63101308702386,43.58032689422483],[-79.63078850999948,43.58032689422483],[-79.62831815374793,43.579877738287074],[-79.62831815464624,43.57920400558164],[-79.62921646543877,43.57897942677168],[-79.6296656212842,43.57830569377587],[-79.62953729065765,43.57814528221594],[-79.62876730869503,43.57718280518331],[-79.62899188661775,43.57718280518331],[-79.63146224286929,43.575386182702374],[-79.631686820792,43.57471244920046],[-79.63123766494657,43.57403871597062],[-79.63033935415405,43.57381413807089],[-79.6294410433615,43.57471244920046],[-79.62814802091793,43.57522966167127],[-79.62747598316906,43.57549847696063],[-79.62607237631741,43.57605991582515],[-79.62719526503265,43.57426329368369],[-79.62697068710995,43.57291582720862],[-79.62764441997977,43.57314040520418],[-79.62876730869503,43.57246667130842],[-79.6294410433615,43.57314040520418],[-79.63123766494657,43.5735895599845],[-79.63236055366184,43.57314040520418],[-79.63258513158456,43.57246667130842],[-79.631686820792,43.571568359871925],[-79.63191139781641,43.570894627264224],[-79.63213597573913,43.570894627264224],[-79.63258513158456,43.57067004870431],[-79.63325886535269,43.57111920368502],[-79.63393259912084,43.57022089297743],[-79.63415717614524,43.57022089297743],[-79.63393259912084,43.56932258188882],[-79.63303428742998,43.56887342717809],[-79.63314657684049,43.56853655943519],[-79.63303428742998,43.56864884889217],[-79.63266679652871,43.568526351765726],[-79.63280971040558,43.56909800397583],[-79.63236055366184,43.56977173780617],[-79.63123766494657,43.56999631515961],[-79.63011477623132,43.5695471602662],[-79.62921646543877,43.57067004870431],[-79.62764441997977,43.571568359871925],[-79.62674610918722,43.57067004870431],[-79.62695758787646,43.56982413472924],[-79.62472490878112,43.571568359871925],[-79.62364693313512,43.570894627264224],[-79.62292828719603,43.570445471259596],[-79.62292828719603,43.56932258188882],[-79.6220299764035,43.56887342717809],[-79.61798757469295,43.570894627264224],[-79.61798757469295,43.572017515963424],[-79.61911046430652,43.57269124902638],[-79.61798757469295,43.57246667130842],[-79.61641553103057,43.57336498171144],[-79.61664010895328,43.57246667130842],[-79.61574179726242,43.571568359871925],[-79.61394517477902,43.572242092752965],[-79.61237313021833,43.57179293768554],[-79.61147481942578,43.57269124902638],[-79.61192397527122,43.57403871597062],[-79.6116993973485,43.57403871597062],[-79.61102566358036,43.5735895599845],[-79.61057650773495,43.57403871597062],[-79.60945361901967,43.57403871597062],[-79.61057650773495,43.575610759945945],[-79.60967819694238,43.576509072258965],[-79.60820980269413,43.57592171577473],[-79.60675868574373,43.57695822729477],[-79.60608495197559,43.578081116170765],[-79.60601974776068,43.57810285063659],[-79.60698326276813,43.57920400493087],[-79.60653410782103,43.58010231569865],[-79.60563579702847,43.58032689422483],[-79.6051866393864,43.580102316349425],[-79.60541121910576,43.58032689422483],[-79.60473748533762,43.58055147191328],[-79.60451290831323,43.58122520515847],[-79.60473748533762,43.58122520515847],[-79.60653410782103,43.583021827811486],[-79.60586037405288,43.583246405208214],[-79.60541121910576,43.58414471617807],[-79.6042883303905,43.58347098306859],[-79.60405799157188,43.58356311880136],[-79.60518664118304,43.584369293940846],[-79.60473748533762,43.58549218320168],[-79.60365950969162,43.58549218320168],[-79.60383917364676,43.58571676114311],[-79.60322158458386,43.586540214235114],[-79.60347984932974,43.58688456750782],[-79.60470941298499,43.58793847713292],[-79.60503176084828,43.587846378027464],[-79.60563579702847,43.58683964999501],[-79.60675868574373,43.58683964999501],[-79.60725276004831,43.58657015722742],[-79.60792884830082,43.58620138329834],[-79.60877988614986,43.58573717911182],[-79.60922904109695,43.58549218320168],[-79.6099027748651,43.585941338897435],[-79.6101273518895,43.58683964999501],[-79.6099027748651,43.587064228114734],[-79.60945361901967,43.587513383142],[-79.60945361901967,43.58841169485368],[-79.60765699743457,43.589310006171836],[-79.60765699743457,43.59020831709585],[-79.6081061523817,43.59020831709585],[-79.60909210371167,43.59099707951619]],[[-79.58834330686092,43.59088205027379],[-79.59126281805959,43.58818711720664],[-79.59193655092939,43.58839442048062],[-79.59193655092939,43.58728880604731],[-79.59328401756738,43.58639049384453],[-79.59343048248455,43.58612686043356],[-79.59305943964466,43.585941338897435],[-79.5935085963884,43.58504302805868],[-79.59328401756738,43.58392013887891],[-79.59391283557133,43.58371053294746],[-79.59395775133554,43.58369556074194],[-79.59410746815402,43.58377041912946],[-79.5938080336187,43.583171547470485],[-79.59373317431113,43.583021827811486],[-79.59388289202796,43.58287211038303],[-79.59440690897758,43.58234809319764],[-79.59463148510366,43.58212351570349],[-79.59475241181563,43.582175341603715],[-79.59492260034115,43.5822482802861],[-79.59482963998062,43.58213672743073],[-79.59463148510366,43.581898939323835],[-79.5955297958962,43.581449782749814],[-79.59565456200772,43.580950722105655],[-79.59575437381892,43.58055147191328],[-79.5953725916198,43.58016969168718],[-79.59485606302638,43.57965316068861],[-79.59418232925823,43.579877738287074],[-79.59395775133554,43.57920400493087],[-79.59440690718095,43.57897942677168],[-79.59544705746528,43.57949950301362],[-79.59575437381892,43.57965316068861],[-79.59665268461146,43.578754849076375],[-79.59657524354576,43.57840636768214],[-79.59620352876603,43.57673364921947],[-79.5953052179735,43.57628449381005],[-79.59440690718095,43.57673364921947],[-79.59440690718095,43.57628449381005],[-79.59497285569141,43.57523346235725],[-79.5953052179735,43.57461621804903],[-79.59597895084333,43.57336498171144],[-79.59710183955858,43.57403871597062],[-79.59713486522169,43.574025505720556],[-79.59822472917216,43.5735895599845],[-79.59844930709485,43.57291582720862],[-79.59781444342907,43.5718577202674],[-79.59710183955858,43.57179293768554],[-79.58980709634503,43.57868267927062],[-79.588649473371,43.579775958608174],[-79.58497463981685,43.583246405208214],[-79.58407632812597,43.58347098306859],[-79.58407632812597,43.58369556074194],[-79.58295343941073,43.58279725022769],[-79.58317801733344,43.58122520515847],[-79.58519921684123,43.58032689422483],[-79.58766957309277,43.578081116170765],[-79.58901703973075,43.57605991582515],[-79.5899153514216,43.575610759945945],[-79.58973568836477,43.5750717741956],[-79.58969077260056,43.57493702700422],[-79.59013992934432,43.57426329368369],[-79.59148739598231,43.57426329368369],[-79.59261028469754,43.57336498171144],[-79.5925518187456,43.573317146884705],[-79.59013992934432,43.571343781871775],[-79.58901703973075,43.572242092752965],[-79.58766957309277,43.57111920368502],[-79.58699584022294,43.571568359871925],[-79.58633707687902,43.57140366929017],[-79.58609752943039,43.571343781871775],[-79.5859852409182,43.571175350262735],[-79.58581948018872,43.5709267095683],[-79.58566878869811,43.57101712478091],[-79.58475006189411,43.571568359871925],[-79.58407632812597,43.571568359871925],[-79.58362717317885,43.571568359871925],[-79.58340259525613,43.571568359871925],[-79.58272886238632,43.57336498171144],[-79.58317801733344,43.57426329368369],[-79.58295343941073,43.57516160527204],[-79.58407632812597,43.57605991582515],[-79.58407632812597,43.57718280518331],[-79.58475006189411,43.577407382885035],[-79.58497463981685,43.57830569377587],[-79.58609752943039,43.57920400493087],[-79.58407632812597,43.57920400493087],[-79.58250428356529,43.578081116170765],[-79.58227970564256,43.578081116170765],[-79.58160597277273,43.57853027184493],[-79.58160597277273,43.57965316068861],[-79.58138139485003,43.57965316068861],[-79.5807076619802,43.58010231569865],[-79.58048308405748,43.58077605006554],[-79.58138139485003,43.58167436080496],[-79.58160597277273,43.58167436080496],[-79.58183054979715,43.58347098306859],[-79.57958477326494,43.58549218320168],[-79.57936019534222,43.58549218320168],[-79.5791356174195,43.58639049384453],[-79.58025850613477,43.58728880604731],[-79.58081998642501,43.586727329388346],[-79.58160597277273,43.585941338897435],[-79.58385175110158,43.58639049384453],[-79.58609752943039,43.58616591711524],[-79.58779589418802,43.58724669909079],[-79.5885678838853,43.5877379607001],[-79.58879246180803,43.5877379607001],[-79.5881187289382,43.58863627231348],[-79.58766957309277,43.58886085023664],[-79.58744499517007,43.58886085023664],[-79.58677126230023,43.58841169485368],[-79.58587295060937,43.589310006171836],[-79.5862996485727,43.59016340401517],[-79.58677126230023,43.589759160707146],[-79.58766957309277,43.58998373899516],[-79.58834330686092,43.59088205027379]],[[-79.60877988614986,43.570445471259596],[-79.60827458739578,43.57111920368502],[-79.60900446407257,43.57111920368502],[-79.60922904109695,43.57022089297743],[-79.6101273518895,43.56977173780617],[-79.60927759863134,43.569261885326135],[-79.60922904109695,43.56932258188882],[-79.6078815753573,43.56909800397583],[-79.6078815753573,43.56977173780617],[-79.60877988614986,43.570445471259596]],[[-79.60675868574373,43.563034404063984],[-79.60675868574373,43.56325898180176],[-79.60724304476851,43.56263218722631],[-79.60752235883811,43.56227073168605],[-79.60743241861357,43.562360671035115],[-79.60720784069083,43.562585248029734],[-79.60698326276813,43.562809826139976],[-79.60675868574373,43.563034404063984],[-79.60750718180138,43.561986568599494],[-79.60844343743153,43.56067585926665],[-79.61131620748934,43.55665395161785],[-79.61147481942578,43.55629706999238],[-79.61057650773495,43.556072491692966],[-79.61020901683368,43.55552125671472],[-79.6099027748651,43.55562333714033],[-79.6101273518895,43.555398758934096],[-79.610386481713,43.554880506403315],[-79.610492193659,43.55466908458988],[-79.61063265872839,43.554388159668996],[-79.61031551660217,43.554791797389434],[-79.60986337475674,43.55536723930159],[-79.60906060698119,43.554725025803734],[-79.60877988614986,43.55450044815581],[-79.60608495197559,43.554725025803734],[-79.60630952989831,43.554725025803734],[-79.60900446407257,43.55494960326575],[-79.60922904109695,43.55494960326575],[-79.60986067711593,43.555370693597865],[-79.6099027748651,43.555398758934096],[-79.60984003472905,43.555586979284556],[-79.60977444244192,43.555783757258546],[-79.6099027748651,43.55562333714033],[-79.60976405881556,43.55581490754921],[-79.60967819694238,43.556072491692966],[-79.60796107625994,43.55830481566053],[-79.60518664118304,43.56213609320334],[-79.60117794965184,43.565953915096],[-79.60047050660268,43.56662764894611],[-79.59934761788742,43.565729336990145],[-79.59844930709485,43.566178493015435],[-79.59822472917216,43.566852226306395],[-79.5988984629403,43.567750537788974],[-79.59800015214775,43.56887342717809],[-79.59822472917216,43.56887342717809],[-79.599123040863,43.56977173780617],[-79.60114424126913,43.5684242710706],[-79.60675868574373,43.563034404063984]],[[-79.63236055366184,43.550458046707305],[-79.63219060498649,43.55067655584306],[-79.6328636084243,43.55060177741514],[-79.63236055366184,43.550458046707305],[-79.63370802119812,43.550458046707305],[-79.63483090991339,43.54978431368239],[-79.63617837655134,43.54978431368239],[-79.63752583690113,43.55019891896116],[-79.63775042111203,43.550233470086155],[-79.63797499903475,43.550233470086155],[-79.63909788775003,43.550458046707305],[-79.63836800388673,43.550458046707305],[-79.63909788775003,43.55068262509593],[-79.63957511055818,43.55068262509593],[-79.63909788775003,43.550458046707305],[-79.63999619944087,43.55068262509593],[-79.64022077736358,43.55068262509593],[-79.64156824400155,43.55068262509593],[-79.64224197687139,43.55113178131586],[-79.6422847537469,43.55134566482874],[-79.64314028766394,43.55113178131586],[-79.64336486558665,43.55113178131586],[-79.64358944440768,43.55090720329878],[-79.64381402233039,43.55090720329878],[-79.64339941479247,43.55152911711605],[-79.64448775520022,43.55068262509593],[-79.64471233312292,43.55068262509593],[-79.64583522183818,43.550233470086155],[-79.64650895470803,43.550458046707305],[-79.64650895470803,43.55068262509593],[-79.64830557719141,43.549110580939335],[-79.64538606599277,43.55247924812127],[-79.64538606599277,43.55203009217756],[-79.64538606599277,43.55158093614172],[-79.64523634737762,43.55143121802134],[-79.64538606599277,43.55203009217756],[-79.6442631772775,43.55360213700721],[-79.64448775520022,43.55360213700721],[-79.64493691104565,43.55360213700721],[-79.64612890985066,43.55320480315543],[-79.64632400596405,43.553034094262635],[-79.64650895470803,43.55247924812127],[-79.64718268757785,43.55203009217756],[-79.64740726639887,43.55203009217756],[-79.64740726639887,43.55090720329878],[-79.64867547557766,43.549956049411335],[-79.64920388888228,43.54955973585303],[-79.64942846590668,43.54955973585303],[-79.6501021996748,43.55000889197712],[-79.65042745179142,43.55082203088708],[-79.65100051136568,43.55225466991685],[-79.6501021996748,43.55315298096872],[-79.64897931095956,43.55292840332175],[-79.64853015511413,43.553826714096616],[-79.6496530438294,43.554275870321966],[-79.65032677759753,43.555174181192854],[-79.65055135462194,43.555174181192854],[-79.65100051136568,43.555398758934096],[-79.65189882215823,43.554725025803734],[-79.65077593344296,43.55360213700721],[-79.65100051136568,43.552703824837835],[-79.65167424423551,43.55225466991685],[-79.65369544374332,43.55337755908086],[-79.65616579999487,43.55360213700721],[-79.65661495584027,43.55450044815581],[-79.65571664504773,43.555398758934096],[-79.65728868871011,43.556072491692966],[-79.65745712552082,43.55624092907654],[-79.65818700040099,43.55652164810584],[-79.65897302088469,43.55652164810584],[-79.65773784455553,43.55629706999238],[-79.65728868871011,43.55562333714033],[-79.65751326663283,43.55494960326575],[-79.65818700040099,43.55450044815581],[-79.65841157562873,43.554483173167846],[-79.65751326663283,43.554275870321966],[-79.65594122207214,43.55315298096872],[-79.65481833335687,43.55315298096872],[-79.65414459958875,43.55203009217756],[-79.65279713295077,43.551805514252564],[-79.65144966721111,43.55090720329878],[-79.65122508928839,43.54955973585303],[-79.65144966721111,43.54843684717615],[-79.65257255592635,43.54776311369529],[-79.65257255592635,43.547987691707895],[-79.65481833335687,43.547987691707895],[-79.65616579999487,43.546415646930605],[-79.65616579999487,43.546191068921004],[-79.65661495584027,43.546191068921004],[-79.65683953376299,43.545966492028036],[-79.65728868871011,43.54461902482055],[-79.65841157832368,43.54439444728002],[-79.6586361562464,43.54439444728002],[-79.65886073416911,43.54529275828251],[-79.65841157832368,43.54529275828251],[-79.65773784455553,43.546415646930605],[-79.65818700040099,43.54753853614817],[-79.65841157832368,43.54753853614817],[-79.65796242337657,43.54843684717615],[-79.65908531209182,43.54933515783794],[-79.65998362288437,43.55135635914722],[-79.66065735575421,43.55158093614172],[-79.66155566744506,43.55068262509593],[-79.66155566744506,43.54821226888376],[-79.6622294012132,43.548886003203926],[-79.66245397823761,43.548886003203926],[-79.66492433359083,43.548661425282866],[-79.66514891241188,43.549110580939335],[-79.66537349033457,43.549110580939335],[-79.66469975566812,43.55000889197712],[-79.66492433359083,43.55090720329878],[-79.6640260227983,43.55158093614172],[-79.664250600721,43.552703824837835],[-79.66447517864373,43.552703824837835],[-79.66492433359083,43.55315298096872],[-79.66627180112711,43.55292840332175],[-79.66721503756534,43.55182796524663],[-79.66694553399695,43.55203009217756],[-79.6660472232044,43.551805514252564],[-79.66559806825728,43.55090720329878],[-79.66644609854676,43.548363114879784],[-79.66631906868074,43.548271372593376],[-79.66514891241188,43.548661425282866],[-79.66492433359083,43.548661425282866],[-79.664250600721,43.54821226888376],[-79.664250600721,43.54680866180581],[-79.664250600721,43.546777481466556],[-79.66312771200573,43.545966492028036],[-79.66178024536777,43.546191068921004],[-79.6608819336769,43.545741914298425],[-79.65930988911622,43.54327155809732],[-79.66043277783149,43.54237324692909],[-79.66245397823761,43.5437207141966],[-79.6640260227983,43.54237324692909],[-79.664250600721,43.54237324692909],[-79.66708028128956,43.54190163392146],[-79.66829300063492,43.54169951274563],[-79.66851757855764,43.54169951274563],[-79.67031420104104,43.542597824836534],[-79.67053877896375,43.542597824836534],[-79.67121251183359,43.5437207141966],[-79.6714370897563,43.5437207141966],[-79.67278455729257,43.54439444728002],[-79.6730091352153,43.54439444728002],[-79.673233713138,43.54439444728002],[-79.67330857244559,43.54416986890284],[-79.673368458634,43.543990209245095],[-79.67345829016242,43.5437207141966],[-79.67323371134138,43.5437207148477],[-79.67255997936986,43.54237324692909],[-79.67233540144714,43.54237324692909],[-79.6694158902485,43.54192409120923],[-79.6691913123258,43.54192409120923],[-79.66874215737866,43.54125035786685],[-79.66885444589087,43.54057662806551],[-79.66896673440306,43.53990289073547],[-79.66739468984237,43.539229158249384],[-79.66717011191967,43.539229158249384],[-79.66627180112711,43.538106269237595],[-79.6660472232044,43.53810626988874],[-79.66514891600512,43.53900458212],[-79.66357686695285,43.54057662480961],[-79.6622294012132,43.54057662480961],[-79.66178024536777,43.53990289073547],[-79.66200482329049,43.539229158249384],[-79.6622294012132,43.539229158249384],[-79.66413830232733,43.53732026476823],[-79.66447517864373,43.53675880217118],[-79.66110651159963,43.53451302389101],[-79.6608819336769,43.5349621801164],[-79.66200482329049,43.53586049099697],[-79.66110651159963,43.536983380152996],[-79.65908531209182,43.53586049099697],[-79.65841157832368,43.53630964630319],[-79.65661495584027,43.53630964630319],[-79.65571664504773,43.535411334950126],[-79.65594122207214,43.53473760177059],[-79.65436917840977,43.534288445826185],[-79.65212340008095,43.53563591274053],[-79.65144966721111,43.535186756974596],[-79.65144966721111,43.533839291095155],[-79.65077593344296,43.5333901349726],[-79.64987762175211,43.53361471312639],[-79.6496530438294,43.53451302389101],[-79.64880463894247,43.5349372272976],[-79.64897931095956,43.53563591274053],[-79.64887664699731,43.53578991024244],[-79.64853015511413,43.53630964630319],[-79.64605979886258,43.53743253490985],[-79.64538606599277,43.53833084675928],[-79.6442631772775,43.5385554240957],[-79.64561064391549,43.53967831320834],[-79.64516148807006,43.540352047187305],[-79.64524936666103,43.540527806065086],[-79.64673353263072,43.539229158249384],[-79.6476318443216,43.53900458016638],[-79.64942846590668,43.53653422400417],[-79.64987762175211,43.53653422400417],[-79.65055135462194,43.53653422400417],[-79.6501021996748,43.53675880217118],[-79.64987762175211,43.539229158249384],[-79.64920388888228,43.53967831320834],[-79.64897931095956,43.53967831320834],[-79.64830557719141,43.53945373614711],[-79.64808100016701,43.53945373614711],[-79.64808100016701,43.54080120224662],[-79.64650895470803,43.54169951274563],[-79.64808100016701,43.5437207141966],[-79.6476318443216,43.54484360282672],[-79.6462843767853,43.5455173357321],[-79.64516148807006,43.54439444728002],[-79.64493691104565,43.54439444728002],[-79.6426911327168,43.54416986890284],[-79.64156824400155,43.54529275828251],[-79.6406699323107,43.54506817999627],[-79.64022077736358,43.54439444728002],[-79.6404453552863,43.5437207141966],[-79.64201739894867,43.54214866883628],[-79.64224197687139,43.54214866883628],[-79.64246655479411,43.54214866883628],[-79.64156824400155,43.54192409120923],[-79.64111908815613,43.542597824836534],[-79.64072607521933,43.54276625950874],[-79.6406699323107,43.54282240190736],[-79.63954704269713,43.54327155809732],[-79.63992527924583,43.54478450291849],[-79.63999619944087,43.54484360282672],[-79.63995342256536,43.54489707430839],[-79.63999619944087,43.54506817999627],[-79.63909788775003,43.545966492028036],[-79.63644378380204,43.54566024999473],[-79.63595379862865,43.545741914298425],[-79.63579757082096,43.545585686725026],[-79.63404791944713,43.54538380318974],[-79.63310914853419,43.54544247602406],[-79.63280971040558,43.545741914298425],[-79.63264638051726,43.54570108183488],[-79.63258513158456,43.545741914298425],[-79.63236055366184,43.545741914298425],[-79.62854273167065,43.547727197100585],[-79.62854273167065,43.54776311369529],[-79.62809357582522,43.547987691707895],[-79.62810717991188,43.547953681659415],[-79.62773702011589,43.548146161938284],[-79.62674610918722,43.548661425282866],[-79.62741991392228,43.54828709910831],[-79.62813206683849,43.54789146539086],[-79.62817100880606,43.547794111217044],[-79.6272018972944,43.548383995418945],[-79.62674610918722,43.548661425282866],[-79.62649187428374,43.54869956088355],[-79.62225455342788,43.54933515783794],[-79.6224791313506,43.54955973585303],[-79.623197778188,43.550458046707305],[-79.62337744214315,43.550458046707305],[-79.62334646643552,43.550643905439756],[-79.62337744214315,43.55068262509593],[-79.62337744214315,43.55090720329878],[-79.62337744214315,43.55113178131586],[-79.62327884754913,43.55104961974007],[-79.62322196622533,43.55139091025973],[-79.62315286511874,43.551805514252564],[-79.62282620713873,43.55205050854787],[-79.6225112155793,43.55228675238273],[-79.62225455342788,43.55247924812127],[-79.6220299764035,43.55247924812127],[-79.62135624173703,43.55247924812127],[-79.62045793094448,43.551805514252564],[-79.62045793094448,43.55158093614172],[-79.62023335302176,43.55135635914722],[-79.62023335302176,43.551169213508295],[-79.62023335302176,43.55113178131586],[-79.62000877509905,43.55090720329878],[-79.62113166381431,43.551805514252564],[-79.62180539758246,43.55158093614172],[-79.62225455342788,43.55090720329878],[-79.62225455342788,43.550196041218996],[-79.62207644086325,43.5500476133434],[-79.62180539758246,43.55113178131586],[-79.62113166381431,43.55135635914722],[-79.62000877509905,43.55090720329878],[-79.61911046430652,43.55225466991685],[-79.61877360505812,43.552495285390314],[-79.61843673143669,43.55292840332175],[-79.61798757559124,43.55315298161979],[-79.61753841974584,43.55337755908086],[-79.61742613123363,43.55337755908086],[-79.61731384182312,43.55337755908086],[-79.6164155382171,43.55350588840394],[-79.6160225198904,43.55356203382095],[-79.61574179726242,43.55360213700721],[-79.61553449573925,43.553757613342555],[-79.61529264231531,43.553939003629566],[-79.61529264231531,43.55397643277636],[-79.61529264231531,43.554275870321966],[-79.61529264231531,43.55450044815581],[-79.61506806529091,43.554725026454754],[-79.61439433062445,43.555398758934096],[-79.6130468639865,43.555398758934096],[-79.61282228606377,43.555398758934096],[-79.61278485596083,43.55544866585312],[-79.61147481942578,43.557195380679175],[-79.61275812569122,43.55543084558528],[-79.6132714419092,43.554725025803734],[-79.6132714419092,43.55494960326575],[-79.61416975270173,43.555174181192854],[-79.61504311638053,43.55412614782897],[-79.61484348557157,43.554275870321966],[-79.61375867105131,43.55384194372549],[-79.61372059685631,43.553826714096616],[-79.61259771532757,43.55532390498812],[-79.61237126172254,43.55562584224319],[-79.6116993973485,43.55652164810584],[-79.6116993973485,43.55674622603329],[-79.61147481942578,43.55697080312376],[-79.61057650773495,43.55831827022313],[-79.6109756247241,43.55742026531823],[-79.61121590968955,43.556879624035375],[-79.60998337440735,43.55869600707958],[-79.6081061523817,43.561462359241816],[-79.6078815753573,43.56168693698122],[-79.60771309003756,43.56202390812475],[-79.61057650773495,43.55831827022313],[-79.61057650773495,43.558542847964375],[-79.61035192981223,43.558767426170554],[-79.6101273518895,43.55899200419064],[-79.6101273518895,43.55921658072271],[-79.6099027748651,43.559441159021624],[-79.61080108565766,43.56056404772438],[-79.61057650773495,43.56123778196717],[-79.6099027748651,43.56168693698122],[-79.60855530822714,43.561462359241816],[-79.60833073030442,43.561462359241816],[-79.6081061523817,43.56168693698122],[-79.6078815753573,43.56191151518539],[-79.60743241861357,43.562585248029734],[-79.60730408798702,43.56271357857394],[-79.60720784069083,43.562809826139976],[-79.6074195852814,43.562867574605804],[-79.60967819694238,43.56348355870233],[-79.61012735278781,43.56415729284302],[-79.6099027748651,43.56460644822238],[-79.61147481942578,43.565055604158275],[-79.61192397527122,43.565729336990145],[-79.61102566358036,43.566852226306395],[-79.60833073030442,43.566178493015435],[-79.60720784069083,43.566178493015435],[-79.60698326276813,43.56662764894611],[-79.60922904109695,43.56730138176964],[-79.60954344964976,43.56761579179046],[-79.60967819694238,43.56752595987252],[-79.61080108565766,43.56752595987252],[-79.61125024060475,43.56797511486809],[-79.61214855319393,43.56752595987252],[-79.6130468639865,43.5681996930626],[-79.61574179726242,43.5655047599998],[-79.61551722023803,43.564831025958036],[-79.61529264231531,43.564831025958036],[-79.61574179726242,43.563932715199385],[-79.61686468597769,43.56370813671853],[-79.61753841974584,43.56415729284302],[-79.61862676105189,43.56318988535467],[-79.61955962464351,43.56236067298797],[-79.62068250886719,43.562809826139976],[-79.62090708678991,43.56415729284302],[-79.6220299764035,43.563932715199385],[-79.62270370927331,43.56213609320334],[-79.62180539758246,43.56101320385546],[-79.62270370927331,43.56011489280162],[-79.6240511759113,43.5607886262085],[-79.62494948670384,43.56056404772438],[-79.62566813803281,43.561462363147534],[-79.62580479424541,43.56151492352689],[-79.62723148690155,43.562063649612824],[-79.62741984295538,43.56168693698122],[-79.62697068710995,43.56101320385546],[-79.62741984295538,43.56033946970511],[-79.6296656212842,43.56033946970511],[-79.63033935415405,43.5607886262085],[-79.63078850999948,43.56213609320334],[-79.63033935235741,43.563258983754544],[-79.63056393207675,43.56325898180176],[-79.63303428742998,43.56460644822238],[-79.63438175406796,43.56191151518539],[-79.63474107838498,43.561791740941715],[-79.63415717614524,43.56101320385546],[-79.63460633199068,43.56033946970511],[-79.63438175406796,43.559441159021624],[-79.63303428742998,43.558542847964375],[-79.63236055366184,43.557195380679175],[-79.63223373669655,43.55714782465789],[-79.63101308702386,43.558542847964375],[-79.63033935415405,43.558542847964375],[-79.62876730869503,43.55741995869965],[-79.6278689979025,43.558542847964375],[-79.62674610918722,43.55831827022313],[-79.62584779839469,43.558767426170554],[-79.62494948670384,43.557644537185084],[-79.62629695424012,43.55562333714033],[-79.62607237631741,43.554725025803734],[-79.62672739638155,43.55380800208381],[-79.62607237631741,43.55315298096872],[-79.62607237631741,43.55292840332175],[-79.62674610918722,43.55247924812127],[-79.62741984295538,43.552703824837835],[-79.62741984295538,43.55292840332175],[-79.6278689979025,43.552703824837835],[-79.62876730869503,43.55225466991685],[-79.62899188661775,43.551805516856774],[-79.62899188661775,43.55158093614172],[-79.62915230147297,43.5514846875657],[-79.62921646543877,43.55135635914722],[-79.62955333007706,43.551244071312766],[-79.63011477623132,43.55090720329878],[-79.63078851359273,43.550832343773756],[-79.63191139781641,43.550458046707305],[-79.63213597573913,43.550458046707305],[-79.63236055366184,43.550458046707305]],[[-79.64241989001003,43.55202134592984],[-79.64246655479411,43.55225467056786],[-79.64263586925885,43.5521229824071],[-79.64241989001003,43.55202134592984]],[[-79.68670838041606,43.54753853614817],[-79.68648380159502,43.547313957764324],[-79.68670838041606,43.547313957764324],[-79.68793764852558,43.5465456676919],[-79.68850500289946,43.546191068921004],[-79.6898524686391,43.54708938114819],[-79.69097535825269,43.546191068921004],[-79.69254740281337,43.546191068921004],[-79.69344571360591,43.547313957764324],[-79.69375196096438,43.54721187628579],[-79.69400715886185,43.54712681064232],[-79.69411944737406,43.54708938114819],[-79.6952423360893,43.54753853614817],[-79.69614064778017,43.54708938114819],[-79.69829659458058,43.547987693010086],[-79.69793727026357,43.54708938114819],[-79.69838642521067,43.546191068921004],[-79.69888947997318,43.54597547485938],[-79.69748811441814,43.545741914298425],[-79.6952423360893,43.54439444728002],[-79.69681438065001,43.54439444728002],[-79.69748811441814,43.5439452909913],[-79.69793727026357,43.54237324692909],[-79.69748811441814,43.54169951274563],[-79.69793727026357,43.540352047187305],[-79.69883558105612,43.53945373614711],[-79.6986110031334,43.538780001898076],[-79.70019194371034,43.53737472625194],[-79.70016001309358,43.53735191822016],[-79.69995846977136,43.537207957949626],[-79.69995846977136,43.536085069068264],[-79.70022951215384,43.535976652329964],[-79.70018304769408,43.53586049099697],[-79.69906015897882,43.53586049099697],[-79.69838642790563,43.536534225306646],[-79.69703895947103,43.53788169153063],[-79.69591606985745,43.53765711298723],[-79.69355312067286,43.538516367142776],[-79.69344571360591,43.5385554240957],[-79.69294041395355,43.53838699133461],[-79.6927719807361,43.53833084675928],[-79.69209824786626,43.539229158900575],[-79.69097535825269,43.539229158249384],[-79.68998721233847,43.539229158249384],[-79.6898524686391,43.539229158249384],[-79.68990861154774,43.53911687321959],[-79.69030162538284,43.53833084675928],[-79.69007704656183,43.53765711298723],[-79.69097535825269,43.537207957949626],[-79.69187366904522,43.53563591274053],[-79.69187366904522,43.53361471312639],[-79.6927719807361,43.53406386822761],[-79.69344571360591,43.533839291095155],[-79.69389487034965,43.53271640200584],[-79.69501775906491,43.53181809118106],[-79.69434402529676,43.53091977869897],[-79.69471151619804,43.53000105310322],[-79.69456860321948,43.52957231321955],[-79.69395345577755,43.529162214406924],[-79.69378258183745,43.52917930191311],[-79.69299655776047,43.52957231321955],[-79.69209824696793,43.5293477349924],[-79.69052620330557,43.52844942414286],[-79.6896278907164,43.52957231321955],[-79.69075078032998,43.53069520223266],[-79.6898524686391,43.53114435693412],[-79.68895415784655,43.53069520223266],[-79.68828042497674,43.53091977869897],[-79.68805584705402,43.53159351284958],[-79.68738211418419,43.53181809118106],[-79.68715753626148,43.532940980063536],[-79.68491175793264,43.53361471312639],[-79.68446260208722,43.53473760177059],[-79.68176766881128,43.53451302389101],[-79.68266597960381,43.53271640200584],[-79.68176766881128,43.53181809118106],[-79.6804202021733,43.532940980063536],[-79.67907273463702,43.532940980063536],[-79.67997104632788,43.53159351284958],[-79.67907273463702,43.53069520223266],[-79.67750069097464,43.53114435693412],[-79.67727611305193,43.53181809118106],[-79.67480575680038,43.53069520223266],[-79.67390744600783,43.53091977869897],[-79.67345829016242,43.53159351284958],[-79.67368286808514,43.53226724598656],[-79.67525491264583,43.5333901349726],[-79.67413202393055,43.53473760177059],[-79.67435660185326,43.53563591274053],[-79.67525491264583,43.536085069068264],[-79.67592864641395,43.535411334950126],[-79.67660237928379,43.535411334950126],[-79.67682695720649,43.536085069068264],[-79.67750069097464,43.53630964630319],[-79.67727611305193,43.536983380152996],[-79.67772526799905,43.53765711298723],[-79.68064478009602,43.53788169087941],[-79.67974646930347,43.540352047187305],[-79.67907273463702,43.540352047187305],[-79.6788481567143,43.53967831320834],[-79.67817442384447,43.53945373614711],[-79.67660237928379,43.54080120224662],[-79.67413202393055,43.53945373614711],[-79.67278455729257,43.53945373614711],[-79.67188624560171,43.540352047187305],[-79.67345829016242,43.54214866883628],[-79.67480575680038,43.54192409120923],[-79.67637780225938,43.542597824836534],[-79.67525491264583,43.5437207141966],[-79.67547948967021,43.54484360282672],[-79.67458117887767,43.54506817999627],[-79.67413202393055,43.545741914298425],[-79.67458117887767,43.546640224754675],[-79.67570406759293,43.546864803044215],[-79.67639507147241,43.54651930089235],[-79.67570406759293,43.545741914298425],[-79.67727611305193,43.54416986890284],[-79.6788481567143,43.5455173357321],[-79.67974646930347,43.54484360282672],[-79.6801956242506,43.54506817999627],[-79.6804202021733,43.54506817999627],[-79.68109393504312,43.546640224754675],[-79.68176766881128,43.546640224754675],[-79.68311513455093,43.54529275828251],[-79.68361906696744,43.545418741238414],[-79.6840134471401,43.5455173357321],[-79.68423802416451,43.546191068921004],[-79.68446260208722,43.546191068921004],[-79.68478342281452,43.54638356329286],[-79.68501345261271,43.5465215823909],[-79.68670838041606,43.54753853614817],[-79.6876066912086,43.548886003203926],[-79.68738211418419,43.548886003203926],[-79.68715753626148,43.54955973585303],[-79.68666190337987,43.54968364401915],[-79.68625922457063,43.54978431368239],[-79.68330117474795,43.54788271333369],[-79.68311513455093,43.54776311369529],[-79.68232911137227,43.54832456171555],[-79.68214047324744,43.54845930333164],[-79.6822168237584,43.54843684717615],[-79.68244140168109,43.54955973585303],[-79.68176766881128,43.550233470086155],[-79.68183183367539,43.550425965221166],[-79.6822168237584,43.550233470086155],[-79.68244140168109,43.550233470086155],[-79.68289055842484,43.550458046707305],[-79.68333971337195,43.54978431368239],[-79.68423802416451,43.54955973585303],[-79.68581006872519,43.55113178131586],[-79.68507509410918,43.55247924812127],[-79.68558549080248,43.55247924812127],[-79.68581006872519,43.55247924812127],[-79.68603464664791,43.551805514252564],[-79.6876066912086,43.552703824837835],[-79.6896278907164,43.55450044815581],[-79.68850500289946,43.55629706999238],[-79.6891269101639,43.557540887383006],[-79.68917873576927,43.557644537185084],[-79.68890722716118,43.55781549211193],[-79.68847082020625,43.55809027395998],[-79.68850500289946,43.55809369229585],[-79.68796635958036,43.55840790430207],[-79.68605451199211,43.55961167074746],[-79.68606532770814,43.55963113999031],[-79.6887668330587,43.557990984596074],[-79.6951075780169,43.554141174260735],[-79.69511757177445,43.55410119968621],[-79.69501775906491,43.55405129230224],[-79.69479318114219,43.554275870321966],[-79.69456860321948,43.554275870321966],[-79.69445296309297,43.55412168371308],[-79.69430736055845,43.5539275474102],[-79.69389487034965,43.55337755908086],[-79.69367029242694,43.55337755908086],[-79.69411944737406,43.55225466991685],[-79.69569149193474,43.55135635914722],[-79.69591606985745,43.55135635914722],[-79.69658980272729,43.55135635914722],[-79.69789984285559,43.551169210904064],[-79.6986110031334,43.550458046707305],[-79.69928473690155,43.54955973585303],[-79.69883558105612,43.548661425282866],[-79.69793727026357,43.54843684717615],[-79.69681438065001,43.54955973585303],[-79.69501775906491,43.550233470086155],[-79.69456860321948,43.55000889197712],[-79.69456860321948,43.548661425282866],[-79.69389487034965,43.54821226888376],[-79.69282302570547,43.548671631760605],[-79.69243124166398,43.548839539009805],[-79.69232282489065,43.548886003203926],[-79.69142450421664,43.54843684522283],[-79.69022676427866,43.54783797312578],[-79.69007704656183,43.54776311369529],[-79.68995455049306,43.54786519424029],[-79.68872957992386,43.548886003203926],[-79.68828042497674,43.54776311369529],[-79.68670838041606,43.54753853614817]],[[-79.71365771497213,43.54506817999627],[-79.71309459256155,43.54459891391905],[-79.71300323120221,43.54452277945203],[-79.71298398210229,43.54461902482055],[-79.71365771497213,43.54506817999627],[-79.71433144874028,43.54529275828251],[-79.71545433835384,43.54439444728002],[-79.7165772270691,43.54484360282672],[-79.71680180499182,43.545741914298425],[-79.71612807122368,43.54708938114819],[-79.7163526491464,43.54708938114819],[-79.71747553786163,43.54821227018593],[-79.7170263820162,43.54933515783794],[-79.7163526491464,43.54955973585303],[-79.7150051816101,43.54843684717615],[-79.71410687081756,43.54843684717615],[-79.71410687081756,43.548886003203926],[-79.71388229289485,43.548886003203926],[-79.71320856002501,43.54933515783794],[-79.71253482625686,43.54843684717615],[-79.71186108350557,43.54832455715792],[-79.71298398210229,43.549110580939335],[-79.71253482625686,43.55068262509593],[-79.71320856002501,43.55158093614172],[-79.71222603756446,43.552703824837835],[-79.71231024923249,43.552703824837835],[-79.71410687081756,43.55068262509593],[-79.71433144874028,43.55068262509593],[-79.71590349330096,43.54955973585303],[-79.71680180499182,43.55000889197712],[-79.71680180499182,43.55113178131586],[-79.71770011578435,43.55090720329878],[-79.7185984265769,43.55135635914722],[-79.71770011578435,43.55000889197712],[-79.71747553786163,43.55000889197712],[-79.71770011578435,43.549110580939335],[-79.7183738486542,43.548661425282866],[-79.71972131619047,43.54955973585303],[-79.72017047113759,43.54955973585303],[-79.72039504906031,43.54955973585303],[-79.72061962698302,43.548886003203926],[-79.72129335985285,43.548661425282866],[-79.72151793777554,43.548661425282866],[-79.72219167244202,43.549110580939335],[-79.72219167244202,43.550233470086155],[-79.72241624856811,43.550233470086155],[-79.72264082738914,43.550458046707305],[-79.7233145611573,43.55000889197712],[-79.72322472962887,43.54955973715515],[-79.72308998323457,43.548886003203926],[-79.72353913818168,43.54821226888376],[-79.72421287194982,43.547987691707895],[-79.72488660481966,43.54843684717615],[-79.72556033768947,43.54753853614817],[-79.72690780522578,43.54708938114819],[-79.72758153899392,43.547987691707895],[-79.72780611601831,43.547987691707895],[-79.72758153899392,43.548886003203926],[-79.72735696107121,43.548886003203926],[-79.72668322730306,43.54933515783794],[-79.72713238314849,43.55000889197712],[-79.72825527186373,43.550458046707305],[-79.72870442770916,43.55000889197712],[-79.73005189434713,43.550233470086155],[-79.73095020603799,43.54978431368239],[-79.73274682762307,43.55113178131586],[-79.73162393890783,43.550233470086155],[-79.73409429515937,43.548661425282866],[-79.73431887218376,43.54776311369529],[-79.73364513931395,43.54708938114819],[-79.73386971723667,43.546415646930605],[-79.73342056139124,43.545741914298425],[-79.7342065854682,43.54534890353726],[-79.73476802802921,43.54506818194964],[-79.73521718387462,43.54484360282672],[-79.73521718387462,43.544562880188295],[-79.73521718387462,43.5437207141966],[-79.73386971723667,43.54327155809732],[-79.73154374001422,43.54466715135399],[-79.73050105019256,43.54529275828251],[-79.73022033025954,43.54529275828251],[-79.72870442770916,43.54529275828251],[-79.72870442770916,43.54304698009504],[-79.73027647226985,43.54169951274563],[-79.72892900473357,43.54012746872845],[-79.73027647226985,43.53967831320834],[-79.73207309385492,43.541474936050086],[-79.73297140644411,43.541025780149376],[-79.7331959825702,43.54012746872845],[-79.73252224970037,43.539229158249384],[-79.73252224970037,43.538106269237595],[-79.73342056139124,43.53743253490985],[-79.73297140644411,43.53630964630319],[-79.73364513931395,43.535186756974596],[-79.73252224970037,43.534288445826185],[-79.73077553581753,43.53551114993722],[-79.73095020603799,43.53563591274053],[-79.73059730198032,43.53563591274053],[-79.73037204133799,43.535793593590704],[-79.72847984978644,43.538106269237595],[-79.72803069394101,43.538106269237595],[-79.72825527186373,43.53743253490985],[-79.72735696107121,43.53653422400417],[-79.72668322730306,43.53675880217118],[-79.72645865027864,43.53675880217118],[-79.72600949443321,43.53743253490985],[-79.72556033768947,43.53675880217118],[-79.7233145611573,43.53586049099697],[-79.72241624856811,43.53675880217118],[-79.72286540531186,43.53765711298723],[-79.72084420490573,43.537207957949626],[-79.72017047113759,43.53765711298723],[-79.71994589411318,43.5385554240957],[-79.72039504906031,43.53945373614711],[-79.71927216034504,43.54057662480961],[-79.71949673826775,43.54125035786685],[-79.71882300539794,43.541025780149376],[-79.71770011578435,43.54192409120923],[-79.7165772270691,43.54192409120923],[-79.71573508164306,43.543234114488676],[-79.71565849218025,43.543353253636226],[-79.71509106144957,43.54423591965335],[-79.71455602666299,43.54506817999627],[-79.71365771497213,43.54506817999627]],[[-79.71186109338703,43.533165557284946],[-79.71118735961889,43.53226724598656],[-79.71163651456601,43.53114435693412],[-79.71231024923249,43.53091977869897],[-79.71343313794772,43.53204266802505],[-79.71253482625686,43.53091977869897],[-79.71118735961889,43.53047062427888],[-79.71028904882635,43.53159351284958],[-79.71186109338703,43.533165557284946],[-79.70849242634294,43.53361471312639],[-79.70781869257482,43.532940980063536],[-79.70829994163208,43.5322672355663],[-79.70714495880667,43.53361471312639],[-79.70624664801413,43.533839291095155],[-79.70736953672939,43.533839291095155],[-79.70826784842022,43.53473760177059],[-79.70781869257482,43.53586049099697],[-79.70647122593682,43.536085069068264],[-79.70660597233113,43.53648930931237],[-79.70703716187089,43.53670490408654],[-79.70983989298094,43.535411334950126],[-79.71006447090365,43.535411334950126],[-79.71025950233835,43.53547634551044],[-79.71096278169617,43.535186756974596],[-79.71051362585074,43.53406386822761],[-79.71096278169617,43.5333901349726],[-79.71186109338703,43.533165557284946]],[[-79.72990216764715,43.534887317070385],[-79.73006165903428,43.535001240022716],[-79.73005189434713,43.5349621801164],[-79.72990216764715,43.534887317070385]],[[-79.70894158218837,43.53136893498436],[-79.70827889410498,43.530264456105556],[-79.70804327139584,43.53047062427888],[-79.70871700426567,43.53136893498436],[-79.70852049510232,43.53195846084293],[-79.70894158218837,43.53136893498436]],[[-79.70489918137615,43.53091977869897],[-79.704490855757,43.53061353578354],[-79.70467460435175,43.53091977869897],[-79.70489918137615,43.53091977869897]],[[-79.71537012039764,43.531284717743645],[-79.71544364391039,43.53194642146683],[-79.71567891627656,43.53159351284958],[-79.71537012039764,43.531284717743645]],[[-79.71489289219959,43.53204266802505],[-79.71522976043113,43.53226724598656],[-79.71537947994459,43.53204266802505],[-79.71489289219959,43.53204266802505]],[[-79.74168574652137,43.54013851732656],[-79.74219783743729,43.54046987013914],[-79.7417299400401,43.54012746872845],[-79.74150536211737,43.53990289073547],[-79.74132159735298,43.53990289073547],[-79.74168574652137,43.54013851732656]],[[-79.7601453189229,43.55360213700721],[-79.76017270675928,43.55356379487476],[-79.7601453189229,43.553527278225445],[-79.7601453189229,43.55360213700721],[-79.74403220892556,43.54181222012891],[-79.74487402916148,43.54282240190736],[-79.74442487331605,43.5437207141966],[-79.74352656162517,43.5439452909913],[-79.74352656162517,43.54439444728002],[-79.74464945123876,43.54484360282672],[-79.74487402916148,43.546415646930605],[-79.74397571836892,43.547313957764324],[-79.74307740577973,43.54708938114819],[-79.74397571836892,43.548886003203926],[-79.74375114044621,43.54955973585303],[-79.74307740577973,43.54978431368239],[-79.74307740577973,43.550458046707305],[-79.74442487331605,43.55090720329878],[-79.74599691787671,43.550458046707305],[-79.74689522866927,43.55068262509593],[-79.7475689624374,43.55000889197712],[-79.74764382533824,43.55002760777386],[-79.74869185115267,43.549110580939335],[-79.74918006484833,43.549208223370115],[-79.7495901619452,43.548661425282866],[-79.7489164290754,43.547313957764324],[-79.7493655849208,43.546640224754675],[-79.75026389571335,43.546415646930605],[-79.7601453189229,43.55360213700721]],[[-79.73493645675508,43.552731896624444],[-79.73461830402417,43.55225466991685],[-79.73454345010649,43.55225466991685],[-79.73476802802921,43.552703824837835],[-79.73493645675508,43.552731896624444]],[[-79.75003931779062,43.55090720329878],[-79.74985965563214,43.55081737250871],[-79.74981473986793,43.55090720329878],[-79.75003931779062,43.55090720329878]],[[-79.71091095609081,43.54765946447677],[-79.71079434847871,43.54742624771197],[-79.71073820377346,43.54753853614817],[-79.71091095609081,43.54765946447677]],[[-79.71096278169617,43.547313957764324],[-79.71174880487483,43.54652793594722],[-79.71118735961889,43.546640224754675],[-79.71085049318398,43.547313957764324],[-79.71096278169617,43.547313957764324]],[[-79.76326012296602,43.5558674956406],[-79.76328940804429,43.555888796086336],[-79.76328940804429,43.55450044815581],[-79.76306483012156,43.55450044815581],[-79.76326012296602,43.5558674956406]],[[-79.69882376192191,43.556167052038354],[-79.69928473690155,43.556371930541566],[-79.69928473690155,43.556072491692966],[-79.69906015897882,43.556072491692966],[-79.69892195856227,43.55600339221204],[-79.69882376192191,43.556167052038354]],[[-79.72892900473357,43.55629706999238],[-79.72810555235029,43.55712052245504],[-79.72803069394101,43.557195380679175],[-79.72813277489665,43.557603704973],[-79.72825527186373,43.55809369229585],[-79.72847984978644,43.55809369229585],[-79.73162393890783,43.56033946970511],[-79.73162393890783,43.561462359241816],[-79.7305513342889,43.561033317742606],[-79.73050105019256,43.56101320385546],[-79.7301641621981,43.56135009544538],[-79.72881671622136,43.562697539467784],[-79.72870442770916,43.562809826139976],[-79.72780611601831,43.562809826139976],[-79.72803069394101,43.56168693698122],[-79.72758153899392,43.56101320385546],[-79.72668322730306,43.5607886262085],[-79.72551786444451,43.56117708116352],[-79.72533576066509,43.56123778196717],[-79.72574000613619,43.56056404772438],[-79.72668322730306,43.55899200419064],[-79.72578491561218,43.55786911483348],[-79.72488660481966,43.55809369229585],[-79.72462239592154,43.55849000962631],[-79.72437328770336,43.55886367287995],[-79.7239882940271,43.559441159021624],[-79.72391343561785,43.559441159021624],[-79.7233145611573,43.559441159021624],[-79.72308998323457,43.559441159021624],[-79.72174251569827,43.55809369229585],[-79.72039504906031,43.558542847964375],[-79.71994589411318,43.55786911483348],[-79.71814927073147,43.55697080312376],[-79.71792469280875,43.55697080312376],[-79.71612807122368,43.557644537185084],[-79.71590349330096,43.557644537185084],[-79.71522976043113,43.558542847964375],[-79.7150051816101,43.558542847964375],[-79.71425659033102,43.558542847964375],[-79.71365771497213,43.56033946970511],[-79.71455602666299,43.56123778196717],[-79.71567891627656,43.5607886262085],[-79.7165772270691,43.559665737134395],[-79.71680180499182,43.559665737134395],[-79.71725095993892,43.559665737134395],[-79.7183738486542,43.56056404772438],[-79.7170263820162,43.56191151518539],[-79.71725095993892,43.565055604158275],[-79.71327796925375,43.56221776577762],[-79.71253482625686,43.56168693698122],[-79.71141193664329,43.56191151518539],[-79.71096278169617,43.562585248029734],[-79.71102473580638,43.56270915675422],[-79.71141193664329,43.56348355870233],[-79.71520731602376,43.5661111599532],[-79.71515490022524,43.565953915096],[-79.7150051816101,43.5655047599998],[-79.71545433835384,43.564831025958036],[-79.71567891627656,43.564831025958036],[-79.71672694209099,43.564831025958036],[-79.71680180499182,43.564831025958036],[-79.71687367111288,43.564893909500654],[-79.7185984265769,43.56640307074852],[-79.71882300539794,43.56640307074852],[-79.71946540053906,43.565974809067434],[-79.72017047113759,43.5655047599998],[-79.72129335985285,43.565729336990145],[-79.72163022628776,43.56640307139939],[-79.72174251569827,43.56662764894611],[-79.72061962698302,43.567750537788974],[-79.72196709362099,43.5684242710706],[-79.7233145611573,43.5681996930626],[-79.72376371610439,43.56662764894611],[-79.72443744987253,43.56640307074852],[-79.72556033768947,43.566852226306395],[-79.7263769862328,43.56583141769613],[-79.72645865027864,43.565729336990145],[-79.72651479678053,43.56570687880807],[-79.72758153899392,43.5652801821722],[-79.72847984978644,43.566178493015435],[-79.72832619116046,43.566793127150746],[-79.72825527186373,43.56707680413122],[-79.72713238314849,43.567750537788974],[-79.72735695837625,43.56812483288964],[-79.72780611601831,43.56887342717809],[-79.72803069394101,43.56887342717809],[-79.73005189434713,43.56797511486809],[-79.73003906281161,43.56794303489707],[-79.7299985317243,43.567841708236806],[-79.72960273940004,43.566852226306395],[-79.73072562811528,43.565953915096],[-79.73162393890783,43.566852226306395],[-79.73229767177764,43.56662764894611],[-79.73297140644411,43.56707680413122],[-79.7331959825702,43.567750537788974],[-79.73274682762307,43.5684242710706],[-79.73281986335064,43.56851191470883],[-79.73386971723667,43.56977173780617],[-79.73409429515937,43.56977173780617],[-79.73521718387462,43.56909800397583],[-79.73701380635802,43.5695471602662],[-79.7369857340054,43.56949101607579],[-79.73678922843531,43.56909800397583],[-79.73723838428074,43.5684242710706],[-79.73858585091871,43.5684242710706],[-79.73865495202531,43.568320620287],[-79.73903500586582,43.567750537788974],[-79.7381366950733,43.56662764894611],[-79.73791211715059,43.56662764894611],[-79.73836127299602,43.5652801821722],[-79.73723838428074,43.564831025958036],[-79.73678922843531,43.563932715199385],[-79.73656464961428,43.563932715199385],[-79.73678922843531,43.563034404063984],[-79.73746296220345,43.562585248029734],[-79.73836127299602,43.56322690713022],[-79.73836127299602,43.56213609320334],[-79.73768753922786,43.56191151518539],[-79.73858585091871,43.56056404772438],[-79.73970873873566,43.56033946970511],[-79.74008303527353,43.55959087807346],[-79.73948416171126,43.55899200419064],[-79.73903500586582,43.55921658072271],[-79.73751717014095,43.55834924669265],[-79.73740008013357,43.55833623675969],[-79.73589091674447,43.558767426170554],[-79.73476802802921,43.55786911483348],[-79.73386971723667,43.55899200419064],[-79.73274682762307,43.55899200419064],[-79.72892900473357,43.55629706999238]],[[-79.76394406339242,43.556364953056914],[-79.76690256057609,43.55851673899453],[-79.77035917717807,43.56085499854764],[-79.76912843044158,43.55989031506108],[-79.76394406339242,43.556364953056914]],[[-79.75722580682593,43.55786911483348],[-79.75610291811067,43.55697080312376],[-79.7527342519649,43.56011489280162],[-79.75138678532694,43.55899200419064],[-79.75003931779062,43.559665737134395],[-79.7486522219739,43.56125099176733],[-79.7493655849208,43.56101320385546],[-79.75026389571335,43.56191151518539],[-79.75003931779062,43.562809826139976],[-79.7493655849208,43.563034404063984],[-79.74981474346119,43.563633284633056],[-79.75093762858319,43.564381870951266],[-79.75145736685711,43.56420862518607],[-79.75138678532694,43.56415729284302],[-79.75161136324964,43.56348355870233],[-79.75183594027403,43.56348355870233],[-79.7527342519649,43.563932715199385],[-79.7529588289893,43.563932715199385],[-79.75385713978184,43.56325898180176],[-79.75643717314306,43.56464823188543],[-79.75700122980152,43.56370813671853],[-79.75767496267135,43.56348355870233],[-79.75767496267135,43.563034404063984],[-79.75661623612528,43.56255316714103],[-79.75643978993547,43.56247296419364],[-79.75520460731813,43.56191151518539],[-79.75498002939543,43.56101320385546],[-79.75475545237101,43.56101320385546],[-79.75677665187882,43.558767426170554],[-79.75700122980152,43.558767426170554],[-79.75722580682593,43.55786911483348]],[[-79.77112499365272,43.56158768283695],[-79.7734676229456,43.563291391685915],[-79.77098793319826,43.561347824272374],[-79.77112499365272,43.56158768283695]],[[-79.77711796932344,43.56309906262494],[-79.78439972020304,43.5684242710706],[-79.78453446659734,43.568603933394805],[-79.7850734539712,43.56887342717809],[-79.77762314231335,43.56325898180176],[-79.77743780909046,43.56325898180176],[-79.77711796932344,43.56309906262494]],[[-79.76508602962936,43.56707680413122],[-79.76357013516382,43.56606621392388],[-79.76371815057318,43.56636224642482],[-79.76463687468224,43.56707680413122],[-79.76508602962936,43.56707680413122]],[[-79.76126820763815,43.565953915096],[-79.76239109725172,43.5655047599998],[-79.76253145811656,43.56556090465136],[-79.76261567427613,43.5655047599998],[-79.76285345653521,43.56568970401783],[-79.76323324267777,43.56584161801142],[-79.76239109725172,43.5652801821722],[-79.76261567427613,43.5652801821722],[-79.76328940804429,43.565055604158275],[-79.76373856299139,43.564381870951266],[-79.76441229675953,43.564381870951266],[-79.76508602962936,43.565055604158275],[-79.76620891924294,43.56460644822238],[-79.76710722913715,43.56550476065072],[-79.7673318079582,43.564381870951266],[-79.76800554082803,43.563932715199385],[-79.7690321822471,43.564574368409964],[-79.76845469667346,43.56370813671853],[-79.76867927459615,43.56370813671853],[-79.76957758628703,43.562809826139976],[-79.7696738281933,43.562809826139976],[-79.76890385341719,43.56213609320334],[-79.76778096380362,43.56325898180176],[-79.7675563858809,43.56325898180176],[-79.76678057295378,43.56306502855736],[-79.76643349716564,43.563932715199385],[-79.76620891924294,43.563932715199385],[-79.7655351863731,43.56415729284302],[-79.76463687468224,43.56370813671853],[-79.76373856299139,43.56415729284302],[-79.76328940804429,43.56370813671853],[-79.76306483012156,43.56370813671853],[-79.76306483012156,43.562809826139976],[-79.76284025219884,43.562809826139976],[-79.76216651932901,43.562585248029734],[-79.75969616307748,43.56370813671853],[-79.7585732743622,43.565018177337],[-79.7585732743622,43.56537001353392],[-79.75947158515477,43.565729336990145],[-79.76059447387001,43.565055604158275],[-79.76126820763815,43.565953915096]],[[-79.74842235746574,43.56132761349826],[-79.74833894350172,43.56107737246341],[-79.74801811828284,43.561462359241816],[-79.74842235746574,43.56132761349826]],[[-79.74622149579943,43.56033946970511],[-79.74637697171723,43.56021854533651],[-79.74616535378911,43.56033946970511],[-79.74622149579943,43.56033946970511]],[[-79.71976623285299,43.57075987983828],[-79.72017047113759,43.5695471602662],[-79.71994589411318,43.5695471602662],[-79.71814927073147,43.56864884889217],[-79.71792469280875,43.56797511486809],[-79.7172509581423,43.567525961174304],[-79.71567891627656,43.56797511486809],[-79.7150051816101,43.56887342717809],[-79.71590349330096,43.56999631515961],[-79.71770011578435,43.56977173780617],[-79.71763101557607,43.56994448919019],[-79.71814927073147,43.56977173780617],[-79.71882300539794,43.57022089297743],[-79.71899295497158,43.57124059756175],[-79.71904758242232,43.57123149288307],[-79.71945182699514,43.57116411860834],[-79.71949673916608,43.571119204335865],[-79.71972131619047,43.570894627264224],[-79.71976623285299,43.57075987983828]],[[-79.70534833722157,43.57111920368502],[-79.70647122593682,43.56932258188882],[-79.70564777445186,43.56902314687192],[-79.70489918137615,43.56977173780617],[-79.70534833722157,43.57111920368502],[-79.70498084721864,43.571364198206524],[-79.70568520185985,43.57154028709824],[-79.70534833722157,43.57111920368502]],[[-79.7711496308477,43.570445471259596],[-79.77025131915686,43.571568359871925],[-79.77047589707958,43.571568359871925],[-79.77086542275644,43.572236129805155],[-79.770925052925,43.572242092752965],[-79.77137420787211,43.57269124902638],[-79.77227251956297,43.57246667130842],[-79.7727216754084,43.571568359871925],[-79.77249709658737,43.571568359871925],[-79.77204794164027,43.570894627264224],[-79.77208002407231,43.57079837959847],[-79.77137420787211,43.570445471259596],[-79.7711496308477,43.570445471259596]],[[-79.72129335985285,43.57291582720862],[-79.72106878372676,43.5722420934038],[-79.72106878282845,43.5732526938879],[-79.72129335985285,43.57291582720862]],[[-79.66954987037987,43.575421202279024],[-79.67153001957412,43.57306650853675],[-79.67249743776148,43.57165933189198],[-79.67076335688647,43.570445471259596],[-79.67008962311832,43.570445471259596],[-79.66986504609392,43.57111920368502],[-79.6694158902485,43.571343781871775],[-79.6696404681712,43.571343781871775],[-79.66896673440306,43.57336498171144],[-79.66829300063492,43.57381413807089],[-79.66761926776509,43.5735895599845],[-79.66649637904983,43.574487871210025],[-79.66694553399695,43.57583533830434],[-79.66784384478949,43.57628449381005],[-79.66784384478949,43.576553987718064],[-79.66784384478949,43.57718280518331],[-79.66784384478949,43.577295096742],[-79.66784384478949,43.577300483899336],[-79.66784384478949,43.57736776085083],[-79.66806842271221,43.57718280518331],[-79.66847485737767,43.57669951547577],[-79.66873805926434,43.57638654100846],[-79.66851757855764,43.57583533830434],[-79.6694680293659,43.57551852158214],[-79.66954987037987,43.575421202279024]],[[-79.69277197804114,43.577182803881776],[-79.69281689650029,43.57731755255562],[-79.69299655416722,43.57740738158345],[-79.69277197804114,43.577182803881776],[-79.69254740281337,43.57695822729477],[-79.69217750891872,43.57682612325856],[-79.69277197804114,43.577182803881776]],[[-79.7493655849208,43.576509072258965],[-79.74667065074655,43.57853027184493],[-79.74869185115267,43.57718280518331],[-79.7491410069981,43.57785653772794],[-79.74839241661734,43.57879227777429],[-79.74846727322996,43.578754849076375],[-79.7491410069981,43.57897942677168],[-79.74965085571907,43.57965923222877],[-79.75071305066047,43.57920400493087],[-79.75116220740422,43.57785653772794],[-79.75228509611948,43.57785653772794],[-79.7529588289893,43.57920400493087],[-79.75408171770455,43.579877738287074],[-79.75498002939543,43.57897942677168],[-79.75475545237101,43.57763195974913],[-79.75700122980152,43.57920400493087],[-79.75677665187882,43.579877738287074],[-79.75722580682593,43.58055147191328],[-79.75830378067529,43.58073113450212],[-79.7595357518155,43.580936462425626],[-79.75969616307748,43.58077605006554],[-79.75969616307748,43.57897942677168],[-79.75610291811067,43.57628449381005],[-79.75632749603339,43.575610759945945],[-79.75542918524086,43.57493702700422],[-79.75537571392186,43.57472314327664],[-79.75430629562726,43.57493702700422],[-79.75183594027403,43.57291582720862],[-79.75139892156642,43.57302508215921],[-79.75183594027403,43.57336498171144],[-79.75138678532694,43.57426329368369],[-79.75048847363607,43.574487871210025],[-79.74936558132755,43.57373928097123],[-79.7489164290754,43.57403871597062],[-79.74882659754698,43.57403871597062],[-79.7489164290754,43.57426329368369],[-79.74869185115267,43.575386182702374],[-79.7493655849208,43.576509072258965]],[[-79.73836127299602,43.57403871597062],[-79.73822652570338,43.57390396907094],[-79.73768753922786,43.57403871597062],[-79.73723838428074,43.57493702700422],[-79.73746296130514,43.57516160527204],[-79.73791211715059,43.57516160527204],[-79.73836127299602,43.57403871597062]],[[-79.72084420490573,43.5735895599845],[-79.7209190642133,43.57347727127805],[-79.72074212484843,43.57360997620878],[-79.72084420490573,43.5735895599845]],[[-79.79023874260034,43.57314040520418],[-79.78945272481158,43.5735895599845],[-79.79046332142138,43.5735895599845],[-79.79584766782584,43.57703554686039],[-79.79023874260034,43.57314040520418]],[[-79.78866669893799,43.574487871210025],[-79.7892562129533,43.57370185238648],[-79.78866669893799,43.57403871597062],[-79.78866669893799,43.574487871210025],[-79.79438739344944,43.57843319559032],[-79.79428114341259,43.57830569377587],[-79.78889127596238,43.574487871210025],[-79.78866669893799,43.574487871210025]],[[-79.79338277422956,43.58027071518219],[-79.79068789934409,43.578081116170765],[-79.79058309559484,43.57817094861486],[-79.79338277422956,43.58027071518219]],[[-79.79023874260034,43.57853027184493],[-79.79029488461066,43.57841798844663],[-79.7891158538851,43.579428582903205],[-79.78821754309254,43.57920400493087],[-79.78776838724713,43.57830569377587],[-79.78889127596238,43.57695822729477],[-79.78687007555627,43.575610759945945],[-79.78574718684101,43.57673364921947],[-79.78664549763354,43.57763195974913],[-79.78642092060916,43.57830569377587],[-79.78574718684101,43.578754849076375],[-79.78395056525592,43.57830569377587],[-79.78058189821184,43.58122520515847],[-79.78103105405728,43.58212351570349],[-79.78099022203432,43.58224601380545],[-79.78091876554507,43.58246038293201],[-79.78080647613456,43.58279725022769],[-79.7801327423664,43.583246405208214],[-79.77990816534201,43.583246405208214],[-79.77945900859827,43.583021827811486],[-79.77923443067554,43.58369556074194],[-79.77900985275284,43.58369556074194],[-79.77900985275284,43.584369293940846],[-79.77923443067554,43.584369293940846],[-79.78035732028911,43.58504302805868],[-79.78080647613456,43.5857916228735],[-79.78103105405728,43.58616591711524],[-79.78125563108166,43.58616591711524],[-79.78136791959385,43.58650278254568],[-79.78144277890142,43.58672736127157],[-79.78148020900437,43.58683964999501],[-79.78133048949091,43.5870642300668],[-79.78118077267241,43.58728880604731],[-79.78103105405728,43.587513383142],[-79.7807316177253,43.58748842995596],[-79.77833611988301,43.58728880604731],[-79.77788696403758,43.58616591711524],[-79.7763149203752,43.58504302805868],[-79.77519203076162,43.58616591711524],[-79.77541660868435,43.58683964999501],[-79.77496745283891,43.587513383142],[-79.7742937199691,43.5877379607001],[-79.77339540917654,43.58728880604731],[-79.7727216754084,43.587962538721634],[-79.7725834731952,43.587927988411444],[-79.77249709658737,43.58818711720664],[-79.77384456412366,43.58886085023664],[-79.77451829789182,43.58998373899516],[-79.7742937199691,43.58998373899516],[-79.77406914204637,43.590657472735174],[-79.7729462533311,43.59088205027379],[-79.77317083125382,43.59245409495462],[-79.77182336371754,43.59357698368778],[-79.77182336371754,43.594699872939],[-79.77002674213246,43.59559818408764],[-79.76980216420974,43.59627191678109],[-79.77025131915686,43.59649649483787],[-79.77070047500227,43.59806853988578],[-79.76980216420974,43.59896685083822],[-79.77182336371754,43.59919142924559],[-79.77491754783162,43.59867573152909],[-79.77586576452977,43.59851769541207],[-79.77676407532232,43.59941600616419],[-79.77628283794316,43.60021807033937],[-79.77811154196029,43.600089739696976],[-79.78040722709305,43.5998745200016],[-79.7852980318939,43.59941600616419],[-79.78404039408939,43.598517694761505],[-79.7837259873332,43.598293117092204],[-79.7835014094105,43.5973948058396],[-79.78395056525592,43.59672107270705],[-79.78417514317863,43.59672107270705],[-79.78442013441787,43.596639409188924],[-79.7855226089183,43.59627191678109],[-79.78642092060916,43.59672107270705],[-79.78642092060916,43.59784396184119],[-79.7873192323,43.598517694761505],[-79.78844212101527,43.59806853988578],[-79.7889811074908,43.598338033213544],[-79.78956500973054,43.59717022918379],[-79.78934043180782,43.59627191678109],[-79.79046332142138,43.594699872939],[-79.79113705429121,43.59447529468304],[-79.79136163221393,43.593801562043126],[-79.79091247636849,43.593127827715904],[-79.79136163221393,43.59245409495462],[-79.79046332142138,43.591555783717425],[-79.78889127596238,43.59178036115723],[-79.78866669893799,43.59178036115723],[-79.7873192323,43.590432895009144],[-79.78844212101527,43.590432895009144],[-79.78978958675492,43.58953458418378],[-79.79001416467764,43.58886085023664],[-79.7891158538851,43.587513383142],[-79.79068789934409,43.58616591711524],[-79.79068789934409,43.58392013887891],[-79.79136163221393,43.583021827811486],[-79.79091247636849,43.582348093848324],[-79.79068789934409,43.582348093848324],[-79.79001416467764,43.58212351570349],[-79.78799296516983,43.58369556074194],[-79.78462429812575,43.58077605006554],[-79.78687007555627,43.579428582903205],[-79.7870946543773,43.579428582903205],[-79.78687007555627,43.58010231569865],[-79.7873192323,43.58077605006554],[-79.78866669893799,43.58122520515847],[-79.78889127596238,43.58122520515847],[-79.78956500973054,43.581000626729384],[-79.79136163221393,43.58212351570349],[-79.79225994300646,43.581000626729384],[-79.79113705429121,43.579877738287074],[-79.79113705429121,43.57897942677168],[-79.79023874260034,43.57853027184493]],[[-79.80236594413874,43.59425071689013],[-79.8007938959848,43.595626261909565],[-79.80124305542347,43.595373605931215],[-79.80247554309497,43.594278116768606],[-79.80236594413874,43.59425071689013]],[[-79.7994464518047,43.596384203311985],[-79.79703223127525,43.59759131062037],[-79.79764980955837,43.5973948058396],[-79.7994464518047,43.596384203311985]],[[-79.7799298830123,43.60005352382549],[-79.77620987138587,43.60033968072343],[-79.77609034155417,43.600538895097394],[-79.77956108146904,43.60019182395771],[-79.78432497677814,43.59971543576424],[-79.7799298830123,43.60005352382549]],[[-79.74168910711884,43.60109013248343],[-79.74128078419466,43.599865162040416],[-79.74060705132484,43.59964058419613],[-79.74038247340214,43.59964058419613],[-79.73948416171126,43.60053889574789],[-79.73933444309611,43.60068861477062],[-79.73925958378854,43.60076347284124],[-79.73948416171126,43.60166178389059],[-79.74375114044621,43.60503045071933],[-79.74352656162517,43.60503045071933],[-79.74231381892362,43.60552453918403],[-79.73925958378854,43.607051650817475],[-79.73705019711021,43.60784477943964],[-79.73611549466717,43.60862369586795],[-79.73572306653361,43.609212337903834],[-79.73622340928225,43.60904148528823],[-79.73678922843531,43.60884827400223],[-79.7454517599752,43.605036795503466],[-79.746486959644,43.60458129567643],[-79.74644607282384,43.60458129567643],[-79.74487402916148,43.60368298528731],[-79.74487402916148,43.60365491317641],[-79.74487402916148,43.60345840673243],[-79.74275781304942,43.60194683312088],[-79.7417299400401,43.601212629066744],[-79.74168910711884,43.60109013248343]],[[-79.74667065074655,43.60345840673243],[-79.74689522777095,43.60345840738294],[-79.74644607282384,43.603009251010576],[-79.74627140170504,43.60305915751208],[-79.74667065074655,43.60345840673243]],[[-79.76126820763815,43.60592876180233],[-79.76126820763815,43.606827074431166],[-79.76149278466256,43.60660249590548],[-79.76130783861355,43.60586271103555],[-79.76126820763815,43.60592876180233]],[[-79.75077100547101,43.607848543592674],[-79.74848241613068,43.60594138092956],[-79.74779354036012,43.606153340241505],[-79.74824269620555,43.607051650817475],[-79.74741043943415,43.607745200042075],[-79.7475689624374,43.60772538470248],[-79.74824269620555,43.60862369586795],[-79.75048847363607,43.60997116315299],[-79.75138678532694,43.6090728519484],[-79.75116220740422,43.6081745396857],[-79.75089271012402,43.60794996293858],[-79.75071305066047,43.60794996293858],[-79.75077100547101,43.607848543592674]],[[-79.76216651932901,43.61019574080907],[-79.76078360067837,43.612039644910425],[-79.76328940804429,43.61266609626576],[-79.76351398596698,43.61266609626576],[-79.76441229675953,43.61154320669692],[-79.76396314091411,43.61086947394933],[-79.76216651932901,43.61019574080907],[-79.76171736258527,43.60839911819604],[-79.7601929493959,43.607827463161904],[-79.76216651932901,43.61019574080907]],[[-79.76036989684562,43.61311525207658],[-79.76051280802754,43.61240069830252],[-79.7601453189229,43.612890674265316],[-79.75992074100017,43.612890674265316],[-79.75917214972111,43.61326497036829],[-79.75913267774753,43.61346232930593],[-79.75978038642356,43.61418201368151],[-79.75947158515477,43.61356440713431],[-79.7601453189229,43.61311525207658],[-79.76036989684562,43.61311525207658]],[[-79.74217909498721,43.61468729603653],[-79.74083162834923,43.6137889850312],[-79.74015789458109,43.61446271889283],[-79.73970873873566,43.61536103023998],[-79.74105620627195,43.616708496813196],[-79.74092520585239,43.61782202451696],[-79.74217909498721,43.61468729603653]],[[-79.74622149579943,43.61648391876319],[-79.74695268042326,43.61626456420666],[-79.74689522866927,43.61625934117518],[-79.74667065074655,43.61625934117518],[-79.74622149579943,43.61648391876319],[-79.74532318410859,43.61693307402451],[-79.74420029539333,43.61581018478357],[-79.74307740577973,43.61715765169768],[-79.74240367290993,43.619403429771786],[-79.7417299400401,43.619852585986315],[-79.74150536211737,43.619852585986315],[-79.74083162834923,43.619403429771786],[-79.74077742220835,43.61907819364599],[-79.74060705132484,43.620526318894115],[-79.73881042794312,43.620526318894115],[-79.73791211715059,43.62164920785489],[-79.73881042794312,43.62254751914047],[-79.73993331665838,43.62254751914047],[-79.74060705132484,43.62322125306266],[-79.74083162834923,43.62322125306266],[-79.74150536211737,43.62299667527728],[-79.74105620627195,43.62456871906449],[-79.74227790787184,43.62594314106439],[-79.74285282875533,43.62658991995957],[-79.7436163940519,43.62582635531795],[-79.74375114044621,43.62569160795391],[-79.74397571836892,43.62569160795391],[-79.74330198370245,43.62254751914047],[-79.74375114044621,43.62232294078915],[-79.74397571836892,43.62232294078915],[-79.74509860708417,43.62299667527728],[-79.74577233995402,43.62254751914047],[-79.74599691787671,43.62164920785489],[-79.74577233995402,43.62164920785489],[-79.74430627503727,43.62039258129362],[-79.74285282875533,43.62030174079635],[-79.74285282875533,43.61872969728791],[-79.74373161197023,43.6188175753006],[-79.74540339018873,43.617703056700776],[-79.74532318410859,43.617382229832856],[-79.74622149579943,43.61648391876319]],[[-79.74836362291752,43.61876424747179],[-79.74801811828284,43.61962800797333],[-79.74779354036012,43.61962800797333],[-79.74801811828284,43.62030174079635],[-79.7491410069981,43.620750896803294],[-79.75048847363607,43.619403429771786],[-79.75056333384195,43.619403429771786],[-79.75071305066047,43.61917885203207],[-79.75206051819676,43.61828054113948],[-79.75228509611948,43.61760680777958],[-79.75206051819676,43.61760680777958],[-79.75138678532694,43.616708496813196],[-79.74981473986793,43.61760680777958],[-79.7495901619452,43.61760680777958],[-79.74869185115267,43.61872969728791],[-79.74846727322996,43.61872969728791],[-79.74836362291752,43.61876424747179]],[[-79.73162393890783,43.61356440713431],[-79.73113382797028,43.61307429812695],[-79.73099913996647,43.61293960933418],[-79.73095084923173,43.612958633377005],[-79.73109520490463,43.61308855214423],[-79.73162393890783,43.61356440713431],[-79.73091048882435,43.61315672306022],[-79.73072176266463,43.61304887945169],[-79.72358795802411,43.615859098616276],[-79.71972131619047,43.617382229832856],[-79.71949673826775,43.617382229832856],[-79.71927216034504,43.61760680777958],[-79.71904758242232,43.61760680777958],[-79.7191031818502,43.61751414275716],[-79.71964634908507,43.61660886445393],[-79.71739762697705,43.61749933114215],[-79.71462900310172,43.61875778837669],[-79.71425052310958,43.61938858935758],[-79.71704922437725,43.618349068407085],[-79.71904758242232,43.61760680777958],[-79.71710124222209,43.61850512223442],[-79.71612807122368,43.61895427475422],[-79.71682987644613,43.61979644383782],[-79.71687666160445,43.619852585986315],[-79.71725095993892,43.62030174079635],[-79.71811718560447,43.62039798800496],[-79.71859842747523,43.62045145940462],[-79.71927216034504,43.620526318894115],[-79.71994589411318,43.62007716316045],[-79.72061962698302,43.620526318894115],[-79.72148696296625,43.619535085286095],[-79.72219167244202,43.61872969728791],[-79.72308998323457,43.61850511898274],[-79.72387601988795,43.6196280391888],[-79.72405348476728,43.61988155968454],[-79.72466202689694,43.620750896803294],[-79.72443744987253,43.62142463004968],[-79.72556033768947,43.62254751914047],[-79.7239882940271,43.62456871906449],[-79.72308998323457,43.62479329682967],[-79.72241624856811,43.624344141760865],[-79.72219167244202,43.62546703094364],[-79.72308998323457,43.62636534175363],[-79.72286540531186,43.62726365279437],[-79.72376371610439,43.62748823089532],[-79.72556033768947,43.62973400932045],[-79.72533576066509,43.63063232008284],[-79.72511118274237,43.63063232008284],[-79.7239882940271,43.631755208835735],[-79.72421287194982,43.631755208835735],[-79.72488660481966,43.631867498052635],[-79.72600949443321,43.631755208835735],[-79.72713238314849,43.63063232008284],[-79.72735696107121,43.63063232008284],[-79.72803069394101,43.63108147498059],[-79.72803069394101,43.63242894229031],[-79.72847984978644,43.63265351994715],[-79.73274682762307,43.63287809806516],[-79.73701380635802,43.63085689795131],[-79.73707730557052,43.630807006713255],[-79.74015789458109,43.62838654206096],[-79.73948416171126,43.62748823089532],[-79.73768753922786,43.62748823089532],[-79.73746296220345,43.62748823089532],[-79.73544176089904,43.62524245309439],[-79.73566633882174,43.624119564268554],[-79.73701380635802,43.62322125306266],[-79.73656464961428,43.620526318894115],[-79.73634007258988,43.620526318894115],[-79.73589091674447,43.62097547517418],[-79.73589091674447,43.62254751914047],[-79.73521718387462,43.62299667527728],[-79.73409429515937,43.62254751914047],[-79.73174708445855,43.62469913426232],[-79.73139936098512,43.625017875056386],[-79.7312936723953,43.62528209823423],[-79.73095020603799,43.62614076400917],[-79.73058527174204,43.62619289728591],[-79.729378160579,43.62636534175363],[-79.72847984978644,43.62546703094364],[-79.72862956840159,43.62509273601292],[-79.72892900473357,43.624344141760865],[-79.72847984978644,43.624119564268554],[-79.72825527186373,43.624119564268554],[-79.72825527186373,43.62299667527728],[-79.72847984978644,43.62299667527728],[-79.72982731732276,43.62254751914047],[-79.73050105019256,43.62164920785489],[-79.73184851683055,43.62232294078915],[-79.73548240607236,43.61900508173883],[-79.73544176089904,43.61895427475422],[-79.73553805041601,43.61895427475422],[-79.7359450626982,43.61858264726379],[-79.73684537314057,43.6173822317839],[-79.73640132331921,43.616790164957244],[-79.73626520879073,43.616708496813196],[-79.73611549466717,43.616708496813196],[-79.73589091584614,43.61648391941355],[-79.73566633882174,43.61648391876319],[-79.73476802802921,43.61581018478357],[-79.73386971723667,43.61446271889283],[-79.73162393890783,43.61356440713431]],[[-79.7163526491464,43.63287809806516],[-79.71545433835384,43.63242894229031],[-79.71455602666299,43.63332725308387],[-79.71365771497213,43.63310267599414],[-79.71253482625686,43.6322043637942],[-79.71253482625686,43.62973400932045],[-79.71141193664329,43.62928485280567],[-79.71006447090365,43.630407742025454],[-79.71028904882635,43.62928485280567],[-79.70939073713548,43.62861111986792],[-79.70939073713548,43.627937385880486],[-79.71028904882635,43.62636534175363],[-79.71208567130977,43.62569160795391],[-79.71275940417958,43.62569160795391],[-79.71298398210229,43.62569160795391],[-79.71522976043113,43.627712808157185],[-79.7163526491464,43.62726365279437],[-79.7163526491464,43.62614076400917],[-79.71365771497213,43.624119564268554],[-79.71388229289485,43.62322125306266],[-79.71410687081756,43.62322125306266],[-79.71388229289485,43.62232294078915],[-79.71298398210229,43.62187378612175],[-79.71208567130977,43.62254751914047],[-79.71186109338703,43.62254751914047],[-79.71073820377346,43.62120005205593],[-79.71096278169617,43.62120005205593],[-79.71111249761638,43.6207509065579],[-79.70882268836391,43.62160957657669],[-79.70876691017128,43.621749021099525],[-79.7091661601111,43.62254751914047],[-79.70826784842022,43.623445830009146],[-79.70534833722157,43.62299667527728],[-79.70226404715203,43.624298962839326],[-79.70005601782808,43.6252312477844],[-79.70002485976244,43.625244403229104],[-79.6980213193365,43.62609033434878],[-79.69793727026357,43.62614076400917],[-79.69769028745937,43.62623010075683],[-79.6952423360893,43.62726365279437],[-79.69169090051246,43.62840011816251],[-79.69090052948783,43.62868599455579],[-79.69164909202082,43.62906027491515],[-79.6927719807361,43.62838654206096],[-79.69389487034965,43.62861111986792],[-79.69456860321948,43.627937385880486],[-79.69569149193474,43.62816196406514],[-79.6952423360893,43.62928485280567],[-79.69569149193474,43.62995858599401],[-79.69703895857272,43.63018316377912],[-79.6986110031334,43.63153063107301],[-79.69658980272729,43.630407742025454],[-79.69546691401202,43.63085689795131],[-79.6952423360893,43.63242894229031],[-79.69501775906491,43.63242894229031],[-79.69322113568319,43.63085689795131],[-79.6914245140981,43.63130605312131],[-79.6911999361754,43.63197978705968],[-79.69232282489065,43.63332725308387],[-79.69164909202082,43.63400098711973],[-79.69168992673869,43.63408265778064],[-79.69187366904522,43.63422556475348],[-79.69198595755743,43.63467472010388],[-79.69209824696793,43.63489929782054],[-79.69204642136256,43.63491657314479],[-79.69209824696793,43.63512387599818],[-79.69176137963471,43.63546074494173],[-79.69299655776047,43.63669591989587],[-79.69479318114219,43.63557303113591],[-79.69546691401202,43.63579760874611],[-79.69569149193474,43.63579760874611],[-79.69614064688186,43.63647134174207],[-79.69569149193474,43.637369653872156],[-79.69546691401202,43.637369653872156],[-79.69557646625587,43.63753398192366],[-79.69636522480457,43.636920497860494],[-79.6972635355971,43.637369653872156],[-79.69838642521067,43.637145076286004],[-79.69928473690155,43.63804338679558],[-79.7004076256168,43.63826796492505],[-79.70130593730765,43.637145076286004],[-79.69950931392593,43.63557303113591],[-79.69973389184865,43.63557303113591],[-79.7006322026412,43.63467472010388],[-79.7006322026412,43.633776409296836],[-79.7022042481002,43.63332725308387],[-79.70265340394563,43.63265351994715],[-79.70287798097003,43.63265351994715],[-79.70310255889275,43.63018316377912],[-79.7045623131446,43.62872341235807],[-79.70467460435175,43.62861111986792],[-79.70534833722157,43.629509431157544],[-79.7075941146521,43.63085689795131],[-79.7075809031292,43.630883322111096],[-79.70692038178225,43.6322043637942],[-79.70849242634294,43.63422556475348],[-79.70908341898522,43.63434376323947],[-79.7096153150582,43.63445014219819],[-79.71058848336169,43.63542331182937],[-79.71073820377346,43.63557303113591],[-79.71098773509814,43.63552312495857],[-79.71186109338703,43.63534845268637],[-79.71208567130977,43.63624676469936],[-79.71275940417958,43.63669591989587],[-79.71298398210229,43.63669591989587],[-79.71433144874028,43.63579760874611],[-79.71522976132944,43.636695922496415],[-79.71545433835384,43.63647134174207],[-79.7163526491464,43.63624676469936],[-79.71675189998452,43.636646015301245],[-79.71725095993892,43.636022186817314],[-79.7170263820162,43.636022186817314],[-79.71612807122368,43.63489929782054],[-79.71590349330096,43.63489929782054],[-79.7165772270691,43.633776409296836],[-79.7163526491464,43.63287809806516]],[[-79.6696404681712,43.63512387599818],[-79.67003020315555,43.63497195154242],[-79.66947203405542,43.635051690571984],[-79.6696404681712,43.63512387599818]],[[-79.66869724071614,43.63471963636454],[-79.66856445354748,43.63452045523235],[-79.6683828474347,43.634584895934054],[-79.66869724071614,43.63471963636454]],[[-79.67809534425169,43.63182795803562],[-79.67794984592176,43.631755208835735],[-79.67435660185326,43.633279636257164],[-79.674188143483,43.633351103419294],[-79.67435660185326,43.633285433864806],[-79.67809534425169,43.63182795803562]],[[-79.69793724061917,43.622996705190396],[-79.69928859426737,43.62250530939936],[-79.70151928000112,43.621694150757904],[-79.70153051523037,43.62164920785489],[-79.70467460435175,43.62030174079635],[-79.70445002642903,43.61962800797333],[-79.70233899629113,43.61836139097657],[-79.7022042481002,43.61828054113948],[-79.70175509225476,43.61917885203207],[-79.70010138454656,43.61973008899229],[-79.69973389184865,43.619852585986315],[-79.69906015897882,43.620750896803294],[-79.69771269234084,43.62120005205593],[-79.6986110031334,43.62232294078915],[-79.69793724061917,43.622996705190396]],[[-79.68625922457063,43.61423814091045],[-79.6868768190234,43.61341468763688],[-79.68603464664791,43.6137889850312],[-79.68603464664791,43.61429428564728],[-79.68625922457063,43.61423814091045]],[[-79.66741371346515,43.612365426419565],[-79.67008962311832,43.60997116315299],[-79.67053877896375,43.6081745396857],[-79.6714370897563,43.6081745396857],[-79.671661667679,43.6081745396857],[-79.67235268862648,43.60731077337313],[-79.67345829016242,43.60592876180233],[-79.67368286808514,43.60592876180233],[-79.67390744600783,43.60592876180233],[-79.67408710097983,43.60606350662477],[-79.67410837757734,43.60607059868878],[-79.67435660185326,43.606153340241505],[-79.67508219356614,43.60675800846049],[-79.67570420862842,43.607276356456545],[-79.67720122948984,43.60839911819604],[-79.67770031998697,43.60877342989424],[-79.67762737588758,43.60855459683632],[-79.67757555028221,43.60839911819604],[-79.67750069097464,43.6081745396857],[-79.67794984592176,43.607500806928854],[-79.67853110621624,43.60735549152858],[-79.6788481567143,43.607276228967194],[-79.68109393504312,43.60884827400223],[-79.68199224583569,43.60772538470248],[-79.68289055842484,43.6081745396857],[-79.68536091287976,43.60525502925985],[-79.68516842008405,43.604485056977126],[-79.68513633585536,43.60435671787311],[-79.68507508422772,43.60435671787311],[-79.68468718000993,43.60435671787311],[-79.68446260208722,43.60525502925985],[-79.68378886921738,43.60570418512657],[-79.68289055842484,43.60525502925985],[-79.68289055842484,43.60491816406181],[-79.68289055842484,43.60480587394234],[-79.68271089357138,43.60482833185291],[-79.68109393504312,43.60503045071933],[-79.6804202021733,43.60458129567643],[-79.6804202021733,43.60345840673243],[-79.6822168237584,43.60278467319313],[-79.68234093320142,43.602619195018114],[-79.68240932014736,43.60252801347655],[-79.68289055842484,43.60188636199665],[-79.68187633172299,43.601074987008154],[-79.68064478009602,43.600089739696976],[-79.6804202021733,43.59896685083822],[-79.68086935801873,43.598293117092204],[-79.68199224583569,43.598293117092204],[-79.6822168237584,43.59896685083822],[-79.68244140168109,43.59896685083822],[-79.68270875288607,43.59918073626284],[-79.68446260208722,43.59874227289367],[-79.68558549080248,43.59941600616419],[-79.68648380159502,43.598517694761505],[-79.68581006872519,43.598517694761505],[-79.68536091287976,43.59784396184119],[-79.68547943929329,43.59736985805143],[-79.6851082617061,43.596945651039206],[-79.68468718000993,43.596945651039206],[-79.68446260208722,43.596945651039206],[-79.68378886921738,43.596047339837895],[-79.68356429129467,43.596047339837895],[-79.68378886921738,43.59514902823784],[-79.68446260208722,43.59492445100745],[-79.68446260208722,43.59425071689013],[-79.68423802416451,43.59425071689013],[-79.68384501571927,43.59464372747771],[-79.68333971337195,43.59582276205656],[-79.68064478009602,43.594699872939],[-79.67997104632788,43.59559818408764],[-79.67952189138076,43.595373605931215],[-79.6786235796899,43.596047339837895],[-79.67727611305193,43.59559818408764],[-79.67705153512921,43.59559818408764],[-79.67750069097464,43.59447529468304],[-79.67660237928379,43.59357698368778],[-79.67486991447797,43.59444321646784],[-79.67480575680038,43.59447529468304],[-79.67444647650082,43.594250746167006],[-79.67402461416866,43.59398708277422],[-79.6730091352153,43.593352405795535],[-79.67273963883343,43.593442238224114],[-79.67269816900667,43.593456061638626],[-79.67233540144714,43.59357698368778],[-79.67211082442275,43.59357698368778],[-79.67188624560171,43.59425071689013],[-79.67079544021684,43.59370531455798],[-79.67053877896375,43.59357698368778],[-79.66986504609392,43.59447529468304],[-79.6694158902485,43.593801562043126],[-79.66917089721262,43.59374031372041],[-79.66874215737866,43.59402613890978],[-79.66851757855764,43.59402613890978],[-79.66797859837033,43.59420579901894],[-79.66717011191967,43.59514902823784],[-79.66694553399695,43.59514902823784],[-79.66625452742252,43.59445802270087],[-79.66582264528168,43.59514902823784],[-79.66559806825728,43.59514902823784],[-79.66469975566812,43.595373605931215],[-79.66463370703686,43.59530755788855],[-79.66405409784585,43.59582276205656],[-79.66514891241188,43.59582276205656],[-79.66559806825728,43.59672107270705],[-79.66492433359083,43.59806853988578],[-79.66400805200104,43.59852668081733],[-79.66465484080223,43.59935825891602],[-79.66514891241188,43.59964058419613],[-79.66627180112711,43.60143720689782],[-79.66582264528168,43.60211093991486],[-79.66492433359083,43.60233551829579],[-79.664250600721,43.60143720689782],[-79.66335228992845,43.601212629066744],[-79.66335228992845,43.60188636199665],[-79.66245397823761,43.603009251010576],[-79.66357686695285,43.603009251010576],[-79.66469975566812,43.60480587394234],[-79.66380146553682,43.6056480382248],[-79.66514891241188,43.605479606961964],[-79.66537349033457,43.605479606961964],[-79.66717011191967,43.60660249590548],[-79.66739468984237,43.60660249590548],[-79.66739468984237,43.60839911819604],[-79.66649637904983,43.60929742905604],[-79.66694553399695,43.61019574080907],[-79.66615951620817,43.61086947394933],[-79.66717011191967,43.61086947394933],[-79.66761926776509,43.61154320669692],[-79.66745171669324,43.61221341321935],[-79.66741371346515,43.612365426419565]],[[-79.6423158929479,43.60432828895881],[-79.64483710821759,43.60335859174849],[-79.64448775520022,43.60345840673243],[-79.64348378007237,43.602956420458256],[-79.64270648223007,43.60370334642248],[-79.6423158929479,43.60432828895881]],[[-79.62139079094285,43.602681025613165],[-79.62170174637173,43.60242189547376],[-79.62180539758246,43.60211093991486],[-79.62090708678991,43.601212629066744],[-79.62076672502678,43.60129684617687],[-79.62158081965975,43.60211093991486],[-79.62139079094285,43.602681025613165]],[[-79.62315286511874,43.60143720689782],[-79.62262885445732,43.60188636199665],[-79.6237766992695,43.60188636199665],[-79.624275753834,43.60143720689782],[-79.62315286511874,43.60143720689782]],[[-79.6220299764035,43.60239968515919],[-79.6220299764035,43.60248523675063],[-79.6222096331721,43.60224569458992],[-79.6220299764035,43.60239968515919]],[[-79.64718268757785,43.601212629066744],[-79.64830557719141,43.600538895097394],[-79.6496530438294,43.60098805104785],[-79.65122508928839,43.59896685083822],[-79.65137155600222,43.598878971141104],[-79.65144966721111,43.59874227289367],[-79.65168745755501,43.59868943078775],[-79.65234797800365,43.59829311774271],[-79.65347086492228,43.59829311774271],[-79.65369544374332,43.59761938425949],[-79.65279713295077,43.59649649483787],[-79.6532462887962,43.59582276205656],[-79.65414459958875,43.59559818408764],[-79.65347086671892,43.59447529468304],[-79.65436917840977,43.59357698368778],[-79.65415416305325,43.59338586127483],[-79.65409246047132,43.593351153378],[-79.65122508928839,43.5960429510427],[-79.65122508928839,43.596047339837895],[-79.65116162151696,43.59610253089464],[-79.65020743102215,43.596998266978076],[-79.6476318443216,43.59941600616419],[-79.6476318443216,43.59964058419613],[-79.64740726639887,43.599865162040416],[-79.64718268757785,43.600089739696976],[-79.64718268757785,43.601212629066744]],[[-79.6476318443216,43.59919142924559],[-79.64762605917115,43.599176965712566],[-79.64605979886258,43.600538895097394],[-79.64611431582055,43.60058250913606],[-79.6476318443216,43.59919142924559]],[[-79.64038676985841,43.596457438353895],[-79.63977162061984,43.596047339837895],[-79.64089451023342,43.595373605931215],[-79.64089451023342,43.59447529468304],[-79.64096360954338,43.594406196315134],[-79.63999619944087,43.593801562043126],[-79.6386487319046,43.59492445100745],[-79.63842415488018,43.59492445100745],[-79.63617837655134,43.593127827715904],[-79.63596243503179,43.59321420444997],[-79.63640295357575,43.593801562043126],[-79.63617837655134,43.59447529468304],[-79.63707668824222,43.59514902823784],[-79.63668575580361,43.596126358915434],[-79.63676338731214,43.59619428557287],[-79.63819957695746,43.595373605931215],[-79.63932246567272,43.59559818408764],[-79.63977162061984,43.59649649483787],[-79.63932246567272,43.59717022918379],[-79.63868081433665,43.59733064144512],[-79.6386487319046,43.5973948058396],[-79.63932246567272,43.59761938425949],[-79.63977162061984,43.59672107270705],[-79.64038676985841,43.596457438353895]],[[-79.64134366607885,43.596047339837895],[-79.64170298949755,43.596137170845886],[-79.64156824400155,43.596047339837895],[-79.64134366607885,43.596047339837895]],[[-79.72219167244202,43.59806853988578],[-79.72129335985285,43.59919142924559],[-79.7191723476355,43.59876722596777],[-79.71904758242232,43.59874227289367],[-79.71906799843379,43.598793313586654],[-79.71949673826775,43.599865162040416],[-79.71824551802764,43.60090784529226],[-79.71829899024493,43.600988054951],[-79.71845320941965,43.6011202425772],[-79.71875112759878,43.60133540642538],[-79.71927216034504,43.60098805104785],[-79.71994589411318,43.601212629066744],[-79.72071727205777,43.60275538812206],[-79.72095610175248,43.60292787249058],[-79.722174386161,43.60204185356761],[-79.72286540531186,43.60143720689782],[-79.72314613063476,43.60133512540062],[-79.7233145611573,43.601212629066744],[-79.72342322945887,43.60123436298745],[-79.72533576066509,43.600538895097394],[-79.72443744987253,43.598517694761505],[-79.7246447513957,43.59789578721783],[-79.72466202689694,43.59784396184119],[-79.72380455441552,43.59712941010406],[-79.72297768663753,43.596440354305706],[-79.72196709362099,43.59559818408764],[-79.72106878282845,43.59582276205656],[-79.72102629521045,43.59578634388866],[-79.71970634037636,43.594654954752514],[-79.71949673826775,43.59447529468304],[-79.71934702324587,43.5935770064589],[-79.71927216034504,43.593127827715904],[-79.71919729834252,43.593127827715904],[-79.71904758242232,43.593127827715904],[-79.71911174728645,43.59287117039559],[-79.71920197946346,43.59251023985635],[-79.71889787368866,43.592753527319076],[-79.71782844102101,43.59360907537678],[-79.71725095993892,43.59447529468304],[-79.7183738486542,43.595373605931215],[-79.71858179067615,43.59682920321616],[-79.7185984265769,43.596945651039206],[-79.71873053102595,43.59686638842377],[-79.71972131619047,43.59627191678109],[-79.72219167244202,43.59806853988578]],[[-79.71125151819481,43.59582276205656],[-79.71073821006168,43.595496111550666],[-79.71118735961889,43.59582276205656],[-79.71125151819481,43.59582276205656]],[[-79.72600949443321,43.59178036115723],[-79.72713238314849,43.593352405795535],[-79.72713238314849,43.59402613890978],[-79.72578491561218,43.595373605931215],[-79.72600949443321,43.596047339837895],[-79.72713238314849,43.59649649483787],[-79.72809485970346,43.595534019078606],[-79.72713238314849,43.59514902823784],[-79.72690780522578,43.59447529468304],[-79.72780611601831,43.593352405795535],[-79.72690780522578,43.59290325009935],[-79.72645865027864,43.59178036115723],[-79.72735696107121,43.59088205027379],[-79.72982731732276,43.59245409495462],[-79.73139936098512,43.59267867294602],[-79.72915358265628,43.59200493906022],[-79.72847984978644,43.59088205027379],[-79.72825527186373,43.59088205027379],[-79.72758153899392,43.590657472735174],[-79.72735696107121,43.590657472735174],[-79.72623407235594,43.58953458418378],[-79.72511118274237,43.58908542797257],[-79.72443744987253,43.58953458418378],[-79.72443744987253,43.59088205027379],[-79.72600949443321,43.59178036115723]],[[-79.73162393890783,43.58908542797257],[-79.73207309385492,43.58998373899516],[-79.73409429515937,43.589759160707146],[-79.73544176089904,43.59133120609026],[-79.73566633882174,43.59133120609026],[-79.73746296220345,43.59133120609026],[-79.73768753922786,43.59133120609026],[-79.73925958378854,43.59245409495462],[-79.73836127299602,43.594699872939],[-79.73746296220345,43.59514902823784],[-79.73737874604389,43.59548589478893],[-79.73746296220345,43.595373605931215],[-79.73836127299602,43.59514902823784],[-79.73970873873566,43.59133120609026],[-79.73948416171126,43.590657472735174],[-79.73791211715059,43.58998373899516],[-79.73791211715059,43.58886085023664],[-79.73858585091871,43.58841169485368],[-79.73896014655826,43.58848655388314],[-79.73881042794312,43.58841169485368],[-79.73858585091871,43.587513383142],[-79.73925958378854,43.58616591711524],[-79.73881042794312,43.58549218320168],[-79.73723838428074,43.58481845020655],[-79.7370138045614,43.584818448254424],[-79.73723838428074,43.58526760507308],[-79.73678922843531,43.585941338897435],[-79.73656464961428,43.585941338897435],[-79.73589091674447,43.58549218320168],[-79.7349926059519,43.58571676114311],[-79.73364513931395,43.58728880604731],[-79.73342056139124,43.58728880604731],[-79.73252224970037,43.58728880604731],[-79.73229767177764,43.58661507168803],[-79.73162393890783,43.58639049384453],[-79.73147422029268,43.58639049384453],[-79.73139936098512,43.58661507168803],[-79.73252224970037,43.587513383142],[-79.73162393890783,43.58863627231348],[-79.73095020603799,43.58863627231348],[-79.72806368007825,43.58696513746431],[-79.73050105019256,43.58886085023664],[-79.73139936098512,43.58908542797257],[-79.73162393890783,43.58908542797257]],[[-79.7529588289893,43.58459387216726],[-79.75228509611948,43.58616591711524],[-79.75161136324964,43.58639049384453],[-79.75003931779062,43.58571676114311],[-79.74869185115267,43.587513383142],[-79.74779354036012,43.58728880604731],[-79.74689522866927,43.58616591711524],[-79.74598243254276,43.58631804949404],[-79.74420029539333,43.58661507168803],[-79.74330198370245,43.58733372192368],[-79.74320217099294,43.587413571637136],[-79.74330198370245,43.587513383142],[-79.74292428793957,43.588646480478204],[-79.74262825083264,43.58953458418378],[-79.74330198370245,43.58908542797257],[-79.74397571836892,43.589310006171836],[-79.74442487331605,43.590432895009144],[-79.74577233995402,43.59110662827568],[-79.74599691787671,43.59200493906022],[-79.74509860708417,43.59290325009935],[-79.74397571836892,43.59222951677583],[-79.74240367290993,43.59245409495462],[-79.74150536211737,43.59200493906022],[-79.74136866548059,43.59248338894346],[-79.74136847413943,43.59248405712595],[-79.74060705132484,43.59514902823784],[-79.74217909498721,43.59447529468304],[-79.74352656162517,43.59447529468304],[-79.74397571836892,43.59447529468304],[-79.74424521115753,43.59465495735486],[-79.74532318410859,43.595373605931215],[-79.7475689624374,43.59514902823784],[-79.74869185115267,43.59559818408764],[-79.75023179621331,43.5973948058396],[-79.75116220740422,43.5973948058396],[-79.75183594027403,43.59784396184119],[-79.75340798483474,43.59761938425949],[-79.75385713978184,43.59806853988578],[-79.75408171770455,43.59806853988578],[-79.75475545237101,43.59784396184119],[-79.75520460731813,43.598293117092204],[-79.75587834108626,43.59806853988578],[-79.75655207395609,43.59874227289367],[-79.7585732743622,43.59784396184119],[-79.75876441249848,43.59822623759348],[-79.76036989684562,43.59672107270705],[-79.76126820763815,43.59649649483787],[-79.76147550826302,43.59675562252359],[-79.76126820763815,43.59627191678109],[-79.75700122980152,43.59425071689013],[-79.75700122980152,43.591555783717425],[-79.75789954059407,43.59245409495462],[-79.75812411941509,43.59245409495462],[-79.75879785228493,43.591555783717425],[-79.75902243020765,43.591555783717425],[-79.75879785228493,43.59020831709585],[-79.75722580682593,43.589310006171836],[-79.75745038474865,43.58863627231348],[-79.75822036132138,43.587994628199134],[-79.75677665187882,43.58886085023664],[-79.75587834108626,43.587962538721634],[-79.75677665187882,43.58661507168803],[-79.75587834108626,43.58616591711524],[-79.75565376316355,43.58526760507308],[-79.75453087444829,43.58481845020655],[-79.75368870656438,43.58498688399956],[-79.75340798483474,43.58504302805868],[-79.7529588289893,43.58459387216726]],[[-79.75138678532694,43.59874227289367],[-79.75071305066047,43.59784396184119],[-79.7506337770316,43.59786378043566],[-79.75138678532694,43.59874227289367],[-79.75183594027403,43.598517694761505],[-79.75161136324964,43.598517694761505],[-79.75138678532694,43.59874227289367]],[[-79.73139936098512,43.59874227289367],[-79.73109056600451,43.59827908400952],[-79.73072562811528,43.59919142924559],[-79.7311747830624,43.599865162040416],[-79.73207309385492,43.600089739696976],[-79.73207309385492,43.60020203016247],[-79.73221073731602,43.59999556446433],[-79.73229767177764,43.599865162040416],[-79.73184851683055,43.59941600616419],[-79.73207309385492,43.59896685083822],[-79.73200572110693,43.5989443933417],[-79.73139936098512,43.59874227289367]],[[-79.75389040529512,43.59930787574985],[-79.75475545237101,43.59964058419613],[-79.75491586453131,43.59957641959436],[-79.75475545237101,43.59941600616419],[-79.75389040529512,43.59930787574985]],[[-79.73088603758062,43.59797229141858],[-79.73050105019256,43.5973948058396],[-79.73143679288468,43.59627191678109],[-79.73162393890783,43.596047339837895],[-79.7311747830624,43.596047339837895],[-79.73100635164157,43.59627191678109],[-79.73050105019256,43.596945651039206],[-79.73027647226985,43.596945651039206],[-79.73050105019256,43.59784396184119],[-79.73088603758062,43.59797229141858]],[[-79.73656464961428,43.596047339837895],[-79.73678922843531,43.59627191678109],[-79.73695766255108,43.596047339837895],[-79.73678922843531,43.596047339837895],[-79.73656464961428,43.596047339837895]],[[-79.73454345010649,43.596047339837895],[-79.73589091674447,43.595373605931215],[-79.73434132826924,43.5958163460381],[-79.73454345010649,43.596047339837895]],[[-79.73429523391539,43.595763667260606],[-79.73342056139124,43.59357698368778],[-79.73252224970037,43.593352405795535],[-79.73184851683055,43.593801562043126],[-79.73162393890783,43.593801562043126],[-79.73297140644411,43.59425071689013],[-79.73429523391539,43.595763667260606]],[[-79.72994980889993,43.59558797515025],[-79.72915358265628,43.59492445100745],[-79.72855471089065,43.595373605931215],[-79.729378160579,43.595373605931215],[-79.72994980889993,43.59558797515025]],[[-79.74039223719095,43.58877297269763],[-79.74083162834923,43.58818711720664],[-79.73998946136363,43.588692417523504],[-79.74039223719095,43.58877297269763]],[[-79.72264082738914,43.58459387216726],[-79.72258468178556,43.58448158315879],[-79.72241624856811,43.584369293940846],[-79.72236010476115,43.58403243414027],[-79.72178743056416,43.58288708149192],[-79.72172847952196,43.582867431056684],[-79.72151793777554,43.58392013887891],[-79.72219167244202,43.58459387216726],[-79.72212257133542,43.58480117480228],[-79.72264082738914,43.58459387216726]],[[-79.71575817912564,43.583259617339706],[-79.71455602666299,43.58257267180618],[-79.71208567130977,43.583021827811486],[-79.71158037255569,43.58268496567675],[-79.70970169076772,43.58143251028331],[-79.70939073713548,43.581898939323835],[-79.70871700426567,43.581898939323835],[-79.70849242634294,43.581898939323835],[-79.7083801405257,43.581898939323835],[-79.71006447090365,43.58212351570349],[-79.71051362585074,43.583021827811486],[-79.70975822803676,43.583777226207495],[-79.71118735961889,43.58347098306859],[-79.71186109338703,43.58414471617807],[-79.71305883871493,43.58374546829611],[-79.71320856002501,43.58369556074194],[-79.71365771856537,43.58399500089143],[-79.71455602666299,43.58459387216726],[-79.71478060368737,43.58459387216726],[-79.71484185172177,43.584573456413544],[-79.71545433835384,43.584369293940846],[-79.71590349330096,43.58369556074194],[-79.71575817912564,43.583259617339706]],[[-79.67660237928379,43.584369293940846],[-79.67570406759293,43.58212351570349],[-79.67682695720649,43.581000626729384],[-79.67637780225938,43.581000626729384],[-79.67587793651616,43.58016752143917],[-79.67558506058073,43.5799545185354],[-79.67547948967021,43.58010231569865],[-79.67498951437827,43.580286057864186],[-79.67278455729257,43.58212351570349],[-79.67008962311832,43.58212351570349],[-79.66946080691102,43.582303178806974],[-79.66874215737866,43.583021827811486],[-79.6691913123258,43.58392013887891],[-79.67053877896375,43.58414471617807],[-79.67031420104104,43.58481845020655],[-79.67076335688647,43.58549218320168],[-79.6714370897563,43.58571676114311],[-79.67278455729257,43.58459387216726],[-79.67390744600783,43.58504302805868],[-79.67480575680038,43.58459387216726],[-79.67525491264583,43.58504302805868],[-79.6759692439766,43.584953736836894],[-79.67660237928379,43.584369293940846]],[[-79.65055135462194,43.58195508300923],[-79.65032677759753,43.581898939323835],[-79.64942846590668,43.583021827811486],[-79.64954666263849,43.58316366599077],[-79.64987762175211,43.583246405208214],[-79.65055135462194,43.58279725022769],[-79.65055135462194,43.58195508300923]],[[-79.64381402233039,43.582348093848324],[-79.64294722803128,43.580961228962174],[-79.64291570974122,43.581000626729384],[-79.6426911327168,43.581000626729384],[-79.64143349670893,43.58028197832633],[-79.64114667272355,43.58011807815706],[-79.64109170570964,43.58016804789513],[-79.6406699323107,43.58055147191328],[-79.64053173189413,43.58058602190218],[-79.64022077736358,43.580663760443386],[-79.64022077736358,43.581000626729384],[-79.6406699323107,43.58122520515847],[-79.64089451023342,43.58122520515847],[-79.64113950326927,43.58155186349203],[-79.641309116873,43.58177801463551],[-79.64134366607885,43.58180269232641],[-79.64179282102594,43.58212351570349],[-79.64146718443041,43.58277479255343],[-79.64381402233039,43.582348093848324]],[[-79.70202550222328,43.579918988152045],[-79.70197967017748,43.58010231569865],[-79.7022042481002,43.58010231569865],[-79.70242882602291,43.58010231569865],[-79.70202550222328,43.579918988152045]],[[-79.6923746424112,43.58046510954397],[-79.69228410929853,43.58056695833831],[-79.69232282489065,43.58055147191328],[-79.6923746424112,43.58046510954397]],[[-79.77002674213246,43.58032689422483],[-79.7713742069738,43.58122520450773],[-79.77227251956297,43.58032689422483],[-79.77218004608932,43.57995700115173],[-79.77204794164027,43.579428582903205],[-79.7711496308477,43.57897942677168],[-79.77227251956297,43.57763195974913],[-79.77204794164027,43.57695822729477],[-79.77137420787211,43.576509072258965],[-79.77070047500227,43.57673364921947],[-79.77047589707958,43.57673364921947],[-79.76980216420974,43.575610759945945],[-79.76957758628703,43.575610759945945],[-79.76867927459615,43.57493702700422],[-79.7693530083643,43.5735895599845],[-79.76925675927151,43.57336498171144],[-79.76912843044158,43.57336498171144],[-79.76845469667346,43.5735895599845],[-79.76823011875074,43.5735895599845],[-79.76800554082803,43.57426329368369],[-79.76778096380362,43.57426329368369],[-79.76890385341719,43.575386182702374],[-79.76800554082803,43.57673364921947],[-79.76980216420974,43.57785653772794],[-79.77025131915686,43.57920400493087],[-79.76940915756114,43.58032689422483],[-79.77002674213246,43.58032689422483]],[[-79.70384365912068,43.58167436080496],[-79.70445002642903,43.582348093848324],[-79.70669580385955,43.58167436080496],[-79.70823367201525,43.58187941025266],[-79.70717950801249,43.58127703118121],[-79.70400086968527,43.58167436080496],[-79.70384365912068,43.58167436080496]],[[-79.71695728180792,43.602611921706405],[-79.71680180499182,43.60256009583839],[-79.71632058917221,43.60308944160521],[-79.71695728180792,43.602611921706405]],[[-79.70009887555197,43.603233829290666],[-79.70199929387488,43.601544589943316],[-79.70181419690888,43.60159086386945],[-79.70153051523037,43.60166178389059],[-79.699958471568,43.6032338305917],[-79.69950931482427,43.603682985937795],[-79.69950931392593,43.603731120584406],[-79.69950931392593,43.60375786825388],[-79.70009887555197,43.603233829290666]],[[-79.70692038178225,43.60368298528731],[-79.70467460435175,43.60503045071933],[-79.70355171473818,43.60660249590548],[-79.7022042481002,43.607051650817475],[-79.70175509225476,43.606377917842266],[-79.7011562177942,43.60622819931812],[-79.70085678056392,43.606153340241505],[-79.69972141963925,43.6074509021608],[-79.69928473690155,43.60794996293858],[-79.69911668546808,43.60784302257467],[-79.69703895857272,43.60929742905604],[-79.69674832573054,43.61002401421238],[-79.69658980272729,43.61042031827703],[-79.69681438065001,43.61042031827703],[-79.69748811441814,43.61131863016974],[-79.69771269234084,43.61131863016974],[-79.69883558105612,43.610476471131065],[-79.7004076256168,43.60929742905604],[-79.70310255889275,43.6097465853088],[-79.70489918137615,43.60794996293858],[-79.70495532697971,43.60794996293858],[-79.70512375929887,43.60772538470248],[-79.70579749306701,43.60794996293858],[-79.70647122593682,43.607500806928854],[-79.70647122593682,43.606377917842266],[-79.70692038178225,43.60592876180233],[-79.70697261342615,43.60593920835835],[-79.70826784842022,43.60480587394234],[-79.70781869257482,43.60390756170279],[-79.70692038178225,43.60368298528731]],[[-79.73165602403482,43.60426047230968],[-79.73184851683055,43.60435671787311],[-79.73180039318245,43.60416422594171],[-79.73165602403482,43.60426047230968]],[[-79.72059920917492,43.60609209148202],[-79.72110960766484,43.606500410813986],[-79.72080337018787,43.60614313179405],[-79.72059920917492,43.60609209148202]],[[-79.71994589411318,43.606827073780714],[-79.71978256512317,43.606337086796266],[-79.71949673826775,43.607051650817475],[-79.71913741484906,43.60732114488679],[-79.71904758242232,43.607500806928854],[-79.71949673826775,43.607500806928854],[-79.71994589411318,43.606827073780714]],[[-79.6788481567143,43.6095220072765],[-79.67878210359144,43.60948237515978],[-79.67907273014545,43.60982144186483],[-79.6788481567143,43.6095220072765]],[[-79.67847385927813,43.60929742905604],[-79.67809953758744,43.6090728363379],[-79.67839900176718,43.60929742905604],[-79.67847385927813,43.60929742905604]],[[-79.69831808048555,43.60733482266324],[-79.69793727026357,43.60709248918398],[-79.69793727026357,43.607276228967194],[-79.69838642431237,43.60742594748463],[-79.69854361601237,43.607478344812364],[-79.69831808048555,43.60733482266324]],[[-79.70287798097003,43.6003143178163],[-79.70164281452236,43.59930373504901],[-79.70265340394563,43.6003143178163],[-79.70287798097003,43.6003143178163]],[[-79.68404555382666,43.60025018711013],[-79.68289055842484,43.59919142924559],[-79.68272211891919,43.59919142924559],[-79.68404555382666,43.60025018711013]],[[-79.70068210495356,43.598517694761505],[-79.70064450776395,43.598486932814254],[-79.7006322026412,43.598517694761505],[-79.70068210495356,43.598517694761505]],[[-79.75992074100017,43.607500806928854],[-79.76006720232411,43.607676564423656],[-79.76059447387001,43.607500806928854],[-79.76089391289693,43.607201369243484],[-79.76034948083417,43.60741914243079],[-79.7601453189229,43.607500806928854],[-79.75992074100017,43.607500806928854]],[[-79.64412133958234,43.57983045917055],[-79.6442631772775,43.57965316068861],[-79.64431932198275,43.57965316068861],[-79.64448775520022,43.57897942677168],[-79.64405900997635,43.57867318265489],[-79.64314028766394,43.57830569377587],[-79.64291570974122,43.578754849076375],[-79.6426911327168,43.578754849076375],[-79.64358944350934,43.57965316133937],[-79.64412133958234,43.57983045917055]],[[-79.73903500586582,43.57920400493087],[-79.73900292343377,43.57930025282882],[-79.73948416171126,43.57897942677168],[-79.73948416171126,43.578867139004856],[-79.73903500586582,43.57920400493087]],[[-79.69342208342236,43.57928674113027],[-79.69367029242694,43.57920400493087],[-79.69349562579974,43.57920400493087],[-79.69342208342236,43.57928674113027]],[[-79.69434402529676,43.579428582903205],[-79.69465227050841,43.57951665304179],[-79.69465594012635,43.57949096574151],[-79.69434402529676,43.579428582903205]],[[-79.69389487034965,43.57830569377587],[-79.69359543222106,43.57800625851827],[-79.69363066055324,43.57809432878501],[-79.69389487034965,43.57830569377587]],[[-79.69986222157688,43.577920703361684],[-79.7006322026412,43.57830569377587],[-79.69995846977136,43.57785653772794],[-79.69986222157688,43.577920703361684]],[[-79.7399741486813,43.57801986746928],[-79.74015789458109,43.578081116170765],[-79.73996539909044,43.57798486827627],[-79.73970873873566,43.57785653772794],[-79.73973681108829,43.57794075433542],[-79.7399741486813,43.57801986746928]],[[-79.68547320229028,43.577407382885035],[-79.68533284052712,43.57735123821273],[-79.68491175793264,43.57718280518331],[-79.6847075960214,43.577346136101355],[-79.68468718000993,43.577407382885035],[-79.68502404644484,43.577744251120976],[-79.68509142009115,43.577811624541965],[-79.68513633855031,43.57763195844759],[-79.68547320229028,43.577407382885035]],[[-79.66020820080709,43.57493702700422],[-79.66020820080709,43.57448787055924],[-79.65940970002913,43.574587683970535],[-79.65872862972006,43.5746728175833],[-79.65886073327079,43.57493702765505],[-79.65975904496166,43.57493702700422],[-79.66020820080709,43.57493702700422]],[[-79.66312771739564,43.56819968850641],[-79.66490829417144,43.566616956036],[-79.66514891241188,43.56640307074852],[-79.66492433359083,43.5652801821722],[-79.66537349033457,43.56460644822238],[-79.66380144487557,43.563932715199385],[-79.66245397823761,43.563932715199385],[-79.66178024536777,43.56337127393683],[-79.66178024536777,43.564381870951266],[-79.66245397823761,43.56460644822238],[-79.66110651159963,43.565055604158275],[-79.66065735575421,43.565729336990145],[-79.66043277783149,43.565953915096],[-79.66178024536777,43.565729336990145],[-79.66182202690996,43.565755450645305],[-79.6623791234216,43.566103638792214],[-79.66248136337904,43.56616753901455],[-79.66357686695285,43.566852226306395],[-79.66380144487557,43.56752595987252],[-79.66312771739564,43.56819968850641],[-79.66290313408304,43.5684242710706],[-79.66057808751522,43.568230517353214],[-79.66020819990878,43.5681996930626],[-79.66110651159963,43.56887342717809],[-79.66113685938487,43.56894019349889],[-79.6622294012132,43.571343781871775],[-79.66043277783149,43.57291582720862],[-79.66060744984858,43.57361451502674],[-79.66200482329049,43.57291582720862],[-79.66290313408304,43.57336498171144],[-79.66312771200573,43.57426329368369],[-79.66335228992845,43.57426329368369],[-79.6640260227983,43.574487871210025],[-79.66582264528168,43.57269124902638],[-79.66559806825728,43.57179293768554],[-79.6660472232044,43.57111920368502],[-79.66694553399695,43.570894627264224],[-79.66761926776509,43.571343781871775],[-79.66829008111026,43.57080713353439],[-79.66717011191967,43.5695471602662],[-79.66851757855764,43.567750537788974],[-79.66986504609392,43.567750537788974],[-79.67076335688647,43.56662764894611],[-79.67188624560171,43.56752595987252],[-79.671661667679,43.56887342717809],[-79.67255997936986,43.56909800397583],[-79.67278455729257,43.5684242710706],[-79.67368286808514,43.5681996930626],[-79.67458117887767,43.56909800397583],[-79.67345829016242,43.56730138176964],[-79.673233713138,43.56707680413122],[-79.67345829016242,43.56707680413122],[-79.67435660185326,43.56640307074852],[-79.67458117887767,43.5655047599998],[-79.67368286808514,43.56460644822238],[-79.6730091352153,43.565055604158275],[-79.67278455729257,43.565055604158275],[-79.67233540144714,43.56460644822238],[-79.6730091352153,43.56348355870233],[-79.67278455729257,43.56348355870233],[-79.67236092797427,43.562636300506824],[-79.67121251183359,43.56370813671853],[-79.6714370897563,43.564831025958036],[-79.67031420104104,43.566178493015435],[-79.6694158902485,43.56640307074852],[-79.66877424340397,43.56592183600118],[-79.66851757855764,43.565729336990145],[-79.66672095697255,43.567750537788974],[-79.66447517864373,43.56932258188882],[-79.66357686695285,43.56909800397583],[-79.66312771739564,43.56819968850641]],[[-79.66110651159963,43.562809826139976],[-79.66098558398933,43.562792550930475],[-79.66110651159963,43.563034404063984],[-79.66155566295349,43.56318412134698],[-79.66110651159963,43.562809826139976]],[[-79.68940331369198,43.56191151518539],[-79.6902117848713,43.562809826139976],[-79.69052620330557,43.562809826139976],[-79.6914245140981,43.56415729284302],[-79.69164909202082,43.56415729284302],[-79.6927719807361,43.56325898180176],[-79.69264364921122,43.562809826139976],[-79.69254740281337,43.562809826139976],[-79.69254740281337,43.56266011053053],[-79.69254740281337,43.56247296484459],[-79.69240600080111,43.561978056184344],[-79.69237386536847,43.56195234773291],[-79.69232282489065,43.56191151518539],[-79.69234646495566,43.56176967771894],[-79.69232282489065,43.56168693698122],[-79.69236774065486,43.56164202150031],[-79.69254740281337,43.56056404772438],[-79.69434402529676,43.559441159021624],[-79.69501775906491,43.55786911483348],[-79.69614064778017,43.55786911483348],[-79.69636522480457,43.557195380679175],[-79.69636522480457,43.55697080312376],[-79.6960508189467,43.55697080312376],[-79.69434402529676,43.55697080312376],[-79.6919397832535,43.558265397836884],[-79.68738211418419,43.56123778196717],[-79.6876816637039,43.56146244516737],[-79.68833031920424,43.56191151518539],[-79.68940331369198,43.56191151518539]],[[-79.6746560471684,43.560596134229],[-79.67458117887767,43.56056404772438],[-79.67331800565437,43.56174302920944],[-79.6746560471684,43.560596134229]],[[-79.69883558105612,43.56011489280162],[-79.69771269234084,43.5607886262085],[-79.69748811441814,43.5607886262085],[-79.69591606985745,43.56056404772438],[-79.69530092151719,43.56138424570023],[-79.6952423360893,43.561462359241816],[-79.69494289975734,43.56131264158572],[-79.69479318114219,43.56123778196717],[-79.69456860321948,43.56123778196717],[-79.69428788148983,43.56163079653056],[-79.69440016910372,43.56174308388909],[-79.69479318114219,43.56213609320334],[-79.69636522480457,43.56191151518539],[-79.69788544106493,43.563241705419145],[-79.69793727026357,43.56325898180176],[-79.69832732684476,43.56338900007516],[-79.69959098695495,43.562666908929145],[-79.69993039382548,43.56238406782006],[-79.69995846977136,43.562360671035115],[-79.70003773262046,43.56238709209292],[-79.70008788556278,43.562261710273994],[-79.69906015269062,43.56049987922066],[-79.69883558105612,43.56033946970511],[-79.6988748823498,43.5601822670672],[-79.69883558105612,43.56011489280162]],[[-79.70669580385955,43.56101320385546],[-79.70736953672939,43.56123778196717],[-79.70692038178225,43.56101320385546],[-79.70669580385955,43.56101320385546]],[[-79.70894158218837,43.56191151518539],[-79.70880122312016,43.56191151518539],[-79.70871700426567,43.56191151518539],[-79.70804327139584,43.56213609320334],[-79.70877523036745,43.56195310348108],[-79.70894158218837,43.56191151518539],[-79.70894158218837,43.56168693698122],[-79.70877689135239,43.56158213544225],[-79.70887919958179,43.56178675077704],[-79.70894158218837,43.56191151518539]],[[-79.70723343028573,43.56412326653347],[-79.70624664801413,43.5655047599998],[-79.70736953672939,43.56415729284302],[-79.70723343028573,43.56412326653347]],[[-79.70440510976651,43.56648392001152],[-79.70624664801413,43.566852226306395],[-79.70624664801413,43.566178493015435],[-79.70534833722157,43.565729336990145],[-79.70440510976651,43.56648392001152]],[[-79.6501021996748,43.57381413807089],[-79.65100051136568,43.57291582720862],[-79.6501021996748,43.570445471259596],[-79.64875473303684,43.570445471259596],[-79.64844032358572,43.570445471259596],[-79.64853015511413,43.57067004870431],[-79.64942846590668,43.571343781871775],[-79.64920388888228,43.572242092752965],[-79.64830557719141,43.57269124902638],[-79.64830557719141,43.57336498171144],[-79.64875473303684,43.57314040520418],[-79.64897931095956,43.57314040520418],[-79.64909159947176,43.57347727127805],[-79.6501021996748,43.57381413807089]],[[-79.62775185579281,43.569203620343394],[-79.6294410433615,43.56797511486809],[-79.62970630508511,43.56767669894575],[-79.62775185579281,43.569203620343394]],[[-79.65302171087347,43.566178493015435],[-79.65279713295077,43.5655047599998],[-79.65268484443857,43.565953915746874],[-79.65302171087347,43.566178493015435]],[[-79.6552674892023,43.565055604158275],[-79.65600726980509,43.565702918049084],[-79.6570641107874,43.5652801821722],[-79.65762555604334,43.565392471841605],[-79.65728868871011,43.565055604158275],[-79.6570641107874,43.565055604158275],[-79.6552674892023,43.565055604158275]],[[-79.70624664801413,43.57246667130842],[-79.7056381202575,43.573176625556556],[-79.70624664801413,43.57291582720862],[-79.70714495970498,43.57201751661421],[-79.70624664801413,43.572242092752965],[-79.70594721258047,43.57186779980792],[-79.70624664801413,43.57246667130842]],[[-79.71725095993892,43.570894627264224],[-79.71728839004187,43.5709320569428],[-79.71734079146734,43.57067005130773],[-79.71725095993892,43.570894627264224]],[[-79.67363968067951,43.55494096551125],[-79.67361681675891,43.554936392735065],[-79.67359303835335,43.55517417923982],[-79.67363968067951,43.55494096551125]],[[-79.67605697524387,43.552415082075356],[-79.67592864641395,43.55225466991685],[-79.67586448065153,43.55228675303371],[-79.67605697524387,43.552415082075356]],[[-79.66896673440306,43.55225466991685],[-79.66920628364832,43.552134896008006],[-79.66900219270396,43.55201827295871],[-79.66896673440306,43.55203009217756],[-79.66892462767075,43.551973949890744],[-79.66784384478949,43.55135635914722],[-79.66773816158957,43.55143562178805],[-79.66896673440306,43.55225466991685]],[[-79.68149318228801,43.55059529081916],[-79.6801956242506,43.54978431368239],[-79.68131851296585,43.55068262509593],[-79.68149318228801,43.55059529081916]],[[-79.67750069097464,43.54776311369529],[-79.67741174967668,43.54766305594594],[-79.67693925380354,43.54832455390243],[-79.67750069097464,43.54776311369529]],[[-79.72296952813812,43.52751845326898],[-79.72328112316747,43.52876482952485],[-79.72335791834446,43.528681802490475],[-79.72353913818168,43.52777569004161],[-79.72296952813812,43.52751845326898]],[[-79.704225447608,43.52957231321955],[-79.70332713681546,43.52867400115563],[-79.70409711608316,43.52995730912653],[-79.704225447608,43.52957231321955]],[[-79.60391390898683,43.565954062850885],[-79.6046252318597,43.5652801821722],[-79.60451290831323,43.5652801821722],[-79.60391390898683,43.565954062850885]],[[-79.60009621006482,43.5545966958217],[-79.59867388501758,43.55337755908086],[-79.59934761788742,43.554275870321966],[-79.60009621006482,43.5545966958217]],[[-79.5988984629403,43.552703824837835],[-79.60181797413897,43.554275870321966],[-79.59869980500679,43.552306511756434],[-79.5988984629403,43.552703824837835]],[[-79.59081366221415,43.55247924812127],[-79.5909633808293,43.552404388595825],[-79.59081366221415,43.55225466991685],[-79.59081366221415,43.55203009217756],[-79.590663943599,43.55203009217756],[-79.59081366221415,43.55247924812127]],[[-79.59148739598231,43.55203009217756],[-79.59126281805959,43.55225466991685],[-79.59158364327847,43.552094257331326],[-79.59148739598231,43.55203009217756]],[[-79.59418232925823,43.55135635914722],[-79.5953052179735,43.55247924812127],[-79.59597895084333,43.55225466991685],[-79.59620352876603,43.55225466991685],[-79.596379285948,43.551727399910604],[-79.59575437381892,43.551805514252564],[-79.5953681009417,43.55141924243068],[-79.59328401756738,43.55113178131586],[-79.59395775133554,43.55135635914722],[-79.59418232925823,43.55135635914722]],[[-79.60608495197559,43.55158093614172],[-79.60698326276813,43.552703824837835],[-79.61021718611286,43.552905945576114],[-79.60900446407257,43.552703824837835],[-79.60855530822714,43.55203009217756],[-79.60900446407257,43.55113178131586],[-79.61192397527122,43.55113178131586],[-79.61282230762333,43.55034574482881],[-79.61237313021833,43.55068262509593],[-79.61147481942578,43.550233470086155],[-79.61080108565766,43.55068262509593],[-79.6101273518895,43.550233470086155],[-79.60945361901967,43.55090720329878],[-79.60698326276813,43.55068262509593],[-79.60608495197559,43.55158093614172]],[[-79.59066127021273,43.55202207185409],[-79.59261028469754,43.551805514252564],[-79.59238570677483,43.551805514252564],[-79.59126281805959,43.551805514252564],[-79.59058908429144,43.551805514252564],[-79.59066127021273,43.55202207185409]],[[-79.59216112885211,43.55247924812127],[-79.59238570677483,43.552703824837835],[-79.59305943964466,43.552703824837835],[-79.59238570677483,43.55247924812127],[-79.59216112885211,43.55247924812127]],[[-79.6106513661442,43.552978309031474],[-79.6111660244452,43.55332141544509],[-79.61125024060475,43.55315298096872],[-79.61132042238467,43.553089818244224],[-79.6106513661442,43.552978309031474]],[[-79.6220299764035,43.54237324692909],[-79.62292828719603,43.54125035786685],[-79.62335791366718,43.541367529197274],[-79.62366024167605,43.5412919467477],[-79.62292828719603,43.541025780149376],[-79.62225455342788,43.541474936050086],[-79.6220299764035,43.54237324692909],[-79.62023335302176,43.54214866883628],[-79.62067155211568,43.540176772927126],[-79.61911046430652,43.54080120224662],[-79.61821215261564,43.53967831320834],[-79.6188858863838,43.538780001898076],[-79.62000877509905,43.53833084675928],[-79.61933504222922,43.538106269237595],[-79.61821215261564,43.538780001898076],[-79.61708926390041,43.5385554240957],[-79.61664010895328,43.53743253490985],[-79.61753841974584,43.53653422400417],[-79.61686468597769,43.53630964630319],[-79.61664010895328,43.536983380152996],[-79.61529264231531,43.53743253490985],[-79.61282228606377,43.53967831320834],[-79.61192397527122,43.53990289073547],[-79.61080108565766,43.53945373614711],[-79.6099027748651,43.54012746872845],[-79.60922904109695,43.53967831320834],[-79.60900446407257,43.538780001898076],[-79.60967819694238,43.53788169087941],[-79.61102566358036,43.53743253490985],[-79.61080108565766,43.53675880217118],[-79.6116993973485,43.53586049099697],[-79.61080108565766,43.53586049099697],[-79.60922904109695,43.53743253490985],[-79.6081061523817,43.537207957949626],[-79.60720784069083,43.53765711298723],[-79.60586037405288,43.537207957949626],[-79.60608495197559,43.53833084675928],[-79.60563579702847,43.53945373614711],[-79.60451290831323,43.54057662480961],[-79.6042883303905,43.54080120224662],[-79.60339001869964,43.541025780149376],[-79.60098409590849,43.54362425186527],[-79.59934761788742,43.54539163491933],[-79.59777557422504,43.54708938114819],[-79.5968772634325,43.54753853614817],[-79.5948973118676,43.547098547424156],[-79.59463148510366,43.54776311369529],[-79.59485606302638,43.5482122695348],[-79.59571856966664,43.548039767705866],[-79.59597895084333,43.547987691707895],[-79.6022671299844,43.54978431368239],[-79.60383917364676,43.547987691707895],[-79.60361459572404,43.547987691707895],[-79.60294086285421,43.54776311369529],[-79.6022671299844,43.54843684717615],[-79.60136881919185,43.54821227018593],[-79.6009196633464,43.547313957764324],[-79.60127898946006,43.546864803044215],[-79.60181797413897,43.546191068921004],[-79.60383917364676,43.54545608907715],[-79.6042883303905,43.54529275828251],[-79.60563579702847,43.5439452909913],[-79.60586037405288,43.5439452909913],[-79.60687096976434,43.54377685896203],[-79.60720784069083,43.5437207141966],[-79.6081061523817,43.54439444728002],[-79.61012735727941,43.54237324953379],[-79.61080108565766,43.54214866883628],[-79.61102566358036,43.54214866883628],[-79.61192397527122,43.54327155809732],[-79.60945361901967,43.5455173357321],[-79.60945361901967,43.545741914298425],[-79.60945361901967,43.546640224754675],[-79.6099027748651,43.546415646930605],[-79.6101273518895,43.546415646930605],[-79.61102566358036,43.547313957764324],[-79.61237313021833,43.54776311369529],[-79.61394517477902,43.54708938114819],[-79.61416975270173,43.54708938114819],[-79.61484348557157,43.54753853614817],[-79.61506806439259,43.54843684717615],[-79.61641553103057,43.54776311369529],[-79.61843673143669,43.54843684717615],[-79.6188858863838,43.547313957764324],[-79.61821215261564,43.546864803044215],[-79.61798757469295,43.546864803044215],[-79.61776299677022,43.545966492028036],[-79.61664010895328,43.546191068921004],[-79.61619095310785,43.545741914298425],[-79.61596637518514,43.545741914298425],[-79.61506806439259,43.54439444728002],[-79.61551722023803,43.543496135914125],[-79.61686468597769,43.543496135914125],[-79.61776299677022,43.54282240190736],[-79.6188858863838,43.54439444728002],[-79.61911046430652,43.54439444728002],[-79.61978419807467,43.54439444728002],[-79.62000877509905,43.5439452909913],[-79.61933504222922,43.54327155809732],[-79.61978419807467,43.54237324692909],[-79.6220299764035,43.54237324692909]],[[-79.63191139781641,43.5455173357321],[-79.62854273167065,43.547567847433086],[-79.62854273167065,43.547663321594875],[-79.63225214676999,43.54560252345343],[-79.63191139781641,43.5455173357321]],[[-79.6140661023893,43.54941289635107],[-79.6138703181664,43.54955973585303],[-79.61559207864728,43.54955973585303],[-79.61551721933972,43.54950359126492],[-79.61529264231531,43.54933515783794],[-79.61416975270173,43.54933515783794],[-79.6140661023893,43.54941289635107]],[[-79.63170916997797,43.537701813213054],[-79.63171686853995,43.53771720971826],[-79.63187750078748,43.537570954807244],[-79.63185924163102,43.53756486860516],[-79.63170916997797,43.537701813213054]],[[-79.6237283456527,43.539046688946264],[-79.6233025846322,43.539229158249384],[-79.62337744214315,43.539229158249384],[-79.62337744214315,43.54012746872845],[-79.6240511759113,43.54057662480961],[-79.62607237631741,43.540352047187305],[-79.62629695424012,43.5400900420514],[-79.62629695424012,43.53945373614711],[-79.62494948670384,43.54012746872845],[-79.62393888560247,43.53911686866127],[-79.6237283456527,43.539046688946264]],[[-79.62740770851252,43.541248335334295],[-79.62741984295538,43.54125035786685],[-79.62741086339578,43.54124497008996],[-79.62740770851252,43.541248335334295]],[[-79.64413841116601,43.54233997603274],[-79.6442631772775,43.54237324692909],[-79.64437546758633,43.54226095733614],[-79.64413841116601,43.54233997603274]],[[-79.64785642224432,43.534288445826185],[-79.64853015511413,43.53473760177059],[-79.64808100016701,43.534288445826185],[-79.64785642224432,43.534288445826185],[-79.6476318443216,43.533165557284946],[-79.6496530438294,43.53114435693412],[-79.64785642224432,43.52979688995917],[-79.64617208108659,43.52912315658042],[-79.64476847692988,43.52912315723167],[-79.64493691104565,43.52979688995917],[-79.64448775520022,43.53047062427888],[-79.6433648682816,43.53084491910144],[-79.64291570974122,43.53159351284958],[-79.64263498890988,43.53159351284958],[-79.64246655479411,43.53181809118106],[-79.64156824400155,43.53159351284958],[-79.64075068366822,43.532592764406225],[-79.64105492059707,43.53297306238889],[-79.64538606599277,43.533839291095155],[-79.6462843767853,43.5349621801164],[-79.64785642224432,43.534288445826185]],[[-79.63919256928264,43.53322776595739],[-79.63842415488018,43.53226724598656],[-79.63722722342594,43.53266622357432],[-79.6360793911902,43.53371373069991],[-79.63572926113011,43.53406386822761],[-79.63595379862865,43.53406386822761],[-79.63662753239679,43.533839291095155],[-79.63730126616491,43.534288445826185],[-79.63730126616491,43.53493299750856],[-79.63919256928264,43.53322776595739]],[[-79.63685169619616,43.532941402730835],[-79.63712861266225,43.53269909407269],[-79.63707668824222,43.53271640200584],[-79.63685169619616,43.532941402730835]],[[-79.62158081965975,43.53204266802505],[-79.62225455342788,43.53114435693412],[-79.6224791313506,43.53114435693412],[-79.62346727277324,43.5308748650357],[-79.62337744214315,43.53069520223266],[-79.62517406462653,43.53024604614018],[-79.62562321957367,43.5293477349924],[-79.62517406462653,43.52867400115563],[-79.6240511759113,43.52844942414286],[-79.62113166381431,43.52957231321955],[-79.62098194519918,43.5294974539034],[-79.62068250886719,43.52957231321955],[-79.62000877509905,43.53091977869897],[-79.62068250886719,43.53181809118106],[-79.62158081965975,43.53204266802505]],[[-79.631686820792,43.528000268260215],[-79.631686820792,43.5273265350039],[-79.63128756995388,43.52682747405326],[-79.63123766494657,43.52687737922688],[-79.6298901983086,43.52665280073553],[-79.62952270830564,43.52738778314135],[-79.6298901983086,43.5273265350039],[-79.63033935415405,43.52777569004161],[-79.63056393207675,43.52777569004161],[-79.63146224286929,43.52710195688212],[-79.631686820792,43.528000268260215],[-79.63146224286929,43.528000268260215],[-79.63071365159021,43.52859914723764],[-79.631686820792,43.528000268260215]],[[-79.64942846590668,43.52844942414286],[-79.65122508928839,43.53069520223266],[-79.65189882215823,43.53024604614018],[-79.65212340008095,43.53024604614018],[-79.65234797800365,43.52912315723167],[-79.6533844901111,43.529295909229134],[-79.65234797800365,43.52867400115563],[-79.65144966721111,43.5293477349924],[-79.65100051136568,43.528898579286086],[-79.65077593344296,43.528898579286086],[-79.65055135462194,43.528000268260215],[-79.64998990846767,43.52777569004161],[-79.64987762175211,43.52777569004161],[-79.64986034625088,43.52772386488156],[-79.64963262781794,43.52763277702339],[-79.64942846590668,43.52844942414286]],[[-79.64134366607885,43.52822484629396],[-79.64179282102594,43.52687737922688],[-79.64314028766394,43.52687737922688],[-79.64403859935479,43.52552991202042],[-79.6452577811803,43.52552991202042],[-79.6462843767853,43.52463160163093],[-79.64538606599277,43.52373329024019],[-79.64516148807006,43.52350871176795],[-79.64583522183818,43.522385823150735],[-79.64707975681596,43.52185245163394],[-79.64740726639887,43.52171208971904],[-79.64897931095956,43.52216124487339],[-79.65002366176616,43.52119267926872],[-79.65062538208956,43.52063461726307],[-79.65277548445073,43.51864047362801],[-79.65767256128889,43.514044782302825],[-79.65704369747088,43.51428060634048],[-79.65683953376299,43.51452560003288],[-79.65632621305345,43.51461115335826],[-79.65571664504773,43.51542391171773],[-79.65459375633246,43.5149747559182],[-79.65392002166602,43.5151993342359],[-79.65347086671892,43.516322223058964],[-79.65392002166602,43.516995956094746],[-79.6532462887962,43.51766969007669],[-79.65234797800365,43.51722053405599],[-79.65167424423551,43.51811884470818],[-79.65077593344296,43.51834342305011],[-79.65032677759753,43.51924173392184],[-79.6496530438294,43.519466311992836],[-79.64897931095956,43.52103835592882],[-79.64808100016701,43.520589200882895],[-79.64561064391549,43.52081377914954],[-79.6455181695435,43.51988904549238],[-79.64538606599277,43.5185680012076],[-79.64498681784957,43.518268565432784],[-79.6446674155621,43.51802901326763],[-79.64448775520022,43.51789426683323],[-79.6442631772775,43.51789426683323],[-79.64403859935479,43.51789426683323],[-79.6434646800928,43.51789426683323],[-79.64336486558665,43.51789426683323],[-79.64381402233039,43.516322223058964],[-79.64514485396593,43.515157748858215],[-79.64561064391549,43.51475017806773],[-79.64471233312292,43.51362728930794],[-79.64358944440768,43.513851866777],[-79.64291570974122,43.51340271100316],[-79.64201739894867,43.51430102311665],[-79.64224197687139,43.51542391171773],[-79.64111908815613,43.5149747559182],[-79.6404453552863,43.51542391171773],[-79.6404453552863,43.5167713779491],[-79.64156824400155,43.51722053405599],[-79.64111908815613,43.51789426683323],[-79.63819957695746,43.51609764501161],[-79.6386487319046,43.51475017806773],[-79.63819957695746,43.51407644471325],[-79.63730126616491,43.513851866777],[-79.63617837655134,43.51452560003288],[-79.63505548783608,43.513851866777],[-79.63438175406796,43.51430102311665],[-79.63438175406796,43.51564848901528],[-79.63707668824222,43.5174451118328],[-79.63640295357575,43.5185680012076],[-79.63775042111203,43.51969088987929],[-79.63707668824222,43.52081377914954],[-79.63819957695746,43.52171208971904],[-79.63730126796156,43.523284135065154],[-79.63752584318932,43.52418244597925],[-79.63842415488018,43.52463160097958],[-79.63873039864538,43.524447855149724],[-79.63934288168419,43.524080365067825],[-79.63954704269713,43.52395786787637],[-79.63969676131227,43.52425730472684],[-79.63977162061984,43.5244070232461],[-79.6388733098273,43.52485617917971],[-79.63842415488018,43.52665280073553],[-79.6368521103195,43.52552991202042],[-79.63605948182855,43.525846963613525],[-79.63617837655134,43.526203645803804],[-79.63730126616491,43.52597906806076],[-79.6388733098273,43.52710195688212],[-79.64022077736358,43.526428224013344],[-79.64111908815613,43.5273265350039],[-79.64089451023342,43.52822484629396],[-79.64134366607885,43.52822484629396]],[[-79.63213597573913,43.513851866777],[-79.63205513185513,43.513824918905925],[-79.63123766494657,43.51452560003288],[-79.62998002983701,43.51421119185556],[-79.6298901983086,43.51430102311665],[-79.62920670075164,43.51410573838897],[-79.62899188661775,43.51475017806773],[-79.6298901983086,43.51475017806773],[-79.63056393207675,43.51542391171773],[-79.6313246047981,43.51509790977185],[-79.63146224286929,43.5149747559182],[-79.63213597573913,43.513851866777]],[[-79.66537349033457,43.51358237579852],[-79.66537349033457,43.51403153023518],[-79.66559806825728,43.513851866777],[-79.66537349033457,43.51358237579852]],[[-79.65974947161567,43.51472562860712],[-79.66103744552733,43.51371364911993],[-79.66043277783149,43.51407644471325],[-79.65974947161567,43.51472562860712]],[[-79.66357686695285,43.5174451118328],[-79.66380144487557,43.51778197921085],[-79.66380144487557,43.51766969007669],[-79.66469975566812,43.516995956094746],[-79.6645148096191,43.51514649373352],[-79.66447517864373,43.5151993342359],[-79.664250600721,43.5151993342359],[-79.66447517864373,43.5167713779491],[-79.664250600721,43.5167713779491],[-79.66357686695285,43.5174451118328]],[[-79.65593906072556,43.51834562744485],[-79.65189326967146,43.522189007149144],[-79.65167424423551,43.52328413376245],[-79.65189882215823,43.52328413376245],[-79.65234797710532,43.52328413376245],[-79.65234797800365,43.52261040124347],[-79.65279713295077,43.52171208971904],[-79.65302171087347,43.52171208971904],[-79.65369544374332,43.522385823150735],[-79.6550429112796,43.521936667714236],[-79.6550429112796,43.52081377914954],[-79.65414459958875,43.52014004509874],[-79.65593906072556,43.51834562744485]],[[-79.66267855616033,43.52014004509874],[-79.66312771200573,43.520888640123],[-79.66312771200573,43.52081377914954],[-79.66380144487557,43.52014004509874],[-79.66380144487557,43.5190171563178],[-79.66290313408304,43.519466311992836],[-79.66155566744506,43.518792579180634],[-79.66133108862402,43.51924173392184],[-79.66110651159963,43.51924173392184],[-79.66267855616033,43.52014004509874]],[[-79.6532462887962,43.52373329024019],[-79.65347086851554,43.52418245184144],[-79.65392001986939,43.52463160163093],[-79.6539948800753,43.52470646112386],[-79.65369544374332,43.52395786787637],[-79.6532462887962,43.52373329024019],[-79.65279713115413,43.523508711116634],[-79.65290941966634,43.52362100045722],[-79.6532462887962,43.52373329024019]],[[-79.65409469278482,43.524955992747415],[-79.65369544374332,43.52575449013293],[-79.65392002166602,43.52575449013293],[-79.65436917840977,43.526428224013344],[-79.65392002166602,43.5273265350039],[-79.65459375633246,43.528000268260215],[-79.65414459958875,43.52912315723167],[-79.65354572602648,43.529322781804446],[-79.65369544374332,43.5293477349924],[-79.65392002166602,43.53002146781649],[-79.65414459958875,43.53002146781649],[-79.65549206712502,43.53069520223266],[-79.65594122207214,43.53047062427888],[-79.65616579999487,43.53047062427888],[-79.65661495584027,43.52979688995917],[-79.65639037791757,43.528898579286086],[-79.65459375633246,43.52777569004161],[-79.65549206712502,43.526203645803804],[-79.65439724896575,43.525291299912865],[-79.65435514313177,43.52525621146499],[-79.65414459958875,43.52508075719509],[-79.65409469278482,43.524955992747415]],[[-79.64942846590668,43.52715810344495],[-79.64942846590668,43.52714687270362],[-79.64927874729155,43.52717681656606],[-79.64935360749743,43.52725167680838],[-79.64942846590668,43.5273265350039],[-79.64942846590668,43.52715810344495]],[[-79.5953052179735,43.565953915096],[-79.59620352876603,43.565055604158275],[-79.59597895084333,43.564381870951266],[-79.59543995628296,43.563932715199385],[-79.59457287901452,43.563210154738954],[-79.59436784573745,43.56315157405827],[-79.59395775133554,43.563034404063984],[-79.59378931721974,43.56286597069943],[-79.59328401756738,43.562360671035115],[-79.59283486172195,43.561462359241816],[-79.59397178841016,43.55994646234131],[-79.59395775133554,43.55989031506108],[-79.59403261333804,43.55986536149315],[-79.59418232925823,43.559665737134395],[-79.59373317431113,43.558767426170554],[-79.59283486172195,43.558542847964375],[-79.59103824013687,43.56011489280162],[-79.59036450726703,43.56011489280162],[-79.58901703973075,43.559441159021624],[-79.58766957309277,43.557644537185084],[-79.58677126230023,43.55741995869965],[-79.586939696416,43.55716730966978],[-79.58689104276189,43.55714298318704],[-79.58654668437751,43.55697080312376],[-79.58632210555649,43.55697080312376],[-79.58587295060937,43.557195380679175],[-79.58452548397139,43.556072491692966],[-79.5843009060487,43.556072491692966],[-79.58362717317885,43.55629706999238],[-79.58317801733344,43.55697080312376],[-79.58407632812597,43.55831827022313],[-79.58497463981685,43.558767426170554],[-79.58362717317885,43.56056404772438],[-79.58340259525613,43.56056404772438],[-79.58385175110158,43.561462359241816],[-79.58497463981685,43.56168693698122],[-79.58609752943039,43.5607886262085],[-79.58744499517007,43.56123778196717],[-79.58744499517007,43.56191151518539],[-79.58667501410575,43.562104010773595],[-79.5881187289382,43.562585248029734],[-79.58699584022294,43.56415729284302],[-79.5881187289382,43.5652801821722],[-79.58901703973075,43.565055604158275],[-79.5899153514216,43.56370813671853],[-79.59036450726703,43.56415729284302],[-79.5917119730067,43.563932715199385],[-79.59193655092939,43.56460644822238],[-79.59304071965245,43.56460644822238],[-79.59328401756738,43.56460644822238],[-79.59440690718095,43.565729336990145],[-79.5953052179735,43.565953915096]],[[-79.60518664118304,43.55697080312376],[-79.60473748533762,43.55786911483348],[-79.60496206326032,43.55786911483348],[-79.60518664118304,43.55786911483348],[-79.60563579702847,43.557195380679175],[-79.60563579702847,43.55688097225782],[-79.60518664118304,43.55697080312376]],[[-79.60481915028178,43.555031268004186],[-79.60473748533762,43.55494960326575],[-79.60401519583174,43.55515597218533],[-79.604201954681,43.555168422928475],[-79.60481915028178,43.555031268004186]],[[-79.60134073875437,43.554977675308265],[-79.60057032021052,43.55479988570176],[-79.6009196633464,43.55494960326575],[-79.60134073875437,43.554977675308265]],[[-79.64423890659515,43.58677288139572],[-79.64381402233039,43.587962538721634],[-79.64403859935479,43.587962538721634],[-79.6444428385377,43.58863627231348],[-79.64448775520022,43.58863627231348],[-79.64516148807006,43.58863627231348],[-79.64538606599277,43.587962538721634],[-79.64561064391549,43.587962538721634],[-79.64695811055346,43.58863627231348],[-79.64740726639887,43.58853646006799],[-79.64740726639887,43.587962538721634],[-79.64718268757785,43.587962538721634],[-79.64673353263072,43.58728880604731],[-79.64695811055346,43.58639049384453],[-79.64605979886258,43.58616591711524],[-79.64423890659515,43.58677288139572]],[[-79.63819957695746,43.58863627231348],[-79.6388733098273,43.587064228114734],[-79.63883784972978,43.58692238936552],[-79.63848325414442,43.58685146954017],[-79.63842415488018,43.58683964999501],[-79.63842415488018,43.58782779435169],[-79.63842415488018,43.587962538721634],[-79.63825572525599,43.58806359793984],[-79.63623990036852,43.589273092170785],[-79.63752584318932,43.59020831709585],[-79.63757466393008,43.590179024602236],[-79.6386487319046,43.58953458418378],[-79.63819957695746,43.58863627231348]],[[-79.70512375929887,43.59447529468304],[-79.70534833722157,43.593801562043126],[-79.70512375929887,43.593801562043126],[-79.70486174857827,43.59357698368778],[-79.70445002642903,43.59357698368778],[-79.704225447608,43.59357698368778],[-79.70384539286918,43.59414706566875],[-79.70445002642903,43.59402613890978],[-79.70512375929887,43.59447529468304]],[[-79.60743241861357,43.60435671787311],[-79.60922904109695,43.60256009583839],[-79.60960333583819,43.60256009583839],[-79.60855530822714,43.60211093991486],[-79.60825587009853,43.60166178389059],[-79.6081061523817,43.60166178389059],[-79.60768906369697,43.60134095145939],[-79.60743241861357,43.601212629066744],[-79.60716820971545,43.60100126448928],[-79.60743241861357,43.60166178389059],[-79.6067586902353,43.60244780587087],[-79.60720784069083,43.60233551829579],[-79.6081061523817,43.60345840673243],[-79.6072720136398,43.6042925556991],[-79.60743241861357,43.60435671787311]],[[-79.60136881919185,43.60256009583839],[-79.60316544077692,43.60188636199665],[-79.60316544077692,43.60143720689782],[-79.60249170790712,43.60188636199665],[-79.60136881919185,43.60166178389059],[-79.60047050660268,43.600538895097394],[-79.6006950854237,43.599865162040416],[-79.5997376735703,43.60029068010807],[-79.59957219581011,43.600538895097394],[-79.5988984629403,43.60076347284124],[-79.59867388501758,43.60143720689782],[-79.59732641837961,43.60188636199665],[-79.59993967413499,43.60368298528731],[-79.60047050660268,43.60368298528731],[-79.60136881919185,43.60256009583839]],[[-79.57262286125405,43.600538895097394],[-79.57211755621178,43.599865162040416],[-79.57105081579503,43.599865162040416],[-79.57060166084793,43.60076347284124],[-79.57161760782355,43.60157623112812],[-79.57217370540863,43.60143720689782],[-79.57262286125405,43.600538895097394]],[[-79.60518664118304,43.59964058419613],[-79.6059352189874,43.60001487493326],[-79.60518664118304,43.59941600616419],[-79.60508298907399,43.59946783213844],[-79.60518664118304,43.59964058419613]],[[-79.61005900087618,43.60275538031596],[-79.61010810189129,43.60281675671914],[-79.6101273518895,43.60278467319313],[-79.61005900087618,43.60275538031596]],[[-79.65743840822357,43.619852585986315],[-79.65728868871011,43.62030174079635],[-79.65751326663283,43.62030174079635],[-79.65818700040099,43.62120005205593],[-79.65843547081529,43.6210853744934],[-79.6586361562464,43.620750896803294],[-79.65841157832368,43.620750896803294],[-79.65818700040099,43.62007716316045],[-79.65751326663283,43.619852585986315],[-79.65743840822357,43.619852585986315]],[[-79.71638474774811,43.52443912313796],[-79.71590349330096,43.52395786787637],[-79.71567891627656,43.52395786787637],[-79.71495653783747,43.52375147421799],[-79.71638474774811,43.52443912313796]],[[-79.68670838041606,43.52305955687502],[-79.68679821284279,43.52287989424203],[-79.68657627506869,43.522953873306285],[-79.68670838041606,43.52305955687502]],[[-79.68767901277548,43.52152938502544],[-79.68875603261401,43.52086660752381],[-79.6878312691313,43.52126293382634],[-79.68767901277548,43.52152938502544]],[[-79.6911999361754,43.52081377914954],[-79.6911999361754,43.52103835592882],[-79.69164909202082,43.520589200882895],[-79.6914245140981,43.5190171563178],[-79.69075078032998,43.5185680012076],[-79.69007704656183,43.518792579180634],[-79.68946226383588,43.52043200269903],[-79.69030162538284,43.519915466929895],[-79.6911999361754,43.52081377914954]],[[-79.70153051523037,43.51834342305011],[-79.70108135938496,43.52014004509874],[-79.70130593730765,43.52014004509874],[-79.70332713681546,43.52126293382634],[-79.70467460435175,43.519466311992836],[-79.7060220700914,43.52014004509874],[-79.70624664801413,43.52014004509874],[-79.70692038178225,43.51969088987929],[-79.70516653078448,43.518960127985316],[-79.70512375929887,43.5190171563178],[-79.70175509225476,43.51766969007669],[-79.70153051523037,43.51766969007669],[-79.70175509225476,43.51834342305011],[-79.70153051523037,43.51834342305011]],[[-79.66635817953157,43.51316950245538],[-79.66627180112711,43.51295355579523],[-79.66611138447526,43.51295355579523],[-79.66635817953157,43.51316950245538]],[[-79.57217370540863,43.60660249590548],[-79.57149997164048,43.60732436919455],[-79.57149997164048,43.6081745396857],[-79.57239828333135,43.60862369586795],[-79.57262286125405,43.60862369586795],[-79.5736708951533,43.607706671220974],[-79.57284743917675,43.607500806928854],[-79.57217370540863,43.60660249590548]],[[-79.59844930709485,43.64096289811551],[-79.59822451447481,43.64111276094119],[-79.59844155553228,43.64098615188697],[-79.59844930709485,43.64096289811551]],[[-79.59305944144128,43.66948428053727],[-79.59373317431113,43.671056323236705],[-79.59440690718095,43.670831744887494],[-79.59526697579352,43.66868157432068],[-79.59305948995032,43.6694842597442],[-79.59305944144128,43.66948428053727]],[[-79.64858385819845,43.65739125203463],[-79.64881519684201,43.65753846902766],[-79.64875473303684,43.65735707695779],[-79.64858385819845,43.65739125203463]]],[[[-79.63325886535269,43.73326437183428],[-79.63303428742998,43.73259063780351],[-79.63401455601748,43.733244151316676],[-79.63368631610425,43.73353850158492],[-79.63333255595208,43.73385573132716],[-79.63316258841212,43.73400813902777],[-79.6328035991667,43.734330070168454],[-79.63264750790293,43.7344700351181],[-79.6324794349099,43.73462075495246],[-79.63238577925334,43.73470472862086],[-79.63225435752389,43.734822583253155],[-79.63220748253404,43.734864617342986],[-79.63204911134609,43.734901764523464],[-79.63184632026396,43.734949329964415],[-79.63170460294305,43.73498256382902],[-79.6315628892154,43.73501580870942],[-79.63142117189449,43.735049049027864],[-79.6312794491837,43.735082289976894],[-79.63113773096448,43.73511552636401],[-79.63099601723682,43.73514876403084],[-79.63081887305606,43.735190309141174],[-79.6305649579528,43.735249868527696],[-79.63028919222857,43.735314692460214],[-79.6302126467832,43.735184301338485],[-79.63012270745698,43.73503109242996],[-79.63003035435754,43.73487375826076],[-79.63002317681841,43.73486153099287],[-79.63033935415405,43.73438726126923],[-79.63280971040558,43.7339381047764],[-79.63325886535269,43.73326437183428]]],[[[-79.6392862824314,43.73708473022678],[-79.6365707453961,43.735085124475596],[-79.63440827143683,43.73348894880928],[-79.63550464278322,43.73348894880928],[-79.63662753239679,43.73281521600687],[-79.63662753239679,43.73191690528079],[-79.6388733098273,43.73191690528079],[-79.63999619944087,43.73101859406274],[-79.6404453552863,43.73259063780351],[-79.63977162061984,43.73326437183428],[-79.63752584318932,43.73259063780351],[-79.63662753239679,43.73348894880928],[-79.63752584318932,43.73483641569139],[-79.63932246567272,43.73595930485736],[-79.6404453552863,43.73483641569139],[-79.64161616552872,43.735031551324475],[-79.64063956386421,43.73590204645728],[-79.63946223275116,43.73695548074748],[-79.6392862824314,43.73708473022678]]]]}},{"type":"Feature","properties":{"FromBreak":8.0,"SUM_Shape_":557587076.648,"SUM_Analys":0.0,"Shape_Leng":187021.419114,"Shape_Area":35882752.4099,"Drive_Time":"8+"},"geometry":{"type":"MultiPolygon","coordinates":[[[[-79.61877971539867,43.486197367228996],[-79.61875524349372,43.48616004591711],[-79.6188034309222,43.48611428357776],[-79.61886220230132,43.48611026609984],[-79.61891282416423,43.48612099936111],[-79.61900716972693,43.48616964249285],[-79.61905298470474,43.486183774041045],[-79.61908230751224,43.48617532522401],[-79.61911330477943,43.48615497910175],[-79.61913854564229,43.4861322409968],[-79.61921092380305,43.48606306723219],[-79.61927323634104,43.48599102561776],[-79.61927368549871,43.48597736525145],[-79.61926966463948,43.485963753112785],[-79.61924065175074,43.48593221738973],[-79.61915383676505,43.48587469764843],[-79.61911975019162,43.48580322480286],[-79.61913765990343,43.48578156524213],[-79.61918230886799,43.48576230809237],[-79.61922718420801,43.48576118574699],[-79.61926696160879,43.485769242257284],[-79.61939286678405,43.48583918218546],[-79.61941476681237,43.48584729538916],[-79.61944273046886,43.48584137016956],[-79.61949905124392,43.485814012215414],[-79.61954163587995,43.48578447147697],[-79.61959292698774,43.48574243501507],[-79.61980270516615,43.48557902268442],[-79.6198329424586,43.485568411207986],[-79.61988453809526,43.48554138879224],[-79.61992356450448,43.48547319200844],[-79.61998303567121,43.48541765386948],[-79.6200302484276,43.48541049545451],[-79.6201016474247,43.48539268642504],[-79.6201740166023,43.485362211490084],[-79.6202418879153,43.48529255583476],[-79.62027287080943,43.48525678518591],[-79.62048770380794,43.484970237943074],[-79.62062508855425,43.4846820572835],[-79.62069257359165,43.484604232724735],[-79.62078461138239,43.48459010015523],[-79.62093250462088,43.48454530256701],[-79.62098804386163,43.48453457358826],[-79.62106612901938,43.48450746271944],[-79.62113112302852,43.48447052947763],[-79.62129393009735,43.48433761850381],[-79.62141260203795,43.48425232795851],[-79.62154599197618,43.48417146422132],[-79.62169661878806,43.48410127403166],[-79.62176828458482,43.484090625795595],[-79.62193406058566,43.48403440526797],[-79.62198852633963,43.484009926092384],[-79.62218612156617,43.48392585849116],[-79.62237736570364,43.48381279396607],[-79.62247710295468,43.48372829656059],[-79.62269045013971,43.48356680873821],[-79.62283698871876,43.4834604074768],[-79.62306192327263,43.48328199572793],[-79.6232651221899,43.483097057006354],[-79.62328561276153,43.48305828874353],[-79.62333188588013,43.48302061026229],[-79.62342473215465,43.48293482379391],[-79.62348855386232,43.482864939816956],[-79.62352834743277,43.4828290256382],[-79.62355939410732,43.48279646951448],[-79.62356798559468,43.482767111108195],[-79.62359730840218,43.482728246818844],[-79.62364726012188,43.482681932410884],[-79.62365624327472,43.4826469808351],[-79.62361925604122,43.4826056246273],[-79.62362885543834,43.48258127653696],[-79.62365128996426,43.482578404693555],[-79.62366939910206,43.48258573356462],[-79.62370062094807,43.48260768432341],[-79.62371870672969,43.48260564483317],[-79.62378123306672,43.48256722366604],[-79.62385744883038,43.48248853404628],[-79.62401268399968,43.48231028824498],[-79.62404966943656,43.48223952034772],[-79.62407857183251,43.482171618364184],[-79.62392005242253,43.48210238726781],[-79.62390899775464,43.48208726075737],[-79.62391275271253,43.48206051054404],[-79.624008619123,43.48197840543526],[-79.624062785738,43.481966759556485],[-79.62409770684638,43.481967534557945],[-79.62430109620648,43.48203005804495],[-79.62437407444183,43.48208451143048],[-79.62439709826258,43.482096094061106],[-79.6244488969185,43.482091801904744],[-79.62452411914543,43.48206873506265],[-79.62459089271714,43.482039054309254],[-79.6246399308502,43.4819989367744],[-79.62474473370112,43.48189638299477],[-79.62490408405274,43.481697235086],[-79.62507406416913,43.48135845725793],[-79.62542446192715,43.481615956634556],[-79.62562321867536,43.48241097585706],[-79.62539864075262,43.48241097585706],[-79.6247249078828,43.48308470870562],[-79.62472490878112,43.4846567538681],[-79.6245003308584,43.48488133222657],[-79.62427575293567,43.48510590909832],[-79.62113166381431,43.48780084269241],[-79.62090708678991,43.48780084269241],[-79.6191104634082,43.486453376259675],[-79.61895329506441,43.48637479142147],[-79.6189552111709,43.48637203381672],[-79.61890994506373,43.48631991108805],[-79.61888547765034,43.48627741746118],[-79.61882889007566,43.48624374216292],[-79.61877971539867,43.486197367228996]]],[[[-79.61821215261564,43.49094493144911],[-79.61641553013226,43.48959746476929],[-79.61574179726242,43.48959746476929],[-79.61574179726242,43.489822043659295],[-79.61551722023803,43.489822043007564],[-79.61529264231531,43.489822043659295],[-79.61515255543665,43.489962129769935],[-79.61514762188911,43.48992884039106],[-79.61515727698178,43.489892078608655],[-79.61523304179116,43.489783263419184],[-79.6152517528002,43.489734973174144],[-79.61526325662572,43.48968138174949],[-79.6153147875837,43.48958780943092],[-79.61541131335761,43.489361766536824],[-79.61541986981068,43.48930296093868],[-79.61546948376383,43.48906464941161],[-79.6155372436857,43.48895326489914],[-79.61553105968329,43.48887761416521],[-79.61544866081553,43.48878341428319],[-79.61543553463261,43.48871532608919],[-79.61539373871739,43.488654720414964],[-79.61536719619569,43.48861050588767],[-79.615334664606,43.488563826453756],[-79.6153124843033,43.488527473132464],[-79.61516335588131,43.4884312281969],[-79.61511538674345,43.48839452350785],[-79.61503741477341,43.48832851001833],[-79.614873275503,43.4882064864139],[-79.61481173910944,43.48816497107638],[-79.6147181391484,43.48808552360134],[-79.61463749199545,43.48802323058147],[-79.61433690222665,43.487836775423006],[-79.61421201663923,43.48778550774638],[-79.61410372922329,43.4877101208111],[-79.61406844968715,43.487677706140154],[-79.6140150394536,43.48756793671123],[-79.61392134606778,43.48749658448757],[-79.61382179566631,43.48739672395083],[-79.61380473216751,43.487372338686384],[-79.61372836369024,43.487321378242385],[-79.61360550110884,43.48721806964365],[-79.61352581515325,43.487164721696864],[-79.61345955362127,43.48710606647016],[-79.61320498095121,43.48693111001831],[-79.61314507499985,43.486881464446554],[-79.61307084361468,43.48682748269466],[-79.61302197166995,43.48677015998487],[-79.61299735154296,43.48674863177418],[-79.61288383862704,43.48665422196431],[-79.61279690686035,43.48655082814748],[-79.61277284368883,43.48652655008209],[-79.61270718762137,43.48647349286165],[-79.61266698621576,43.48648637295817],[-79.61261569061641,43.48647100443869],[-79.6123081110564,43.48622535396134],[-79.61228881434577,43.486181165681536],[-79.61232717330671,43.48610208058558],[-79.6095525199392,43.48403682796079],[-79.60953341906131,43.484008382007964],[-79.60954483036036,43.483980035113454],[-79.60990244608172,43.483581774537306],[-79.60993474949932,43.48356380984216],[-79.6100018859904,43.48355961295176],[-79.61003766678648,43.48357195854823],[-79.61066773614363,43.48399076940497],[-79.61068278472125,43.484028013842625],[-79.61064094029699,43.48417293725697],[-79.61064737313275,43.484301235264105],[-79.61065912668994,43.484374999602196],[-79.61069572135966,43.48448022408916],[-79.61077254977434,43.484605789177806],[-79.61084321035626,43.4847024593032],[-79.61090655685517,43.484760200462105],[-79.61249775080276,43.48594779591511],[-79.61253221017705,43.48593313312188],[-79.61259903674936,43.485925343857815],[-79.6126429967061,43.485928980716245],[-79.6127498540041,43.48595587456061],[-79.6128978667185,43.486033468608326],[-79.612999722197,43.48610613130403],[-79.6130440666327,43.486142823696575],[-79.61307552922719,43.48619046570139],[-79.61324181008122,43.48630793495081],[-79.61328695132256,43.486344565303334],[-79.61338199397795,43.48640633473461],[-79.61341608504297,43.48644440411614],[-79.61365063965523,43.48659994019996],[-79.61374545952842,43.48666846093929],[-79.61395990445475,43.48678250688051],[-79.61408554911858,43.486863874189225],[-79.61443735812992,43.48710113073676],[-79.61450345257526,43.48716015486068],[-79.61458843140453,43.48722182113278],[-79.61474954065747,43.48730923675875],[-79.61487091023888,43.4873833206923],[-79.61494039312947,43.48743798433018],[-79.61498849342136,43.48748112041786],[-79.61502220270239,43.48753590910312],[-79.61508373999429,43.48757742356953],[-79.61546336174516,43.48784269067069],[-79.61563619940246,43.48793329960099],[-79.6157355422931,43.48797416270135],[-79.61586299346898,43.48796705412194],[-79.61612795246035,43.487906612588525],[-79.6163067181002,43.487851406470355],[-79.61674872245766,43.487677531471746],[-79.61708926390041,43.48869915454525],[-79.61776299677022,43.4889237315615],[-79.61821215261564,43.48847457604226],[-79.61866130846107,43.48847457604226],[-79.6186613102577,43.490271198934174],[-79.61821215261564,43.49094493144911]]],[[[-79.60358654043941,43.494640868866995],[-79.60354709182202,43.494574223564605],[-79.60353088262102,43.494567859321435],[-79.6034590236865,43.49443870987602],[-79.60346784154933,43.49441636393958],[-79.60333770980067,43.49418512830289],[-79.60330918649375,43.49417151410381],[-79.60324084715852,43.49404443680216],[-79.60324350707006,43.49401846673057],[-79.60311040099947,43.49378335923117],[-79.60308292692483,43.493771421719636],[-79.60301638422015,43.49364010698168],[-79.60302482748551,43.49362071743884],[-79.60289226579398,43.49338381234362],[-79.60286847840527,43.49337510385916],[-79.60279536811754,43.493248394388615],[-79.60280296876316,43.49322321447222],[-79.60267388894165,43.49299365302166],[-79.60264506919071,43.492972449616],[-79.60257098782417,43.49283351681421],[-79.60257419121649,43.49280574755056],[-79.60259865593493,43.49276931401739],[-79.60264808753008,43.49274969479899],[-79.60270619864748,43.49275107508502],[-79.60273086997846,43.492761809773036],[-79.60275850664817,43.49278186431825],[-79.60284101151713,43.492924681318776],[-79.60283169778427,43.492940291276966],[-79.60296637321166,43.49318465277655],[-79.60298947698246,43.49319414266279],[-79.60306054539952,43.493320331549256],[-79.60305163411189,43.49333643147369],[-79.6031865745423,43.49358160336884],[-79.60320884826977,43.49359005440826],[-79.60328005412907,43.493718137560755],[-79.60327042149429,43.493735012881324],[-79.60340683426344,43.493979618151876],[-79.60342940263833,43.49398701536944],[-79.60349995901569,43.49411385949105],[-79.60349214367271,43.49413211365216],[-79.60362690174512,43.494376058470245],[-79.60365070620183,43.49438527837564],[-79.60372166771938,43.494512715987454],[-79.60371461863936,43.49452911406068],[-79.60375238201728,43.494597683152186],[-79.60397489561146,43.49453623815959],[-79.60401930023427,43.49462333365498],[-79.60379372967316,43.49468802779663],[-79.60398265795384,43.49481575932478],[-79.60423039624119,43.49497479938191],[-79.60630977962995,43.49634787340653],[-79.60620885570441,43.49640723973556],[-79.60490454862426,43.495545949470696],[-79.60485030924573,43.49552143455712],[-79.6042119888627,43.49510331491147],[-79.60389303842781,43.49489013968441],[-79.60365078615189,43.494723171817014],[-79.60362196819757,43.49465219363447],[-79.60358654043941,43.494640868866995]]],[[[-79.61214855409224,43.496783954978255],[-79.61080108565766,43.4956610662731],[-79.61057650773495,43.4956610662731],[-79.61035193071054,43.4956610662731],[-79.61035192981223,43.49543648824207],[-79.6101273518895,43.49543648824207],[-79.60969170670596,43.49517510193413],[-79.60988503583319,43.49513517363499],[-79.61006731568244,43.49506666119727],[-79.61028959122308,43.49496344274313],[-79.61079310592298,43.4946966826546],[-79.61107898757562,43.494566230789324],[-79.61122454429606,43.49451189552976],[-79.6114268655593,43.49443188097437],[-79.61150193417431,43.49442996309491],[-79.61169559747486,43.494400038171705],[-79.61184828592033,43.494351934087256],[-79.61214297735096,43.49421658933596],[-79.61244753767332,43.49408048246887],[-79.61295775380523,43.49379733650451],[-79.61331173494294,43.49353791835772],[-79.61382063234802,43.49313816717103],[-79.61396757786389,43.49299273218297],[-79.6142371173649,43.49273022285691],[-79.61434300448238,43.49259397643562],[-79.61439703455346,43.492495639519305],[-79.61451929885689,43.492165977612665],[-79.6145646601855,43.491839317605525],[-79.61461098630468,43.49175019650952],[-79.6146598699275,43.491667819123656],[-79.61574179726242,43.49296613212581],[-79.61596637518514,43.49319071022024],[-79.61372059775462,43.493864443402884],[-79.61349601893359,43.4938644427512],[-79.6130468639865,43.49453817688927],[-79.6132714419092,43.49543648824207],[-79.61214855409224,43.496783954978255]]],[[[-79.60197205497312,43.50812119391342],[-79.60199035994366,43.50806028195037],[-79.60204255295999,43.50868657747463],[-79.60136881919185,43.50936031106097],[-79.60119601387389,43.51022433538469],[-79.60117965016269,43.510168802416125],[-79.60112697295442,43.51006179911902],[-79.60110624971914,43.50983065727733],[-79.60116341221561,43.509680111001686],[-79.6014028060523,43.50927886069839],[-79.6015000127492,43.50908094518242],[-79.60155275553447,43.50900199757399],[-79.6017024094709,43.508797817437916],[-79.60187831128165,43.50845679205072],[-79.60197205497312,43.50812119391342]]],[[[-79.60134995726582,43.51074039187008],[-79.60131936513882,43.51065832574803],[-79.60159339621624,43.51093235573276],[-79.60154128674324,43.511453463691225],[-79.60151073054887,43.5112444760083],[-79.60148153889537,43.51097034906471],[-79.60134995726582,43.51074039187008]]],[[[-79.60151059400494,43.51154666595904],[-79.60153861515357,43.511480179387426],[-79.60151297723539,43.511736556827756],[-79.60148471623653,43.511714991912875],[-79.60148032796639,43.51167773262615],[-79.60151059400494,43.51154666595904]]],[[[-79.61349601803528,43.51205524447153],[-79.61214855229562,43.51138151099899],[-79.60967819784071,43.51138151034754],[-79.60877988614986,43.510258621452266],[-79.60855530912545,43.510034044945],[-79.60833073030442,43.510034044945],[-79.6078815753573,43.508461999027176],[-79.60698326276813,43.508237421698716],[-79.6060849528739,43.50868657812615],[-79.60496206326032,43.50733911119609],[-79.60496206326032,43.50711453294743],[-79.60473748533762,43.50711453294743],[-79.6042883303905,43.50531791075977],[-79.60361459572404,43.50486875402484],[-79.60300576793013,43.50507169775931],[-79.60311759021668,43.50435772174808],[-79.60323242275778,43.504014651403686],[-79.6034097349235,43.503514186991566],[-79.60343014644339,43.50343281670326],[-79.60356358758557,43.50272311786372],[-79.60361830396953,43.50247384745396],[-79.6035995588245,43.50238135834978],[-79.6036529906176,43.50222997639988],[-79.6040196074581,43.50076014034184],[-79.60451290741491,43.50150008732156],[-79.60563579702847,43.50217382227716],[-79.60586037405288,43.50217382227716],[-79.604962062362,43.503296711062255],[-79.60518664208135,43.50419502242995],[-79.61147481852748,43.50891115638949],[-79.61237313021833,43.50868657812615],[-79.61484348557157,43.50621622202227],[-79.6177629958719,43.50823742235025],[-79.61372059685631,43.51205524512301],[-79.61349601803528,43.51205524447153]]],[[[-79.60191931039121,43.51529395413662],[-79.60190788651575,43.51519966191563],[-79.60194564360545,43.51534124807084],[-79.60191931039121,43.51529395413662]]],[[[-79.71186109338703,43.519915466929895],[-79.71141193664329,43.51969088987929],[-79.71118736051721,43.51969088922789],[-79.6972635355971,43.51295355579523],[-79.69703895857272,43.51138151099899],[-79.69681438065001,43.51138151099899],[-79.69636522480457,43.510707777823384],[-79.69691801748769,43.51001678913916],[-79.69812546192571,43.50894349842082],[-79.70027592091805,43.51053212162684],[-79.70293175681788,43.51249391362869],[-79.70556636013767,43.51443985440577],[-79.70776180136954,43.51606127439115],[-79.71021874936717,43.5178756257461],[-79.71056535892964,43.51813157278867],[-79.71073169458091,43.518254392536456],[-79.71099599780213,43.518449555703576],[-79.71142773800914,43.51876835185948],[-79.71186108799714,43.519088328638084],[-79.71186109248873,43.51969088987929],[-79.71186109338703,43.519915466929895]]],[[[-79.70332713681546,43.52126293382634],[-79.70130593730765,43.52014004444735],[-79.70108135938496,43.52014004509874],[-79.70153051523037,43.51834342305011],[-79.70175509135646,43.51834342370154],[-79.70153051523037,43.51766969007669],[-79.70175509225476,43.51766968942527],[-79.70512375929887,43.5190171563178],[-79.70516653078448,43.518960127985316],[-79.70692038178225,43.51969088987929],[-79.70624664801413,43.52014004509874],[-79.70602206919308,43.52014004509874],[-79.70467460435175,43.519466311992836],[-79.70332713681546,43.52126293382634]]],[[[-79.60131388900884,43.52617496374033],[-79.60137812483988,43.526157119185946],[-79.60136881919185,43.526203645803804],[-79.60147442962823,43.52641486784731],[-79.60143913571903,43.52640541119015],[-79.60133919994028,43.52636567158969],[-79.60130193782231,43.526336332410715],[-79.60128319716887,43.52631259531428],[-79.60126267874945,43.52626557116341],[-79.60127738686559,43.52621173730087],[-79.60131388900884,43.52617496374033]]],[[[-79.6065341060244,43.52811255705596],[-79.60563579702847,43.528000268260215],[-79.60541121910576,43.52800026891155],[-79.6042883303905,43.525754490784294],[-79.60406375156948,43.52552991202042],[-79.60383917364676,43.52530533502576],[-79.60383917364676,43.52508075719509],[-79.60339001869964,43.5244070232461],[-79.60249170790712,43.5241824453279],[-79.6019669750002,43.524707180863565],[-79.60195391888585,43.52468751535632],[-79.60191905347304,43.5246691186697],[-79.601648254534,43.52457226175471],[-79.60159704427461,43.524541069264224],[-79.60156716720658,43.52446841438838],[-79.60158685558265,43.52441009762466],[-79.60163206509597,43.52436679837475],[-79.60173813457145,43.52431588673865],[-79.60188824305543,43.524285592982345],[-79.60196655728359,43.52425965480856],[-79.60203333804179,43.52421528071737],[-79.60205907297807,43.524176408580225],[-79.60215959266172,43.523865924961484],[-79.60213839960755,43.522613392989506],[-79.60213781121104,43.52229145407638],[-79.6021475309824,43.52223308440107],[-79.60213000754617,43.52221218112596],[-79.60209372010027,43.52219506559108],[-79.60195382366442,43.52220700595048],[-79.60191339857832,43.522200162602566],[-79.60187937578527,43.522187556536174],[-79.601846440852,43.52217135357145],[-79.60182828140852,43.522140544151306],[-79.60183969001264,43.52210277476015],[-79.60185714427861,43.52208444958811],[-79.6018833984411,43.52207130220352],[-79.60199475899363,43.522045748041435],[-79.60214536514425,43.52205048355138],[-79.60221822300538,43.52196868814971],[-79.60219599958356,43.52075899264823],[-79.60221069691993,43.520461557104056],[-79.60216375455644,43.52028343705658],[-79.60214766123812,43.52012817207563],[-79.60209189831687,43.51999368307187],[-79.60209264841012,43.51982413147388],[-79.60210948553349,43.51964657561367],[-79.60216602280252,43.519576052749855],[-79.60217892081337,43.51936644895512],[-79.60222814130441,43.51902226206607],[-79.60220741447588,43.51846990462483],[-79.6022026201672,43.517641403278944],[-79.60221031783087,43.51762792791108],[-79.60221155570933,43.51760323891347],[-79.60217345815815,43.51756810886272],[-79.60213496983978,43.517513685515596],[-79.60210618602144,43.517451661275295],[-79.60212119776816,43.517242268329376],[-79.60208552297328,43.5167090897663],[-79.60201931264527,43.515965517623464],[-79.60200081274031,43.51587677349357],[-79.60200943207545,43.51559563652873],[-79.60200406464163,43.51556032616129],[-79.6022671299844,43.51654680092196],[-79.60316544167524,43.516995956094746],[-79.60383917364676,43.51609764436021],[-79.60675868664205,43.515199334887306],[-79.60720784069083,43.51542391171773],[-79.6078815753573,43.5149747559182],[-79.6081061523817,43.513851866777],[-79.61035192981223,43.513851866777],[-79.6101273518895,43.51407644471325],[-79.61012735278781,43.51430102311665],[-79.60922904019864,43.5149747559182],[-79.60922904109695,43.51654680092196],[-79.60967819694238,43.517220534707434],[-79.60990277576343,43.517220533404554],[-79.61035193071054,43.5174451118328],[-79.6109133768648,43.516995956094746],[-79.61102566358036,43.516995956094746],[-79.61147481852748,43.51654680157341],[-79.6130468639865,43.516546800270525],[-79.6132714419092,43.51654680157341],[-79.61416975270173,43.51699595674618],[-79.6142595806369,43.516995956094746],[-79.61461890764885,43.51722053405599],[-79.61394517657564,43.51789426878746],[-79.61282228606377,43.51766968942527],[-79.61218063472768,43.51831134076021],[-79.61192397616952,43.51811884470818],[-79.61035192981223,43.51834342370154],[-79.60877988614986,43.52014004509874],[-79.6081061523817,43.51991546627849],[-79.6078815753573,43.518792579180634],[-79.60675868574373,43.517894266181806],[-79.60586037315456,43.51834342305011],[-79.60563579702847,43.5190171563178],[-79.60541121910576,43.51901715566637],[-79.60451290831323,43.5190171563178],[-79.60383917364676,43.51924173392184],[-79.60361459662235,43.51924173392184],[-79.60339001869964,43.51924173392184],[-79.60300823829716,43.519623516601136],[-79.60271628493149,43.51969088987929],[-79.6026414247256,43.51999032771517],[-79.60249170880542,43.52014004509874],[-79.60257097075619,43.520272149666745],[-79.60249170880542,43.52058920023149],[-79.60339001780133,43.521712090370436],[-79.60271628493149,43.521936667714236],[-79.60249170790712,43.52261040124347],[-79.60271628493149,43.52261040124347],[-79.60271628493149,43.52305955687502],[-79.60294086285421,43.52305955687502],[-79.60340404948607,43.52339642417244],[-79.6042883303905,43.5244070232461],[-79.60541121910576,43.52485617917971],[-79.60586037405288,43.52597906806076],[-79.60675868574373,43.52597906806076],[-79.60688345095691,43.5262285996308],[-79.60668382643617,43.52672765967421],[-79.60653410782103,43.52687737922688],[-79.60659480518814,43.52695021617738],[-79.60653410782103,43.52710195753347],[-79.60765699743457,43.528224846945264],[-79.6065341060244,43.52811255705596]]],[[[-79.60155806547613,43.52805988678238],[-79.6015708242481,43.527748549086446],[-79.60155720129681,43.52767698642294],[-79.60151415313008,43.52764106567769],[-79.60137273045659,43.52761706596268],[-79.60130696120137,43.52760086380493],[-79.60124173273196,43.527578771782004],[-79.6011551540032,43.52753701061338],[-79.60113147261569,43.527516512341855],[-79.60110870481479,43.527487228433344],[-79.60110989059098,43.527445561642594],[-79.60114424396409,43.52738845790808],[-79.60118415251888,43.52736957616091],[-79.60125795630599,43.527356868917536],[-79.60131572696193,43.527361206705656],[-79.60152460233347,43.527369723359065],[-79.60157960887327,43.52731630146487],[-79.6016600790581,43.52710918265147],[-79.60171827641378,43.526902563344045],[-79.60204255206166,43.52755111228949],[-79.6022671299844,43.52777569004161],[-79.60249170790712,43.52777568939033],[-79.60254784901909,43.52777569004161],[-79.60260399462265,43.527850550192056],[-79.60204255206166,43.52822484629396],[-79.60136882009016,43.528898579286086],[-79.60136881919185,43.52912315723167],[-79.60114424216744,43.52912315723167],[-79.60098952622438,43.52931655278685],[-79.6009953113748,43.52929942037996],[-79.60110092181118,43.52907783842388],[-79.60144458579785,43.52842262673016],[-79.6014855435849,43.5283315366707],[-79.60155806547613,43.52805988678238]]],[[[-79.59967663933494,43.532069492485206],[-79.59968215948238,43.53203336985735],[-79.59979677373283,43.53249182376307],[-79.59950858790148,43.532837649226416],[-79.5995790122265,43.532610465081376],[-79.59961590783186,43.532277360806354],[-79.59967663933494,43.532069492485206]]],[[[-79.59705609195443,43.53685294347917],[-79.59709839451946,43.53662569175569],[-79.59715448712244,43.536546423315826],[-79.5972146580768,43.536489678554624],[-79.59728317887172,43.53645161663233],[-79.5973441798694,43.536450437921665],[-79.59738684176055,43.536467066205674],[-79.59738305176839,43.53650190652899],[-79.59736312713538,43.536519122851075],[-79.59729203715875,43.536571979800954],[-79.59729987585791,43.53658494103226],[-79.5973345409464,43.536609475737436],[-79.59743427011261,43.536599991373755],[-79.59749858948696,43.53660821888352],[-79.59753898942024,43.53662280620213],[-79.59759305183067,43.53665088612935],[-79.5976554245558,43.536631448535516],[-79.59784409322333,43.536506261893635],[-79.59801015578675,43.536280924762266],[-79.59801134425788,43.53623925753417],[-79.59800348489746,43.53620179913846],[-79.5980979140035,43.53612602396293],[-79.5982648641024,43.53585142785989],[-79.59824905914331,43.535836833842396],[-79.59817094613777,43.53580887922315],[-79.59813343518645,43.5357889268874],[-79.59813019855648,43.53577219487104],[-79.59814958599695,43.53575606393426],[-79.5983030146542,43.535759485490594],[-79.59837440466816,43.53570869743551],[-79.59854115983268,43.53548242475976],[-79.59868289152662,43.535131779689856],[-79.5986690601662,43.53504386021412],[-79.59854690006733,43.534999238771356],[-79.59847397573088,43.53496268743035],[-79.59846620979525,43.534932981227634],[-79.59846354000221,43.534886926978665],[-79.59850175792766,43.53483421247555],[-79.5986337608671,43.53481761565195],[-79.59877085455923,43.53483049194804],[-79.59884024312674,43.53484272091007],[-79.59891708052454,43.534808120586604],[-79.59899235934537,43.534681082590254],[-79.59905673261862,43.534446718272285],[-79.59979677373283,43.53518675632334],[-79.59957219581011,43.53586049099697],[-79.59889846204199,43.53586049099697],[-79.59800015214775,43.53675880152],[-79.59705678186056,43.536947476672196],[-79.59705609195443,43.53685294347917]]],[[[-79.59664639281124,43.53729272826379],[-79.59667861448214,43.53728135288682],[-79.59642810668876,43.53765711298723],[-79.59665268461146,43.538106269237595],[-79.59604404097219,43.538309150038565],[-79.59604098220863,43.53826698408904],[-79.59606434469424,43.538239422620045],[-79.59611325796146,43.53819935544739],[-79.5963251894016,43.53794062954366],[-79.59633417075781,43.53789719218285],[-79.5963245776489,43.537831174211234],[-79.59627249871862,43.537627886750194],[-79.59625198119753,43.537580861652984],[-79.59628994310312,43.537515285506466],[-79.59632829308092,43.53746900400366],[-79.5964958944584,43.53734836911672],[-79.59664639281124,43.53729272826379]]],[[[-79.59585687788103,43.53853996594065],[-79.59598997047691,43.538430035017775],[-79.59600774274651,43.538589976685174],[-79.59575437381892,43.538780001898076],[-79.59620352786771,43.540352047187305],[-79.59367081056915,43.53964289060571],[-79.59381706078898,43.53960730062714],[-79.59417618927327,43.53951388969445],[-79.5944400289638,43.53941742388796],[-79.59464488617107,43.53932503568106],[-79.5950260682956,43.53908216073864],[-79.5950654881669,43.5390265325559],[-79.59516217833249,43.539005044467515],[-79.59543148606814,43.53883091630309],[-79.59553759776445,43.53873023616113],[-79.59568453339884,43.53865569427508],[-79.59585687788103,43.53853996594065]]],[[[-79.58248022039376,43.54337516276903],[-79.58256026298052,43.54328879592774],[-79.58265966156672,43.54330809919253],[-79.58284017532813,43.54330946529952],[-79.58308516117746,43.54348330379294],[-79.58357008973412,43.54388359280064],[-79.58410213672408,43.54433185098106],[-79.58385175020325,43.54439444662887],[-79.58363653721737,43.54439444728002],[-79.58365711223065,43.544284939201134],[-79.58365778866207,43.544195296487146],[-79.58363585449777,43.54414955013842],[-79.58360202394417,43.5441105729925],[-79.58343369852454,43.54395796934502],[-79.5833624261899,43.543901772005825],[-79.58295718538545,43.543572181168635],[-79.58275543185748,43.54347992760389],[-79.58248022039376,43.54337516276903]]],[[[-79.58587295150768,43.54461902416945],[-79.58475006189411,43.544169869554],[-79.58449237745992,43.54423429050786],[-79.58454037354724,43.54421601308121],[-79.58462033259066,43.54416121397604],[-79.58464180502092,43.54413228129942],[-79.5846954775625,43.544071512475576],[-79.58529113425773,43.54318039800237],[-79.58533967472411,43.54302676578734],[-79.58502149055215,43.54296980964034],[-79.58502568119296,43.54295012143694],[-79.58523049078954,43.542978830033846],[-79.5852385989833,43.542968507338465],[-79.58526894227694,43.542942374691016],[-79.58531938537509,43.54290956837985],[-79.58557744530509,43.542761638274676],[-79.58564310047426,43.54271241302597],[-79.58596614992177,43.5425002680687],[-79.58616394187936,43.54239994893461],[-79.58637527863478,43.54228085283298],[-79.58661721380541,43.54213488508362],[-79.58670842155284,43.542063783582115],[-79.58681606757166,43.54200070886412],[-79.58709677043669,43.541851237179465],[-79.587650432689,43.541527297676154],[-79.58774880000925,43.541461378749574],[-79.5878237275888,43.54140351469804],[-79.58791274704018,43.541317055822],[-79.58792505306127,43.54129671265396],[-79.58811872803989,43.541587225804754],[-79.5881187289382,43.54169951274563],[-79.58824874749915,43.541782252928044],[-79.58834330596261,43.54192409120923],[-79.58699584112127,43.542597824836534],[-79.58677126230023,43.542597825487675],[-79.58587295150768,43.54461902416945]]],[[[-79.58222487876583,43.54759204365429],[-79.5820950910719,43.54754255344493],[-79.58202218021019,43.54751789166608],[-79.58191831070882,43.54749613900115],[-79.58154986130515,43.547352063615676],[-79.58142081022974,43.54729651142931],[-79.58131505606292,43.54721387908513],[-79.58122422201467,43.54709342647246],[-79.58119102746828,43.54701050931601],[-79.58120587572161,43.54689152259346],[-79.58124405322286,43.54678242404105],[-79.58127796462485,43.546749563173016],[-79.5813411682916,43.546722417083494],[-79.58140446538316,43.54674622297797],[-79.58143456882665,43.54679274999001],[-79.58137813486385,43.546953863604664],[-79.58138221501189,43.546976676468525],[-79.58143558571953,43.546975811797545],[-79.58150236468114,43.546963254533445],[-79.58168693972593,43.546932629018315],[-79.58173176116705,43.54691963354934],[-79.5818165944692,43.54683030989019],[-79.58181338748363,43.546682451912645],[-79.58184041329896,43.54652165661773],[-79.58188265837181,43.546425516511775],[-79.58204912607545,43.546330457102854],[-79.58216289950279,43.546229355841284],[-79.58242498119031,43.545933199023324],[-79.58248283988114,43.545743493266855],[-79.58246167736968,43.545532251014855],[-79.58243596848456,43.545455659986374],[-79.5824545860688,43.54536770412498],[-79.5825005636417,43.545201736678344],[-79.5824289885748,43.54508566864843],[-79.58242871279202,43.545058616874314],[-79.58245332483415,43.545047172640636],[-79.58252682588902,43.54503569129041],[-79.58255672541495,43.54504560407197],[-79.58265671958416,43.545176476858195],[-79.58273348601509,43.54515731288178],[-79.58318476278289,43.54500258204112],[-79.58342585443549,43.54486788999749],[-79.5834489537147,43.54483999816698],[-79.58317801733344,43.5455173357321],[-79.5837349737079,43.54644559685271],[-79.58350468878817,43.54670146695098],[-79.58317801733344,43.546864803044215],[-79.58310891622682,43.547141208548716],[-79.58295343941073,43.547313957764324],[-79.58302829961661,43.547463678299124],[-79.58298486158104,43.54763742668101],[-79.58282771659344,43.54761806750563],[-79.58253297036556,43.54759281130241],[-79.58246243375113,43.54761468243274],[-79.5824512766753,43.547648451114284],[-79.58242766176312,43.54778244287348],[-79.58244895183535,43.5478981039836],[-79.58242711289247,43.54793961405339],[-79.58238942856632,43.54794144559],[-79.58231849848978,43.54793043488335],[-79.5822838747238,43.5478879716],[-79.58226567126287,43.54777258328102],[-79.58227663160767,43.54772237375478],[-79.5822782036594,43.54766279876135],[-79.58226249931161,43.547619944629034],[-79.58222487876583,43.54759204365429]]],[[[-79.58016270889455,43.54829492069423],[-79.57995763878655,43.54826632661709],[-79.57883408352136,43.548260507792044],[-79.57860682772078,43.54825352741498],[-79.57823179456437,43.548244083948546],[-79.57703397916791,43.54820752501029],[-79.57647636253171,43.548177048576925],[-79.57646161129641,43.54813571316414],[-79.57648763279526,43.54808927248218],[-79.57655405422736,43.54808236110141],[-79.57783586839112,43.54811611194135],[-79.57817705212929,43.548121094773975],[-79.57829093604944,43.54811610087274],[-79.57837209434378,43.54812748462301],[-79.57859227321654,43.54813225975534],[-79.57881617650449,43.548134341306664],[-79.57889292227414,43.548138301267336],[-79.57903999445247,43.548142578311044],[-79.57956325771558,43.548152831755495],[-79.57962870357727,43.548156616570445],[-79.57971024185898,43.54815675525365],[-79.57999992428361,43.54816713500808],[-79.58021476087539,43.54816982988946],[-79.58043815661517,43.548183273042],[-79.58050213103645,43.54833134545432],[-79.58059468176523,43.54849380141325],[-79.58069081677199,43.5486299841639],[-79.58075922078592,43.548715572463685],[-79.58092331064898,43.548883727654626],[-79.5809946395775,43.54894482889014],[-79.58074060948988,43.54883595933034],[-79.58062934685373,43.54872785134779],[-79.58059450030554,43.54867560210345],[-79.58042432255981,43.54843926402919],[-79.58039880411752,43.548413206024556],[-79.58030807247721,43.548354892880646],[-79.58016270889455,43.54829492069423]]],[[[-79.58348773218889,43.549053818704024],[-79.58359824024019,43.54873031767195],[-79.58385175110158,43.549110580939335],[-79.58362717317885,43.549110580939335],[-79.58352599233514,43.54914430776442],[-79.58348773218889,43.549053818704024]]],[[[-79.58243690991898,43.549716940161034],[-79.58230958271061,43.5495896138963],[-79.58233082427381,43.549595151326784],[-79.58240503948933,43.549608335031856],[-79.58257773251788,43.54963741743267],[-79.58256553249798,43.54966181661072],[-79.58243690991898,43.549716940161034]],[[-79.58224213989402,43.55159373203308],[-79.57931157941738,43.54991224047892],[-79.58058551535608,43.55064320033305],[-79.58224213989402,43.55159373203308]]],[[[-79.57623744120885,43.54746486265438],[-79.57639417746299,43.54743703648466],[-79.57642065081441,43.5474697706641],[-79.57635011330167,43.54758264110364],[-79.57504458361443,43.54843815587084],[-79.57491431532182,43.548498715850116],[-79.57481276077894,43.54856042559449],[-79.57473375305138,43.54865301125299],[-79.5747371441916,43.548680360915114],[-79.57501976046818,43.548836982840044],[-79.57509639305013,43.54888550447122],[-79.5755392274509,43.54913817845689],[-79.5757753595048,43.549281825718296],[-79.57610183153355,43.549454503039804],[-79.57657696575869,43.54973263179161],[-79.57665387232679,43.549773002514605],[-79.57697487631042,43.54995901831549],[-79.5775587929232,43.55027785172847],[-79.57769229065926,43.5503310416843],[-79.58068211569014,43.55205563754213],[-79.58058983894753,43.55214791574353],[-79.57588579299593,43.54947421385999],[-79.57581404814746,43.54943991491921],[-79.57538669171903,43.54918225229201],[-79.57534656846686,43.54915028146223],[-79.57503916677327,43.548973751443874],[-79.57477077262426,43.54883872970797],[-79.57468857497912,43.54878596750228],[-79.57456619479302,43.548679021624444],[-79.57457891942902,43.5486311528701],[-79.57462642413788,43.54856063459455],[-79.57481861599797,43.548408079324695],[-79.57623744120885,43.54746486265438]]],[[[-79.58033813459818,43.553329243539196],[-79.58043667888654,43.553238342143075],[-79.58048308405748,43.553377559731935],[-79.58033813459818,43.553329243539196]]],[[[-79.61574179816076,43.55899200419064],[-79.61282228696209,43.55697080377473],[-79.6116993973485,43.557195380679175],[-79.61147482032412,43.557195381330175],[-79.61278485596083,43.55544866585312],[-79.6130468639865,43.555623336489305],[-79.61439433062445,43.55539875828305],[-79.61506806618922,43.554725026454754],[-79.61529264231531,43.55450044815581],[-79.61529264321364,43.554275870321966],[-79.61529264321364,43.5539764334274],[-79.61574179726242,43.553826714096616],[-79.61686468597769,43.55360213765825],[-79.61742613123363,43.55337755842986],[-79.61753841884752,43.55337755908086],[-79.61798757559124,43.55315298161979],[-79.61843673143669,43.55292840397274],[-79.61877360595643,43.55249528473927],[-79.61911046430652,43.55225466991685],[-79.62000877509905,43.55090720329878],[-79.62023335302176,43.551169213508295],[-79.62023335302176,43.55135635914722],[-79.62045793094448,43.55158093679279],[-79.62045793094448,43.551805514903634],[-79.62135624173703,43.55247924812127],[-79.6220299764035,43.55247924812127],[-79.62225455252955,43.55247924877234],[-79.62251121468098,43.55228675238273],[-79.622703708375,43.55225466991685],[-79.62282620713873,43.55205050854787],[-79.62315286601705,43.551805514252564],[-79.62322196622533,43.55139091025973],[-79.62337744124483,43.55113178131586],[-79.62337744214315,43.55090720329878],[-79.62337744214315,43.55068262509593],[-79.6233464655372,43.550643905439756],[-79.62337744214315,43.550458047358376],[-79.623197778188,43.550458046707305],[-79.6224791313506,43.54955973585303],[-79.62225455342788,43.54933515783794],[-79.62607237631741,43.548886003203926],[-79.62649187428374,43.54869956088355],[-79.62674610918722,43.548661425282866],[-79.62773702011589,43.54814616258938],[-79.62809357582522,43.54798769105677],[-79.62854273167065,43.54776311369529],[-79.62854273167065,43.547727197100585],[-79.63236055366184,43.5457419136473],[-79.63258513158456,43.54574191494952],[-79.63264638051726,43.54570108183488],[-79.63280971130389,43.545741914298425],[-79.63310914853419,43.54544247537299],[-79.63404792034544,43.54538380253865],[-79.63579757082096,43.545585686725026],[-79.63595379862865,43.545741914298425],[-79.63644378380204,43.54566024934366],[-79.63909788775003,43.545966492028036],[-79.63999619944087,43.54506817999627],[-79.63995342256536,43.54489707430839],[-79.63999619944087,43.54484360282672],[-79.63992527924583,43.54478450226734],[-79.63954704269713,43.543271558748465],[-79.6406699323107,43.54282240190736],[-79.64072607432102,43.54276625885757],[-79.64111908905444,43.542597824836534],[-79.64156824400155,43.54192409120923],[-79.64246655479411,43.54214866883628],[-79.64224197687139,43.54214866948745],[-79.64201739805036,43.54214866883628],[-79.64044535438798,43.5437207141966],[-79.64022077736358,43.54439444662887],[-79.6406699323107,43.54506817999627],[-79.64156824400155,43.54529275828251],[-79.64269113181851,43.544169869554],[-79.64493691104565,43.54439444728002],[-79.64516148807006,43.54439444728002],[-79.6462843767853,43.54551733508098],[-79.6476318443216,43.54484360282672],[-79.64808100016701,43.5437207141966],[-79.64650895470803,43.54169951274563],[-79.64808100106535,43.54080120224662],[-79.64808100016701,43.539453735495904],[-79.64830557719141,43.53945373614711],[-79.64897931095956,43.53967831320834],[-79.64920388888228,43.53967831255717],[-79.64987762175211,43.539229158900575],[-79.65010220057314,43.53675880217118],[-79.65055135462194,43.53653422400417],[-79.65122508928839,43.53900457951519],[-79.65279713295077,43.53967831255717],[-79.65302171087347,43.53967831320834],[-79.6548183342552,43.54214866818516],[-79.65683953376299,43.542597824836534],[-79.65594122297045,43.543271558748465],[-79.65436917840977,43.54327155744615],[-79.65369544374332,43.542822402558535],[-79.65302171087347,43.54327155809732],[-79.65279713205244,43.54327155809732],[-79.6518988212599,43.54237324692909],[-79.65212340097926,43.54237324692909],[-79.65257255592635,43.541474936050086],[-79.65212340008095,43.54080120224662],[-79.65055135552025,43.54080120224662],[-79.64920388888228,43.54214866818516],[-79.64965304293109,43.543496135914125],[-79.6496530438294,43.5437207141966],[-79.64942846590668,43.5439452909913],[-79.64942846590668,43.54461902482055],[-79.64987762175211,43.54529275828251],[-79.64942846590668,43.5455173357321],[-79.64920388888228,43.545741914298425],[-79.64920388888228,43.545966492028036],[-79.64740726639887,43.547313957764324],[-79.64718268757785,43.547987691707895],[-79.64830557719141,43.549110580939335],[-79.64650895470803,43.55068262509593],[-79.64650895470803,43.55045804605623],[-79.64583522183818,43.550233470086155],[-79.64471233312292,43.55068262509593],[-79.64448775520022,43.55068262509593],[-79.64403859845648,43.55068262509593],[-79.64381402233039,43.55090720329878],[-79.64358944440768,43.55090720329878],[-79.64336486558665,43.55113178131586],[-79.64314028676563,43.55113178131586],[-79.6422847537469,43.55134566417767],[-79.64224197687139,43.55113178131586],[-79.64156824400155,43.55068262509593],[-79.64022077736358,43.55068262509593],[-79.63999619944087,43.55068262509593],[-79.63909788864834,43.550458046707305],[-79.63797499903475,43.550233470086155],[-79.63775042021372,43.550233470086155],[-79.63752583690113,43.55019891896116],[-79.63617837744967,43.54978431368239],[-79.63483090991339,43.54978431368239],[-79.63370802119812,43.550458046707305],[-79.63236055366184,43.550458046707305],[-79.63213597484082,43.55045804605623],[-79.6319113969181,43.550458046707305],[-79.63078851359273,43.550832343122686],[-79.63011477712963,43.55090720394982],[-79.62955333007706,43.55124407066169],[-79.62921646454045,43.55135635914722],[-79.6291523023713,43.5514846875657],[-79.62899188661775,43.55158093614172],[-79.62899188661775,43.551805516856774],[-79.62876730869503,43.55225466991685],[-79.6278689979025,43.552703824837835],[-79.62741984295538,43.55292840332175],[-79.62741984295538,43.552703824837835],[-79.62674610918722,43.55247924812127],[-79.62607237721572,43.55292840332175],[-79.6260723754191,43.55315298096872],[-79.62517406462653,43.55315298096872],[-79.62494948670384,43.55315298096872],[-79.6245003308584,43.55337755842986],[-79.6245003317567,43.55360213635617],[-79.62427575293567,43.55360213700721],[-79.62427575293567,43.553826714096616],[-79.6240511759113,43.55405129230224],[-79.6240511759113,43.554275870321966],[-79.624275753834,43.554725026454754],[-79.62180539668414,43.55539875828305],[-79.62158081876143,43.555398758934096],[-79.62113166291601,43.55652164810584],[-79.6186613093594,43.557644537185084],[-79.61843673053836,43.557644537185084],[-79.61708926390041,43.55921658007174],[-79.61574179816076,43.55899200419064]]],[[[-79.55696991775258,43.56286168428566],[-79.55703668323945,43.56281222419044],[-79.55693733136565,43.56330897073726],[-79.55693438848478,43.56331053817965],[-79.55652589937226,43.56354654910204],[-79.55644229766034,43.5636051105217],[-79.5562137869133,43.563800650286545],[-79.55614005858469,43.56385130532019],[-79.556049411386,43.563858992097394],[-79.55597983596891,43.56382578057821],[-79.55595133422159,43.56377800782423],[-79.55594908933169,43.56373536238161],[-79.5560397203607,43.56361567768639],[-79.55627155397598,43.56341382590321],[-79.55656626157628,43.56323852171086],[-79.55689368671757,43.56296009076648],[-79.55691849369413,43.562918880708494],[-79.55696991775258,43.56286168428566]]],[[[-79.5626542637327,43.56398346776052],[-79.5622594119445,43.56364215026802],[-79.56211936279509,43.56353123795605],[-79.56208102808864,43.56353785074167],[-79.56201002345195,43.56356305860343],[-79.56192041470574,43.56356369260777],[-79.56183935881934,43.56355878655968],[-79.56177067722597,43.563546069367575],[-79.56160986890865,43.563481863682334],[-79.56144446301371,43.563401486871044],[-79.56135717281923,43.56336675647861],[-79.56126195409406,43.563322424833345],[-79.56103997320085,43.563256183446015],[-79.5608380103654,43.56317855847691],[-79.56070605593499,43.563150544933336],[-79.56064829875379,43.563115104878904],[-79.56053232265735,43.56288315280409],[-79.56068637833869,43.562775871974246],[-79.56083600263074,43.562685413796515],[-79.56093684211463,43.562638014427876],[-79.56101056146012,43.562596540519316],[-79.56107765213712,43.562549948245604],[-79.5612861538095,43.56242163948482],[-79.56166693348877,43.56215839518829],[-79.56187484137475,43.56198125753479],[-79.56204617704888,43.56184117453491],[-79.56209729208686,43.561809204561996],[-79.5621570848505,43.56180323602471],[-79.56228006690783,43.5618392614014],[-79.56236577157583,43.56190913402367],[-79.56243282272695,43.562029482818495],[-79.56247885330043,43.562226093942044],[-79.56251492335403,43.56233359511832],[-79.56270402590786,43.5626458439154],[-79.5628361644929,43.562812616705216],[-79.56344917304617,43.56349238465265],[-79.56355465053186,43.56360344089125],[-79.56367999695503,43.56370293320856],[-79.56379576374403,43.56381912811776],[-79.56421071264174,43.563811778515024],[-79.56450467194543,43.56390651092643],[-79.56496658386787,43.56390184054106],[-79.56539297460739,43.563794935156714],[-79.56521179429605,43.56415729284302],[-79.56363974793874,43.56415729284302],[-79.56340037117002,43.564556256626226],[-79.56337178408275,43.56453201774604],[-79.56314278734713,43.5643818188777],[-79.5630300442874,43.56428861817909],[-79.5626542637327,43.56398346776052]]],[[[-79.55633218576608,43.56786114748298],[-79.55646025408454,43.56785463996401],[-79.55650946918571,43.5678815194366],[-79.55618024202396,43.56799126256801],[-79.55633218576608,43.56786114748298]]],[[[-79.54337276428723,43.57723839359515],[-79.54322029413238,43.57717974325718],[-79.54318869948551,43.577183457916945],[-79.54313980508292,43.577160812675864],[-79.54309672098357,43.57712370249777],[-79.54299275985407,43.57699012805411],[-79.5429890246591,43.57693585855222],[-79.54301259645216,43.576860410515735],[-79.54305375636017,43.57679323582154],[-79.54310717737349,43.576734074833645],[-79.5431735871275,43.57668691104095],[-79.54329237584909,43.57662179524445],[-79.5433260366211,43.57656181669841],[-79.54336995345872,43.5765000809632],[-79.54340105852373,43.576359400459886],[-79.5434132046447,43.57627467402362],[-79.5434040831513,43.57618927259683],[-79.54336508548819,43.576104405349916],[-79.54325318235324,43.57598052287782],[-79.5431858590126,43.57592720327735],[-79.54292832549535,43.5756246297576],[-79.5428819553587,43.57554965646299],[-79.54285915971006,43.57549367926648],[-79.54285206481595,43.575454387230195],[-79.54274175708895,43.57532246667476],[-79.54264391348651,43.575170349462546],[-79.542616847247,43.57510096991211],[-79.542611986463,43.57504936375157],[-79.54263869607135,43.57498835536733],[-79.54274492904021,43.57485914114572],[-79.5428112732172,43.57479547597425],[-79.54294328963135,43.57473079091964],[-79.54302914791127,43.574695691542864],[-79.54311757088132,43.574668090761456],[-79.54321328098494,43.574648614663666],[-79.54333794738343,43.57464486340223],[-79.54347695358884,43.57464984469209],[-79.54360439398494,43.574663237682394],[-79.54369256991828,43.57466517774262],[-79.54377054278662,43.57464828925933],[-79.5438453904161,43.57462009101352],[-79.54391586235182,43.574578589559984],[-79.54398063447707,43.57453036000478],[-79.54475552932597,43.57392923637483],[-79.5448773049459,43.57390298178196],[-79.5450293897235,43.573908455801394],[-79.54517644842707,43.57391866451116],[-79.5453019574453,43.57393468891491],[-79.54542918404239,43.57396180061875],[-79.54554979814064,43.57399393725918],[-79.54563730572741,43.5740280191697],[-79.54575697479798,43.5740077736008],[-79.54585157548223,43.57391719626896],[-79.54589896700337,43.57376598404921],[-79.54588373606771,43.57372624507486],[-79.54587098987214,43.57364783439151],[-79.54586262296361,43.57355648920089],[-79.5458458954347,43.57346082827436],[-79.54577427275709,43.573294652482325],[-79.54579148807119,43.57313767173913],[-79.54587990205809,43.572558708033206],[-79.54593573774288,43.57237031941824],[-79.54600019276283,43.57219503413156],[-79.54599586198486,43.572123555461495],[-79.54596751474774,43.571975084621926],[-79.54593291433794,43.57189438786645],[-79.54589053990767,43.57183521100143],[-79.54578277531125,43.57175125074686],[-79.54432978447517,43.57071725495881],[-79.54425323274161,43.570679916266],[-79.54421219949604,43.57064152642403],[-79.54421392695635,43.57061281863729],[-79.54422457558573,43.57058928511498],[-79.54414899582929,43.57056070877566],[-79.54409025589118,43.57052910920963],[-79.54221168100273,43.5693491333208],[-79.54216521923792,43.569391019134365],[-79.54216006650145,43.56941136323421],[-79.54213526311814,43.56942719618118],[-79.54210292017464,43.56942739274243],[-79.5420238783111,43.56940143037817],[-79.5419256717893,43.56935333010437],[-79.54091416249118,43.56871616219505],[-79.5408875157649,43.568680646659196],[-79.54087226416802,43.568641721175695],[-79.54086878858618,43.56860955108818],[-79.540930280064,43.56860966694375],[-79.54102076376931,43.56862668989874],[-79.54190072557387,43.56918099618362],[-79.54192168776102,43.56916697518827],[-79.54189281231452,43.56912532418232],[-79.54187871774772,43.56906246978995],[-79.54194835694517,43.56905990146055],[-79.54203353879367,43.56907187224367],[-79.54421600026802,43.5704449889767],[-79.54428674169833,43.570505608197266],[-79.54440971207757,43.570526676320306],[-79.54449084521909,43.57056680140906],[-79.54455956094844,43.57059739538822],[-79.54497769078057,43.57091462785871],[-79.54520891623639,43.57110232787505],[-79.54571060645796,43.57147978867413],[-79.54618923962111,43.57180991483296],[-79.54629383136798,43.57186677538769],[-79.54640355608834,43.57190628519229],[-79.54668336512967,43.5719638108122],[-79.54689166827438,43.57198629464751],[-79.54708437037756,43.57199414504845],[-79.54734726773535,43.57199777737176],[-79.54765288537477,43.572007691576154],[-79.54788327809236,43.57200562061204],[-79.54796273767248,43.57201938321509],[-79.5481221769573,43.572009191105145],[-79.54828530202974,43.57198282568371],[-79.54840539151188,43.57195196491395],[-79.54846654252822,43.571931761602436],[-79.54852003900002,43.57188266301049],[-79.54861631504227,43.57182247082478],[-79.54879971419236,43.57168594542536],[-79.5489530646962,43.57158978623702],[-79.54910667660978,43.57148280012435],[-79.54920724929406,43.57142647029537],[-79.54938960819503,43.571295335597924],[-79.54945256662172,43.57122858165054],[-79.54946129105979,43.57120183384078],[-79.5494681928161,43.571126008939096],[-79.54948655168556,43.571107119410584],[-79.54949099295632,43.57109223714209],[-79.54957194553648,43.57104612265292],[-79.54990863769822,43.57082104350346],[-79.54996311872355,43.57085830205425],[-79.55005968132839,43.57080647487398],[-79.55023824035574,43.570685117871605],[-79.55016399369919,43.57062622619334],[-79.55054132654271,43.57036840682871],[-79.55057041488992,43.57038403320313],[-79.55061487700492,43.57039096350444],[-79.55065028949174,43.57038558874602],[-79.55070021066871,43.570364352002265],[-79.55088067142948,43.570250380676754],[-79.5509292074043,43.57022809860981],[-79.55100048602715,43.5702059245768],[-79.5511677083156,43.57017117467652],[-79.55131713138502,43.570158037124905],[-79.55137809734839,43.57016129791954],[-79.55142374254461,43.57017704150194],[-79.55143528769266,43.57018775525832],[-79.55153276388414,43.57011946861532],[-79.55151638579987,43.57010508465977],[-79.55192713597197,43.569811902449544],[-79.55194501514107,43.56982319293356],[-79.55202356023625,43.5697688850806],[-79.55198701946541,43.56974330817368],[-79.55193790497559,43.569722084220665],[-79.55188659949475,43.56971882014795],[-79.5518223088665,43.569730193308914],[-79.55170037963468,43.56978399352499],[-79.5515787890677,43.5698172876729],[-79.55143005051454,43.56984432312703],[-79.55106918918007,43.56989937093985],[-79.55097924715889,43.5699191928784],[-79.55086576837894,43.56995134990012],[-79.55073814562483,43.569994844218364],[-79.5503869375864,43.57013418906075],[-79.55033159148344,43.570147357858694],[-79.55024149854528,43.570161752217835],[-79.5501611083105,43.57019781620346],[-79.55006865909135,43.570261902132536],[-79.54944892574987,43.57071772226995],[-79.54933743494165,43.57080893638944],[-79.5492276356611,43.57088474086311],[-79.54891930510951,43.571116555389146],[-79.54886286126526,43.57114574911814],[-79.54815434113605,43.57165446425195],[-79.54806831127793,43.57169842919973],[-79.54793973361467,43.57173993719397],[-79.54784314945029,43.571750489264],[-79.54770459958905,43.571753478572134],[-79.54723533675262,43.57174127011456],[-79.54704700944488,43.571723558799924],[-79.54693406426422,43.571678439278976],[-79.5468789921474,43.57164764538992],[-79.54675325675372,43.57154312997729],[-79.54662426676376,43.57145139564429],[-79.54505092952738,43.570298378049856],[-79.54499173594003,43.57026614766671],[-79.54496298715601,43.57021480161079],[-79.54501294965549,43.570157084269916],[-79.54194570961003,43.56785129117545],[-79.54206383627326,43.56776786820358],[-79.54511269049979,43.570058419439604],[-79.54520692646804,43.57001188044988],[-79.54523149628939,43.570008756327525],[-79.54676700996072,43.57117490117884],[-79.54683195186755,43.57120620231859],[-79.54692852974375,43.5712408949982],[-79.54734375981417,43.57134493777145],[-79.54745572942443,43.571368947416374],[-79.54767801125328,43.571407929062445],[-79.54782476722461,43.57140600581927],[-79.54792311208699,43.571395573444114],[-79.54802902076403,43.57135335969731],[-79.54825364719578,43.57122010373443],[-79.54857803872633,43.57099144687174],[-79.54864065938648,43.570957905399624],[-79.54868799072048,43.57091946171441],[-79.54900141471974,43.570711701896315],[-79.54905314151044,43.57066892923941],[-79.54910906343349,43.57063927122182],[-79.54941687745381,43.570404507789334],[-79.54970194253785,43.57017780365551],[-79.55027071624988,43.56976303513781],[-79.5504810289259,43.569704018243236],[-79.55104660822877,43.569525163017545],[-79.55137776048016,43.569333054976745],[-79.55151727064043,43.56924322301645],[-79.5518937249316,43.56898509247371],[-79.5521387682731,43.56880287921786],[-79.55226735491952,43.568718584092665],[-79.55240369043355,43.568635860058585],[-79.5525193090005,43.568559006799155],[-79.55256503504509,43.568516535921226],[-79.55276517070726,43.568381761696],[-79.55293407733686,43.568275908920455],[-79.55304101997481,43.56816421887851],[-79.5530896143401,43.56807147183711],[-79.55311691144665,43.56803681182858],[-79.55314208942742,43.56799103606154],[-79.5531652444022,43.56793523408589],[-79.5531989051742,43.567872824956595],[-79.55319724508755,43.56784974402856],[-79.55322444697268,43.56777030120438],[-79.55333820512867,43.56746811042868],[-79.55338243278337,43.56732529344066],[-79.55371479057386,43.56644864399148],[-79.55379655702768,43.56625387242145],[-79.55381750035022,43.5661805205696],[-79.55388124749771,43.56601364254451],[-79.55392529548936,43.56592321982096],[-79.55393342524268,43.56588046654514],[-79.55398158482336,43.56575932678322],[-79.55401174665735,43.565665843119085],[-79.55413292220265,43.565359462298744],[-79.55420438048856,43.565222784256235],[-79.55426835670646,43.56507190755788],[-79.55439776620966,43.56472240250269],[-79.55442052143414,43.56468556390282],[-79.55461373288206,43.564222875809],[-79.55465311053256,43.564149475919436],[-79.55470566736655,43.564078608681605],[-79.55494157394332,43.5638029376402],[-79.55530694302388,43.56335855605427],[-79.55548578591886,43.56309578712747],[-79.55557495538892,43.56300674391081],[-79.55561075325298,43.562997861908975],[-79.55568008432829,43.563007252290625],[-79.55573450336988,43.563061822708],[-79.55574184619903,43.563102171483266],[-79.55572351248239,43.56314332153003],[-79.55544465385863,43.56355621734468],[-79.55527994415802,43.563744625717675],[-79.55492800578926,43.564124322329604],[-79.55483897376146,43.56425205920995],[-79.55480903201472,43.56432026593253],[-79.55479148612059,43.56438124997395],[-79.55474381791836,43.56449376328215],[-79.55471815754228,43.56457660756631],[-79.55464986312279,43.564745194971586],[-79.55465365221667,43.564790873615266],[-79.55468931174018,43.56486411520199],[-79.55468057652236,43.56490252825373],[-79.55464357311917,43.56493190009043],[-79.55455399940725,43.5649747106689],[-79.55453252877365,43.565002233226764],[-79.55451486609853,43.56505731996322],[-79.55444567426208,43.56521856245027],[-79.55441176016517,43.56532357571805],[-79.55427339266195,43.56569590975064],[-79.55420069739588,43.5658673091815],[-79.55401362952618,43.56639681366767],[-79.55384918842185,43.56683480385249],[-79.55355002877099,43.56767509581833],[-79.5534735992083,43.56791062165762],[-79.55342573068175,43.56809980137246],[-79.55341315247115,43.568179652513805],[-79.55341010538571,43.56825136041739],[-79.5534203551631,43.568316185210435],[-79.55345150155061,43.56840572630996],[-79.55369591427481,43.568583387251266],[-79.55373616508774,43.56861828256167],[-79.55385786435087,43.56871256482097],[-79.55417475405048,43.568953523973704],[-79.55428235695018,43.569029296286544],[-79.55462629222805,43.569287973367786],[-79.55465740897117,43.56935721512286],[-79.5547069798052,43.56945895318369],[-79.55470684954948,43.56947763104726],[-79.55471403786837,43.56954427954284],[-79.5547200395128,43.56966078275833],[-79.55465663731836,43.56977173845704],[-79.55465663731836,43.56999631515961],[-79.55443205939564,43.56999631515961],[-79.55420748326955,43.570445471259596],[-79.55420748147293,43.57067004870431],[-79.55434364091717,43.57107851988644],[-79.55430972771855,43.57109619819756],[-79.5542367027708,43.571119812877626],[-79.55413460834045,43.57114582136213],[-79.5540655045389,43.57117157795789],[-79.55401905804545,43.57119587404424],[-79.5542663130392,43.57138161739783],[-79.55430531160063,43.57136050857071],[-79.55431741729738,43.57134317203053],[-79.55438731610796,43.57130279948715],[-79.55441268273496,43.57128564646863],[-79.55443206029395,43.571343781871775],[-79.5573515705943,43.5735895599845],[-79.5555549490092,43.57493702700422],[-79.55555494990753,43.57471244920046],[-79.55533037108651,43.57471244920046],[-79.55510579316378,43.574487871210025],[-79.55488121524108,43.574487871210025],[-79.55443206119227,43.57448787055924],[-79.55375832472917,43.575161604621265],[-79.55308459275767,43.57493702700422],[-79.55241085898953,43.575386182051545],[-79.55241085898953,43.57650907160818],[-79.55420748237124,43.57763195974913],[-79.55398290444852,43.57785653772794],[-79.55398290444852,43.57808111682148],[-79.5503896576851,43.58055147191328],[-79.54949134779085,43.579877738287074],[-79.54904219284374,43.57830569377587],[-79.54747014828305,43.57718280518331],[-79.54702099243762,43.57583533830434],[-79.5463472586695,43.57538618335314],[-79.54567352579966,43.575610759945945],[-79.54522436995423,43.57695822664403],[-79.54589810282407,43.57830569377587],[-79.54747014828305,43.57965316068861],[-79.54791930412848,43.581000626729384],[-79.54949134779085,43.58212351635423],[-79.54971592661188,43.58234809319764],[-79.5499405036363,43.58257267245693],[-79.54971592571357,43.58257267180618],[-79.54949134779085,43.58257267180618],[-79.5485930361,43.58347098306859],[-79.54904219284374,43.584369293940846],[-79.54859303789664,43.585043027408034],[-79.5485930361,43.58526760507308],[-79.54836845907562,43.585267604422356],[-79.54836845907562,43.58549218320168],[-79.5464735950361,43.58618122706209],[-79.54535573598812,43.58551700447423],[-79.54528930108127,43.58547729537845],[-79.5449997920315,43.58504302805868],[-79.54460745283117,43.58478146838096],[-79.54471516802026,43.58355997846349],[-79.54484882206317,43.5820353953676],[-79.54485431526113,43.58196720675351],[-79.54480965821173,43.58183345889784],[-79.54442926031648,43.58143238534209],[-79.54384007238961,43.5807960408709],[-79.5437697953883,43.58061940118246],[-79.54355686052999,43.58041589361676],[-79.5435235249481,43.58036994570011],[-79.54345086471635,43.58025203936439],[-79.54327966828106,43.57989058022924],[-79.54322357208484,43.57970325575729],[-79.54321996265404,43.57961614380302],[-79.54324225794106,43.579521305296836],[-79.54327618012282,43.579461180615624],[-79.54333088393037,43.5794302273662],[-79.54340917659897,43.57939913809253],[-79.54356602154925,43.57934717054035],[-79.54365200649163,43.579250362413944],[-79.54399610705951,43.577973396455164],[-79.54405809171244,43.57766096615012],[-79.5434411691995,43.57727138621548],[-79.54337276428723,43.57723839359515]]],[[[-79.54907227832093,43.595305149421414],[-79.54895838811257,43.595219506296964],[-79.54883196101612,43.59509827266391],[-79.54877957755696,43.59501261493201],[-79.54868462563142,43.59483318233587],[-79.54860348350675,43.59469331301996],[-79.54857695266315,43.594468825822744],[-79.54857858220707,43.59419872702594],[-79.54858997194657,43.594130669297485],[-79.548671141919,43.5938797395898],[-79.54871270337395,43.59360433442707],[-79.54881155847939,43.593343437183954],[-79.54895688882435,43.59309502205184],[-79.54912269177467,43.59285037814249],[-79.54932444979423,43.59261554645776],[-79.54951731718741,43.5923855726645],[-79.54953221484807,43.592345298809676],[-79.54957488482407,43.59207669276435],[-79.54957677398112,43.59180625922075],[-79.54957494770616,43.5915356500942],[-79.54960335423205,43.5912691283039],[-79.54955642893655,43.590991353303785],[-79.5495118913631,43.59080296965672],[-79.54943746684012,43.5905613991468],[-79.54936625020103,43.59058282525999],[-79.54935424331894,43.59055587719295],[-79.5493380853219,43.590508309771636],[-79.54933303948498,43.59048566368659],[-79.54949134779085,43.590432895009144],[-79.55106339324986,43.58818711720664],[-79.55218628196512,43.588636271662814],[-79.55241085988783,43.58863627231348],[-79.55263543691224,43.58863627231348],[-79.55308459185933,43.589085427321905],[-79.55330917068036,43.589085427321905],[-79.5539829035502,43.58841169550435],[-79.55443206029395,43.58886085023664],[-79.55577952513529,43.58886085023664],[-79.55712699177327,43.58998373899516],[-79.55690241474888,43.58998373899516],[-79.55533037198482,43.59020831709585],[-79.55375832562748,43.59110662827568],[-79.55263543691224,43.59088205027379],[-79.55241085988783,43.59088205027379],[-79.55241085988783,43.59110662827568],[-79.55218628196512,43.59110662827568],[-79.5519617040424,43.59110662827568],[-79.55106339324986,43.59222951612522],[-79.55128797027426,43.593127827715904],[-79.5499405036363,43.59290325009935],[-79.54926676986814,43.593352405795535],[-79.54904219284374,43.59425071689013],[-79.54949134779085,43.594924450356864],[-79.55033304944915,43.5952851803495],[-79.55030058433478,43.5952830711509],[-79.54998663841434,43.595313049479586],[-79.5498273689111,43.59532304507168],[-79.54940252596883,43.59539099605698],[-79.54923169784283,43.595382820161205],[-79.54907227832093,43.595305149421414]],[[-79.7865787860456,43.60396126893338],[-79.78743539075447,43.60341135819891],[-79.78338756860948,43.60600987282268],[-79.7864797449889,43.60402484927122],[-79.7865787860456,43.60396126893338]]],[[[-79.55370934229167,43.59745723056251],[-79.5537815542641,43.597192247560514],[-79.55384680519141,43.596917048174014],[-79.55388506893094,43.59670355610452],[-79.55391175608139,43.59642273352968],[-79.55390837841591,43.59626242684343],[-79.55386886781478,43.59608463872909],[-79.55378217410166,43.59586191914171],[-79.55350391285756,43.59565916508213],[-79.55333741101796,43.59557465122217],[-79.55465663731836,43.59447529468304],[-79.55420748237124,43.593127827715904],[-79.55488121524108,43.59245409495462],[-79.55510579226546,43.592454094304024],[-79.55937277100043,43.59133120609026],[-79.5609448155611,43.59245409495462],[-79.56027108269127,43.59425071689013],[-79.56139397140653,43.59514902758723],[-79.56116939168719,43.595373605931215],[-79.56116939168719,43.59559818408764],[-79.55982192684583,43.596047339837895],[-79.55937277100043,43.59672107270705],[-79.56004650387023,43.598068539235186],[-79.558923615155,43.5973948058396],[-79.55824988138684,43.59761938491002],[-79.55802530436243,43.59761938425949],[-79.55757614941534,43.59829311774271],[-79.55780072823637,43.59874227289367],[-79.55735156969598,43.59874227289367],[-79.55667783772446,43.599865162040416],[-79.55757614941534,43.60188636199665],[-79.5573515705943,43.60278467384364],[-79.5580033675032,43.60343647196092],[-79.55793111510658,43.60339689958336],[-79.557769739054,43.60330852872519],[-79.55752084463487,43.60325177722481],[-79.55710572685388,43.60304103518597],[-79.55668323659933,43.60282654875801],[-79.55613116256842,43.60217046106706],[-79.55613713816169,43.60204835283838],[-79.55614095510333,43.60201348015399],[-79.5561498933404,43.601978491007515],[-79.55615740145954,43.60194263730803],[-79.55615827641863,43.60190624626261],[-79.55616371841265,43.60185331261083],[-79.55616458888014,43.60181692151136],[-79.5561678416798,43.6017784715086],[-79.55616659751311,43.60173552511561],[-79.55617071988198,43.60166067996379],[-79.55618024292228,43.60159792588646],[-79.55618469048126,43.60155843946888],[-79.55617726231218,43.6015187559184],[-79.55617807708413,43.601438383686876],[-79.55616836270265,43.60137971984592],[-79.55615470741202,43.60129931034899],[-79.55615003078265,43.601227894203234],[-79.5561258831695,43.601158675436544],[-79.556095050294,43.6010994382123],[-79.55607712620915,43.60107093490013],[-79.55606943393536,43.60103987111433],[-79.55605517946843,43.600987233339225],[-79.55604518840585,43.60093718785834],[-79.55602507512663,43.600868667421295],[-79.5560197597951,43.60083553746176],[-79.55601824254057,43.60080121181723],[-79.55600879765369,43.600733922021895],[-79.55600234236003,43.60069130795321],[-79.55599376883897,43.600642130680626],[-79.55598671436907,43.600572781784855],[-79.55597433558445,43.60052480268976],[-79.55596553568792,43.600473727686534],[-79.55594803111627,43.60040503888481],[-79.55594367518546,43.60036898193263],[-79.55594482053746,43.60032396454348],[-79.55595691006455,43.600271565537675],[-79.55595241758982,43.60021257073912],[-79.55594719029318,43.60015840023517],[-79.55594352426851,43.60012803920469],[-79.55593898867463,43.60007956144608],[-79.5559265676692,43.60004210499983],[-79.55592203027871,43.59999362782255],[-79.55590842439541,43.59995720177039],[-79.55589499907349,43.59993319311667],[-79.55587566822689,43.59990382273841],[-79.55586471506864,43.599883957977276],[-79.5558586658135,43.59985565575552],[-79.55584840076476,43.59981423675114],[-79.5558382767515,43.59979576215768],[-79.55582443910286,43.5997574390191],[-79.55581266039286,43.59973619246797],[-79.55579662366841,43.599712352215334],[-79.55577298540003,43.5996909085353],[-79.55572758274894,43.599652673152555],[-79.55567979507076,43.59961650320629],[-79.55563883009717,43.59959328872478],[-79.55558270874813,43.59956434298284],[-79.55554551041051,43.59955045071316],[-79.5554794060837,43.59952596700311],[-79.5554241929314,43.59950460782683],[-79.55533888981033,43.59947369741042],[-79.55525023507495,43.59944777337221],[-79.55516539099298,43.59942065492972],[-79.55509969090805,43.59940976877705],[-79.55474237881728,43.599281727853594],[-79.55446981379039,43.59919550815252],[-79.55440273928308,43.59917198384986],[-79.55419528684294,43.599051698217195],[-79.55407485510268,43.598960251050485],[-79.55387548929674,43.598730362004574],[-79.55372966128509,43.59848170108278],[-79.55366311947874,43.59827874897457],[-79.55360155254242,43.59799165067804],[-79.55362979467664,43.5977213211313],[-79.55370934229167,43.59745723056251]],[[-79.77522737228152,43.610281644249824],[-79.77581166888169,43.61010581696653],[-79.7651833261578,43.613304022445426],[-79.77522737228152,43.610281644249824]],[[-79.75893355269007,43.616479781845996],[-79.75940937322807,43.61604669817689],[-79.75460631586418,43.62041820691608],[-79.75893355269007,43.616479781845996]]],[[[-79.75127315024011,43.6234431436979],[-79.75223490544792,43.62256262539413],[-79.75016243549358,43.62446004211791],[-79.75122403485196,43.62348811127111],[-79.75127315024011,43.6234431436979]]],[[[-79.56614210757058,43.613383321940276],[-79.56606543366614,43.61338017860567],[-79.5659787210884,43.61337981113537],[-79.56588299571341,43.61338150214925],[-79.56581366463809,43.61338728866833],[-79.56576374795269,43.61338581943758],[-79.56567744590502,43.61339051395172],[-79.5656766149634,43.61339062191643],[-79.56565080007707,43.61339675509244],[-79.56431348260519,43.61244151872846],[-79.56854174754464,43.61022671791367],[-79.56970335005539,43.61042031892742],[-79.57082623787234,43.60929742905604],[-79.57217370540863,43.60997116315299],[-79.57397032789201,43.60974658465836],[-79.5741949040181,43.61064489620724],[-79.57284744007507,43.6110940521536],[-79.57194912838422,43.60997116315299],[-79.57105081489672,43.61042031762659],[-79.57082623877065,43.611543206046484],[-79.57015250500251,43.61221694100286],[-79.57037708202691,43.61311525207658],[-79.56880503836453,43.61446271889283],[-79.56925419510829,43.6158101841332],[-79.56745757172655,43.6178313861882],[-79.56813130369807,43.61917885203207],[-79.56925419420996,43.619403429771786],[-79.56925419420996,43.62007716316045],[-79.56813130369807,43.620077162510114],[-79.56768214875096,43.62097547517418],[-79.56700841588112,43.62120005205593],[-79.56678383795843,43.62187378547144],[-79.56745757172655,43.622772096652916],[-79.56567530881297,43.623886011474255],[-79.56567532408434,43.6238859243372],[-79.56567489558795,43.62387725680335],[-79.56567641463909,43.62386633410918],[-79.56567599153259,43.62385766722274],[-79.56567679642309,43.623848828011695],[-79.56567510579372,43.62384215877313],[-79.56567280430997,43.623833013929705],[-79.5656698677173,43.62382431517489],[-79.56566819595254,43.623815632675715],[-79.5656633315753,43.62380919298128],[-79.56564976611618,43.62379899273283],[-79.56564242777861,43.623790692593126],[-79.56564140459751,43.62378557491006],[-79.56565047668357,43.62374286597448],[-79.56565819770344,43.623707948643194],[-79.56566608940321,43.6236655238243],[-79.56567572922452,43.62362186734665],[-79.56567474826424,43.62359059216084],[-79.56567213147181,43.62355553363035],[-79.56567245306869,43.623526635184284],[-79.56568037890443,43.623498109335024],[-79.56568449947666,43.623468509208344],[-79.56568074811202,43.623446744304374],[-79.56567768755185,43.62343407552692],[-79.56566835495437,43.62341622660529],[-79.5656643781126,43.62340377306461],[-79.5656657130091,43.62339036295701],[-79.56567202367398,43.623377054940626],[-79.56568007257893,43.62336552999451],[-79.56570330750375,43.62332955378441],[-79.56572466944122,43.623299809862225],[-79.56574621463497,43.623262557757364],[-79.56577838150868,43.623212939187226],[-79.5657913424016,43.623174327284715],[-79.56580406973254,43.62314572453473],[-79.5658082226441,43.62311575747397],[-79.56582305832103,43.62307092293075],[-79.56582932227347,43.62302472470507],[-79.56584964306354,43.62296619831777],[-79.5658694886448,43.622927675345984],[-79.565880991572,43.62287779313312],[-79.56591188463462,43.62280939458177],[-79.56593372627245,43.622771747448034],[-79.56593126399025,43.622758562199245],[-79.5659257950468,43.622731881505274],[-79.56590418607264,43.62269908092837],[-79.5658870623867,43.62264859505697],[-79.56588369190774,43.62261898020561],[-79.56588442493302,43.62258794380493],[-79.56588154583254,43.622537636019885],[-79.56587924345048,43.62250582312946],[-79.56588054690594,43.622481643994874],[-79.56588478336081,43.62247342430944],[-79.56588797507503,43.62246448540026],[-79.565889402498,43.62245831218073],[-79.56588923451305,43.62245161807677],[-79.56588726899919,43.62244189816372],[-79.56588174615683,43.62243041530729],[-79.56587544447513,43.6224171116305],[-79.56587179731507,43.622410568389775],[-79.56586351035656,43.6223971346501],[-79.56585151874584,43.62237955659262],[-79.56583633092933,43.62235712864597],[-79.56582989899191,43.62234635849446],[-79.56581873652618,43.62233167552731],[-79.56580343911521,43.62231405193013],[-79.56579392326141,43.62230248646205],[-79.56578494639676,43.62229158364085],[-79.56576970108809,43.622271561748505],[-79.56576177704896,43.622261842456595],[-79.5657496192499,43.622246674999765],[-79.56573834539309,43.622233315356944],[-79.56572786744361,43.62222176678095],[-79.56571741734192,43.62220901580829],[-79.56570371354226,43.62219382167598],[-79.56569651713853,43.62218350995303],[-79.56568688001215,43.622171370899714],[-79.5656867596379,43.622171210927185],[-79.5656788607516,43.622160454398575],[-79.56567558459577,43.62215358858357],[-79.56566826602116,43.622137756497686],[-79.56566053062824,43.62211987857817],[-79.56564490712881,43.62209058536272],[-79.56563574071964,43.622070535440685],[-79.56562293164201,43.62204774971583],[-79.56561597329184,43.62202826423683],[-79.56560532556077,43.622008192183905],[-79.56559751830262,43.62199354750165],[-79.56559146904752,43.62197982493695],[-79.56558277874545,43.621958337170895],[-79.56557428697106,43.62194099309219],[-79.56556718039886,43.62192797088586],[-79.56556002172435,43.62191710376316],[-79.56555301306852,43.62189977527968],[-79.56554311183744,43.621879175792174],[-79.5655332411491,43.621857500053956],[-79.5655270930793,43.621838737645156],[-79.5655236722947,43.62182289832305],[-79.56552338213886,43.621804037058055],[-79.56552678136391,43.62178575845509],[-79.56552791234283,43.6217690685276],[-79.56553060459375,43.62175406872367],[-79.56553642837173,43.62174013540723],[-79.56554245247402,43.62172532873504],[-79.56554798340125,43.621712727226075],[-79.56555173386755,43.62170137168915],[-79.56555650212509,43.62168432407316],[-79.56555984385793,43.62167200543619],[-79.56556110149933,43.6216643501008],[-79.56556346137359,43.6216482987347],[-79.5655656083471,43.621631217938344],[-79.56556691180259,43.621612866449176],[-79.56556866441572,43.62159419955828],[-79.5655721373026,43.62157618816536],[-79.56557835274604,43.62155313953133],[-79.5655848502605,43.62153675127931],[-79.56558940292234,43.62152857113311],[-79.56559840583813,43.62151501624014],[-79.56560841576534,43.62150602646489],[-79.5656195737395,43.62149838671561],[-79.56564015863422,43.62148712022961],[-79.56565723830272,43.62147707370882],[-79.56567866491886,43.62146604067746],[-79.56575296188107,43.621433308992344],[-79.5658020628962,43.62141825382887],[-79.56584882739325,43.62140557942154],[-79.56590425703955,43.62139736088957],[-79.5659553936371,43.62138826054519],[-79.56601210428097,43.62137866076638],[-79.56605906461078,43.62136344626477],[-79.56611078870652,43.62133855523827],[-79.56613319448634,43.62132219293993],[-79.56614561818671,43.62131535109043],[-79.56615946122524,43.62130818148687],[-79.56617265927339,43.62130273909067],[-79.5661852788065,43.62129847114353],[-79.56621967799369,43.62128671103903],[-79.56626576156775,43.62127261633873],[-79.56630778565507,43.621260592205445],[-79.56634259267737,43.62125042469007],[-79.56637671069186,43.62123776455406],[-79.56638395201138,43.62123386142349],[-79.56639144396085,43.621228214174415],[-79.56640339065582,43.621218657940474],[-79.56642262628098,43.621200487760525],[-79.56643686188329,43.621186212905386],[-79.56647246391464,43.62114922806724],[-79.56647961719925,43.62114179767118],[-79.56649190345739,43.62112967661606],[-79.56650162682202,43.62112103989951],[-79.56650488590988,43.62111824228196],[-79.56650984371191,43.62111530484847],[-79.56652182544119,43.621109307073155],[-79.56654083828418,43.62110080431679],[-79.56655521222703,43.62109572282188],[-79.56658073516088,43.621088788603124],[-79.56659896736788,43.621083640125605],[-79.56660845627225,43.621079934027925],[-79.56661619076684,43.62107635018766],[-79.56662235859956,43.621072595316534],[-79.5666283961766,43.62106783767203],[-79.5666397931026,43.62105743861481],[-79.56664841603103,43.62104838113923],[-79.56665883469168,43.621034759806705],[-79.56666472404669,43.62102537977527],[-79.56666692402082,43.621021870066784],[-79.56667459114176,43.6210086441152],[-79.56668035922421,43.62099621933966],[-79.56668489481807,43.620982471185286],[-79.56669136628139,43.62095484545583],[-79.56670267068093,43.620914593975925],[-79.56671358700825,43.6208766478142],[-79.56672385115868,43.62083878356744],[-79.56673376227121,43.620802278444074],[-79.56674567123693,43.62076345169154],[-79.56675397077186,43.62073566523476],[-79.56676735207631,43.620693750763316],[-79.56677774917742,43.62066429817712],[-79.566790179166,43.620630645864665],[-79.56679781304929,43.62060442464711],[-79.56680162639768,43.62058101861916],[-79.56680482080681,43.62056155152382],[-79.5668084401191,43.62054108229063],[-79.56681089251984,43.62052591114805],[-79.56681263884474,43.62051354350026],[-79.5668150939404,43.62049556625019],[-79.5668176442575,43.62047634754683],[-79.56681967804332,43.62046396233036],[-79.5668205530024,43.6204532185026],[-79.5668234743237,43.620433762421186],[-79.56682726701082,43.62040830003416],[-79.56682900525091,43.62038876915208],[-79.5668283413959,43.620362869084374],[-79.56682781318652,43.620331326874734],[-79.5668259375042,43.620248746595266],[-79.56682481910168,43.62021487749497],[-79.56682487389891,43.62018566203966],[-79.56682429448554,43.62015597769184],[-79.56682343839108,43.62013657288926],[-79.56682314643862,43.62012569958989],[-79.5668225283977,43.62011706598067],[-79.56682079375089,43.62010346979951],[-79.56681765683392,43.620088833107445],[-79.5668110434368,43.62007567653454],[-79.56680274749515,43.62006178184822],[-79.56679923418406,43.620051893766764],[-79.5667980133736,43.6200413117945],[-79.56679756152101,43.620032395284845],[-79.56679352449214,43.61999698805966],[-79.56679156077492,43.61996276244291],[-79.5667908663772,43.619933584583556],[-79.56678937697045,43.619899440870924],[-79.56678971653365,43.61986516057176],[-79.56679474440428,43.619828005187344],[-79.5667971491943,43.6197847835889],[-79.56679932042233,43.6197516113714],[-79.56680289481885,43.61971745584968],[-79.56680520887902,43.6196782518602],[-79.56680882998793,43.61964208289914],[-79.5668101388333,43.61962037448857],[-79.56681152673042,43.61958679312737],[-79.56681510561852,43.61955263621134],[-79.5668191606137,43.61949836411403],[-79.56682054132429,43.61948534007802],[-79.56682132735017,43.61946519564043],[-79.56682082339529,43.619427970424184],[-79.56682012989589,43.61939878775306],[-79.56682229573404,43.619365619224574],[-79.56682141538506,43.619344484951554],[-79.56682217446148,43.61933233166818],[-79.5668285408219,43.61930498547098],[-79.5668341894284,43.619271068365215],[-79.56684135708606,43.619240684464806],[-79.56684135169616,43.61921527489929],[-79.56684115676174,43.61918090966749],[-79.56684024137846,43.619151599412255],[-79.56683772879062,43.61912109449043],[-79.56683517038871,43.61909293398625],[-79.56683312761974,43.61907129821422],[-79.56682818958063,43.61904713460691],[-79.56682245563417,43.619016589311656],[-79.56681528348494,43.618997111954876],[-79.56680431685194,43.61896479838819],[-79.56679065886637,43.618928290176015],[-79.56678022223939,43.618899552088266],[-79.56676947120208,43.61886942683168],[-79.56675408216294,43.61881795444366],[-79.56674555355764,43.6187894276609],[-79.56672905689577,43.61875598500659],[-79.56670998476396,43.61872451284012],[-79.5666816105774,43.61869603218665],[-79.5666594814787,43.61867700150455],[-79.56663597795759,43.61864740420682],[-79.56662524578489,43.61863213568679],[-79.56662504186734,43.61863176564719],[-79.56660647728367,43.61859897453937],[-79.56659729380652,43.618577764558175],[-79.5665914035532,43.61855425173685],[-79.56657599025955,43.618523585229056],[-79.56656377676497,43.61850410966356],[-79.56654783616023,43.618482130953176],[-79.56652611489666,43.618454284911984],[-79.5665224551602,43.618450774403044],[-79.56650518055729,43.618434220770546],[-79.56647762653259,43.61840630837288],[-79.56645480662942,43.618383393793486],[-79.5664175193586,43.618355348703666],[-79.56639951532367,43.61833461858477],[-79.56639356578154,43.618326098527284],[-79.56639051150958,43.618317787226566],[-79.56639202517083,43.618306241800504],[-79.56639557261789,43.61829568683512],[-79.56640187789286,43.61828463696151],[-79.56640972916844,43.61827323915558],[-79.56642377971782,43.61825503621899],[-79.56643797040434,43.61823117729189],[-79.56645314833939,43.61820662379463],[-79.56646252225939,43.618180582964214],[-79.56647209201212,43.61815567176021],[-79.56647731122392,43.61813127886574],[-79.56647804694413,43.61810018161787],[-79.56647779272089,43.618069776965186],[-79.56648142910117,43.61803942432433],[-79.56648672197483,43.6180205033418],[-79.56649707685511,43.61799507960353],[-79.56652024350797,43.61796214507359],[-79.56653739234673,43.61793620494011],[-79.56655451782932,43.617911673433994],[-79.56656963018735,43.617889950741535],[-79.56657524286123,43.61788363852962],[-79.56659073700325,43.61786122516432],[-79.56661571555804,43.61783397194724],[-79.56663775392691,43.617807379465376],[-79.56665899908339,43.617784502377575],[-79.56664889123981,43.617776854351305],[-79.56659847778606,43.61773870915532],[-79.5666474575286,43.61768293247708],[-79.56672265819599,43.617631769937816],[-79.566768362681,43.61759892040396],[-79.56683935114802,43.617549535185766],[-79.56691376309459,43.61748167621261],[-79.56696678795088,43.61742781196405],[-79.56700879407187,43.617377221512825],[-79.5670572725545,43.617330261907846],[-79.56710242367728,43.61729837667475],[-79.56721419026832,43.61725923679312],[-79.56725177218654,43.617249209076355],[-79.56732223154587,43.617230397754035],[-79.56735642142557,43.61722563980555],[-79.56744406914953,43.61720384857859],[-79.56744613886794,43.61720333415283],[-79.56745839817663,43.61719752003593],[-79.56750916376996,43.617173416158046],[-79.56757288306969,43.61710959803313],[-79.56759873927852,43.6170381063566],[-79.56760051614614,43.61702757848332],[-79.56761082970392,43.616966271859944],[-79.5676235408652,43.61691370265042],[-79.56767056856863,43.616860315251735],[-79.56773444776849,43.61679983635715],[-79.56776083039007,43.616765407961296],[-79.56778733069095,43.61673081825793],[-79.56781902235586,43.61667317477815],[-79.56782022969159,43.61667096422367],[-79.56783497553698,43.61657463820924],[-79.56782118370242,43.6164949006803],[-79.5678248371507,43.61643686285809],[-79.56782688441122,43.616404281919344],[-79.5678312493252,43.61633481917163],[-79.56790672667368,43.61625934182548],[-79.56785977622535,43.61609501803801],[-79.56786564312247,43.61604756120613],[-79.56790756659848,43.61589492516067],[-79.5679151798205,43.61587868755132],[-79.5679231559619,43.61586112774928],[-79.56792680491859,43.61584921634732],[-79.56793161539693,43.61583201033442],[-79.56793624441558,43.615818486025056],[-79.56793951518154,43.615801812000925],[-79.56794721643848,43.61577996627776],[-79.5679521724439,43.61576398748228],[-79.56795505423933,43.615750350644575],[-79.56795985573451,43.615732068250104],[-79.5679643742604,43.61571754170627],[-79.56796780492645,43.61569978089447],[-79.56797258755705,43.61567998898727],[-79.56797590773033,43.61566122595141],[-79.56798210251253,43.61564249933022],[-79.56798673153119,43.61562897888043],[-79.56799169292651,43.61561272233861],[-79.56799756072193,43.61559672463804],[-79.56800521796143,43.61557696846707],[-79.56801135794639,43.61556032949578],[-79.56801903674545,43.61554154951307],[-79.56802370798492,43.61552769084987],[-79.56802699581887,43.61551343350852],[-79.56802981563054,43.615499894819415],[-79.56803235337122,43.61548695641615],[-79.56803827416725,43.61544635267875],[-79.56804509597352,43.6154208309472],[-79.56804981212875,43.615396791393934],[-79.56805779455838,43.61536601011168],[-79.56806574195367,43.61533674222194],[-79.56807380074011,43.61530295165085],[-79.56808131065587,43.61527269777025],[-79.56808182000066,43.615270665365536],[-79.56809081483159,43.61524065730848],[-79.56809880444771,43.615209876596694],[-79.5681057331535,43.615179838592276],[-79.5681148717149,43.615143806754986],[-79.56811747413427,43.61512124278307],[-79.56812531373174,43.6150917172271],[-79.56812868600734,43.615052601924006],[-79.56813160283707,43.615029941012494],[-79.56813762783766,43.615007970137434],[-79.56814516290628,43.614981012197084],[-79.56815119689004,43.61495904260493],[-79.568153074369,43.61494841616134],[-79.56815438501098,43.61494104808516],[-79.56816037138402,43.614921084229714],[-79.56817196773603,43.614897180404704],[-79.56817510375468,43.61488118901754],[-79.56818660488528,43.61486129343148],[-79.56819684927278,43.61483637239748],[-79.56820371150323,43.61482023921248],[-79.56820998982876,43.61480547571205],[-79.56822158707907,43.614781572491474],[-79.56823057113021,43.614751628577515],[-79.56823520284384,43.61473064291947],[-79.56824236421329,43.614704627249104],[-79.56824653598946,43.61468234147328],[-79.56824918781616,43.61467071275144],[-79.56825055505203,43.61466470457754],[-79.56825522359657,43.614645728551906],[-79.56826034668863,43.61462723640038],[-79.56826586054784,43.61461443698998],[-79.56827581028793,43.61458786909937],[-79.56828735902924,43.61456597480728],[-79.56829760251843,43.61454105039901],[-79.56831126589388,43.61450836372231],[-79.56832290087344,43.61447748768049],[-79.56832817488247,43.61446349349337],[-79.56834262787709,43.614426821904644],[-79.56834807885423,43.61440682145725],[-79.56834838607804,43.61439365778769],[-79.56834600913582,43.614379152383016],[-79.5683371212044,43.61435304485709],[-79.56832944779524,43.614332545543924],[-79.56832124348175,43.614315661685495],[-79.56831026517065,43.61430137348896],[-79.56828735453765,43.61427439507007],[-79.56826852315434,43.61425411946098],[-79.56824688812905,43.614235811246814],[-79.56823208119823,43.61422059298661],[-79.56820637949961,43.61419923057263],[-79.56818353444363,43.61417389106903],[-79.56816059865781,43.61415255920637],[-79.568133745319,43.61412919814469],[-79.56773596861626,43.61383562546115],[-79.56767388694529,43.613796156181756],[-79.56759829281582,43.61376266847519],[-79.56749258086981,43.61372211105171],[-79.56737646822944,43.61367567540553],[-79.56728374682078,43.613642931024415],[-79.56722885616365,43.613625020010765],[-79.56714126054197,43.61359808096213],[-79.56705227881983,43.613573993852235],[-79.56699073883296,43.61355887038126],[-79.56689783057472,43.6135337764546],[-79.56681890369553,43.613509167707356],[-79.56676553927606,43.61348966580293],[-79.56670629628141,43.613465746450046],[-79.56663020987516,43.61343799304257],[-79.56657373638652,43.61342351927648],[-79.56651219729797,43.61341260573978],[-79.5664326892088,43.61340291493376],[-79.56633524894993,43.613392991286595],[-79.56622972565013,43.61338732053744],[-79.56614210757058,43.613383321940276]]],[[[-79.56396737250599,43.62459158576774],[-79.56399142399941,43.62457470478987],[-79.56401555095132,43.62455439623895],[-79.56403262882317,43.62453784168582],[-79.56404839425642,43.624532475663415],[-79.56408929275467,43.62453642539927],[-79.56412385902848,43.62454144417752],[-79.56416628376441,43.624547707570564],[-79.56422291535657,43.62455300596354],[-79.56427565275195,43.62455653562422],[-79.56431577690242,43.62455989946611],[-79.56434706881703,43.624562691071006],[-79.56431864252818,43.624482659809146],[-79.56429469434102,43.62441525734752],[-79.56432877372795,43.62441571123639],[-79.56440447745189,43.62442001147575],[-79.56446462055848,43.62443089830443],[-79.5645493280965,43.62445109375008],[-79.56460763953822,43.62447433570382],[-79.56468446525795,43.62450005777726],[-79.56475038093856,43.62452901362936],[-79.56481015932914,43.62455564930749],[-79.56487775485932,43.62457900436758],[-79.56494561808746,43.62459111107158],[-79.56502754264474,43.62459777242383],[-79.56507252308766,43.624594962612996],[-79.56512689990844,43.62458777584329],[-79.56517834911969,43.62457379506371],[-79.56521425029003,43.624561870431535],[-79.56526281051934,43.62453885350479],[-79.56529572658798,43.62452239713808],[-79.56534438832692,43.62449487967946],[-79.56536998492263,43.624476919876614],[-79.56476263755229,43.62569160730366],[-79.56352426501736,43.626133886293964],[-79.56352819874002,43.62611698754217],[-79.56353442586156,43.62609321301651],[-79.56353719896083,43.62607185351998],[-79.56353892642115,43.626046372062454],[-79.56354656210104,43.62602339276854],[-79.56354892556857,43.62600701353812],[-79.56356360224368,43.62596112643936],[-79.56357205089891,43.62593901845341],[-79.56357950691579,43.625911137500744],[-79.5635839230337,43.625888877336834],[-79.56358742736164,43.62586352325171],[-79.56358685872806,43.625839662792146],[-79.56358748485381,43.625813343056855],[-79.56358695664441,43.62578783027748],[-79.56359087958727,43.625765667606295],[-79.56359334815767,43.62575089964045],[-79.56359864372627,43.625724631236565],[-79.56360494989957,43.625697561704904],[-79.56360775713483,43.62567456472072],[-79.5636165193021,43.625639296722206],[-79.5636232539718,43.62561546218388],[-79.56362411186288,43.62560362034112],[-79.56362469037794,43.625579043194],[-79.56362071263786,43.6255589287593],[-79.56361770238334,43.625535595538466],[-79.56361179057045,43.62552193295572],[-79.56360959059633,43.62550184451231],[-79.56361035057105,43.625474718307785],[-79.56361081679668,43.6254500897375],[-79.56361330333338,43.625420357268695],[-79.56361501192906,43.62538607751636],[-79.56361561739357,43.62536020040986],[-79.56361606295795,43.62533628057674],[-79.56360666478345,43.62532449720241],[-79.56359097391038,43.6253100620618],[-79.56357890414621,43.62529308374652],[-79.56356504853129,43.625276086568874],[-79.56355622348192,43.625264853954214],[-79.56354435314375,43.62524735216556],[-79.56353668781942,43.625232370786506],[-79.56352546426828,43.625217347786936],[-79.56351617209499,43.62519587353305],[-79.56351009858534,43.62518399844422],[-79.56350791118764,43.62516859177774],[-79.56351408171531,43.62513372599506],[-79.56352100862448,43.62510469110213],[-79.56352524418104,43.625076273295164],[-79.56353031696746,43.62504980431525],[-79.56353272804566,43.62503059487093],[-79.56353724297828,43.625010684435665],[-79.56354949150719,43.62498225292876],[-79.56356405679121,43.624953849369746],[-79.5635808903213,43.624927153393415],[-79.56358665840376,43.62491520347098],[-79.56359553375876,43.624895391187614],[-79.56361476668899,43.62486536127295],[-79.56362807073835,43.624841146022206],[-79.56364725965112,43.62481280157075],[-79.5636724133774,43.62478669142201],[-79.56369487305614,43.624762328528966],[-79.56372329036184,43.624739073681205],[-79.5637623724666,43.62470667151284],[-79.56381656153947,43.62467361970954],[-79.56385658687526,43.62465050983722],[-79.56388761468519,43.62463422062],[-79.56390962251132,43.624621153478316],[-79.56392427133866,43.62461394720366],[-79.56394818628816,43.624602790546675],[-79.56396737250599,43.62459158576774]],[[-79.74660184518568,43.6277026807472],[-79.74930699589967,43.625240952940736],[-79.74397059707348,43.6300970585943],[-79.74651498528422,43.627781721967125],[-79.74660184518568,43.6277026807472]]],[[[-79.59150753082106,43.64440662382881],[-79.5914485456429,43.64430460226689],[-79.5914350511507,43.64428839443279],[-79.59143308294189,43.64428602563014],[-79.59139970064763,43.6442459249853],[-79.59136590782327,43.64417978304487],[-79.59134763339546,43.64408636721339],[-79.59133619514692,43.64401989876794],[-79.59216112885211,43.64388240993652],[-79.59305943874635,43.644331564609686],[-79.5939577504372,43.64320867618058],[-79.59463148510366,43.64320867618058],[-79.5968772634325,43.642085786915416],[-79.59710183955858,43.642085786915416],[-79.59790480137023,43.64308949012628],[-79.59788786992375,43.64308956553421],[-79.5977001597586,43.64308366031102],[-79.5974145736517,43.64307685279188],[-79.59712680104538,43.64305989314689],[-79.5968886073579,43.64304143118746],[-79.59668916519516,43.643042284078085],[-79.59657265639775,43.64304520808877],[-79.5964444668067,43.64305264032783],[-79.59631114424212,43.64306735788754],[-79.59615392199942,43.64308571712813],[-79.59599979804612,43.643108962277154],[-79.59582888817343,43.6431446789726],[-79.59564405171888,43.64319530754541],[-79.5954512903269,43.643266730411355],[-79.59531387683451,43.64332416767329],[-79.59510054851411,43.64343341377131],[-79.5949173721462,43.6435257060077],[-79.5947688078662,43.64362246793433],[-79.5946074650513,43.643735734120874],[-79.59441209854496,43.643871991424135],[-79.59416935758554,43.64403812055513],[-79.59380530004528,43.64421163061799],[-79.59372873214204,43.64425165587925],[-79.59363100711722,43.64429501914902],[-79.59352344913333,43.644361224667946],[-79.59336028992489,43.64444565762795],[-79.59317603737527,43.64453072362088],[-79.59300532513195,43.644593449800226],[-79.59280813504562,43.64464819652984],[-79.59261801470058,43.6446926795517],[-79.59240631861904,43.644709251955376],[-79.59237726350948,43.64471106819794],[-79.59218109121436,43.64468639290597],[-79.59201531701015,43.64464383273262],[-79.59190799079158,43.64459388858553],[-79.5917859061512,43.644538810929454],[-79.59168744810113,43.64448087298749],[-79.59158723833623,43.64444497247113],[-79.59150753082106,43.64440662382881]],[[-79.7237379802698,43.64502453303598],[-79.72619143382097,43.64364014703982],[-79.7203541119345,43.646933863557024],[-79.72178200923143,43.64612818807247],[-79.7220398338028,43.645982711858665],[-79.7237379802698,43.64502453303598]]],[[[-79.60713493432071,43.64461300402022],[-79.60675171212219,43.64457279308477],[-79.60646059418973,43.644668652353516],[-79.60623363034162,43.64475924736054],[-79.60591897834539,43.64483633225012],[-79.60579616517131,43.64486928065873],[-79.60566388375415,43.64489678683911],[-79.60537304340113,43.6447743779342],[-79.6052602356627,43.64474032178715],[-79.60505468046442,43.64449813710634],[-79.60498385459249,43.644453312662144],[-79.6045215303433,43.64449292302833],[-79.60416293096674,43.64448243181581],[-79.60373308889992,43.644494601466135],[-79.60353186358132,43.64456540458731],[-79.60352497529972,43.64456797099495],[-79.60310844357048,43.64471873229906],[-79.60279066633534,43.64469325094672],[-79.60237313657781,43.64456324056215],[-79.60217000952576,43.64449833602263],[-79.60206254316999,43.6443701531701],[-79.60201748457368,43.644275483027066],[-79.60193214282505,43.644117155892424],[-79.6016335787572,43.64404290043371],[-79.60159728322648,43.64404683328601],[-79.60143706869555,43.644016554866916],[-79.60137858118404,43.64402995062177],[-79.60135027437111,43.64402706501245],[-79.60122588914528,43.644009941820975],[-79.60114969224628,43.643998781613696],[-79.60114214280462,43.64399841953096],[-79.60113459336299,43.643999086491206],[-79.60111785505428,43.643995827746714],[-79.60111647434368,43.64399549751682],[-79.60108101244954,43.64398701489934],[-79.60087740569713,43.64395871197992],[-79.60083527201536,43.64395711933495],[-79.60080181426261,43.64394599877146],[-79.60077740883297,43.643937881480355],[-79.60076637392801,43.64393421709542],[-79.60075871040033,43.64393494061156],[-79.60072485738884,43.643957756392936],[-79.6003582315652,43.64389072615345],[-79.59998840863744,43.64383157782375],[-79.5999087541229,43.64383728015457],[-79.59981226248496,43.643841274776086],[-79.59974148961362,43.64383230784174],[-79.59964267672899,43.64381623964327],[-79.59953957708385,43.643797191561355],[-79.59934788019548,43.64374982225379],[-79.59926034206596,43.64372849048427],[-79.59917611422831,43.64369819500304],[-79.59904201012944,43.643626770699946],[-79.59893891587416,43.64352781416473],[-79.59887644343605,43.643459446912786],[-79.59877239516996,43.643370159827626],[-79.59876671871567,43.64336199045345],[-79.60024592957828,43.643657832640706],[-79.60189277146279,43.64146205066261],[-79.60440763923664,43.638611851159546],[-79.60445676450627,43.63866097593206],[-79.60428832949219,43.63916627685043],[-79.6048123446452,43.63969029200568],[-79.60496206326032,43.640064587697424],[-79.60496206326032,43.64028916477335],[-79.60494164724888,43.640432079089464],[-79.60473748533762,43.64073832095753],[-79.60481769141775,43.641299769429445],[-79.60473748533762,43.64186120875414],[-79.60493277009725,43.6421053165986],[-79.60496206326032,43.642310364887315],[-79.60527647181313,43.64253494461993],[-79.60563579613016,43.6429840983164],[-79.60614109398591,43.64315253179328],[-79.60653410782103,43.643433253205274],[-79.60698325737825,43.64343325385531],[-79.60833073030442,43.64388240928644],[-79.6084654749021,43.64388240993652],[-79.60864513975555,43.64410699094319],[-79.60889666534017,43.64473580653475],[-79.60855531092209,43.645304734115264],[-79.60833073030442,43.645454454151675],[-79.6081061523817,43.645679031881464],[-79.60805652315719,43.64572866115706],[-79.60802164696462,43.645670134775784],[-79.607962566565,43.64555980977561],[-79.60786636148967,43.64521314666124],[-79.60772800746115,43.64499890555256],[-79.60755788451266,43.6448000087636],[-79.60713493432071,43.64461300402022]],[[-79.70222192604669,43.65846808974854],[-79.70605017388507,43.65507271649242],[-79.70075835036161,43.65976612266585],[-79.70222192604669,43.65846808974854]],[[-79.69790348372742,43.662297788937074],[-79.70059916260506,43.65990708972637],[-79.69656703133315,43.66348300550843],[-79.69790348372742,43.662297788937074]]],[[[-79.58956685719365,43.664078222905665],[-79.59410133715222,43.65993051878237],[-79.59418233015656,43.66005201100631],[-79.5953052179735,43.66005201100631],[-79.59800015304607,43.65735707695779],[-79.60002135165557,43.658479966059076],[-79.60181797413897,43.658030811248686],[-79.60271628493149,43.6571324986974],[-79.60249170790712,43.65645876602575],[-79.60277242155193,43.656037695759174],[-79.60304452125148,43.65581094829432],[-79.60383917364676,43.65600960974465],[-79.60473748443928,43.655335877472886],[-79.60518664118304,43.655335876822924],[-79.60518664118304,43.655785032294055],[-79.60406375156948,43.65623418830513],[-79.60316543987861,43.65735707695779],[-79.60406375156948,43.658479965409185],[-79.60675868664205,43.65690792219673],[-79.6076569983329,43.6571324986974],[-79.60855530822714,43.6564587653758],[-79.61035192981223,43.657357077607706],[-79.61125024150309,43.658479966059076],[-79.60990277576343,43.6591537000986],[-79.60929691151162,43.66006249624991],[-79.60781482514179,43.6610110184915],[-79.6049618862922,43.66223370419082],[-79.59934761788742,43.66431898931719],[-79.59896713555051,43.66507995678702],[-79.59305943964466,43.66723849982717],[-79.59273807992818,43.66738682073768],[-79.5912628189579,43.66791223370084],[-79.59100884726077,43.66809364261651],[-79.59099916432032,43.66807680569954],[-79.59093511354224,43.66796543929399],[-79.59052480174802,43.66725194173757],[-79.59008737520524,43.66649132086054],[-79.58985728611826,43.666091236698705],[-79.58902915890225,43.66473258105179],[-79.58901216367539,43.664704692105296],[-79.58896553572225,43.66462819482309],[-79.58956685719365,43.664078222905665]]],[[[-79.59305948995032,43.6694842597442],[-79.59526697579352,43.66868157432068],[-79.59440690718095,43.670831744887494],[-79.59373317431113,43.67105632258693],[-79.59305944233961,43.66948428118706],[-79.59305948995032,43.6694842597442]],[[-79.68925991202993,43.67146450542003],[-79.68969593270927,43.67062067313049],[-79.68694812459569,43.67593831988584],[-79.68762670657144,43.67462514909868],[-79.68773013769494,43.67442498989456],[-79.68880615411531,43.6723426529003],[-79.68920449675669,43.671571750401505],[-79.68925991202993,43.67146450542003]]],[[[-79.68005553467697,43.68926446272574],[-79.67929731255973,43.68789965721185],[-79.68068199190834,43.68805351021551],[-79.68059197802194,43.68822751344734],[-79.68056189973127,43.688285641729976],[-79.68043127570581,43.68853815606265],[-79.68012215553509,43.6891356862396],[-79.68005553467697,43.68926446272574]]],[[[-79.64697308097766,43.69811046199393],[-79.64561064391549,43.69733192467669],[-79.64538606599277,43.69733192467669],[-79.6442631772775,43.69778107960688],[-79.6426911327168,43.696433613166256],[-79.64246655479411,43.696433613166256],[-79.64179282012763,43.69688276897995],[-79.64179282102594,43.69733192467669],[-79.64134366518051,43.69688276897995],[-79.6412313748717,43.69688276897995],[-79.64111908905444,43.69679293977505],[-79.64111908815613,43.69665819116894],[-79.64095065314204,43.69665819116894],[-79.6406699323107,43.69643361251674],[-79.6404453552863,43.69620903627097],[-79.64022077736358,43.69620903627097],[-79.63983578638228,43.695824045814746],[-79.63987674327102,43.69572165371878],[-79.64224197687139,43.69486156827831],[-79.64246655479411,43.694187834943584],[-79.64201739894867,43.693514101833884],[-79.64089451023342,43.693289524397215],[-79.63932246477441,43.69373867972865],[-79.63617837565305,43.69508614697245],[-79.6352800648605,43.69598445788509],[-79.63415717614524,43.69598445788509],[-79.63393259912084,43.69575987930768],[-79.63370802119812,43.69553530183767],[-79.63348344327541,43.69553530183767],[-79.63325886535269,43.69531072352658],[-79.63303428742998,43.69508614762197],[-79.63258513158456,43.69486156827831],[-79.63258513068624,43.693514101833884],[-79.63258513068624,43.69328952374772],[-79.63280971040558,43.69328952374772],[-79.63325886535269,43.69239121273584],[-79.63236055366184,43.69104374534671],[-79.63370802119812,43.689920856113744],[-79.633258866251,43.68879796794351],[-79.63258513068624,43.68857339103471],[-79.63123766494657,43.68969628016147],[-79.6296656212842,43.68992085676334],[-79.62831815374793,43.69081916840247],[-79.6278689979025,43.690370013290384],[-79.62716317182083,43.690370013290384],[-79.6262476645788,43.69001398368876],[-79.62517406462653,43.68924712443511],[-79.62472490878112,43.688348813284996],[-79.62427575293567,43.688348813284996],[-79.624275753834,43.68722592426606],[-79.62360202096417,43.686776768878794],[-79.62271617699115,43.68721968949334],[-79.62269050673359,43.68718631740333],[-79.6224791313506,43.68655219024878],[-79.6220299764035,43.686103035013545],[-79.62180539758246,43.686103035013545],[-79.62090708768824,43.685204723548075],[-79.62068250976552,43.685204723548075],[-79.62045793094448,43.68498014552859],[-79.62023335302176,43.68498014552859],[-79.61753841884752,43.68453099021551],[-79.61664010895328,43.683632678595224],[-79.61641553103057,43.68363267924487],[-79.61641553013226,43.6834081005372],[-79.61596637518514,43.68318352423709],[-79.61574179726242,43.68295894579693],[-79.61551722023803,43.68273436781537],[-79.61551721933972,43.682060635323005],[-79.61529264231531,43.68177991517015],[-79.61529264231531,43.68161147829023],[-79.61491834038756,43.681312039483004],[-79.61461890764885,43.68093774618097],[-79.61433016396371,43.680841498490366],[-79.61416975270173,43.68071316777955],[-79.61399907369606,43.68073113416058],[-79.61394517477902,43.68071316777955],[-79.61304686308817,43.68071316842923],[-79.61259770814105,43.6804885898369],[-79.61237313021833,43.6804885898369],[-79.61214855229562,43.6804885898369],[-79.61125023970644,43.6804885898369],[-79.61057650683664,43.68071316777955],[-79.61035192981223,43.68026401170322],[-79.60922904019864,43.67914112271864],[-79.60900446407257,43.67891654473873],[-79.60877988614986,43.67891654473873],[-79.60743241771524,43.67869196786736],[-79.60653410782103,43.6795902781056],[-79.60630952989831,43.679590278755306],[-79.60608495197559,43.68026401170322],[-79.60698326276813,43.6809377455313],[-79.60630952989831,43.68161147893988],[-79.60586037495119,43.681836057876595],[-79.60563579702847,43.681836056577296],[-79.60541121910576,43.681836057226946],[-79.60361459572404,43.68071316777955],[-79.60271628493149,43.681836057226946],[-79.60383917364676,43.68273436781537],[-79.60316544077692,43.68340810118685],[-79.59944103279548,43.6824425191903],[-79.60026480408071,43.683824131958495],[-79.60034160195266,43.68395293543908],[-79.60080665708031,43.684732902157656],[-79.5973742141426,43.67897595086926],[-79.59549239543767,43.67581919488593],[-79.59552979679452,43.67577245636966],[-79.59575437381892,43.67577245571993],[-79.59575437381892,43.674200411806005],[-79.5955297958962,43.674200411806005],[-79.59487647724121,43.67305710809141],[-79.59508064005078,43.67285294511792],[-79.59620352876603,43.67285294511792],[-79.59665268461146,43.67195463407779],[-79.5968772643308,43.67195463407779],[-79.59755099630233,43.67173005519151],[-79.59777557422504,43.67173005584123],[-79.59822472917216,43.670831744887494],[-79.599123040863,43.670607166997485],[-79.59979677463116,43.67173005584123],[-79.60047050660268,43.67195463407779],[-79.60473748533762,43.669259700204485],[-79.60496206326032,43.66925969955469],[-79.60586037405288,43.66791223370084],[-79.60608495197559,43.66791223370084],[-79.60608495197559,43.66701392213827],[-79.60608495197559,43.66678934490869],[-79.60586037405288,43.665891032137154],[-79.60630952989831,43.665666455905104],[-79.60675868664205,43.665441877533254],[-79.60720784069083,43.665217300270704],[-79.60765699743457,43.66499272216797],[-79.6078815753573,43.66499272151817],[-79.60833073030442,43.664768143874916],[-79.60877988525154,43.664543566691215],[-79.60922904109695,43.66431898931719],[-79.60967819784071,43.664094411103015],[-79.61035192981223,43.66386983204869],[-79.61080108655597,43.66364525410375],[-79.61125024060475,43.663420677918104],[-79.61169939645018,43.66319610024243],[-79.61237313021833,43.66297152172669],[-79.61282228606377,43.66274694367053],[-79.6132714419092,43.662522366723884],[-79.61394517388071,43.66229778958696],[-79.61439433062445,43.66207321031025],[-79.61484348557157,43.66184863279289],[-79.61529264231531,43.66162405508529],[-79.61574179726242,43.661399478487276],[-79.61619095400616,43.661174899749476],[-79.61664010895328,43.66095032212119],[-79.61686468507938,43.66072574430277],[-79.61708926390041,43.66050116694406],[-79.61731384272143,43.66050116629416],[-79.61753841974584,43.66027658874531],[-79.61776299766855,43.66027658874531],[-79.61821215261564,43.66005201100631],[-79.61933504222922,43.659378276648425],[-79.61978419807467,43.6591537000986],[-79.62000877420074,43.65892912270879],[-79.62045793094448,43.65870454382907],[-79.62090708678991,43.658479965409185],[-79.62113166381431,43.658255388099015],[-79.62135624173703,43.658255388099015],[-79.62158081965975,43.658030810598795],[-79.62180539758246,43.65803081189862],[-79.62202997550519,43.657806232258594],[-79.62225455342788,43.65780623355839],[-79.62270370927331,43.65870454382907],[-79.62315286422043,43.65937827729836],[-79.62337744124483,43.65937827729836],[-79.62539864254926,43.66095032212119],[-79.62562321957367,43.6627469443204],[-79.62719526593098,43.66386983269849],[-79.62292828719603,43.666564766838995],[-79.62270370927331,43.666564766838995],[-79.6224791313506,43.666564766838995],[-79.62135624173703,43.66701392213827],[-79.62135624173703,43.66858596716002],[-79.62158081965975,43.66858596716002],[-79.62158081965975,43.668810545465185],[-79.62158081965975,43.66903512228028],[-79.62180539758246,43.66925969955469],[-79.6220299764035,43.669259700204485],[-79.6220299764035,43.66948427728834],[-79.6222545543262,43.66948427728834],[-79.62247913045229,43.669708856131074],[-79.62270370927331,43.669708856131074],[-79.62360202006586,43.670607166997485],[-79.62517406462653,43.670382588916965],[-79.62629695424012,43.67128090009575],[-79.62607237631741,43.67128090009575],[-79.62472490878112,43.67217921212378],[-79.6245003308584,43.67285294511792],[-79.62539864165095,43.67375125570658],[-79.62607237631741,43.673526677695655],[-79.62674610918722,43.673975834826244],[-79.62652153126452,43.67487414484975],[-79.62809357582522,43.677119922474276],[-79.62921646633708,43.67734450068168],[-79.63101308702386,43.67599703377274],[-79.63168681989369,43.67599703377274],[-79.63415717524693,43.67734450068168],[-79.63415717524693,43.677793655874275],[-79.63483090991339,43.67801823415883],[-79.6348309108117,43.679365701157266],[-79.63550464278322,43.6798148568121],[-79.63752584318932,43.67891654408906],[-79.63932246567272,43.68026401170322],[-79.64022077736358,43.6798148568121],[-79.6404453552863,43.67891654473873],[-79.63954704269713,43.677793655874275],[-79.63775042021372,43.677119922474276],[-79.63191139781641,43.67240378867962],[-79.631686820792,43.672403789329394],[-79.631686820792,43.67217921212378],[-79.63123766494657,43.67173005584123],[-79.62876730869503,43.669933434133526],[-79.62517406462653,43.66836138931416],[-79.62494948670384,43.66813681127786],[-79.62472490878112,43.66791223370084],[-79.62831815374793,43.6654418781831],[-79.62854273077232,43.6654418781831],[-79.63078850999948,43.66701392213827],[-79.631686820792,43.66858596651023],[-79.63348344327541,43.66903512293007],[-79.63415717614524,43.670382588916965],[-79.6352800648605,43.67083174553729],[-79.63617837655134,43.670607166997485],[-79.64179282102594,43.67532330099124],[-79.64240737827475,43.67563058122688],[-79.64314028856226,43.67622161228443],[-79.64336486648496,43.67622161163479],[-79.64344908264454,43.67615143187409],[-79.64358944440768,43.67622161228443],[-79.64471233312292,43.675098723015864],[-79.6465089538097,43.67532330099124],[-79.64673353263072,43.67532330034149],[-79.64987762175211,43.675098723015864],[-79.65122508928839,43.674649567792414],[-79.65144966721111,43.67464956714269],[-79.65144966721111,43.67442498989456],[-79.65167424423551,43.674424989244834],[-79.65189882215823,43.67442498989456],[-79.65392002166602,43.67442498989456],[-79.65481833245856,43.673526677695655],[-79.65414459958875,43.67217921212378],[-79.65302170997516,43.67195463407779],[-79.65279713384908,43.67195463407779],[-79.65358698924074,43.67103313828631],[-79.6546545237682,43.670091205879785],[-79.65571664594606,43.669484277938146],[-79.65587259437768,43.669016428533446],[-79.65617960530413,43.66874553132268],[-79.65825718218086,43.668178920089154],[-79.6586361562464,43.66813681192764],[-79.66065735575421,43.666564766838995],[-79.66312771200573,43.66836138931416],[-79.66335228992845,43.66836138931416],[-79.66357686605454,43.668585967809854],[-79.66380144397725,43.66881054416559],[-79.6640260227983,43.66903512293007],[-79.6644751777454,43.669259700204485],[-79.66465245128356,43.66925969955469],[-79.66469975566812,43.669297150569925],[-79.66469975566812,43.669484277938146],[-79.66492433359083,43.669484277938146],[-79.66509456882874,43.669609717094914],[-79.66908562732924,43.67276928111128],[-79.66902287910833,43.67285294511792],[-79.66896673440306,43.67285294511792],[-79.66851757855764,43.673526677695655],[-79.66874215648036,43.67442498989456],[-79.671661667679,43.67622161228443],[-79.66986504609392,43.67779365652397],[-79.66874215737866,43.677569078698255],[-79.6679561342,43.67815859572835],[-79.66717011191967,43.677569078698255],[-79.66672095697255,43.67734450003196],[-79.66649637904983,43.67734450003196],[-79.66492433269251,43.67734450068168],[-79.664250600721,43.676895344725786],[-79.66110651159963,43.67869196786736],[-79.66043277693318,43.679590278755306],[-79.66065735575421,43.68048859048657],[-79.66133108862402,43.68071316777955],[-79.6608819327786,43.68138690111149],[-79.65998362288437,43.68116232309203],[-79.66043277783149,43.68026401235293],[-79.65953446703894,43.679365701157266],[-79.658411579222,43.6795902781056],[-79.6570641107874,43.68071316842923],[-79.65683953376299,43.68161147893988],[-79.65728868871011,43.682285211928765],[-79.65863615534809,43.682285212578414],[-79.65975904496166,43.68318352423709],[-79.65796242337657,43.68498014617822],[-79.65841157832368,43.685878456459484],[-79.65886073506744,43.6858784577587],[-79.6586361562464,43.686776768229244],[-79.6552674892023,43.68542930072673],[-79.65436917840977,43.68453099021551],[-79.65347086671892,43.68498014552859],[-79.65347086671892,43.68632761337636],[-79.65504291217792,43.68722592426606],[-79.65392002076771,43.68879796794351],[-79.6550429112796,43.68992085676334],[-79.65459375543416,43.68992085676334],[-79.65436917840977,43.68992085676334],[-79.65414459958875,43.689471702069156],[-79.65392002166602,43.68902254596018],[-79.65383019013761,43.68902254596018],[-79.65369544374332,43.68879796794351],[-79.65257255592635,43.68812423469449],[-79.65234797890197,43.68812423469449],[-79.65100051136568,43.68879796794351],[-79.65032677849585,43.69014543512252],[-79.65077593344296,43.69081916840247],[-79.65212340008095,43.69126832404815],[-79.65144966721111,43.69239121273584],[-79.6523361606661,43.69327770693602],[-79.65225817522132,43.69333442475293],[-79.65189882215823,43.693514101833884],[-79.65189882215823,43.69328952374772],[-79.65077593164632,43.69328952374772],[-79.65024751564675,43.69315741863643],[-79.6496530438294,43.69216663564095],[-79.64785642224432,43.69126832404815],[-79.64650895470803,43.691717480227396],[-79.64650895470803,43.692840368949476],[-79.64987762085379,43.695310724176096],[-79.64740726639887,43.69778108025638],[-79.64718268757785,43.69800565710924],[-79.64697308097766,43.69811046199393]]],[[[-79.66155566744506,43.71687019393373],[-79.66110651159963,43.71574730398147],[-79.6608819336769,43.71574730333217],[-79.66182517101345,43.71493881862746],[-79.66200482329049,43.71484899180325],[-79.6622294012132,43.71484899180325],[-79.66275341906115,43.71439983683253],[-79.66380144487557,43.71439983683253],[-79.66514891241188,43.713276947338954],[-79.66514891151354,43.71215405953156],[-79.66537349033457,43.711704903192775],[-79.66559806825728,43.711704903192775],[-79.66537349033457,43.71058201320285],[-79.66559806825728,43.710582013852196],[-79.66627180112711,43.70990828118843],[-79.66582264528168,43.70856081392009],[-79.66649637904983,43.70878539195376],[-79.66672095787087,43.70878539195376],[-79.66739468984237,43.708336235694354],[-79.6676090593102,43.70683564946813],[-79.66781577243685,43.70690455367055],[-79.6691913123258,43.70788708126413],[-79.67008962311832,43.70766250311156],[-79.67053877896375,43.70698877009903],[-79.67008962222,43.70586588071843],[-79.66896673440306,43.70541672531068],[-79.66896673530138,43.70519214699417],[-79.66896673440306,43.704518414139926],[-79.66734977228154,43.7039794276],[-79.66717011191967,43.70384468085721],[-79.66694553309864,43.70384468085721],[-79.66582264528168,43.70227263544307],[-79.66739468894406,43.701598902898596],[-79.66761926776509,43.70092516927726],[-79.66739468984237,43.70092516927726],[-79.66685570336686,43.699667536827285],[-79.66761926776509,43.698903969748315],[-79.66764734011772,43.698735537437784],[-79.66806842271221,43.698454813487395],[-79.66829300063492,43.69778108025638],[-79.66761926776509,43.696658191818386],[-79.66739468894406,43.696658191818386],[-79.6667958090936,43.69635875277913],[-79.66627180112711,43.69575987930768],[-79.6660472232044,43.69575988060669],[-79.66514891241188,43.69553530183767],[-79.66582264617999,43.69463699069158],[-79.66717011191967,43.69553530248717],[-79.66730221636871,43.69548246037804],[-79.66739468984237,43.69553530183767],[-79.66773155627729,43.69531072547509],[-79.66829300063492,43.69508614697245],[-79.66851757855764,43.694187834943584],[-79.6676641844276,43.69312109190447],[-79.66779893172023,43.69295265699007],[-79.66846474234757,43.69253652649646],[-79.6691913123258,43.69239121338539],[-79.66941588935018,43.69239121208631],[-79.66986504699223,43.691492901908724],[-79.67076335688647,43.69126832404815],[-79.67188624650004,43.69261579093837],[-79.67480575680038,43.69418783429407],[-79.67570406849126,43.69306494676905],[-79.67547948967021,43.69239121273584],[-79.67458117887767,43.69194205705557],[-79.67480575680038,43.691492901908724],[-79.67525491264583,43.691717479577825],[-79.67592864641395,43.691043745996204],[-79.67682695630818,43.691043745996204],[-79.67727611305193,43.689920856113744],[-79.67839900176718,43.691043745996204],[-79.6786235796899,43.691043745996204],[-79.67921098625756,43.69089689567823],[-79.6790699714192,43.691169460962925],[-79.67880128531773,43.69168877045761],[-79.67874754719912,43.69179263415533],[-79.67850596237143,43.69225956551749],[-79.67846016446163,43.692348079709056],[-79.67844006914872,43.69238691346452],[-79.67832934101015,43.69260091989184],[-79.67832389901618,43.69261143777195],[-79.67830911544154,43.69264001849265],[-79.67828575026101,43.69268518174548],[-79.6782655202008,43.69272427314653],[-79.67821134011108,43.69282898008957],[-79.67760112621666,43.69400831706444],[-79.6770866520703,43.69471574573977],[-79.67708480423578,43.69471829246713],[-79.67705358777962,43.69476120750262],[-79.67703505553533,43.69478668969089],[-79.67690849279326,43.6949513919329],[-79.67686264727273,43.69502375347764],[-79.67680361358552,43.69510495015846],[-79.67670694318285,43.6952378985823],[-79.67601298743935,43.6961895021013],[-79.67521496546344,43.69728706433447],[-79.67448714143708,43.698288031519915],[-79.67412009430358,43.69879546754477],[-79.6739721714207,43.69899888498518],[-79.67378247867371,43.699257097391026],[-79.67290128078733,43.7004714476057],[-79.67285488370123,43.70053524408193],[-79.6725683040576,43.70092929778257],[-79.67267751224668,43.70202070627639],[-79.67276730694418,43.7029129347328],[-79.67278731601881,43.70311459191685],[-79.67285546221628,43.70379162137454],[-79.67285559247199,43.70379289811726],[-79.6728675301838,43.703913709937396],[-79.67286905642148,43.70392890807862],[-79.67288279795038,43.70406583664435],[-79.67291122423921,43.704349303387616],[-79.67314432088575,43.70667053764231],[-79.67315557138639,43.70678262964739],[-79.67316751448809,43.70690165874495],[-79.67162468044549,43.708219352344784],[-79.6716634535298,43.70824828732146],[-79.67150571745074,43.70839042364105],[-79.66126097960768,43.7176197840649],[-79.6618489305544,43.717090145317705],[-79.66185192284262,43.717087450209156],[-79.66155566744506,43.71687019393373]],[[-79.65746694680182,43.72064871844282],[-79.65886089137429,43.71941597687229],[-79.65595424494882,43.721986453583455],[-79.65746694680182,43.72064871844282]],[[-79.64959207067947,43.72789222663265],[-79.65016648850643,43.72737485231375],[-79.64472978559228,43.73227148780495],[-79.64870797123474,43.72868852354078],[-79.64890560239387,43.728510520859714],[-79.64959207067947,43.72789222663265]]]]}}]}